FECHA,RUTA,TURNO,TIPO RUTA,PUNTO,DESCRIPCION,HORARIO,HORARIO PROGRAMADO,HORARIO ETA PROMEDIO,DIFERENCIA,TAMAÑO MUESTRA,DESVIACION ESTANDAR
01/05/2026,EL PEÑUELO,Entrada,A,1,LA VENTURA,H1,19:00,,,,
01/05/2026,EL PEÑUELO,Entrada,A,1,LA VENTURA,H2,03:30,,,,
01/05/2026,EL PEÑUELO,Entrada,A,1,LA VENTURA,H3,15:30,,,,
01/05/2026,EL PEÑUELO,Entrada,A,1,LA VENTURA,H4,19:30,,,,
01/05/2026,EL PEÑUELO,Entrada,A,2,METALSA,H1,21:20,,,,
01/05/2026,EL PEÑUELO,Entrada,A,2,METALSA,H2,05:50,,,,
01/05/2026,EL PEÑUELO,Entrada,A,2,METALSA,H3,17:50,,,,
01/05/2026,EL PEÑUELO,Entrada,A,2,METALSA,H4,21:50,,,,
01/05/2026,EL PEÑUELO,Salida,N,1,METALSA,H1,15:30,,,,
01/05/2026,EL PEÑUELO,Salida,N,1,METALSA,H2,06:15,,,,
01/05/2026,EL PEÑUELO,Salida,N,1,METALSA,H3,18:15,,,,
01/05/2026,EL PEÑUELO,Salida,N,2,LA VENTURA,H1,17:50,,,,
01/05/2026,EL PEÑUELO,Salida,N,2,LA VENTURA,H2,08:35,,,,
01/05/2026,EL PEÑUELO,Salida,N,2,LA VENTURA,H3,20:35,,,,
01/05/2026,EL SALITRE,Entrada,A,1,SALITRE,H1,19:20,,,,
01/05/2026,EL SALITRE,Entrada,A,1,SALITRE,H2,03:50,,,,
01/05/2026,EL SALITRE,Entrada,A,1,SALITRE,H3,15:50,,,,
01/05/2026,EL SALITRE,Entrada,A,1,SALITRE,H4,19:50,,,,
01/05/2026,EL SALITRE,Entrada,A,2,BENITO JUAREZ,H1,19:25,,,,
01/05/2026,EL SALITRE,Entrada,A,2,BENITO JUAREZ,H2,03:55,,,,
01/05/2026,EL SALITRE,Entrada,A,2,BENITO JUAREZ,H3,15:55,,,,
01/05/2026,EL SALITRE,Entrada,A,2,BENITO JUAREZ,H4,19:55,,,,
01/05/2026,EL SALITRE,Entrada,A,3,EL MEZQUITE,H1,19:40,,,,
01/05/2026,EL SALITRE,Entrada,A,3,EL MEZQUITE,H2,04:10,,,,
01/05/2026,EL SALITRE,Entrada,A,3,EL MEZQUITE,H3,16:10,,,,
01/05/2026,EL SALITRE,Entrada,A,3,EL MEZQUITE,H4,20:10,,,,
01/05/2026,EL SALITRE,Entrada,A,4,PRESA DE LOS MUCHAHCOS,H1,19:55,,,,
01/05/2026,EL SALITRE,Entrada,A,4,PRESA DE LOS MUCHAHCOS,H2,04:25,,,,
01/05/2026,EL SALITRE,Entrada,A,4,PRESA DE LOS MUCHAHCOS,H3,16:25,,,,
01/05/2026,EL SALITRE,Entrada,A,4,PRESA DE LOS MUCHAHCOS,H4,20:25,,,,
01/05/2026,EL SALITRE,Entrada,A,5,AGUA NUEVA,H1,20:43,,,,
01/05/2026,EL SALITRE,Entrada,A,5,AGUA NUEVA,H2,05:13,,,,
01/05/2026,EL SALITRE,Entrada,A,5,AGUA NUEVA,H3,17:13,,,,
01/05/2026,EL SALITRE,Entrada,A,5,AGUA NUEVA,H4,21:13,,,,
01/05/2026,EL SALITRE,Entrada,A,6,METALSA,H1,21:20,,,,
01/05/2026,EL SALITRE,Entrada,A,6,METALSA,H2,05:50,,,,
01/05/2026,EL SALITRE,Entrada,A,6,METALSA,H3,17:50,,,,
01/05/2026,EL SALITRE,Entrada,A,6,METALSA,H4,21:50,,,,
01/05/2026,EL SALITRE,Salida,N,1,METALSA,H1,15:30,,,,
01/05/2026,EL SALITRE,Salida,N,1,METALSA,H2,06:15,,,,
01/05/2026,EL SALITRE,Salida,N,1,METALSA,H3,18:15,,,,
01/05/2026,EL SALITRE,Salida,N,2,AGUA NUEVA,H1,15:31,,,,
01/05/2026,EL SALITRE,Salida,N,2,AGUA NUEVA,H2,06:16,,,,
01/05/2026,EL SALITRE,Salida,N,2,AGUA NUEVA,H3,18:16,,,,
01/05/2026,EL SALITRE,Salida,N,3,PRESA DE LOS MUCHAHCOS,H1,16:55,,,,
01/05/2026,EL SALITRE,Salida,N,3,PRESA DE LOS MUCHAHCOS,H2,07:40,,,,
01/05/2026,EL SALITRE,Salida,N,3,PRESA DE LOS MUCHAHCOS,H3,19:40,,,,
01/05/2026,EL SALITRE,Salida,N,4,EL MEZQUITE,H1,17:10,,,,
01/05/2026,EL SALITRE,Salida,N,4,EL MEZQUITE,H2,07:55,,,,
01/05/2026,EL SALITRE,Salida,N,4,EL MEZQUITE,H3,19:55,,,,
01/05/2026,EL SALITRE,Salida,N,5,BENITO JUAREZ,H1,17:25,,,,
01/05/2026,EL SALITRE,Salida,N,5,BENITO JUAREZ,H2,08:10,,,,
01/05/2026,EL SALITRE,Salida,N,5,BENITO JUAREZ,H3,20:10,,,,
01/05/2026,EL SALITRE,Salida,N,6,SALITRE,H1,17:30,,,,
01/05/2026,EL SALITRE,Salida,N,6,SALITRE,H2,08:15,,,,
01/05/2026,EL SALITRE,Salida,N,6,SALITRE,H3,20:15,,,,
01/05/2026,LA HEDIONDA,Entrada,N,1,LAS ESPERANZAS,H1,20:00,,,,
01/05/2026,LA HEDIONDA,Entrada,N,1,LAS ESPERANZAS,H2,04:30,,,,
01/05/2026,LA HEDIONDA,Entrada,N,1,LAS ESPERANZAS,H3,16:30,,,,
01/05/2026,LA HEDIONDA,Entrada,N,1,LAS ESPERANZAS,H4,20:30,,,,
01/05/2026,LA HEDIONDA,Entrada,N,2,HEDIONDA,H1,20:20,,,,
01/05/2026,LA HEDIONDA,Entrada,N,2,HEDIONDA,H2,04:50,,,,
01/05/2026,LA HEDIONDA,Entrada,N,2,HEDIONDA,H3,16:50,,,,
01/05/2026,LA HEDIONDA,Entrada,N,2,HEDIONDA,H4,20:50,,,,
01/05/2026,LA HEDIONDA,Entrada,N,3,METALSA,H1,21:20,,,,
01/05/2026,LA HEDIONDA,Entrada,N,3,METALSA,H2,05:50,,,,
01/05/2026,LA HEDIONDA,Entrada,N,3,METALSA,H3,17:50,,,,
01/05/2026,LA HEDIONDA,Entrada,N,3,METALSA,H4,21:50,,,,
01/05/2026,LA HEDIONDA,Salida,N,1,METALSA,H1,15:30,,,,
01/05/2026,LA HEDIONDA,Salida,N,1,METALSA,H2,06:15,06:16,-1,1,0
01/05/2026,LA HEDIONDA,Salida,N,1,METALSA,H3,18:15,,,,
01/05/2026,LA HEDIONDA,Salida,N,2,HEDIONDA,H1,16:30,,,,
01/05/2026,LA HEDIONDA,Salida,N,2,HEDIONDA,H2,07:15,,,,
01/05/2026,LA HEDIONDA,Salida,N,2,HEDIONDA,H3,19:15,,,,
01/05/2026,LA HEDIONDA,Salida,N,3,LAS ESPERANZAS,H1,16:50,,,,
01/05/2026,LA HEDIONDA,Salida,N,3,LAS ESPERANZAS,H2,07:35,07:23,12,1,0
01/05/2026,LA HEDIONDA,Salida,N,3,LAS ESPERANZAS,H3,19:35,,,,
01/05/2026,LA SAUCEDA,Entrada,N,1,LA SAUCEDA,H1,04:00,,,,
01/05/2026,LA SAUCEDA,Entrada,N,1,LA SAUCEDA,H2,16:00,,,,
01/05/2026,LA SAUCEDA,Entrada,N,1,LA SAUCEDA,H3,19:30,,,,
01/05/2026,LA SAUCEDA,Entrada,N,1,LA SAUCEDA,H4,20:00,,,,
01/05/2026,LA SAUCEDA,Entrada,N,2,HIPOLITO,H1,04:15,,,,
01/05/2026,LA SAUCEDA,Entrada,N,2,HIPOLITO,H2,16:15,,,,
01/05/2026,LA SAUCEDA,Entrada,N,2,HIPOLITO,H3,19:45,,,,
01/05/2026,LA SAUCEDA,Entrada,N,2,HIPOLITO,H4,20:15,,,,
01/05/2026,LA SAUCEDA,Entrada,N,3,SAN ANTONIO DEL JARAL,H1,04:32,,,,
01/05/2026,LA SAUCEDA,Entrada,N,3,SAN ANTONIO DEL JARAL,H2,16:32,,,,
01/05/2026,LA SAUCEDA,Entrada,N,3,SAN ANTONIO DEL JARAL,H3,20:02,,,,
01/05/2026,LA SAUCEDA,Entrada,N,3,SAN ANTONIO DEL JARAL,H4,20:32,,,,
01/05/2026,LA SAUCEDA,Entrada,N,4,CASETA DE PLAN DE AYALA,H1,04:50,,,,
01/05/2026,LA SAUCEDA,Entrada,N,4,CASETA DE PLAN DE AYALA,H2,16:50,,,,
01/05/2026,LA SAUCEDA,Entrada,N,4,CASETA DE PLAN DE AYALA,H3,20:20,,,,
01/05/2026,LA SAUCEDA,Entrada,N,4,CASETA DE PLAN DE AYALA,H4,20:42,,,,
01/05/2026,LA SAUCEDA,Entrada,N,5,METALSA,H1,05:50,,,,
01/05/2026,LA SAUCEDA,Entrada,N,5,METALSA,H2,17:50,,,,
01/05/2026,LA SAUCEDA,Entrada,N,5,METALSA,H3,21:20,,,,
01/05/2026,LA SAUCEDA,Entrada,N,5,METALSA,H4,21:50,,,,
01/05/2026,LA SAUCEDA,Salida,N,1,METALSA,H1,06:15,06:12,3,1,0
01/05/2026,LA SAUCEDA,Salida,N,1,METALSA,H2,15:30,,,,
01/05/2026,LA SAUCEDA,Salida,N,1,METALSA,H3,18:15,,,,
01/05/2026,LA SAUCEDA,Salida,N,2,CASETA DE PLAN DE AYALA,H1,07:15,,,,
01/05/2026,LA SAUCEDA,Salida,N,2,CASETA DE PLAN DE AYALA,H2,16:30,,,,
01/05/2026,LA SAUCEDA,Salida,N,2,CASETA DE PLAN DE AYALA,H3,19:15,,,,
01/05/2026,LA SAUCEDA,Salida,N,3,SAN ANTONIO DEL JARAL,H1,07:33,,,,
01/05/2026,LA SAUCEDA,Salida,N,3,SAN ANTONIO DEL JARAL,H2,16:48,,,,
01/05/2026,LA SAUCEDA,Salida,N,3,SAN ANTONIO DEL JARAL,H3,19:33,,,,
01/05/2026,LA SAUCEDA,Salida,N,4,HIPOLITO,H1,07:50,,,,
01/05/2026,LA SAUCEDA,Salida,N,4,HIPOLITO,H2,17:05,,,,
01/05/2026,LA SAUCEDA,Salida,N,4,HIPOLITO,H3,19:50,,,,
01/05/2026,LA SAUCEDA,Salida,N,5,LA SAUCEDA,H1,08:05,,,,
01/05/2026,LA SAUCEDA,Salida,N,5,LA SAUCEDA,H2,17:20,,,,
01/05/2026,LA SAUCEDA,Salida,N,5,LA SAUCEDA,H3,20:05,,,,
01/05/2026,LOMA LINDA - URDIÑOLA,Entrada,N,1,MEZQUITE Y GORDOLOBO,H1,04:05,,,,
01/05/2026,LOMA LINDA - URDIÑOLA,Entrada,N,1,MEZQUITE Y GORDOLOBO,H2,16:05,16:51,-46,1,0
01/05/2026,LOMA LINDA - URDIÑOLA,Entrada,N,1,MEZQUITE Y GORDOLOBO,H3,19:35,,,,
01/05/2026,LOMA LINDA - URDIÑOLA,Entrada,N,1,MEZQUITE Y GORDOLOBO,H4,20:05,,,,
01/05/2026,LOMA LINDA - URDIÑOLA,Entrada,N,2,MEZQUITE Y NUECES,H1,04:10,,,,
01/05/2026,LOMA LINDA - URDIÑOLA,Entrada,N,2,MEZQUITE Y NUECES,H2,16:10,16:55,-45,1,0
01/05/2026,LOMA LINDA - URDIÑOLA,Entrada,N,2,MEZQUITE Y NUECES,H3,19:40,,,,
01/05/2026,LOMA LINDA - URDIÑOLA,Entrada,N,2,MEZQUITE Y NUECES,H4,20:10,,,,
01/05/2026,LOMA LINDA - URDIÑOLA,Entrada,N,3,BLVD SANTA LUCIA Y CALLE 7,H1,04:20,,,,
01/05/2026,LOMA LINDA - URDIÑOLA,Entrada,N,3,BLVD SANTA LUCIA Y CALLE 7,H2,16:20,,,,
01/05/2026,LOMA LINDA - URDIÑOLA,Entrada,N,3,BLVD SANTA LUCIA Y CALLE 7,H3,19:50,,,,
01/05/2026,LOMA LINDA - URDIÑOLA,Entrada,N,3,BLVD SANTA LUCIA Y CALLE 7,H4,20:20,,,,
01/05/2026,LOMA LINDA - URDIÑOLA,Entrada,N,4,BLVD VALDES SANCHEZ Y (PLANTA LEAR),H1,04:30,,,,
01/05/2026,LOMA LINDA - URDIÑOLA,Entrada,N,4,BLVD VALDES SANCHEZ Y (PLANTA LEAR),H2,16:30,,,,
01/05/2026,LOMA LINDA - URDIÑOLA,Entrada,N,4,BLVD VALDES SANCHEZ Y (PLANTA LEAR),H3,20:00,,,,
01/05/2026,LOMA LINDA - URDIÑOLA,Entrada,N,4,BLVD VALDES SANCHEZ Y (PLANTA LEAR),H4,20:30,,,,
01/05/2026,LOMA LINDA - URDIÑOLA,Entrada,N,5,STA. GERTRUDIS Y STA. CECILIA (DEL ACUEDUCTO),H1,04:32,,,,
01/05/2026,LOMA LINDA - URDIÑOLA,Entrada,N,5,STA. GERTRUDIS Y STA. CECILIA (DEL ACUEDUCTO),H2,16:32,,,,
01/05/2026,LOMA LINDA - URDIÑOLA,Entrada,N,5,STA. GERTRUDIS Y STA. CECILIA (DEL ACUEDUCTO),H3,20:02,,,,
01/05/2026,LOMA LINDA - URDIÑOLA,Entrada,N,5,STA. GERTRUDIS Y STA. CECILIA (DEL ACUEDUCTO),H4,20:32,,,,
01/05/2026,LOMA LINDA - URDIÑOLA,Entrada,N,6,DEPOSITO DE AGUA FRACC PLAZA,H1,04:35,,,,
01/05/2026,LOMA LINDA - URDIÑOLA,Entrada,N,6,DEPOSITO DE AGUA FRACC PLAZA,H2,16:35,,,,
01/05/2026,LOMA LINDA - URDIÑOLA,Entrada,N,6,DEPOSITO DE AGUA FRACC PLAZA,H3,20:05,,,,
01/05/2026,LOMA LINDA - URDIÑOLA,Entrada,N,6,DEPOSITO DE AGUA FRACC PLAZA,H4,20:35,,,,
01/05/2026,LOMA LINDA - URDIÑOLA,Entrada,N,7,BLVD VALDES SANCHEZ Y BLVD MINERIA,H1,04:40,,,,
01/05/2026,LOMA LINDA - URDIÑOLA,Entrada,N,7,BLVD VALDES SANCHEZ Y BLVD MINERIA,H2,16:40,,,,
01/05/2026,LOMA LINDA - URDIÑOLA,Entrada,N,7,BLVD VALDES SANCHEZ Y BLVD MINERIA,H3,20:10,,,,
01/05/2026,LOMA LINDA - URDIÑOLA,Entrada,N,7,BLVD VALDES SANCHEZ Y BLVD MINERIA,H4,20:40,,,,
01/05/2026,LOMA LINDA - URDIÑOLA,Entrada,N,8,REFORMA Y URDIÑOLA,H1,04:50,,,,
01/05/2026,LOMA LINDA - URDIÑOLA,Entrada,N,8,REFORMA Y URDIÑOLA,H2,16:50,,,,
01/05/2026,LOMA LINDA - URDIÑOLA,Entrada,N,8,REFORMA Y URDIÑOLA,H3,20:20,,,,
01/05/2026,LOMA LINDA - URDIÑOLA,Entrada,N,8,REFORMA Y URDIÑOLA,H4,20:50,,,,
01/05/2026,LOMA LINDA - URDIÑOLA,Entrada,N,9,PROL. URDIÑOLA Y J. MERY,H1,04:55,,,,
01/05/2026,LOMA LINDA - URDIÑOLA,Entrada,N,9,PROL. URDIÑOLA Y J. MERY,H2,16:55,,,,
01/05/2026,LOMA LINDA - URDIÑOLA,Entrada,N,9,PROL. URDIÑOLA Y J. MERY,H3,20:25,,,,
01/05/2026,LOMA LINDA - URDIÑOLA,Entrada,N,9,PROL. URDIÑOLA Y J. MERY,H4,20:55,,,,
01/05/2026,LOMA LINDA - URDIÑOLA,Entrada,N,10,PROL URDIÑOLA Y PERIFERICO LEA,H1,05:00,,,,
01/05/2026,LOMA LINDA - URDIÑOLA,Entrada,N,10,PROL URDIÑOLA Y PERIFERICO LEA,H2,17:00,,,,
01/05/2026,LOMA LINDA - URDIÑOLA,Entrada,N,10,PROL URDIÑOLA Y PERIFERICO LEA,H3,20:30,,,,
01/05/2026,LOMA LINDA - URDIÑOLA,Entrada,N,10,PROL URDIÑOLA Y PERIFERICO LEA,H4,21:00,,,,
01/05/2026,LOMA LINDA - URDIÑOLA,Entrada,N,11,BLVD ANTONIO CARDENAS Y TEODORO SANCHEZ,H1,05:10,,,,
01/05/2026,LOMA LINDA - URDIÑOLA,Entrada,N,11,BLVD ANTONIO CARDENAS Y TEODORO SANCHEZ,H2,17:10,,,,
01/05/2026,LOMA LINDA - URDIÑOLA,Entrada,N,11,BLVD ANTONIO CARDENAS Y TEODORO SANCHEZ,H3,20:40,,,,
01/05/2026,LOMA LINDA - URDIÑOLA,Entrada,N,11,BLVD ANTONIO CARDENAS Y TEODORO SANCHEZ,H4,21:10,,,,
01/05/2026,LOMA LINDA - URDIÑOLA,Entrada,N,12,BLVD SANTA ELENA Y GUACALI,H1,05:20,,,,
01/05/2026,LOMA LINDA - URDIÑOLA,Entrada,N,12,BLVD SANTA ELENA Y GUACALI,H2,17:20,17:34,-14,1,0
01/05/2026,LOMA LINDA - URDIÑOLA,Entrada,N,12,BLVD SANTA ELENA Y GUACALI,H3,20:50,,,,
01/05/2026,LOMA LINDA - URDIÑOLA,Entrada,N,12,BLVD SANTA ELENA Y GUACALI,H4,21:20,,,,
01/05/2026,LOMA LINDA - URDIÑOLA,Entrada,N,13,CARR. SALTILLO-ZACATECAS,H1,05:25,05:34,-9,1,0
01/05/2026,LOMA LINDA - URDIÑOLA,Entrada,N,13,CARR. SALTILLO-ZACATECAS,H2,17:25,17:35,-10,1,0
01/05/2026,LOMA LINDA - URDIÑOLA,Entrada,N,13,CARR. SALTILLO-ZACATECAS,H3,20:55,,,,
01/05/2026,LOMA LINDA - URDIÑOLA,Entrada,N,13,CARR. SALTILLO-ZACATECAS,H4,21:25,,,,
01/05/2026,LOMA LINDA - URDIÑOLA,Entrada,N,14,METALSA,H1,05:50,05:49,1,1,0
01/05/2026,LOMA LINDA - URDIÑOLA,Entrada,N,14,METALSA,H2,17:50,17:48,2,1,0
01/05/2026,LOMA LINDA - URDIÑOLA,Entrada,N,14,METALSA,H3,21:20,,,,
01/05/2026,LOMA LINDA - URDIÑOLA,Entrada,N,14,METALSA,H4,21:50,,,,
01/05/2026,LOMA LINDA - URDIÑOLA,Salida,N,1,METALSA,H1,06:15,,,,
01/05/2026,LOMA LINDA - URDIÑOLA,Salida,N,1,METALSA,H2,15:30,,,,
01/05/2026,LOMA LINDA - URDIÑOLA,Salida,N,1,METALSA,H3,18:15,18:16,-1,1,0
01/05/2026,LOMA LINDA - URDIÑOLA,Salida,N,2,CARR. SALTILLO-ZACATECAS,H1,06:29,,,,
01/05/2026,LOMA LINDA - URDIÑOLA,Salida,N,2,CARR. SALTILLO-ZACATECAS,H2,15:59,,,,
01/05/2026,LOMA LINDA - URDIÑOLA,Salida,N,2,CARR. SALTILLO-ZACATECAS,H3,18:29,,,,
01/05/2026,LOMA LINDA - URDIÑOLA,Salida,N,3,BLVD SANTA ELENA Y GUACALI,H1,06:30,06:29,1,1,0
01/05/2026,LOMA LINDA - URDIÑOLA,Salida,N,3,BLVD SANTA ELENA Y GUACALI,H2,16:00,,,,
01/05/2026,LOMA LINDA - URDIÑOLA,Salida,N,3,BLVD SANTA ELENA Y GUACALI,H3,18:30,,,,
01/05/2026,LOMA LINDA - URDIÑOLA,Salida,N,4,BLVD ANTONIO CARDENAS Y TEODORO SANCHEZ,H1,06:31,,,,
01/05/2026,LOMA LINDA - URDIÑOLA,Salida,N,4,BLVD ANTONIO CARDENAS Y TEODORO SANCHEZ,H2,16:01,,,,
01/05/2026,LOMA LINDA - URDIÑOLA,Salida,N,4,BLVD ANTONIO CARDENAS Y TEODORO SANCHEZ,H3,18:31,,,,
01/05/2026,LOMA LINDA - URDIÑOLA,Salida,N,5,PROL URDIÑOLA Y PERIFERICO LEA,H1,06:32,,,,
01/05/2026,LOMA LINDA - URDIÑOLA,Salida,N,5,PROL URDIÑOLA Y PERIFERICO LEA,H2,16:02,,,,
01/05/2026,LOMA LINDA - URDIÑOLA,Salida,N,5,PROL URDIÑOLA Y PERIFERICO LEA,H3,18:32,,,,
01/05/2026,LOMA LINDA - URDIÑOLA,Salida,N,6,PROL. URDIÑOLA Y J. MERY,H1,06:33,,,,
01/05/2026,LOMA LINDA - URDIÑOLA,Salida,N,6,PROL. URDIÑOLA Y J. MERY,H2,16:03,,,,
01/05/2026,LOMA LINDA - URDIÑOLA,Salida,N,6,PROL. URDIÑOLA Y J. MERY,H3,18:33,,,,
01/05/2026,LOMA LINDA - URDIÑOLA,Salida,N,7,REFORMA Y URDIÑOLA,H1,06:34,06:57,-23,1,0
01/05/2026,LOMA LINDA - URDIÑOLA,Salida,N,7,REFORMA Y URDIÑOLA,H2,16:04,,,,
01/05/2026,LOMA LINDA - URDIÑOLA,Salida,N,7,REFORMA Y URDIÑOLA,H3,18:34,18:56,-22,1,0
01/05/2026,LOMA LINDA - URDIÑOLA,Salida,N,8,BLVD VALDES SANCHEZ Y BLVD MINERIA,H1,06:55,,,,
01/05/2026,LOMA LINDA - URDIÑOLA,Salida,N,8,BLVD VALDES SANCHEZ Y BLVD MINERIA,H2,16:10,,,,
01/05/2026,LOMA LINDA - URDIÑOLA,Salida,N,8,BLVD VALDES SANCHEZ Y BLVD MINERIA,H3,18:55,,,,
01/05/2026,LOMA LINDA - URDIÑOLA,Salida,N,9,DEPOSITO DE AGUA FRACC PLAZA,H1,07:00,,,,
01/05/2026,LOMA LINDA - URDIÑOLA,Salida,N,9,DEPOSITO DE AGUA FRACC PLAZA,H2,16:15,,,,
01/05/2026,LOMA LINDA - URDIÑOLA,Salida,N,9,DEPOSITO DE AGUA FRACC PLAZA,H3,19:00,,,,
01/05/2026,LOMA LINDA - URDIÑOLA,Salida,N,10,BLVD VALDES SANCHEZ Y (PLANTA LEAR),H1,07:05,,,,
01/05/2026,LOMA LINDA - URDIÑOLA,Salida,N,10,BLVD VALDES SANCHEZ Y (PLANTA LEAR),H2,16:20,,,,
01/05/2026,LOMA LINDA - URDIÑOLA,Salida,N,10,BLVD VALDES SANCHEZ Y (PLANTA LEAR),H3,19:05,,,,
01/05/2026,LOMA LINDA - URDIÑOLA,Salida,N,11,BLVD SANTA LUCIA Y BLVD FUNDADORES,H1,07:15,,,,
01/05/2026,LOMA LINDA - URDIÑOLA,Salida,N,11,BLVD SANTA LUCIA Y BLVD FUNDADORES,H2,16:30,,,,
01/05/2026,LOMA LINDA - URDIÑOLA,Salida,N,11,BLVD SANTA LUCIA Y BLVD FUNDADORES,H3,19:15,,,,
01/05/2026,LOMA LINDA - URDIÑOLA,Salida,N,12,BLVD SANTA LUCIA Y CALLE 7,H1,07:16,,,,
01/05/2026,LOMA LINDA - URDIÑOLA,Salida,N,12,BLVD SANTA LUCIA Y CALLE 7,H2,16:31,,,,
01/05/2026,LOMA LINDA - URDIÑOLA,Salida,N,12,BLVD SANTA LUCIA Y CALLE 7,H3,19:16,,,,
01/05/2026,LOMA LINDA - URDIÑOLA,Salida,N,13,MEZQUITE Y NUECES,H1,07:25,,,,
01/05/2026,LOMA LINDA - URDIÑOLA,Salida,N,13,MEZQUITE Y NUECES,H2,16:40,,,,
01/05/2026,LOMA LINDA - URDIÑOLA,Salida,N,13,MEZQUITE Y NUECES,H3,19:25,,,,
01/05/2026,LOMA LINDA - URDIÑOLA,Salida,N,14,MEZQUITE Y GORDOLOBO,H1,07:30,07:19,11,1,0
01/05/2026,LOMA LINDA - URDIÑOLA,Salida,N,14,MEZQUITE Y GORDOLOBO,H2,16:45,,,,
01/05/2026,LOMA LINDA - URDIÑOLA,Salida,N,14,MEZQUITE Y GORDOLOBO,H3,19:30,19:06,24,1,0
01/05/2026,LOS HOYOS - MACUYU,Entrada,A,1,LOS HOYOS,H1,03:20,,,,
01/05/2026,LOS HOYOS - MACUYU,Entrada,A,1,LOS HOYOS,H2,15:20,,,,
01/05/2026,LOS HOYOS - MACUYU,Entrada,A,1,LOS HOYOS,H3,18:50,,,,
01/05/2026,LOS HOYOS - MACUYU,Entrada,A,1,LOS HOYOS,H4,19:20,,,,
01/05/2026,LOS HOYOS - MACUYU,Entrada,A,2,HUARICHE,H1,03:38,,,,
01/05/2026,LOS HOYOS - MACUYU,Entrada,A,2,HUARICHE,H2,15:38,,,,
01/05/2026,LOS HOYOS - MACUYU,Entrada,A,2,HUARICHE,H3,19:08,,,,
01/05/2026,LOS HOYOS - MACUYU,Entrada,A,2,HUARICHE,H4,19:38,,,,
01/05/2026,LOS HOYOS - MACUYU,Entrada,A,3,PRESA DE GUADALUPE,H1,04:08,,,,
01/05/2026,LOS HOYOS - MACUYU,Entrada,A,3,PRESA DE GUADALUPE,H2,16:08,,,,
01/05/2026,LOS HOYOS - MACUYU,Entrada,A,3,PRESA DE GUADALUPE,H3,19:38,,,,
01/05/2026,LOS HOYOS - MACUYU,Entrada,A,3,PRESA DE GUADALUPE,H4,20:08,,,,
01/05/2026,LOS HOYOS - MACUYU,Entrada,A,4,MACUYU,H1,04:14,,,,
01/05/2026,LOS HOYOS - MACUYU,Entrada,A,4,MACUYU,H2,16:14,,,,
01/05/2026,LOS HOYOS - MACUYU,Entrada,A,4,MACUYU,H3,19:44,,,,
01/05/2026,LOS HOYOS - MACUYU,Entrada,A,4,MACUYU,H4,20:14,,,,
01/05/2026,LOS HOYOS - MACUYU,Entrada,A,5,DOS DE ABRIL,H1,04:24,,,,
01/05/2026,LOS HOYOS - MACUYU,Entrada,A,5,DOS DE ABRIL,H2,16:24,,,,
01/05/2026,LOS HOYOS - MACUYU,Entrada,A,5,DOS DE ABRIL,H3,19:54,,,,
01/05/2026,LOS HOYOS - MACUYU,Entrada,A,5,DOS DE ABRIL,H4,20:24,,,,
01/05/2026,LOS HOYOS - MACUYU,Entrada,A,6,LA PAZ,H1,04:50,,,,
01/05/2026,LOS HOYOS - MACUYU,Entrada,A,6,LA PAZ,H2,16:50,,,,
01/05/2026,LOS HOYOS - MACUYU,Entrada,A,6,LA PAZ,H3,20:20,,,,
01/05/2026,LOS HOYOS - MACUYU,Entrada,A,6,LA PAZ,H4,20:50,,,,
01/05/2026,LOS HOYOS - MACUYU,Entrada,A,7,DERRAMADERO,H1,05:08,,,,
01/05/2026,LOS HOYOS - MACUYU,Entrada,A,7,DERRAMADERO,H2,17:08,,,,
01/05/2026,LOS HOYOS - MACUYU,Entrada,A,7,DERRAMADERO,H3,20:38,,,,
01/05/2026,LOS HOYOS - MACUYU,Entrada,A,7,DERRAMADERO,H4,21:08,,,,
01/05/2026,LOS HOYOS - MACUYU,Entrada,A,8,METALSA,H1,05:50,,,,
01/05/2026,LOS HOYOS - MACUYU,Entrada,A,8,METALSA,H2,17:50,,,,
01/05/2026,LOS HOYOS - MACUYU,Entrada,A,8,METALSA,H3,21:20,,,,
01/05/2026,LOS HOYOS - MACUYU,Entrada,A,8,METALSA,H4,21:50,,,,
01/05/2026,LOS HOYOS - MACUYU,Salida,N,1,METALSA,H1,15:30,,,,
01/05/2026,LOS HOYOS - MACUYU,Salida,N,1,METALSA,H2,06:15,,,,
01/05/2026,LOS HOYOS - MACUYU,Salida,N,1,METALSA,H3,18:15,,,,
01/05/2026,LOS HOYOS - MACUYU,Salida,N,2,DERRAMADERO,H1,15:41,,,,
01/05/2026,LOS HOYOS - MACUYU,Salida,N,2,DERRAMADERO,H2,06:26,,,,
01/05/2026,LOS HOYOS - MACUYU,Salida,N,2,DERRAMADERO,H3,18:26,,,,
01/05/2026,LOS HOYOS - MACUYU,Salida,N,3,LA PAZ,H1,15:42,,,,
01/05/2026,LOS HOYOS - MACUYU,Salida,N,3,LA PAZ,H2,06:27,,,,
01/05/2026,LOS HOYOS - MACUYU,Salida,N,3,LA PAZ,H3,18:27,,,,
01/05/2026,LOS HOYOS - MACUYU,Salida,N,4,DOS DE ABRIL,H1,15:44,,,,
01/05/2026,LOS HOYOS - MACUYU,Salida,N,4,DOS DE ABRIL,H2,06:29,07:27,-58,1,0
01/05/2026,LOS HOYOS - MACUYU,Salida,N,4,DOS DE ABRIL,H3,18:29,,,,
01/05/2026,LOS HOYOS - MACUYU,Salida,N,5,MACUYU,H1,15:45,,,,
01/05/2026,LOS HOYOS - MACUYU,Salida,N,5,MACUYU,H2,06:30,07:52,-82,1,0
01/05/2026,LOS HOYOS - MACUYU,Salida,N,5,MACUYU,H3,18:30,,,,
01/05/2026,LOS HOYOS - MACUYU,Salida,N,6,PRESA DE GUADALUPE,H1,16:00,,,,
01/05/2026,LOS HOYOS - MACUYU,Salida,N,6,PRESA DE GUADALUPE,H2,06:31,07:41,-70,1,0
01/05/2026,LOS HOYOS - MACUYU,Salida,N,6,PRESA DE GUADALUPE,H3,18:35,,,,
01/05/2026,LOS HOYOS - MACUYU,Salida,N,7,HUARICHE,H1,17:18,,,,
01/05/2026,LOS HOYOS - MACUYU,Salida,N,7,HUARICHE,H2,08:03,,,,
01/05/2026,LOS HOYOS - MACUYU,Salida,N,7,HUARICHE,H3,20:03,,,,
01/05/2026,LOS HOYOS - MACUYU,Salida,N,8,LOS HOYOS,H1,17:30,,,,
01/05/2026,LOS HOYOS - MACUYU,Salida,N,8,LOS HOYOS,H2,08:15,,,,
01/05/2026,LOS HOYOS - MACUYU,Salida,N,8,LOS HOYOS,H3,20:15,,,,
01/05/2026,OTILIO,Entrada,N,1,CALLE 23 Y CALLE 16,H1,04:25,,,,
01/05/2026,OTILIO,Entrada,N,1,CALLE 23 Y CALLE 16,H2,16:25,,,,
01/05/2026,OTILIO,Entrada,N,1,CALLE 23 Y CALLE 16,H3,19:55,,,,
01/05/2026,OTILIO,Entrada,N,1,CALLE 23 Y CALLE 16,H4,20:25,,,,
01/05/2026,OTILIO,Entrada,N,2,MARMOL Y EMILIANO ZAPATA,H1,04:27,,,,
01/05/2026,OTILIO,Entrada,N,2,MARMOL Y EMILIANO ZAPATA,H2,16:27,,,,
01/05/2026,OTILIO,Entrada,N,2,MARMOL Y EMILIANO ZAPATA,H3,19:57,,,,
01/05/2026,OTILIO,Entrada,N,2,MARMOL Y EMILIANO ZAPATA,H4,20:27,,,,
01/05/2026,OTILIO,Entrada,N,3,LIBERTAD Y OTILIO,H1,04:31,,,,
01/05/2026,OTILIO,Entrada,N,3,LIBERTAD Y OTILIO,H2,16:31,,,,
01/05/2026,OTILIO,Entrada,N,3,LIBERTAD Y OTILIO,H3,20:01,,,,
01/05/2026,OTILIO,Entrada,N,3,LIBERTAD Y OTILIO,H4,20:31,,,,
01/05/2026,OTILIO,Entrada,N,4,ONCEAVA Y ESCUADRON DE LA AVIACION,H1,04:42,,,,
01/05/2026,OTILIO,Entrada,N,4,ONCEAVA Y ESCUADRON DE LA AVIACION,H2,16:42,,,,
01/05/2026,OTILIO,Entrada,N,4,ONCEAVA Y ESCUADRON DE LA AVIACION,H3,20:12,,,,
01/05/2026,OTILIO,Entrada,N,4,ONCEAVA Y ESCUADRON DE LA AVIACION,H4,20:42,,,,
01/05/2026,OTILIO,Entrada,N,5,BLVD JUAREZ Y MIGUEL HIDALGO,H1,04:52,,,,
01/05/2026,OTILIO,Entrada,N,5,BLVD JUAREZ Y MIGUEL HIDALGO,H2,16:52,,,,
01/05/2026,OTILIO,Entrada,N,5,BLVD JUAREZ Y MIGUEL HIDALGO,H3,20:22,,,,
01/05/2026,OTILIO,Entrada,N,5,BLVD JUAREZ Y MIGUEL HIDALGO,H4,20:52,,,,
01/05/2026,OTILIO,Entrada,N,6,IGNACIO ALLENDE Y CALLE 13,H1,04:58,,,,
01/05/2026,OTILIO,Entrada,N,6,IGNACIO ALLENDE Y CALLE 13,H2,16:58,,,,
01/05/2026,OTILIO,Entrada,N,6,IGNACIO ALLENDE Y CALLE 13,H3,20:28,,,,
01/05/2026,OTILIO,Entrada,N,6,IGNACIO ALLENDE Y CALLE 13,H4,20:58,,,,
01/05/2026,OTILIO,Entrada,N,7,LOMAS DE LOURDES Y LUIS PASTEUR,H1,05:06,,,,
01/05/2026,OTILIO,Entrada,N,7,LOMAS DE LOURDES Y LUIS PASTEUR,H2,17:06,,,,
01/05/2026,OTILIO,Entrada,N,7,LOMAS DE LOURDES Y LUIS PASTEUR,H3,20:36,,,,
01/05/2026,OTILIO,Entrada,N,7,LOMAS DE LOURDES Y LUIS PASTEUR,H4,21:06,,,,
01/05/2026,OTILIO,Entrada,N,8,CARR. SALTILLO-ZACATECAS,H1,05:15,,,,
01/05/2026,OTILIO,Entrada,N,8,CARR. SALTILLO-ZACATECAS,H2,17:15,,,,
01/05/2026,OTILIO,Entrada,N,8,CARR. SALTILLO-ZACATECAS,H3,20:45,,,,
01/05/2026,OTILIO,Entrada,N,8,CARR. SALTILLO-ZACATECAS,H4,21:15,,,,
01/05/2026,OTILIO,Entrada,N,9,METALSA,H1,05:50,,,,
01/05/2026,OTILIO,Entrada,N,9,METALSA,H2,17:50,,,,
01/05/2026,OTILIO,Entrada,N,9,METALSA,H3,21:20,,,,
01/05/2026,OTILIO,Entrada,N,9,METALSA,H4,21:50,,,,
01/05/2026,OTILIO,Salida,N,1,METALSA,H1,06:15,,,,
01/05/2026,OTILIO,Salida,N,1,METALSA,H2,15:30,,,,
01/05/2026,OTILIO,Salida,N,1,METALSA,H3,18:15,,,,
01/05/2026,OTILIO,Salida,N,2,CARR. SALTILLO-ZACATECAS,H1,06:50,,,,
01/05/2026,OTILIO,Salida,N,2,CARR. SALTILLO-ZACATECAS,H2,16:05,,,,
01/05/2026,OTILIO,Salida,N,2,CARR. SALTILLO-ZACATECAS,H3,18:50,,,,
01/05/2026,OTILIO,Salida,N,3,LOMAS DE LOURDES Y LUIS PASTEUR,H1,06:59,,,,
01/05/2026,OTILIO,Salida,N,3,LOMAS DE LOURDES Y LUIS PASTEUR,H2,16:14,,,,
01/05/2026,OTILIO,Salida,N,3,LOMAS DE LOURDES Y LUIS PASTEUR,H3,18:59,,,,
01/05/2026,OTILIO,Salida,N,4,IGNACIO ALLENDE Y CALLE 13,H1,07:07,,,,
01/05/2026,OTILIO,Salida,N,4,IGNACIO ALLENDE Y CALLE 13,H2,16:22,,,,
01/05/2026,OTILIO,Salida,N,4,IGNACIO ALLENDE Y CALLE 13,H3,19:07,,,,
01/05/2026,OTILIO,Salida,N,5,BLVD JUAREZ Y MIGUEL HIDALGO,H1,07:13,,,,
01/05/2026,OTILIO,Salida,N,5,BLVD JUAREZ Y MIGUEL HIDALGO,H2,16:28,,,,
01/05/2026,OTILIO,Salida,N,5,BLVD JUAREZ Y MIGUEL HIDALGO,H3,19:13,,,,
01/05/2026,OTILIO,Salida,N,6,ONCEAVA Y ESCUADRON DE LA AVIACION,H1,07:23,,,,
01/05/2026,OTILIO,Salida,N,6,ONCEAVA Y ESCUADRON DE LA AVIACION,H2,16:38,,,,
01/05/2026,OTILIO,Salida,N,6,ONCEAVA Y ESCUADRON DE LA AVIACION,H3,19:23,,,,
01/05/2026,OTILIO,Salida,N,7,LIBERTAD Y OTILIO,H1,07:34,,,,
01/05/2026,OTILIO,Salida,N,7,LIBERTAD Y OTILIO,H2,16:49,,,,
01/05/2026,OTILIO,Salida,N,7,LIBERTAD Y OTILIO,H3,19:34,,,,
01/05/2026,OTILIO,Salida,N,8,MARMOL Y EMILIANO ZAPATA,H1,07:38,,,,
01/05/2026,OTILIO,Salida,N,8,MARMOL Y EMILIANO ZAPATA,H2,16:53,,,,
01/05/2026,OTILIO,Salida,N,8,MARMOL Y EMILIANO ZAPATA,H3,19:38,,,,
01/05/2026,OTILIO,Salida,N,9,CALLE 23 Y CALLE 16,H1,07:40,,,,
01/05/2026,OTILIO,Salida,N,9,CALLE 23 Y CALLE 16,H2,16:55,,,,
01/05/2026,OTILIO,Salida,N,9,CALLE 23 Y CALLE 16,H3,19:40,,,,
01/05/2026,PARRAS CASETA,Entrada,A,1,RAMOS ARIZPE (PLAZA DEL RELOJ),H1,18:30,,,,
01/05/2026,PARRAS CASETA,Entrada,A,1,RAMOS ARIZPE (PLAZA DEL RELOJ),H2,03:00,,,,
01/05/2026,PARRAS CASETA,Entrada,A,1,RAMOS ARIZPE (PLAZA DEL RELOJ),H3,15:00,,,,
01/05/2026,PARRAS CASETA,Entrada,A,1,RAMOS ARIZPE (PLAZA DEL RELOJ),H4,19:00,,,,
01/05/2026,PARRAS CASETA,Entrada,A,2,HEROICO COLEGIO MILITAR Y MELCHOR OCAMPO (ALAMEDA),H1,18:32,,,,
01/05/2026,PARRAS CASETA,Entrada,A,2,HEROICO COLEGIO MILITAR Y MELCHOR OCAMPO (ALAMEDA),H2,03:02,,,,
01/05/2026,PARRAS CASETA,Entrada,A,2,HEROICO COLEGIO MILITAR Y MELCHOR OCAMPO (ALAMEDA),H3,15:02,,,,
01/05/2026,PARRAS CASETA,Entrada,A,2,HEROICO COLEGIO MILITAR Y MELCHOR OCAMPO (ALAMEDA),H4,19:02,,,,
01/05/2026,PARRAS CASETA,Entrada,A,3,FALCON Y FCO SARABIA (TORTILLERIA 4 CAMINO),H1,18:40,,,,
01/05/2026,PARRAS CASETA,Entrada,A,3,FALCON Y FCO SARABIA (TORTILLERIA 4 CAMINO),H2,03:10,,,,
01/05/2026,PARRAS CASETA,Entrada,A,3,FALCON Y FCO SARABIA (TORTILLERIA 4 CAMINO),H3,15:10,,,,
01/05/2026,PARRAS CASETA,Entrada,A,3,FALCON Y FCO SARABIA (TORTILLERIA 4 CAMINO),H4,19:10,,,,
01/05/2026,PARRAS CASETA,Entrada,A,4,OSCAR FLORES TAPIA y JAVIER MINA,H1,18:45,,,,
01/05/2026,PARRAS CASETA,Entrada,A,4,OSCAR FLORES TAPIA y JAVIER MINA,H2,03:15,,,,
01/05/2026,PARRAS CASETA,Entrada,A,4,OSCAR FLORES TAPIA y JAVIER MINA,H3,15:15,,,,
01/05/2026,PARRAS CASETA,Entrada,A,4,OSCAR FLORES TAPIA y JAVIER MINA,H4,19:15,,,,
01/05/2026,PARRAS CASETA,Entrada,A,5,CALZADA DEL MARQUEZ (OXXO GAS),H1,18:50,,,,
01/05/2026,PARRAS CASETA,Entrada,A,5,CALZADA DEL MARQUEZ (OXXO GAS),H2,03:20,,,,
01/05/2026,PARRAS CASETA,Entrada,A,5,CALZADA DEL MARQUEZ (OXXO GAS),H3,15:20,,,,
01/05/2026,PARRAS CASETA,Entrada,A,5,CALZADA DEL MARQUEZ (OXXO GAS),H4,19:20,,,,
01/05/2026,PARRAS CASETA,Entrada,A,6,16 DE SEPTIEMBRE (FABRICA DICKIES),H1,18:57,,,,
01/05/2026,PARRAS CASETA,Entrada,A,6,16 DE SEPTIEMBRE (FABRICA DICKIES),H2,03:27,,,,
01/05/2026,PARRAS CASETA,Entrada,A,6,16 DE SEPTIEMBRE (FABRICA DICKIES),H3,15:27,,,,
01/05/2026,PARRAS CASETA,Entrada,A,6,16 DE SEPTIEMBRE (FABRICA DICKIES),H4,19:27,,,,
01/05/2026,PARRAS CASETA,Entrada,A,7,EJIDO 28 AGOSTO,H1,19:25,,,,
01/05/2026,PARRAS CASETA,Entrada,A,7,EJIDO 28 AGOSTO,H2,03:55,,,,
01/05/2026,PARRAS CASETA,Entrada,A,7,EJIDO 28 AGOSTO,H3,15:55,,,,
01/05/2026,PARRAS CASETA,Entrada,A,7,EJIDO 28 AGOSTO,H4,19:55,,,,
01/05/2026,PARRAS CASETA,Entrada,A,8,KM 42,H1,19:45,,,,
01/05/2026,PARRAS CASETA,Entrada,A,8,KM 42,H2,04:15,,,,
01/05/2026,PARRAS CASETA,Entrada,A,8,KM 42,H3,16:15,,,,
01/05/2026,PARRAS CASETA,Entrada,A,8,KM 42,H4,20:15,,,,
01/05/2026,PARRAS CASETA,Entrada,A,9,EJIDO JALPA,H1,19:50,,,,
01/05/2026,PARRAS CASETA,Entrada,A,9,EJIDO JALPA,H2,04:20,,,,
01/05/2026,PARRAS CASETA,Entrada,A,9,EJIDO JALPA,H3,16:20,,,,
01/05/2026,PARRAS CASETA,Entrada,A,9,EJIDO JALPA,H4,20:20,,,,
01/05/2026,PARRAS CASETA,Entrada,A,10,METALSA,H1,21:20,,,,
01/05/2026,PARRAS CASETA,Entrada,A,10,METALSA,H2,05:50,,,,
01/05/2026,PARRAS CASETA,Entrada,A,10,METALSA,H3,17:50,,,,
01/05/2026,PARRAS CASETA,Entrada,A,10,METALSA,H4,21:50,,,,
01/05/2026,PARRAS CASETA,Salida,N,1,METALSA,H1,15:30,,,,
01/05/2026,PARRAS CASETA,Salida,N,1,METALSA,H2,06:15,06:16,-1,1,0
01/05/2026,PARRAS CASETA,Salida,N,1,METALSA,H3,18:15,,,,
01/05/2026,PARRAS CASETA,Salida,N,2,EJIDO PAILA,H1,15:45,,,,
01/05/2026,PARRAS CASETA,Salida,N,2,EJIDO PAILA,H2,06:30,,,,
01/05/2026,PARRAS CASETA,Salida,N,2,EJIDO PAILA,H3,18:30,,,,
01/05/2026,PARRAS CASETA,Salida,N,3,KM 42,H1,15:50,,,,
01/05/2026,PARRAS CASETA,Salida,N,3,KM 42,H2,06:35,,,,
01/05/2026,PARRAS CASETA,Salida,N,3,KM 42,H3,18:35,,,,
01/05/2026,PARRAS CASETA,Salida,N,4,EJIDO 28 AGOSTO,H1,17:10,,,,
01/05/2026,PARRAS CASETA,Salida,N,4,EJIDO 28 AGOSTO,H2,07:55,,,,
01/05/2026,PARRAS CASETA,Salida,N,4,EJIDO 28 AGOSTO,H3,19:55,,,,
01/05/2026,PARRAS CASETA,Salida,N,5,16 DE SEPTIEMBRE (FABRICA DICKIES),H1,17:45,,,,
01/05/2026,PARRAS CASETA,Salida,N,5,16 DE SEPTIEMBRE (FABRICA DICKIES),H2,08:30,,,,
01/05/2026,PARRAS CASETA,Salida,N,5,16 DE SEPTIEMBRE (FABRICA DICKIES),H3,20:30,,,,
01/05/2026,PARRAS CASETA,Salida,N,6,CALZADA DEL MARQUEZ (OXXO GAS),H1,17:55,,,,
01/05/2026,PARRAS CASETA,Salida,N,6,CALZADA DEL MARQUEZ (OXXO GAS),H2,08:40,,,,
01/05/2026,PARRAS CASETA,Salida,N,6,CALZADA DEL MARQUEZ (OXXO GAS),H3,20:40,,,,
01/05/2026,PARRAS CASETA,Salida,N,7,OSCAR FLORES TAPIA y JAVIER MINA,H1,18:00,,,,
01/05/2026,PARRAS CASETA,Salida,N,7,OSCAR FLORES TAPIA y JAVIER MINA,H2,08:45,,,,
01/05/2026,PARRAS CASETA,Salida,N,7,OSCAR FLORES TAPIA y JAVIER MINA,H3,20:45,,,,
01/05/2026,PARRAS CASETA,Salida,N,8,FALCON Y FCO SARABIA (TORTILLERIA 4 CAMINO),H1,18:05,,,,
01/05/2026,PARRAS CASETA,Salida,N,8,FALCON Y FCO SARABIA (TORTILLERIA 4 CAMINO),H2,08:50,,,,
01/05/2026,PARRAS CASETA,Salida,N,8,FALCON Y FCO SARABIA (TORTILLERIA 4 CAMINO),H3,20:50,,,,
01/05/2026,PARRAS CASETA,Salida,N,9,HEROICO COLEGIO MILITAR Y MELCHOR OCAMPO (ALAMEDA),H1,18:18,,,,
01/05/2026,PARRAS CASETA,Salida,N,9,HEROICO COLEGIO MILITAR Y MELCHOR OCAMPO (ALAMEDA),H2,09:03,,,,
01/05/2026,PARRAS CASETA,Salida,N,9,HEROICO COLEGIO MILITAR Y MELCHOR OCAMPO (ALAMEDA),H3,21:03,,,,
01/05/2026,PARRAS CASETA,Salida,N,10,RAMOS ARIZPE (PLAZA DEL RELOJ),H1,18:20,,,,
01/05/2026,PARRAS CASETA,Salida,N,10,RAMOS ARIZPE (PLAZA DEL RELOJ),H2,09:05,,,,
01/05/2026,PARRAS CASETA,Salida,N,10,RAMOS ARIZPE (PLAZA DEL RELOJ),H3,21:05,,,,
01/05/2026,PARRAS LIBRE,Entrada,A,1,TACUBATA Y FRANCISCO I MADERO,H1,18:30,,,,
01/05/2026,PARRAS LIBRE,Entrada,A,1,TACUBATA Y FRANCISCO I MADERO,H2,03:00,,,,
01/05/2026,PARRAS LIBRE,Entrada,A,1,TACUBATA Y FRANCISCO I MADERO,H3,03:00,,,,
01/05/2026,PARRAS LIBRE,Entrada,A,1,TACUBATA Y FRANCISCO I MADERO,H4,15:00,,,,
01/05/2026,PARRAS LIBRE,Entrada,A,1,TACUBATA Y FRANCISCO I MADERO,H5,15:00,,,,
01/05/2026,PARRAS LIBRE,Entrada,A,1,TACUBATA Y FRANCISCO I MADERO,H6,19:05,,,,
01/05/2026,PARRAS LIBRE,Entrada,A,2,SANTA CATARINA Y VIESCA,H1,18:36,,,,
01/05/2026,PARRAS LIBRE,Entrada,A,2,SANTA CATARINA Y VIESCA,H2,03:06,,,,
01/05/2026,PARRAS LIBRE,Entrada,A,2,SANTA CATARINA Y VIESCA,H3,03:06,,,,
01/05/2026,PARRAS LIBRE,Entrada,A,2,SANTA CATARINA Y VIESCA,H4,15:06,,,,
01/05/2026,PARRAS LIBRE,Entrada,A,2,SANTA CATARINA Y VIESCA,H5,15:06,,,,
01/05/2026,PARRAS LIBRE,Entrada,A,2,SANTA CATARINA Y VIESCA,H6,19:09,,,,
01/05/2026,PARRAS LIBRE,Entrada,A,3,MANUEL ZAVALA Y MAR DE GALILEA,H1,18:50,,,,
01/05/2026,PARRAS LIBRE,Entrada,A,3,MANUEL ZAVALA Y MAR DE GALILEA,H2,03:20,,,,
01/05/2026,PARRAS LIBRE,Entrada,A,3,MANUEL ZAVALA Y MAR DE GALILEA,H3,03:20,,,,
01/05/2026,PARRAS LIBRE,Entrada,A,3,MANUEL ZAVALA Y MAR DE GALILEA,H4,15:20,,,,
01/05/2026,PARRAS LIBRE,Entrada,A,3,MANUEL ZAVALA Y MAR DE GALILEA,H5,15:20,,,,
01/05/2026,PARRAS LIBRE,Entrada,A,3,MANUEL ZAVALA Y MAR DE GALILEA,H6,19:11,,,,
01/05/2026,PARRAS LIBRE,Entrada,A,4,GENERAL CEPEDA Y RAMOS ARIZPE,H1,18:55,,,,
01/05/2026,PARRAS LIBRE,Entrada,A,4,GENERAL CEPEDA Y RAMOS ARIZPE,H2,03:25,,,,
01/05/2026,PARRAS LIBRE,Entrada,A,4,GENERAL CEPEDA Y RAMOS ARIZPE,H3,03:25,,,,
01/05/2026,PARRAS LIBRE,Entrada,A,4,GENERAL CEPEDA Y RAMOS ARIZPE,H4,15:25,,,,
01/05/2026,PARRAS LIBRE,Entrada,A,4,GENERAL CEPEDA Y RAMOS ARIZPE,H5,15:25,,,,
01/05/2026,PARRAS LIBRE,Entrada,A,4,GENERAL CEPEDA Y RAMOS ARIZPE,H6,19:14,,,,
01/05/2026,PARRAS LIBRE,Entrada,A,5,GENERAL CEPEDA Y COLIMA,H1,19:03,,,,
01/05/2026,PARRAS LIBRE,Entrada,A,5,GENERAL CEPEDA Y COLIMA,H2,03:33,,,,
01/05/2026,PARRAS LIBRE,Entrada,A,5,GENERAL CEPEDA Y COLIMA,H3,03:33,,,,
01/05/2026,PARRAS LIBRE,Entrada,A,5,GENERAL CEPEDA Y COLIMA,H4,15:33,,,,
01/05/2026,PARRAS LIBRE,Entrada,A,5,GENERAL CEPEDA Y COLIMA,H5,15:33,,,,
01/05/2026,PARRAS LIBRE,Entrada,A,5,GENERAL CEPEDA Y COLIMA,H6,19:15,,,,
01/05/2026,PARRAS LIBRE,Entrada,A,6,CAMINO GRAL. CEPEDA Y EJIDO PARRAS,H1,19:05,,,,
01/05/2026,PARRAS LIBRE,Entrada,A,6,CAMINO GRAL. CEPEDA Y EJIDO PARRAS,H2,03:35,,,,
01/05/2026,PARRAS LIBRE,Entrada,A,6,CAMINO GRAL. CEPEDA Y EJIDO PARRAS,H3,03:35,,,,
01/05/2026,PARRAS LIBRE,Entrada,A,6,CAMINO GRAL. CEPEDA Y EJIDO PARRAS,H4,15:35,,,,
01/05/2026,PARRAS LIBRE,Entrada,A,6,CAMINO GRAL. CEPEDA Y EJIDO PARRAS,H5,15:35,,,,
01/05/2026,PARRAS LIBRE,Entrada,A,6,CAMINO GRAL. CEPEDA Y EJIDO PARRAS,H6,19:17,,,,
01/05/2026,PARRAS LIBRE,Entrada,A,7,METALSA,H1,21:20,,,,
01/05/2026,PARRAS LIBRE,Entrada,A,7,METALSA,H2,05:50,,,,
01/05/2026,PARRAS LIBRE,Entrada,A,7,METALSA,H3,05:50,,,,
01/05/2026,PARRAS LIBRE,Entrada,A,7,METALSA,H4,17:50,,,,
01/05/2026,PARRAS LIBRE,Entrada,A,7,METALSA,H5,17:50,,,,
01/05/2026,PARRAS LIBRE,Entrada,A,7,METALSA,H6,21:50,,,,
01/05/2026,PARRAS LIBRE,Salida,N,1,METALSA,H1,15:30,,,,
01/05/2026,PARRAS LIBRE,Salida,N,1,METALSA,H2,06:15,,,,
01/05/2026,PARRAS LIBRE,Salida,N,1,METALSA,H3,06:15,,,,
01/05/2026,PARRAS LIBRE,Salida,N,1,METALSA,H4,18:15,,,,
01/05/2026,PARRAS LIBRE,Salida,N,1,METALSA,H5,18:15,,,,
01/05/2026,PARRAS LIBRE,Salida,N,2,CAMINO GRAL. CEPEDA Y EJIDO PARRAS,H1,17:45,,,,
01/05/2026,PARRAS LIBRE,Salida,N,2,CAMINO GRAL. CEPEDA Y EJIDO PARRAS,H2,08:30,,,,
01/05/2026,PARRAS LIBRE,Salida,N,2,CAMINO GRAL. CEPEDA Y EJIDO PARRAS,H3,08:30,,,,
01/05/2026,PARRAS LIBRE,Salida,N,2,CAMINO GRAL. CEPEDA Y EJIDO PARRAS,H4,20:30,,,,
01/05/2026,PARRAS LIBRE,Salida,N,2,CAMINO GRAL. CEPEDA Y EJIDO PARRAS,H5,20:30,,,,
01/05/2026,PARRAS LIBRE,Salida,N,3,GENERAL CEPEDA Y COLIMA,H1,17:47,,,,
01/05/2026,PARRAS LIBRE,Salida,N,3,GENERAL CEPEDA Y COLIMA,H2,08:32,,,,
01/05/2026,PARRAS LIBRE,Salida,N,3,GENERAL CEPEDA Y COLIMA,H3,08:32,,,,
01/05/2026,PARRAS LIBRE,Salida,N,3,GENERAL CEPEDA Y COLIMA,H4,20:32,,,,
01/05/2026,PARRAS LIBRE,Salida,N,3,GENERAL CEPEDA Y COLIMA,H5,20:32,,,,
01/05/2026,PARRAS LIBRE,Salida,N,4,GENERAL CEPEDA Y RAMOS ARIZPE,H1,17:55,,,,
01/05/2026,PARRAS LIBRE,Salida,N,4,GENERAL CEPEDA Y RAMOS ARIZPE,H2,08:40,,,,
01/05/2026,PARRAS LIBRE,Salida,N,4,GENERAL CEPEDA Y RAMOS ARIZPE,H3,08:40,,,,
01/05/2026,PARRAS LIBRE,Salida,N,4,GENERAL CEPEDA Y RAMOS ARIZPE,H4,20:40,,,,
01/05/2026,PARRAS LIBRE,Salida,N,4,GENERAL CEPEDA Y RAMOS ARIZPE,H5,20:40,,,,
01/05/2026,PARRAS LIBRE,Salida,N,5,MANUEL ZAVALA Y MAR DE GALILEA,H1,18:00,,,,
01/05/2026,PARRAS LIBRE,Salida,N,5,MANUEL ZAVALA Y MAR DE GALILEA,H2,08:45,,,,
01/05/2026,PARRAS LIBRE,Salida,N,5,MANUEL ZAVALA Y MAR DE GALILEA,H3,08:45,,,,
01/05/2026,PARRAS LIBRE,Salida,N,5,MANUEL ZAVALA Y MAR DE GALILEA,H4,20:45,,,,
01/05/2026,PARRAS LIBRE,Salida,N,5,MANUEL ZAVALA Y MAR DE GALILEA,H5,20:45,,,,
01/05/2026,PARRAS LIBRE,Salida,N,6,SANTA CATARINA Y VIESCA,H1,18:14,,,,
01/05/2026,PARRAS LIBRE,Salida,N,6,SANTA CATARINA Y VIESCA,H2,08:59,,,,
01/05/2026,PARRAS LIBRE,Salida,N,6,SANTA CATARINA Y VIESCA,H3,08:59,,,,
01/05/2026,PARRAS LIBRE,Salida,N,6,SANTA CATARINA Y VIESCA,H4,20:59,,,,
01/05/2026,PARRAS LIBRE,Salida,N,6,SANTA CATARINA Y VIESCA,H5,20:59,,,,
01/05/2026,PARRAS LIBRE,Salida,N,7,TACUBATA Y FRANCISCO I MADERO,H1,18:20,,,,
01/05/2026,PARRAS LIBRE,Salida,N,7,TACUBATA Y FRANCISCO I MADERO,H2,09:05,,,,
01/05/2026,PARRAS LIBRE,Salida,N,7,TACUBATA Y FRANCISCO I MADERO,H3,09:05,,,,
01/05/2026,PARRAS LIBRE,Salida,N,7,TACUBATA Y FRANCISCO I MADERO,H4,21:05,,,,
01/05/2026,PARRAS LIBRE,Salida,N,7,TACUBATA Y FRANCISCO I MADERO,H5,21:05,,,,
01/05/2026,PORVENIR - GENERAL CEPEDA,Entrada,A,1,PORVENIR,H1,03:45,,,,
01/05/2026,PORVENIR - GENERAL CEPEDA,Entrada,A,1,PORVENIR,H2,15:45,,,,
01/05/2026,PORVENIR - GENERAL CEPEDA,Entrada,A,1,PORVENIR,H3,19:15,,,,
01/05/2026,PORVENIR - GENERAL CEPEDA,Entrada,A,1,PORVENIR,H4,19:45,,,,
01/05/2026,PORVENIR - GENERAL CEPEDA,Entrada,A,2,GUELATAO,H1,03:50,03:50,0,1,0
01/05/2026,PORVENIR - GENERAL CEPEDA,Entrada,A,2,GUELATAO,H2,15:50,,,,
01/05/2026,PORVENIR - GENERAL CEPEDA,Entrada,A,2,GUELATAO,H3,19:20,,,,
01/05/2026,PORVENIR - GENERAL CEPEDA,Entrada,A,2,GUELATAO,H4,19:50,,,,
01/05/2026,PORVENIR - GENERAL CEPEDA,Entrada,A,3,BLVD; DIANA LAURA,H1,04:06,,,,
01/05/2026,PORVENIR - GENERAL CEPEDA,Entrada,A,3,BLVD; DIANA LAURA,H2,16:06,,,,
01/05/2026,PORVENIR - GENERAL CEPEDA,Entrada,A,3,BLVD; DIANA LAURA,H3,19:36,,,,
01/05/2026,PORVENIR - GENERAL CEPEDA,Entrada,A,3,BLVD; DIANA LAURA,H4,20:06,,,,
01/05/2026,PORVENIR - GENERAL CEPEDA,Entrada,A,4,MARIANO MATAMOROS,H1,04:09,04:42,-33,1,0
01/05/2026,PORVENIR - GENERAL CEPEDA,Entrada,A,4,MARIANO MATAMOROS,H2,16:09,,,,
01/05/2026,PORVENIR - GENERAL CEPEDA,Entrada,A,4,MARIANO MATAMOROS,H3,19:39,,,,
01/05/2026,PORVENIR - GENERAL CEPEDA,Entrada,A,4,MARIANO MATAMOROS,H4,20:09,,,,
01/05/2026,PORVENIR - GENERAL CEPEDA,Entrada,A,5,LOS PRESIDENTES,H1,04:11,04:42,-31,1,0
01/05/2026,PORVENIR - GENERAL CEPEDA,Entrada,A,5,LOS PRESIDENTES,H2,16:11,,,,
01/05/2026,PORVENIR - GENERAL CEPEDA,Entrada,A,5,LOS PRESIDENTES,H3,19:41,,,,
01/05/2026,PORVENIR - GENERAL CEPEDA,Entrada,A,5,LOS PRESIDENTES,H4,20:11,,,,
01/05/2026,PORVENIR - GENERAL CEPEDA,Entrada,A,6,MIGUEL HIDALGO,H1,04:16,04:43,-27,1,0
01/05/2026,PORVENIR - GENERAL CEPEDA,Entrada,A,6,MIGUEL HIDALGO,H2,16:16,,,,
01/05/2026,PORVENIR - GENERAL CEPEDA,Entrada,A,6,MIGUEL HIDALGO,H3,19:46,,,,
01/05/2026,PORVENIR - GENERAL CEPEDA,Entrada,A,6,MIGUEL HIDALGO,H4,20:16,,,,
01/05/2026,PORVENIR - GENERAL CEPEDA,Entrada,A,7,BENITO JUAREZ,H1,04:19,04:02,17,1,0
01/05/2026,PORVENIR - GENERAL CEPEDA,Entrada,A,7,BENITO JUAREZ,H2,16:19,,,,
01/05/2026,PORVENIR - GENERAL CEPEDA,Entrada,A,7,BENITO JUAREZ,H3,19:49,,,,
01/05/2026,PORVENIR - GENERAL CEPEDA,Entrada,A,7,BENITO JUAREZ,H4,20:19,,,,
01/05/2026,PORVENIR - GENERAL CEPEDA,Entrada,A,8,SAN JOSE,H1,04:50,,,,
01/05/2026,PORVENIR - GENERAL CEPEDA,Entrada,A,8,SAN JOSE,H2,16:50,,,,
01/05/2026,PORVENIR - GENERAL CEPEDA,Entrada,A,8,SAN JOSE,H3,20:20,,,,
01/05/2026,PORVENIR - GENERAL CEPEDA,Entrada,A,8,SAN JOSE,H4,20:50,,,,
01/05/2026,PORVENIR - GENERAL CEPEDA,Entrada,A,9,RANCHO NUEVO,H1,05:00,05:17,-17,1,0
01/05/2026,PORVENIR - GENERAL CEPEDA,Entrada,A,9,RANCHO NUEVO,H2,17:00,,,,
01/05/2026,PORVENIR - GENERAL CEPEDA,Entrada,A,9,RANCHO NUEVO,H3,20:30,,,,
01/05/2026,PORVENIR - GENERAL CEPEDA,Entrada,A,9,RANCHO NUEVO,H4,21:00,,,,
01/05/2026,PORVENIR - GENERAL CEPEDA,Entrada,A,10,SANTA TERESA,H1,05:06,05:20,-14,1,0
01/05/2026,PORVENIR - GENERAL CEPEDA,Entrada,A,10,SANTA TERESA,H2,17:06,,,,
01/05/2026,PORVENIR - GENERAL CEPEDA,Entrada,A,10,SANTA TERESA,H3,20:36,,,,
01/05/2026,PORVENIR - GENERAL CEPEDA,Entrada,A,10,SANTA TERESA,H4,21:06,,,,
01/05/2026,PORVENIR - GENERAL CEPEDA,Entrada,A,11,CHAPULA,H1,05:15,,,,
01/05/2026,PORVENIR - GENERAL CEPEDA,Entrada,A,11,CHAPULA,H2,17:15,,,,
01/05/2026,PORVENIR - GENERAL CEPEDA,Entrada,A,11,CHAPULA,H3,20:45,,,,
01/05/2026,PORVENIR - GENERAL CEPEDA,Entrada,A,11,CHAPULA,H4,21:15,,,,
01/05/2026,PORVENIR - GENERAL CEPEDA,Entrada,A,12,DERRAMADERO,H1,05:20,05:24,-4,1,0
01/05/2026,PORVENIR - GENERAL CEPEDA,Entrada,A,12,DERRAMADERO,H2,17:20,,,,
01/05/2026,PORVENIR - GENERAL CEPEDA,Entrada,A,12,DERRAMADERO,H3,20:50,,,,
01/05/2026,PORVENIR - GENERAL CEPEDA,Entrada,A,12,DERRAMADERO,H4,21:20,,,,
01/05/2026,PORVENIR - GENERAL CEPEDA,Entrada,A,13,SAN JUAN DE LA VAQUERIA,H1,05:28,05:34,-6,1,0
01/05/2026,PORVENIR - GENERAL CEPEDA,Entrada,A,13,SAN JUAN DE LA VAQUERIA,H2,17:28,,,,
01/05/2026,PORVENIR - GENERAL CEPEDA,Entrada,A,13,SAN JUAN DE LA VAQUERIA,H3,20:58,,,,
01/05/2026,PORVENIR - GENERAL CEPEDA,Entrada,A,13,SAN JUAN DE LA VAQUERIA,H4,21:28,,,,
01/05/2026,PORVENIR - GENERAL CEPEDA,Entrada,A,14,METALSA,H1,05:50,05:50,0,1,0
01/05/2026,PORVENIR - GENERAL CEPEDA,Entrada,A,14,METALSA,H2,17:50,,,,
01/05/2026,PORVENIR - GENERAL CEPEDA,Entrada,A,14,METALSA,H3,21:20,,,,
01/05/2026,PORVENIR - GENERAL CEPEDA,Entrada,A,14,METALSA,H4,21:50,,,,
01/05/2026,PORVENIR - GENERAL CEPEDA,Salida,N,1,METALSA,H1,06:15,06:18,-3,1,0
01/05/2026,PORVENIR - GENERAL CEPEDA,Salida,N,1,METALSA,H2,15:30,,,,
01/05/2026,PORVENIR - GENERAL CEPEDA,Salida,N,1,METALSA,H3,18:15,,,,
01/05/2026,PORVENIR - GENERAL CEPEDA,Salida,N,2,SAN JUAN DE LA VAQUERIA,H1,06:50,,,,
01/05/2026,PORVENIR - GENERAL CEPEDA,Salida,N,2,SAN JUAN DE LA VAQUERIA,H2,16:05,,,,
01/05/2026,PORVENIR - GENERAL CEPEDA,Salida,N,2,SAN JUAN DE LA VAQUERIA,H3,18:50,,,,
01/05/2026,PORVENIR - GENERAL CEPEDA,Salida,N,3,DERRAMADERO,H1,06:55,06:43,12,1,0
01/05/2026,PORVENIR - GENERAL CEPEDA,Salida,N,3,DERRAMADERO,H2,16:10,,,,
01/05/2026,PORVENIR - GENERAL CEPEDA,Salida,N,3,DERRAMADERO,H3,18:55,,,,
01/05/2026,PORVENIR - GENERAL CEPEDA,Salida,N,4,CHAPULA,H1,06:56,06:47,9,1,0
01/05/2026,PORVENIR - GENERAL CEPEDA,Salida,N,4,CHAPULA,H2,16:15,,,,
01/05/2026,PORVENIR - GENERAL CEPEDA,Salida,N,4,CHAPULA,H3,19:00,,,,
01/05/2026,PORVENIR - GENERAL CEPEDA,Salida,N,5,SANTA TERESA,H1,06:57,06:54,3,1,0
01/05/2026,PORVENIR - GENERAL CEPEDA,Salida,N,5,SANTA TERESA,H2,16:18,,,,
01/05/2026,PORVENIR - GENERAL CEPEDA,Salida,N,5,SANTA TERESA,H3,19:03,,,,
01/05/2026,PORVENIR - GENERAL CEPEDA,Salida,N,6,RANCHO NUEVO,H1,07:10,06:58,12,1,0
01/05/2026,PORVENIR - GENERAL CEPEDA,Salida,N,6,RANCHO NUEVO,H2,16:25,,,,
01/05/2026,PORVENIR - GENERAL CEPEDA,Salida,N,6,RANCHO NUEVO,H3,19:10,,,,
01/05/2026,PORVENIR - GENERAL CEPEDA,Salida,N,7,SAN JOSE,H1,07:11,07:10,1,1,0
01/05/2026,PORVENIR - GENERAL CEPEDA,Salida,N,7,SAN JOSE,H2,16:26,,,,
01/05/2026,PORVENIR - GENERAL CEPEDA,Salida,N,7,SAN JOSE,H3,19:11,,,,
01/05/2026,PORVENIR - GENERAL CEPEDA,Salida,N,8,BENITO JUAREZ,H1,07:12,,,,
01/05/2026,PORVENIR - GENERAL CEPEDA,Salida,N,8,BENITO JUAREZ,H2,16:27,,,,
01/05/2026,PORVENIR - GENERAL CEPEDA,Salida,N,8,BENITO JUAREZ,H3,19:12,,,,
01/05/2026,PORVENIR - GENERAL CEPEDA,Salida,N,9,MIGUEL HIDALGO,H1,07:13,07:40,-27,1,0
01/05/2026,PORVENIR - GENERAL CEPEDA,Salida,N,9,MIGUEL HIDALGO,H2,16:28,,,,
01/05/2026,PORVENIR - GENERAL CEPEDA,Salida,N,9,MIGUEL HIDALGO,H3,19:13,,,,
01/05/2026,PORVENIR - GENERAL CEPEDA,Salida,N,10,LOS PRESIDENTES,H1,07:14,07:40,-26,1,0
01/05/2026,PORVENIR - GENERAL CEPEDA,Salida,N,10,LOS PRESIDENTES,H2,16:29,,,,
01/05/2026,PORVENIR - GENERAL CEPEDA,Salida,N,10,LOS PRESIDENTES,H3,19:14,,,,
01/05/2026,PORVENIR - GENERAL CEPEDA,Salida,N,11,MARIANO MATAMOROS,H1,07:30,07:40,-10,1,0
01/05/2026,PORVENIR - GENERAL CEPEDA,Salida,N,11,MARIANO MATAMOROS,H2,16:45,,,,
01/05/2026,PORVENIR - GENERAL CEPEDA,Salida,N,11,MARIANO MATAMOROS,H3,19:30,,,,
01/05/2026,PORVENIR - GENERAL CEPEDA,Salida,N,12,BLVD; DIANA LAURA,H1,07:31,07:38,-7,1,0
01/05/2026,PORVENIR - GENERAL CEPEDA,Salida,N,12,BLVD; DIANA LAURA,H2,16:46,,,,
01/05/2026,PORVENIR - GENERAL CEPEDA,Salida,N,12,BLVD; DIANA LAURA,H3,19:31,,,,
01/05/2026,PORVENIR - GENERAL CEPEDA,Salida,N,13,GUELATAO,H1,07:40,,,,
01/05/2026,PORVENIR - GENERAL CEPEDA,Salida,N,13,GUELATAO,H2,16:55,,,,
01/05/2026,PORVENIR - GENERAL CEPEDA,Salida,N,13,GUELATAO,H3,19:40,,,,
01/05/2026,PORVENIR - GENERAL CEPEDA,Salida,N,14,PORVENIR,H1,07:45,08:00,-15,1,0
01/05/2026,PORVENIR - GENERAL CEPEDA,Salida,N,14,PORVENIR,H2,17:00,,,,
01/05/2026,PORVENIR - GENERAL CEPEDA,Salida,N,14,PORVENIR,H3,19:45,,,,
01/05/2026,PUERTO MEXICO,Entrada,A,1,PUERTO MEXICO,H1,20:10,,,,
01/05/2026,PUERTO MEXICO,Entrada,A,1,PUERTO MEXICO,H2,04:40,,,,
01/05/2026,PUERTO MEXICO,Entrada,A,1,PUERTO MEXICO,H3,04:40,,,,
01/05/2026,PUERTO MEXICO,Entrada,A,1,PUERTO MEXICO,H4,16:40,,,,
01/05/2026,PUERTO MEXICO,Entrada,A,1,PUERTO MEXICO,H5,16:40,,,,
01/05/2026,PUERTO MEXICO,Entrada,A,1,PUERTO MEXICO,H6,20:40,,,,
01/05/2026,PUERTO MEXICO,Entrada,A,2,CUIJE,H1,20:22,,,,
01/05/2026,PUERTO MEXICO,Entrada,A,2,CUIJE,H2,04:52,,,,
01/05/2026,PUERTO MEXICO,Entrada,A,2,CUIJE,H3,04:52,,,,
01/05/2026,PUERTO MEXICO,Entrada,A,2,CUIJE,H4,16:52,,,,
01/05/2026,PUERTO MEXICO,Entrada,A,2,CUIJE,H5,16:52,,,,
01/05/2026,PUERTO MEXICO,Entrada,A,2,CUIJE,H6,20:52,,,,
01/05/2026,PUERTO MEXICO,Entrada,A,3,NAVIDAD,H1,20:32,,,,
01/05/2026,PUERTO MEXICO,Entrada,A,3,NAVIDAD,H2,05:02,,,,
01/05/2026,PUERTO MEXICO,Entrada,A,3,NAVIDAD,H3,05:02,,,,
01/05/2026,PUERTO MEXICO,Entrada,A,3,NAVIDAD,H4,17:02,,,,
01/05/2026,PUERTO MEXICO,Entrada,A,3,NAVIDAD,H5,17:02,,,,
01/05/2026,PUERTO MEXICO,Entrada,A,3,NAVIDAD,H6,21:02,,,,
01/05/2026,PUERTO MEXICO,Entrada,A,4,CHAPULTEPEC,H1,20:45,,,,
01/05/2026,PUERTO MEXICO,Entrada,A,4,CHAPULTEPEC,H2,05:15,,,,
01/05/2026,PUERTO MEXICO,Entrada,A,4,CHAPULTEPEC,H3,05:15,,,,
01/05/2026,PUERTO MEXICO,Entrada,A,4,CHAPULTEPEC,H4,17:15,,,,
01/05/2026,PUERTO MEXICO,Entrada,A,4,CHAPULTEPEC,H5,17:15,,,,
01/05/2026,PUERTO MEXICO,Entrada,A,4,CHAPULTEPEC,H6,21:15,,,,
01/05/2026,PUERTO MEXICO,Entrada,A,5,JAHUEY,H1,21:00,,,,
01/05/2026,PUERTO MEXICO,Entrada,A,5,JAHUEY,H2,05:30,,,,
01/05/2026,PUERTO MEXICO,Entrada,A,5,JAHUEY,H3,05:30,,,,
01/05/2026,PUERTO MEXICO,Entrada,A,5,JAHUEY,H4,17:30,,,,
01/05/2026,PUERTO MEXICO,Entrada,A,5,JAHUEY,H5,17:30,,,,
01/05/2026,PUERTO MEXICO,Entrada,A,5,JAHUEY,H6,21:30,,,,
01/05/2026,PUERTO MEXICO,Entrada,A,6,METALSA,H1,21:20,,,,
01/05/2026,PUERTO MEXICO,Entrada,A,6,METALSA,H2,05:50,,,,
01/05/2026,PUERTO MEXICO,Entrada,A,6,METALSA,H3,05:50,,,,
01/05/2026,PUERTO MEXICO,Entrada,A,6,METALSA,H4,17:50,,,,
01/05/2026,PUERTO MEXICO,Entrada,A,6,METALSA,H5,17:50,,,,
01/05/2026,PUERTO MEXICO,Entrada,A,6,METALSA,H6,21:50,,,,
01/05/2026,PUERTO MEXICO,Salida,A,1,METALSA,H1,15:30,,,,
01/05/2026,PUERTO MEXICO,Salida,A,1,METALSA,H2,06:15,,,,
01/05/2026,PUERTO MEXICO,Salida,A,1,METALSA,H3,06:15,,,,
01/05/2026,PUERTO MEXICO,Salida,A,1,METALSA,H4,18:15,,,,
01/05/2026,PUERTO MEXICO,Salida,A,1,METALSA,H5,18:15,,,,
01/05/2026,PUERTO MEXICO,Salida,A,2,JAHUEY,H1,15:50,,,,
01/05/2026,PUERTO MEXICO,Salida,A,2,JAHUEY,H2,06:35,,,,
01/05/2026,PUERTO MEXICO,Salida,A,2,JAHUEY,H3,06:35,,,,
01/05/2026,PUERTO MEXICO,Salida,A,2,JAHUEY,H4,18:35,,,,
01/05/2026,PUERTO MEXICO,Salida,A,2,JAHUEY,H5,18:35,,,,
01/05/2026,PUERTO MEXICO,Salida,A,3,CHAPULTEPEC,H1,16:05,,,,
01/05/2026,PUERTO MEXICO,Salida,A,3,CHAPULTEPEC,H2,06:50,,,,
01/05/2026,PUERTO MEXICO,Salida,A,3,CHAPULTEPEC,H3,06:50,,,,
01/05/2026,PUERTO MEXICO,Salida,A,3,CHAPULTEPEC,H4,18:50,,,,
01/05/2026,PUERTO MEXICO,Salida,A,3,CHAPULTEPEC,H5,18:50,,,,
01/05/2026,PUERTO MEXICO,Salida,A,4,NAVIDAD,H1,16:18,,,,
01/05/2026,PUERTO MEXICO,Salida,A,4,NAVIDAD,H2,07:03,,,,
01/05/2026,PUERTO MEXICO,Salida,A,4,NAVIDAD,H3,07:03,,,,
01/05/2026,PUERTO MEXICO,Salida,A,4,NAVIDAD,H4,19:03,,,,
01/05/2026,PUERTO MEXICO,Salida,A,4,NAVIDAD,H5,19:03,,,,
01/05/2026,PUERTO MEXICO,Salida,A,5,CUIJE,H1,16:28,,,,
01/05/2026,PUERTO MEXICO,Salida,A,5,CUIJE,H2,07:13,,,,
01/05/2026,PUERTO MEXICO,Salida,A,5,CUIJE,H3,07:13,,,,
01/05/2026,PUERTO MEXICO,Salida,A,5,CUIJE,H4,19:13,,,,
01/05/2026,PUERTO MEXICO,Salida,A,5,CUIJE,H5,19:13,,,,
01/05/2026,PUERTO MEXICO,Salida,A,6,PUERTO MEXICO,H1,16:40,,,,
01/05/2026,PUERTO MEXICO,Salida,A,6,PUERTO MEXICO,H2,07:25,,,,
01/05/2026,PUERTO MEXICO,Salida,A,6,PUERTO MEXICO,H3,07:25,,,,
01/05/2026,PUERTO MEXICO,Salida,A,6,PUERTO MEXICO,H4,19:25,,,,
01/05/2026,PUERTO MEXICO,Salida,A,6,PUERTO MEXICO,H5,19:25,,,,
01/05/2026,ROMA,Entrada,N,1,FCO. LAZACORTA Y JOSE MARIANO MICHELENA,H1,04:45,,,,
01/05/2026,ROMA,Entrada,N,1,FCO. LAZACORTA Y JOSE MARIANO MICHELENA,H2,16:45,,,,
01/05/2026,ROMA,Entrada,N,1,FCO. LAZACORTA Y JOSE MARIANO MICHELENA,H3,20:15,,,,
01/05/2026,ROMA,Entrada,N,1,FCO. LAZACORTA Y JOSE MARIANO MICHELENA,H4,20:45,,,,
01/05/2026,ROMA,Entrada,N,2,SIERRA DE LOS PINOS Y PRINCIPAL,H1,04:48,,,,
01/05/2026,ROMA,Entrada,N,2,SIERRA DE LOS PINOS Y PRINCIPAL,H2,16:48,,,,
01/05/2026,ROMA,Entrada,N,2,SIERRA DE LOS PINOS Y PRINCIPAL,H3,20:18,,,,
01/05/2026,ROMA,Entrada,N,2,SIERRA DE LOS PINOS Y PRINCIPAL,H4,20:48,,,,
01/05/2026,ROMA,Entrada,N,3,OSA MAYOR Y BUSTAMANTE,H1,04:53,,,,
01/05/2026,ROMA,Entrada,N,3,OSA MAYOR Y BUSTAMANTE,H2,16:53,,,,
01/05/2026,ROMA,Entrada,N,3,OSA MAYOR Y BUSTAMANTE,H3,20:23,,,,
01/05/2026,ROMA,Entrada,N,3,OSA MAYOR Y BUSTAMANTE,H4,20:53,,,,
01/05/2026,ROMA,Entrada,N,4,EUGENIO REYES Y PEDRO AMPUDIA,H1,05:01,,,,
01/05/2026,ROMA,Entrada,N,4,EUGENIO REYES Y PEDRO AMPUDIA,H2,17:01,,,,
01/05/2026,ROMA,Entrada,N,4,EUGENIO REYES Y PEDRO AMPUDIA,H3,20:31,,,,
01/05/2026,ROMA,Entrada,N,4,EUGENIO REYES Y PEDRO AMPUDIA,H4,21:01,,,,
01/05/2026,ROMA,Entrada,N,5,FELIPE BERRIOZABAL Y MARAVILLAS,H1,05:06,,,,
01/05/2026,ROMA,Entrada,N,5,FELIPE BERRIOZABAL Y MARAVILLAS,H2,17:06,,,,
01/05/2026,ROMA,Entrada,N,5,FELIPE BERRIOZABAL Y MARAVILLAS,H3,20:36,,,,
01/05/2026,ROMA,Entrada,N,5,FELIPE BERRIOZABAL Y MARAVILLAS,H4,21:06,,,,
01/05/2026,ROMA,Entrada,N,6,FCO I MADERO Y CALZ ANTONIO NARRO,H1,05:15,,,,
01/05/2026,ROMA,Entrada,N,6,FCO I MADERO Y CALZ ANTONIO NARRO,H2,17:15,,,,
01/05/2026,ROMA,Entrada,N,6,FCO I MADERO Y CALZ ANTONIO NARRO,H3,20:45,,,,
01/05/2026,ROMA,Entrada,N,6,FCO I MADERO Y CALZ ANTONIO NARRO,H4,21:15,,,,
01/05/2026,ROMA,Entrada,N,7,CARR. SALTILLO-ZACATECAS,H1,05:20,,,,
01/05/2026,ROMA,Entrada,N,7,CARR. SALTILLO-ZACATECAS,H2,17:20,,,,
01/05/2026,ROMA,Entrada,N,7,CARR. SALTILLO-ZACATECAS,H3,20:50,,,,
01/05/2026,ROMA,Entrada,N,7,CARR. SALTILLO-ZACATECAS,H4,21:20,,,,
01/05/2026,ROMA,Entrada,N,8,METALSA,H1,05:50,,,,
01/05/2026,ROMA,Entrada,N,8,METALSA,H2,17:50,,,,
01/05/2026,ROMA,Entrada,N,8,METALSA,H3,21:20,,,,
01/05/2026,ROMA,Entrada,N,8,METALSA,H4,21:50,,,,
01/05/2026,ROMA,Salida,N,1,METALSA,H1,06:15,06:14,1,1,0
01/05/2026,ROMA,Salida,N,1,METALSA,H2,15:30,,,,
01/05/2026,ROMA,Salida,N,1,METALSA,H3,18:15,,,,
01/05/2026,ROMA,Salida,N,2,CARR. SALTILLO-ZACATECAS,H1,06:45,06:29,16,1,0
01/05/2026,ROMA,Salida,N,2,CARR. SALTILLO-ZACATECAS,H2,16:00,,,,
01/05/2026,ROMA,Salida,N,2,CARR. SALTILLO-ZACATECAS,H3,18:45,,,,
01/05/2026,ROMA,Salida,N,3,FCO I MADERO Y CALZ ANTONIO NARRO,H1,06:50,06:36,14,1,0
01/05/2026,ROMA,Salida,N,3,FCO I MADERO Y CALZ ANTONIO NARRO,H2,16:05,,,,
01/05/2026,ROMA,Salida,N,3,FCO I MADERO Y CALZ ANTONIO NARRO,H3,18:50,,,,
01/05/2026,ROMA,Salida,N,4,FELIPE BERRIOZABAL Y MARAVILLAS,H1,06:59,06:46,13,1,0
01/05/2026,ROMA,Salida,N,4,FELIPE BERRIOZABAL Y MARAVILLAS,H2,16:14,,,,
01/05/2026,ROMA,Salida,N,4,FELIPE BERRIOZABAL Y MARAVILLAS,H3,18:59,,,,
01/05/2026,ROMA,Salida,N,5,EUGENIO REYES Y PEDRO AMPUDIA,H1,07:04,06:48,16,1,0
01/05/2026,ROMA,Salida,N,5,EUGENIO REYES Y PEDRO AMPUDIA,H2,16:19,,,,
01/05/2026,ROMA,Salida,N,5,EUGENIO REYES Y PEDRO AMPUDIA,H3,19:04,,,,
01/05/2026,ROMA,Salida,N,6,OSA MAYOR Y BUSTAMANTE,H1,07:12,06:57,15,1,0
01/05/2026,ROMA,Salida,N,6,OSA MAYOR Y BUSTAMANTE,H2,16:27,,,,
01/05/2026,ROMA,Salida,N,6,OSA MAYOR Y BUSTAMANTE,H3,19:12,,,,
01/05/2026,ROMA,Salida,N,7,SIERRA DE LOS PINOS Y PRINCIPAL,H1,07:17,,,,
01/05/2026,ROMA,Salida,N,7,SIERRA DE LOS PINOS Y PRINCIPAL,H2,16:32,,,,
01/05/2026,ROMA,Salida,N,7,SIERRA DE LOS PINOS Y PRINCIPAL,H3,19:17,,,,
01/05/2026,ROMA,Salida,N,8,FCO. LAZACORTA Y JOSE MARIANO MICHELENA,H1,07:20,07:06,14,1,0
01/05/2026,ROMA,Salida,N,8,FCO. LAZACORTA Y JOSE MARIANO MICHELENA,H2,16:35,,,,
01/05/2026,ROMA,Salida,N,8,FCO. LAZACORTA Y JOSE MARIANO MICHELENA,H3,19:20,,,,
01/05/2026,SALTILLO 2000,Entrada,N,1,PALACIO DE JUSTICIA,H1,04:30,,,,
01/05/2026,SALTILLO 2000,Entrada,N,1,PALACIO DE JUSTICIA,H2,16:30,,,,
01/05/2026,SALTILLO 2000,Entrada,N,1,PALACIO DE JUSTICIA,H3,20:00,,,,
01/05/2026,SALTILLO 2000,Entrada,N,1,PALACIO DE JUSTICIA,H4,20:30,,,,
01/05/2026,SALTILLO 2000,Entrada,N,2,ROTONDA SALTILLO 2000,H1,04:35,,,,
01/05/2026,SALTILLO 2000,Entrada,N,2,ROTONDA SALTILLO 2000,H2,16:35,,,,
01/05/2026,SALTILLO 2000,Entrada,N,2,ROTONDA SALTILLO 2000,H3,20:05,,,,
01/05/2026,SALTILLO 2000,Entrada,N,2,ROTONDA SALTILLO 2000,H4,20:35,,,,
01/05/2026,SALTILLO 2000,Entrada,N,3,CUQUITA DE CEPEDA DAVILA  (OXXO),H1,04:45,,,,
01/05/2026,SALTILLO 2000,Entrada,N,3,CUQUITA DE CEPEDA DAVILA  (OXXO),H2,16:45,,,,
01/05/2026,SALTILLO 2000,Entrada,N,3,CUQUITA DE CEPEDA DAVILA  (OXXO),H3,20:15,,,,
01/05/2026,SALTILLO 2000,Entrada,N,3,CUQUITA DE CEPEDA DAVILA  (OXXO),H4,20:45,,,,
01/05/2026,SALTILLO 2000,Entrada,N,4,FCO I MADERO Y  PEDRO AMPUDIA,H1,04:50,,,,
01/05/2026,SALTILLO 2000,Entrada,N,4,FCO I MADERO Y  PEDRO AMPUDIA,H2,16:50,,,,
01/05/2026,SALTILLO 2000,Entrada,N,4,FCO I MADERO Y  PEDRO AMPUDIA,H3,20:20,,,,
01/05/2026,SALTILLO 2000,Entrada,N,4,FCO I MADERO Y  PEDRO AMPUDIA,H4,20:50,,,,
01/05/2026,SALTILLO 2000,Entrada,N,5,PERIF. L.E.A. Y CALZ. ANTONIO NARRO,H1,05:08,,,,
01/05/2026,SALTILLO 2000,Entrada,N,5,PERIF. L.E.A. Y CALZ. ANTONIO NARRO,H2,17:08,17:19,-11,1,0
01/05/2026,SALTILLO 2000,Entrada,N,5,PERIF. L.E.A. Y CALZ. ANTONIO NARRO,H3,20:38,,,,
01/05/2026,SALTILLO 2000,Entrada,N,5,PERIF. L.E.A. Y CALZ. ANTONIO NARRO,H4,21:08,,,,
01/05/2026,SALTILLO 2000,Entrada,N,6,BLVD. HACIENDA NARRO,H1,05:20,,,,
01/05/2026,SALTILLO 2000,Entrada,N,6,BLVD. HACIENDA NARRO,H2,17:20,,,,
01/05/2026,SALTILLO 2000,Entrada,N,6,BLVD. HACIENDA NARRO,H3,20:50,,,,
01/05/2026,SALTILLO 2000,Entrada,N,6,BLVD. HACIENDA NARRO,H4,21:20,,,,
01/05/2026,SALTILLO 2000,Entrada,N,7,METALSA,H1,05:50,,,,
01/05/2026,SALTILLO 2000,Entrada,N,7,METALSA,H2,17:50,17:45,5,1,0
01/05/2026,SALTILLO 2000,Entrada,N,7,METALSA,H3,21:20,,,,
01/05/2026,SALTILLO 2000,Entrada,N,7,METALSA,H4,21:50,,,,
01/05/2026,SALTILLO 2000,Salida,N,1,METALSA,H1,06:15,06:15,0,1,0
01/05/2026,SALTILLO 2000,Salida,N,1,METALSA,H2,15:30,,,,
01/05/2026,SALTILLO 2000,Salida,N,1,METALSA,H3,18:15,,,,
01/05/2026,SALTILLO 2000,Salida,N,2,BLVD. HACIENDA NARRO,H1,06:45,06:35,10,1,0
01/05/2026,SALTILLO 2000,Salida,N,2,BLVD. HACIENDA NARRO,H2,16:00,,,,
01/05/2026,SALTILLO 2000,Salida,N,2,BLVD. HACIENDA NARRO,H3,18:45,,,,
01/05/2026,SALTILLO 2000,Salida,N,3,PERIF. L.E.A. Y CALZ. ANTONIO NARRO,H1,06:57,06:46,11,1,0
01/05/2026,SALTILLO 2000,Salida,N,3,PERIF. L.E.A. Y CALZ. ANTONIO NARRO,H2,16:12,,,,
01/05/2026,SALTILLO 2000,Salida,N,3,PERIF. L.E.A. Y CALZ. ANTONIO NARRO,H3,18:57,,,,
01/05/2026,SALTILLO 2000,Salida,N,4,FCO I MADERO Y  PEDRO AMPUDIA,H1,07:15,06:58,17,1,0
01/05/2026,SALTILLO 2000,Salida,N,4,FCO I MADERO Y  PEDRO AMPUDIA,H2,16:30,,,,
01/05/2026,SALTILLO 2000,Salida,N,4,FCO I MADERO Y  PEDRO AMPUDIA,H3,19:15,,,,
01/05/2026,SALTILLO 2000,Salida,N,5,CUQUITA DE CEPEDA DAVILA  (OXXO),H1,07:20,07:05,15,1,0
01/05/2026,SALTILLO 2000,Salida,N,5,CUQUITA DE CEPEDA DAVILA  (OXXO),H2,16:35,,,,
01/05/2026,SALTILLO 2000,Salida,N,5,CUQUITA DE CEPEDA DAVILA  (OXXO),H3,19:20,,,,
01/05/2026,SALTILLO 2000,Salida,N,6,ROTONDA SALTILLO 2000,H1,07:30,,,,
01/05/2026,SALTILLO 2000,Salida,N,6,ROTONDA SALTILLO 2000,H2,16:45,,,,
01/05/2026,SALTILLO 2000,Salida,N,6,ROTONDA SALTILLO 2000,H3,19:30,,,,
01/05/2026,SALTILLO 2000,Salida,N,7,PALACIO DE JUSTICIA,H1,07:35,07:13,22,1,0
01/05/2026,SALTILLO 2000,Salida,N,7,PALACIO DE JUSTICIA,H2,16:50,,,,
01/05/2026,SALTILLO 2000,Salida,N,7,PALACIO DE JUSTICIA,H3,19:35,,,,
01/05/2026,SAN FRANCISCO,Entrada,A,1,LA CUCHILLA,H1,19:35,,,,
01/05/2026,SAN FRANCISCO,Entrada,A,1,LA CUCHILLA,H2,04:05,,,,
01/05/2026,SAN FRANCISCO,Entrada,A,1,LA CUCHILLA,H3,16:05,,,,
01/05/2026,SAN FRANCISCO,Entrada,A,1,LA CUCHILLA,H4,20:05,,,,
01/05/2026,SAN FRANCISCO,Entrada,A,2,SAN JUAN RETIRO,H1,19:44,,,,
01/05/2026,SAN FRANCISCO,Entrada,A,2,SAN JUAN RETIRO,H2,04:14,,,,
01/05/2026,SAN FRANCISCO,Entrada,A,2,SAN JUAN RETIRO,H3,16:14,,,,
01/05/2026,SAN FRANCISCO,Entrada,A,2,SAN JUAN RETIRO,H4,20:14,,,,
01/05/2026,SAN FRANCISCO,Entrada,A,3,NUEVO GOMEZ,H1,19:54,,,,
01/05/2026,SAN FRANCISCO,Entrada,A,3,NUEVO GOMEZ,H2,04:24,,,,
01/05/2026,SAN FRANCISCO,Entrada,A,3,NUEVO GOMEZ,H3,16:24,,,,
01/05/2026,SAN FRANCISCO,Entrada,A,3,NUEVO GOMEZ,H4,20:24,,,,
01/05/2026,SAN FRANCISCO,Entrada,A,4,SAN FRANCISCO,H1,20:06,,,,
01/05/2026,SAN FRANCISCO,Entrada,A,4,SAN FRANCISCO,H2,04:36,,,,
01/05/2026,SAN FRANCISCO,Entrada,A,4,SAN FRANCISCO,H3,16:36,,,,
01/05/2026,SAN FRANCISCO,Entrada,A,4,SAN FRANCISCO,H4,20:36,,,,
01/05/2026,SAN FRANCISCO,Entrada,A,5,MANGAS,H1,20:16,,,,
01/05/2026,SAN FRANCISCO,Entrada,A,5,MANGAS,H2,04:46,,,,
01/05/2026,SAN FRANCISCO,Entrada,A,5,MANGAS,H3,16:46,,,,
01/05/2026,SAN FRANCISCO,Entrada,A,5,MANGAS,H4,20:46,,,,
01/05/2026,SAN FRANCISCO,Entrada,A,6,COLONIAS,H1,20:52,,,,
01/05/2026,SAN FRANCISCO,Entrada,A,6,COLONIAS,H2,05:22,,,,
01/05/2026,SAN FRANCISCO,Entrada,A,6,COLONIAS,H3,17:22,,,,
01/05/2026,SAN FRANCISCO,Entrada,A,6,COLONIAS,H4,21:22,,,,
01/05/2026,SAN FRANCISCO,Entrada,A,7,AGUA NUEVA,H1,21:00,,,,
01/05/2026,SAN FRANCISCO,Entrada,A,7,AGUA NUEVA,H2,05:30,,,,
01/05/2026,SAN FRANCISCO,Entrada,A,7,AGUA NUEVA,H3,17:30,,,,
01/05/2026,SAN FRANCISCO,Entrada,A,7,AGUA NUEVA,H4,21:25,,,,
01/05/2026,SAN FRANCISCO,Entrada,A,8,METALSA,H1,21:20,,,,
01/05/2026,SAN FRANCISCO,Entrada,A,8,METALSA,H2,05:50,,,,
01/05/2026,SAN FRANCISCO,Entrada,A,8,METALSA,H3,17:50,,,,
01/05/2026,SAN FRANCISCO,Entrada,A,8,METALSA,H4,21:50,,,,
01/05/2026,SAN FRANCISCO,Salida,N,1,METALSA,H1,15:30,,,,
01/05/2026,SAN FRANCISCO,Salida,N,1,METALSA,H2,18:15,,,,
01/05/2026,SAN FRANCISCO,Salida,N,1,METALSA,H3,06:15,,,,
01/05/2026,SAN FRANCISCO,Salida,N,2,AGUA NUEVA,H1,15:59,,,,
01/05/2026,SAN FRANCISCO,Salida,N,2,AGUA NUEVA,H2,18:44,,,,
01/05/2026,SAN FRANCISCO,Salida,N,2,AGUA NUEVA,H3,06:44,,,,
01/05/2026,SAN FRANCISCO,Salida,N,3,COLONIAS,H1,16:10,,,,
01/05/2026,SAN FRANCISCO,Salida,N,3,COLONIAS,H2,18:55,,,,
01/05/2026,SAN FRANCISCO,Salida,N,3,COLONIAS,H3,06:55,,,,
01/05/2026,SAN FRANCISCO,Salida,N,4,MANGAS,H1,16:34,,,,
01/05/2026,SAN FRANCISCO,Salida,N,4,MANGAS,H2,19:19,,,,
01/05/2026,SAN FRANCISCO,Salida,N,4,MANGAS,H3,07:19,,,,
01/05/2026,SAN FRANCISCO,Salida,N,5,SAN FRANCISCO,H1,16:46,,,,
01/05/2026,SAN FRANCISCO,Salida,N,5,SAN FRANCISCO,H2,19:31,,,,
01/05/2026,SAN FRANCISCO,Salida,N,5,SAN FRANCISCO,H3,07:31,,,,
01/05/2026,SAN FRANCISCO,Salida,N,6,NUEVO GOMEZ,H1,16:56,,,,
01/05/2026,SAN FRANCISCO,Salida,N,6,NUEVO GOMEZ,H2,19:41,,,,
01/05/2026,SAN FRANCISCO,Salida,N,6,NUEVO GOMEZ,H3,07:41,,,,
01/05/2026,SAN FRANCISCO,Salida,N,7,SAN JUAN RETIRO,H1,17:06,,,,
01/05/2026,SAN FRANCISCO,Salida,N,7,SAN JUAN RETIRO,H2,19:51,,,,
01/05/2026,SAN FRANCISCO,Salida,N,7,SAN JUAN RETIRO,H3,07:51,,,,
01/05/2026,SAN FRANCISCO,Salida,N,8,LA CUCHILLA,H1,17:15,,,,
01/05/2026,SAN FRANCISCO,Salida,N,8,LA CUCHILLA,H2,20:00,,,,
01/05/2026,SAN FRANCISCO,Salida,N,8,LA CUCHILLA,H3,08:00,,,,
01/05/2026,SAN MIGUEL,Entrada,A,1,SAN MIGUEL,H1,19:50,,,,
01/05/2026,SAN MIGUEL,Entrada,A,1,SAN MIGUEL,H2,04:20,,,,
01/05/2026,SAN MIGUEL,Entrada,A,1,SAN MIGUEL,H3,16:20,,,,
01/05/2026,SAN MIGUEL,Entrada,A,1,SAN MIGUEL,H4,20:20,,,,
01/05/2026,SAN MIGUEL,Entrada,A,2,ZACATERA,H1,19:53,,,,
01/05/2026,SAN MIGUEL,Entrada,A,2,ZACATERA,H2,04:23,,,,
01/05/2026,SAN MIGUEL,Entrada,A,2,ZACATERA,H3,16:23,,,,
01/05/2026,SAN MIGUEL,Entrada,A,2,ZACATERA,H4,20:23,,,,
01/05/2026,SAN MIGUEL,Entrada,A,3,GOMEZ FARIAS,H1,20:00,,,,
01/05/2026,SAN MIGUEL,Entrada,A,3,GOMEZ FARIAS,H2,04:30,,,,
01/05/2026,SAN MIGUEL,Entrada,A,3,GOMEZ FARIAS,H3,16:30,,,,
01/05/2026,SAN MIGUEL,Entrada,A,3,GOMEZ FARIAS,H4,20:30,,,,
01/05/2026,SAN MIGUEL,Entrada,A,4,GUADALUPE VICTORIA,H1,20:25,,,,
01/05/2026,SAN MIGUEL,Entrada,A,4,GUADALUPE VICTORIA,H2,04:55,,,,
01/05/2026,SAN MIGUEL,Entrada,A,4,GUADALUPE VICTORIA,H3,16:55,,,,
01/05/2026,SAN MIGUEL,Entrada,A,4,GUADALUPE VICTORIA,H4,20:55,,,,
01/05/2026,SAN MIGUEL,Entrada,A,5,COLONIAS,H1,20:35,,,,
01/05/2026,SAN MIGUEL,Entrada,A,5,COLONIAS,H2,05:05,,,,
01/05/2026,SAN MIGUEL,Entrada,A,5,COLONIAS,H3,17:05,,,,
01/05/2026,SAN MIGUEL,Entrada,A,5,COLONIAS,H4,21:05,,,,
01/05/2026,SAN MIGUEL,Entrada,A,6,AGUA NUEVA,H1,20:50,,,,
01/05/2026,SAN MIGUEL,Entrada,A,6,AGUA NUEVA,H2,05:20,,,,
01/05/2026,SAN MIGUEL,Entrada,A,6,AGUA NUEVA,H3,17:20,,,,
01/05/2026,SAN MIGUEL,Entrada,A,6,AGUA NUEVA,H4,21:20,,,,
01/05/2026,SAN MIGUEL,Entrada,A,7,METALSA,H1,21:20,,,,
01/05/2026,SAN MIGUEL,Entrada,A,7,METALSA,H2,05:50,,,,
01/05/2026,SAN MIGUEL,Entrada,A,7,METALSA,H3,17:50,,,,
01/05/2026,SAN MIGUEL,Entrada,A,7,METALSA,H4,21:50,,,,
01/05/2026,SAN MIGUEL,Salida,N,1,METALSA,H1,15:30,,,,
01/05/2026,SAN MIGUEL,Salida,N,1,METALSA,H2,06:15,06:16,-1,1,0
01/05/2026,SAN MIGUEL,Salida,N,1,METALSA,H3,18:15,,,,
01/05/2026,SAN MIGUEL,Salida,N,2,AGUA NUEVA,H1,16:10,,,,
01/05/2026,SAN MIGUEL,Salida,N,2,AGUA NUEVA,H2,06:55,06:35,20,1,0
01/05/2026,SAN MIGUEL,Salida,N,2,AGUA NUEVA,H3,18:55,,,,
01/05/2026,SAN MIGUEL,Salida,N,3,COLONIAS,H1,16:20,,,,
01/05/2026,SAN MIGUEL,Salida,N,3,COLONIAS,H2,07:05,06:38,27,1,0
01/05/2026,SAN MIGUEL,Salida,N,3,COLONIAS,H3,19:05,,,,
01/05/2026,SAN MIGUEL,Salida,N,4,GUADALUPE VICTORIA,H1,16:30,,,,
01/05/2026,SAN MIGUEL,Salida,N,4,GUADALUPE VICTORIA,H2,07:15,,,,
01/05/2026,SAN MIGUEL,Salida,N,4,GUADALUPE VICTORIA,H3,19:15,,,,
01/05/2026,SAN MIGUEL,Salida,N,5,GOMEZ FARIAS,H1,17:05,,,,
01/05/2026,SAN MIGUEL,Salida,N,5,GOMEZ FARIAS,H2,07:50,07:02,48,1,0
01/05/2026,SAN MIGUEL,Salida,N,5,GOMEZ FARIAS,H3,19:50,,,,
01/05/2026,SAN MIGUEL,Salida,N,6,SAN MIGUEL,H1,17:30,,,,
01/05/2026,SAN MIGUEL,Salida,N,6,SAN MIGUEL,H2,08:15,07:18,57,1,0
01/05/2026,SAN MIGUEL,Salida,N,6,SAN MIGUEL,H3,20:15,,,,
01/05/2026,SAN MIGUEL,Salida,N,7,ZACATERA,H1,18:05,,,,
01/05/2026,SAN MIGUEL,Salida,N,7,ZACATERA,H2,08:45,,,,
01/05/2026,SAN MIGUEL,Salida,N,7,ZACATERA,H3,20:45,,,,
01/05/2026,SANTA MARIA - SAN RAFAEL,Entrada,N,1,SAN JOSE ALAMITO,H1,19:00,,,,
01/05/2026,SANTA MARIA - SAN RAFAEL,Entrada,N,1,SAN JOSE ALAMITO,H2,03:30,,,,
01/05/2026,SANTA MARIA - SAN RAFAEL,Entrada,N,1,SAN JOSE ALAMITO,H3,15:30,,,,
01/05/2026,SANTA MARIA - SAN RAFAEL,Entrada,N,1,SAN JOSE ALAMITO,H4,19:30,,,,
01/05/2026,SANTA MARIA - SAN RAFAEL,Entrada,N,2,LA HEDIONDA,H1,19:25,,,,
01/05/2026,SANTA MARIA - SAN RAFAEL,Entrada,N,2,LA HEDIONDA,H2,03:55,,,,
01/05/2026,SANTA MARIA - SAN RAFAEL,Entrada,N,2,LA HEDIONDA,H3,15:55,,,,
01/05/2026,SANTA MARIA - SAN RAFAEL,Entrada,N,2,LA HEDIONDA,H4,19:55,,,,
01/05/2026,SANTA MARIA - SAN RAFAEL,Entrada,N,3,LA CONCHA,H1,19:40,,,,
01/05/2026,SANTA MARIA - SAN RAFAEL,Entrada,N,3,LA CONCHA,H2,04:10,,,,
01/05/2026,SANTA MARIA - SAN RAFAEL,Entrada,N,3,LA CONCHA,H3,16:10,,,,
01/05/2026,SANTA MARIA - SAN RAFAEL,Entrada,N,3,LA CONCHA,H4,20:10,,,,
01/05/2026,SANTA MARIA - SAN RAFAEL,Entrada,N,4,STA MARIA DE RAMOS,H1,19:50,,,,
01/05/2026,SANTA MARIA - SAN RAFAEL,Entrada,N,4,STA MARIA DE RAMOS,H2,04:20,,,,
01/05/2026,SANTA MARIA - SAN RAFAEL,Entrada,N,4,STA MARIA DE RAMOS,H3,16:20,,,,
01/05/2026,SANTA MARIA - SAN RAFAEL,Entrada,N,4,STA MARIA DE RAMOS,H4,20:20,,,,
01/05/2026,SANTA MARIA - SAN RAFAEL,Entrada,N,5,SAN RAFAEL,H1,20:05,,,,
01/05/2026,SANTA MARIA - SAN RAFAEL,Entrada,N,5,SAN RAFAEL,H2,04:35,,,,
01/05/2026,SANTA MARIA - SAN RAFAEL,Entrada,N,5,SAN RAFAEL,H3,16:35,,,,
01/05/2026,SANTA MARIA - SAN RAFAEL,Entrada,N,5,SAN RAFAEL,H4,20:35,,,,
01/05/2026,SANTA MARIA - SAN RAFAEL,Entrada,N,6,NAVIDAD,H1,20:10,,,,
01/05/2026,SANTA MARIA - SAN RAFAEL,Entrada,N,6,NAVIDAD,H2,04:40,,,,
01/05/2026,SANTA MARIA - SAN RAFAEL,Entrada,N,6,NAVIDAD,H3,16:40,,,,
01/05/2026,SANTA MARIA - SAN RAFAEL,Entrada,N,6,NAVIDAD,H4,20:40,,,,
01/05/2026,SANTA MARIA - SAN RAFAEL,Entrada,N,7,ENTRONQUE HUACHICHIL,H1,20:40,,,,
01/05/2026,SANTA MARIA - SAN RAFAEL,Entrada,N,7,ENTRONQUE HUACHICHIL,H2,05:10,,,,
01/05/2026,SANTA MARIA - SAN RAFAEL,Entrada,N,7,ENTRONQUE HUACHICHIL,H3,17:10,,,,
01/05/2026,SANTA MARIA - SAN RAFAEL,Entrada,N,7,ENTRONQUE HUACHICHIL,H4,21:10,,,,
01/05/2026,SANTA MARIA - SAN RAFAEL,Entrada,N,8,METALSA,H1,21:20,,,,
01/05/2026,SANTA MARIA - SAN RAFAEL,Entrada,N,8,METALSA,H2,05:50,,,,
01/05/2026,SANTA MARIA - SAN RAFAEL,Entrada,N,8,METALSA,H3,17:50,,,,
01/05/2026,SANTA MARIA - SAN RAFAEL,Entrada,N,8,METALSA,H4,21:50,,,,
01/05/2026,SANTA MARIA - SAN RAFAEL,Salida,N,1,METALSA,H1,15:30,,,,
01/05/2026,SANTA MARIA - SAN RAFAEL,Salida,N,1,METALSA,H2,06:15,06:16,-1,1,0
01/05/2026,SANTA MARIA - SAN RAFAEL,Salida,N,1,METALSA,H3,18:15,,,,
01/05/2026,SANTA MARIA - SAN RAFAEL,Salida,N,2,ENTRONQUE HUACHICHIL,H1,15:31,,,,
01/05/2026,SANTA MARIA - SAN RAFAEL,Salida,N,2,ENTRONQUE HUACHICHIL,H2,06:16,06:43,-27,1,0
01/05/2026,SANTA MARIA - SAN RAFAEL,Salida,N,2,ENTRONQUE HUACHICHIL,H3,18:16,,,,
01/05/2026,SANTA MARIA - SAN RAFAEL,Salida,N,3,NAVIDAD,H1,15:32,,,,
01/05/2026,SANTA MARIA - SAN RAFAEL,Salida,N,3,NAVIDAD,H2,06:17,07:06,-49,1,0
01/05/2026,SANTA MARIA - SAN RAFAEL,Salida,N,3,NAVIDAD,H3,18:17,,,,
01/05/2026,SANTA MARIA - SAN RAFAEL,Salida,N,4,SAN RAFAEL,H1,15:33,,,,
01/05/2026,SANTA MARIA - SAN RAFAEL,Salida,N,4,SAN RAFAEL,H2,06:18,,,,
01/05/2026,SANTA MARIA - SAN RAFAEL,Salida,N,4,SAN RAFAEL,H3,18:18,,,,
01/05/2026,SANTA MARIA - SAN RAFAEL,Salida,N,5,STA MARIA DE RAMOS,H1,16:50,,,,
01/05/2026,SANTA MARIA - SAN RAFAEL,Salida,N,5,STA MARIA DE RAMOS,H2,07:35,07:24,11,1,0
01/05/2026,SANTA MARIA - SAN RAFAEL,Salida,N,5,STA MARIA DE RAMOS,H3,19:35,,,,
01/05/2026,SANTA MARIA - SAN RAFAEL,Salida,N,6,LA CONCHA,H1,16:55,,,,
01/05/2026,SANTA MARIA - SAN RAFAEL,Salida,N,6,LA CONCHA,H2,07:45,,,,
01/05/2026,SANTA MARIA - SAN RAFAEL,Salida,N,6,LA CONCHA,H3,19:40,,,,
01/05/2026,SANTA MARIA - SAN RAFAEL,Salida,N,7,LA HEDIONDA,H1,17:30,,,,
01/05/2026,SANTA MARIA - SAN RAFAEL,Salida,N,7,LA HEDIONDA,H2,08:00,07:38,22,1,0
01/05/2026,SANTA MARIA - SAN RAFAEL,Salida,N,7,LA HEDIONDA,H3,20:15,,,,
01/05/2026,SANTA MARIA - SAN RAFAEL,Salida,N,8,SAN JOSE ALAMITO,H1,17:55,,,,
01/05/2026,SANTA MARIA - SAN RAFAEL,Salida,N,8,SAN JOSE ALAMITO,H2,08:25,,,,
01/05/2026,SANTA MARIA - SAN RAFAEL,Salida,N,8,SAN JOSE ALAMITO,H3,20:35,,,,
01/05/2026,SECUENCIADOS,Entrada,A,1,CARR. SALTILLO-ZACATECAS,H1,05:45,,,,
01/05/2026,SECUENCIADOS,Entrada,A,1,CARR. SALTILLO-ZACATECAS,H2,17:45,,,,
01/05/2026,SECUENCIADOS,Entrada,A,1,CARR. SALTILLO-ZACATECAS,H3,21:15,,,,
01/05/2026,SECUENCIADOS,Entrada,A,1,CARR. SALTILLO-ZACATECAS,H4,21:45,,,,
01/05/2026,SECUENCIADOS,Entrada,A,2,METALSA,H1,05:50,,,,
01/05/2026,SECUENCIADOS,Entrada,A,2,METALSA,H2,17:50,,,,
01/05/2026,SECUENCIADOS,Entrada,A,2,METALSA,H3,21:20,,,,
01/05/2026,SECUENCIADOS,Entrada,A,2,METALSA,H4,21:50,,,,
01/05/2026,SECUENCIADOS,Salida,A,1,METALSA,H1,05:50,,,,
01/05/2026,SECUENCIADOS,Salida,A,1,METALSA,H2,17:50,,,,
01/05/2026,SECUENCIADOS,Salida,A,1,METALSA,H3,21:20,,,,
01/05/2026,SECUENCIADOS,Salida,A,2,CARR. SALTILLO-ZACATECAS,H1,05:45,,,,
01/05/2026,SECUENCIADOS,Salida,A,2,CARR. SALTILLO-ZACATECAS,H2,17:45,,,,
01/05/2026,SECUENCIADOS,Salida,A,2,CARR. SALTILLO-ZACATECAS,H3,21:15,,,,
01/05/2026,TANQUE DEL CERRO - LA VENTURA,Entrada,A,1,TANQUE DEL CERRO,H1,19:15,,,,
01/05/2026,TANQUE DEL CERRO - LA VENTURA,Entrada,A,1,TANQUE DEL CERRO,H2,03:45,,,,
01/05/2026,TANQUE DEL CERRO - LA VENTURA,Entrada,A,1,TANQUE DEL CERRO,H3,15:45,,,,
01/05/2026,TANQUE DEL CERRO - LA VENTURA,Entrada,A,1,TANQUE DEL CERRO,H4,19:45,,,,
01/05/2026,TANQUE DEL CERRO - LA VENTURA,Entrada,A,2,LA VENTURA,H1,19:35,,,,
01/05/2026,TANQUE DEL CERRO - LA VENTURA,Entrada,A,2,LA VENTURA,H2,04:05,,,,
01/05/2026,TANQUE DEL CERRO - LA VENTURA,Entrada,A,2,LA VENTURA,H3,16:05,,,,
01/05/2026,TANQUE DEL CERRO - LA VENTURA,Entrada,A,2,LA VENTURA,H4,20:05,,,,
01/05/2026,TANQUE DEL CERRO - LA VENTURA,Entrada,A,3,PURISIMA,H1,19:45,,,,
01/05/2026,TANQUE DEL CERRO - LA VENTURA,Entrada,A,3,PURISIMA,H2,04:15,,,,
01/05/2026,TANQUE DEL CERRO - LA VENTURA,Entrada,A,3,PURISIMA,H3,16:15,,,,
01/05/2026,TANQUE DEL CERRO - LA VENTURA,Entrada,A,3,PURISIMA,H4,20:15,,,,
01/05/2026,TANQUE DEL CERRO - LA VENTURA,Entrada,A,4,PRESA SAN PEDRO,H1,19:55,,,,
01/05/2026,TANQUE DEL CERRO - LA VENTURA,Entrada,A,4,PRESA SAN PEDRO,H2,04:25,,,,
01/05/2026,TANQUE DEL CERRO - LA VENTURA,Entrada,A,4,PRESA SAN PEDRO,H3,16:25,,,,
01/05/2026,TANQUE DEL CERRO - LA VENTURA,Entrada,A,4,PRESA SAN PEDRO,H4,20:25,,,,
01/05/2026,TANQUE DEL CERRO - LA VENTURA,Entrada,A,5,TANQUE ESCONDIDO,H1,20:10,,,,
01/05/2026,TANQUE DEL CERRO - LA VENTURA,Entrada,A,5,TANQUE ESCONDIDO,H2,04:40,,,,
01/05/2026,TANQUE DEL CERRO - LA VENTURA,Entrada,A,5,TANQUE ESCONDIDO,H3,16:40,,,,
01/05/2026,TANQUE DEL CERRO - LA VENTURA,Entrada,A,5,TANQUE ESCONDIDO,H4,20:40,,,,
01/05/2026,TANQUE DEL CERRO - LA VENTURA,Entrada,A,6,GUADALUPE VICTORIA,H1,20:38,,,,
01/05/2026,TANQUE DEL CERRO - LA VENTURA,Entrada,A,6,GUADALUPE VICTORIA,H2,05:08,,,,
01/05/2026,TANQUE DEL CERRO - LA VENTURA,Entrada,A,6,GUADALUPE VICTORIA,H3,17:08,,,,
01/05/2026,TANQUE DEL CERRO - LA VENTURA,Entrada,A,6,GUADALUPE VICTORIA,H4,21:08,,,,
01/05/2026,TANQUE DEL CERRO - LA VENTURA,Entrada,A,7,METALSA,H1,21:20,,,,
01/05/2026,TANQUE DEL CERRO - LA VENTURA,Entrada,A,7,METALSA,H2,05:50,,,,
01/05/2026,TANQUE DEL CERRO - LA VENTURA,Entrada,A,7,METALSA,H3,17:50,,,,
01/05/2026,TANQUE DEL CERRO - LA VENTURA,Entrada,A,7,METALSA,H4,21:50,,,,
01/05/2026,TANQUE DEL CERRO - LA VENTURA,Salida,N,1,METALSA,H1,15:30,,,,
01/05/2026,TANQUE DEL CERRO - LA VENTURA,Salida,N,1,METALSA,H2,06:15,06:16,-1,1,0
01/05/2026,TANQUE DEL CERRO - LA VENTURA,Salida,N,1,METALSA,H3,18:15,,,,
01/05/2026,TANQUE DEL CERRO - LA VENTURA,Salida,N,2,GUADALUPE VICTORIA,H1,16:00,,,,
01/05/2026,TANQUE DEL CERRO - LA VENTURA,Salida,N,2,GUADALUPE VICTORIA,H2,06:40,,,,
01/05/2026,TANQUE DEL CERRO - LA VENTURA,Salida,N,2,GUADALUPE VICTORIA,H3,18:40,,,,
01/05/2026,TANQUE DEL CERRO - LA VENTURA,Salida,N,3,TANQUE ESCONDIDO,H1,16:01,,,,
01/05/2026,TANQUE DEL CERRO - LA VENTURA,Salida,N,3,TANQUE ESCONDIDO,H2,06:41,07:21,-40,1,0
01/05/2026,TANQUE DEL CERRO - LA VENTURA,Salida,N,3,TANQUE ESCONDIDO,H3,18:41,,,,
01/05/2026,TANQUE DEL CERRO - LA VENTURA,Salida,N,4,PRESA SAN PEDRO,H1,16:02,,,,
01/05/2026,TANQUE DEL CERRO - LA VENTURA,Salida,N,4,PRESA SAN PEDRO,H2,06:42,,,,
01/05/2026,TANQUE DEL CERRO - LA VENTURA,Salida,N,4,PRESA SAN PEDRO,H3,18:42,,,,
01/05/2026,TANQUE DEL CERRO - LA VENTURA,Salida,N,5,PURISIMA,H1,16:03,,,,
01/05/2026,TANQUE DEL CERRO - LA VENTURA,Salida,N,5,PURISIMA,H2,06:43,,,,
01/05/2026,TANQUE DEL CERRO - LA VENTURA,Salida,N,5,PURISIMA,H3,18:43,,,,
01/05/2026,TANQUE DEL CERRO - LA VENTURA,Salida,N,6,LA VENTURA,H1,17:00,,,,
01/05/2026,TANQUE DEL CERRO - LA VENTURA,Salida,N,6,LA VENTURA,H2,06:44,07:53,-69,1,0
01/05/2026,TANQUE DEL CERRO - LA VENTURA,Salida,N,6,LA VENTURA,H3,19:45,,,,
01/05/2026,TANQUE DEL CERRO - LA VENTURA,Salida,N,7,TANQUE DEL CERRO,H1,17:20,,,,
01/05/2026,TANQUE DEL CERRO - LA VENTURA,Salida,N,7,TANQUE DEL CERRO,H2,08:05,,,,
01/05/2026,TANQUE DEL CERRO - LA VENTURA,Salida,N,7,TANQUE DEL CERRO,H3,20:05,,,,
01/05/2026,TANQUE NUEVO,Entrada,A,1,MATEHUAPIL,H1,18:20,,,,
01/05/2026,TANQUE NUEVO,Entrada,A,1,MATEHUAPIL,H2,02:50,,,,
01/05/2026,TANQUE NUEVO,Entrada,A,1,MATEHUAPIL,H3,02:50,,,,
01/05/2026,TANQUE NUEVO,Entrada,A,1,MATEHUAPIL,H4,14:50,,,,
01/05/2026,TANQUE NUEVO,Entrada,A,1,MATEHUAPIL,H5,14:50,,,,
01/05/2026,TANQUE NUEVO,Entrada,A,1,MATEHUAPIL,H6,18:50,,,,
01/05/2026,TANQUE NUEVO,Entrada,A,2,TANQUE NUEVO,H1,18:30,,,,
01/05/2026,TANQUE NUEVO,Entrada,A,2,TANQUE NUEVO,H2,03:00,,,,
01/05/2026,TANQUE NUEVO,Entrada,A,2,TANQUE NUEVO,H3,03:00,,,,
01/05/2026,TANQUE NUEVO,Entrada,A,2,TANQUE NUEVO,H4,15:00,,,,
01/05/2026,TANQUE NUEVO,Entrada,A,2,TANQUE NUEVO,H5,15:00,,,,
01/05/2026,TANQUE NUEVO,Entrada,A,2,TANQUE NUEVO,H6,19:00,,,,
01/05/2026,TANQUE NUEVO,Entrada,A,3,CLAVELLINAS,H1,18:50,,,,
01/05/2026,TANQUE NUEVO,Entrada,A,3,CLAVELLINAS,H2,03:20,,,,
01/05/2026,TANQUE NUEVO,Entrada,A,3,CLAVELLINAS,H3,03:20,,,,
01/05/2026,TANQUE NUEVO,Entrada,A,3,CLAVELLINAS,H4,15:20,,,,
01/05/2026,TANQUE NUEVO,Entrada,A,3,CLAVELLINAS,H5,15:20,,,,
01/05/2026,TANQUE NUEVO,Entrada,A,3,CLAVELLINAS,H6,19:20,,,,
01/05/2026,TANQUE NUEVO,Entrada,A,4,EL SALVADOR,H1,19:10,,,,
01/05/2026,TANQUE NUEVO,Entrada,A,4,EL SALVADOR,H2,03:40,,,,
01/05/2026,TANQUE NUEVO,Entrada,A,4,EL SALVADOR,H3,03:40,,,,
01/05/2026,TANQUE NUEVO,Entrada,A,4,EL SALVADOR,H4,15:40,,,,
01/05/2026,TANQUE NUEVO,Entrada,A,4,EL SALVADOR,H5,15:40,,,,
01/05/2026,TANQUE NUEVO,Entrada,A,4,EL SALVADOR,H6,19:40,,,,
01/05/2026,TANQUE NUEVO,Entrada,A,5,LA VENTURA,H1,19:30,,,,
01/05/2026,TANQUE NUEVO,Entrada,A,5,LA VENTURA,H2,04:00,,,,
01/05/2026,TANQUE NUEVO,Entrada,A,5,LA VENTURA,H3,04:00,,,,
01/05/2026,TANQUE NUEVO,Entrada,A,5,LA VENTURA,H4,16:00,,,,
01/05/2026,TANQUE NUEVO,Entrada,A,5,LA VENTURA,H5,16:00,,,,
01/05/2026,TANQUE NUEVO,Entrada,A,5,LA VENTURA,H6,20:10,,,,
01/05/2026,TANQUE NUEVO,Entrada,A,6,PRESA SAN PEDRO,H1,19:45,,,,
01/05/2026,TANQUE NUEVO,Entrada,A,6,PRESA SAN PEDRO,H2,04:15,,,,
01/05/2026,TANQUE NUEVO,Entrada,A,6,PRESA SAN PEDRO,H3,04:15,,,,
01/05/2026,TANQUE NUEVO,Entrada,A,6,PRESA SAN PEDRO,H4,16:15,,,,
01/05/2026,TANQUE NUEVO,Entrada,A,6,PRESA SAN PEDRO,H5,16:15,,,,
01/05/2026,TANQUE NUEVO,Entrada,A,6,PRESA SAN PEDRO,H6,20:35,,,,
01/05/2026,TANQUE NUEVO,Entrada,A,7,TANQUE ESCONDIDO,H1,19:55,,,,
01/05/2026,TANQUE NUEVO,Entrada,A,7,TANQUE ESCONDIDO,H2,04:25,,,,
01/05/2026,TANQUE NUEVO,Entrada,A,7,TANQUE ESCONDIDO,H3,04:25,,,,
01/05/2026,TANQUE NUEVO,Entrada,A,7,TANQUE ESCONDIDO,H4,16:25,,,,
01/05/2026,TANQUE NUEVO,Entrada,A,7,TANQUE ESCONDIDO,H5,16:25,,,,
01/05/2026,TANQUE NUEVO,Entrada,A,7,TANQUE ESCONDIDO,H6,20:45,,,,
01/05/2026,TANQUE NUEVO,Entrada,A,8,METALSA,H1,21:20,,,,
01/05/2026,TANQUE NUEVO,Entrada,A,8,METALSA,H2,05:50,,,,
01/05/2026,TANQUE NUEVO,Entrada,A,8,METALSA,H3,05:50,,,,
01/05/2026,TANQUE NUEVO,Entrada,A,8,METALSA,H4,17:50,,,,
01/05/2026,TANQUE NUEVO,Entrada,A,8,METALSA,H5,17:50,,,,
01/05/2026,TANQUE NUEVO,Entrada,A,8,METALSA,H6,21:50,,,,
01/05/2026,TANQUE NUEVO,Salida,N,1,METALSA,H1,15:30,,,,
01/05/2026,TANQUE NUEVO,Salida,N,1,METALSA,H2,06:15,00:06,369,1,0
01/05/2026,TANQUE NUEVO,Salida,N,1,METALSA,H3,06:15,,,,
01/05/2026,TANQUE NUEVO,Salida,N,1,METALSA,H4,18:15,,,,
01/05/2026,TANQUE NUEVO,Salida,N,1,METALSA,H5,18:15,,,,
01/05/2026,TANQUE NUEVO,Salida,N,2,TANQUE ESCONDIDO,H1,16:55,,,,
01/05/2026,TANQUE NUEVO,Salida,N,2,TANQUE ESCONDIDO,H2,07:40,00:07,453,1,0
01/05/2026,TANQUE NUEVO,Salida,N,2,TANQUE ESCONDIDO,H3,07:40,,,,
01/05/2026,TANQUE NUEVO,Salida,N,2,TANQUE ESCONDIDO,H4,19:40,,,,
01/05/2026,TANQUE NUEVO,Salida,N,2,TANQUE ESCONDIDO,H5,19:40,,,,
01/05/2026,TANQUE NUEVO,Salida,N,3,PRESA SAN PEDRO,H1,17:05,,,,
01/05/2026,TANQUE NUEVO,Salida,N,3,PRESA SAN PEDRO,H2,07:50,,,,
01/05/2026,TANQUE NUEVO,Salida,N,3,PRESA SAN PEDRO,H3,07:50,,,,
01/05/2026,TANQUE NUEVO,Salida,N,3,PRESA SAN PEDRO,H4,19:50,,,,
01/05/2026,TANQUE NUEVO,Salida,N,3,PRESA SAN PEDRO,H5,19:50,,,,
01/05/2026,TANQUE NUEVO,Salida,N,4,LA VENTURA,H1,17:20,,,,
01/05/2026,TANQUE NUEVO,Salida,N,4,LA VENTURA,H2,08:05,00:07,478,1,0
01/05/2026,TANQUE NUEVO,Salida,N,4,LA VENTURA,H3,08:05,,,,
01/05/2026,TANQUE NUEVO,Salida,N,4,LA VENTURA,H4,20:05,,,,
01/05/2026,TANQUE NUEVO,Salida,N,4,LA VENTURA,H5,20:05,,,,
01/05/2026,TANQUE NUEVO,Salida,N,5,EL SALVADOR,H1,17:40,,,,
01/05/2026,TANQUE NUEVO,Salida,N,5,EL SALVADOR,H2,08:25,,,,
01/05/2026,TANQUE NUEVO,Salida,N,5,EL SALVADOR,H3,08:25,,,,
01/05/2026,TANQUE NUEVO,Salida,N,5,EL SALVADOR,H4,20:25,,,,
01/05/2026,TANQUE NUEVO,Salida,N,5,EL SALVADOR,H5,20:25,,,,
01/05/2026,TANQUE NUEVO,Salida,N,6,CLAVELLINAS,H1,18:00,,,,
01/05/2026,TANQUE NUEVO,Salida,N,6,CLAVELLINAS,H2,08:45,,,,
01/05/2026,TANQUE NUEVO,Salida,N,6,CLAVELLINAS,H3,08:45,,,,
01/05/2026,TANQUE NUEVO,Salida,N,6,CLAVELLINAS,H4,20:45,,,,
01/05/2026,TANQUE NUEVO,Salida,N,6,CLAVELLINAS,H5,20:45,,,,
01/05/2026,TANQUE NUEVO,Salida,N,7,TANQUE NUEVO,H1,18:20,,,,
01/05/2026,TANQUE NUEVO,Salida,N,7,TANQUE NUEVO,H2,09:05,,,,
01/05/2026,TANQUE NUEVO,Salida,N,7,TANQUE NUEVO,H3,09:05,,,,
01/05/2026,TANQUE NUEVO,Salida,N,7,TANQUE NUEVO,H4,21:05,,,,
01/05/2026,TANQUE NUEVO,Salida,N,7,TANQUE NUEVO,H5,21:05,,,,
01/05/2026,TANQUE NUEVO,Salida,N,8,MATEHUAPIL,H1,18:30,,,,
01/05/2026,TANQUE NUEVO,Salida,N,8,MATEHUAPIL,H2,09:15,,,,
01/05/2026,TANQUE NUEVO,Salida,N,8,MATEHUAPIL,H3,09:15,,,,
01/05/2026,TANQUE NUEVO,Salida,N,8,MATEHUAPIL,H4,21:15,,,,
01/05/2026,TANQUE NUEVO,Salida,N,8,MATEHUAPIL,H5,21:15,,,,
01/05/2026,TERESITAS,Entrada,N,1,BLVD ANTONIO CARDENAS Y HUACHICHILES,H1,05:05,05:04,1,1,0
01/05/2026,TERESITAS,Entrada,N,1,BLVD ANTONIO CARDENAS Y HUACHICHILES,H2,17:05,,,,
01/05/2026,TERESITAS,Entrada,N,1,BLVD ANTONIO CARDENAS Y HUACHICHILES,H3,20:35,,,,
01/05/2026,TERESITAS,Entrada,N,1,BLVD ANTONIO CARDENAS Y HUACHICHILES,H4,21:05,,,,
01/05/2026,TERESITAS,Entrada,N,2,RAYADOS Y HUACHICHILES,H1,05:10,,,,
01/05/2026,TERESITAS,Entrada,N,2,RAYADOS Y HUACHICHILES,H2,17:10,,,,
01/05/2026,TERESITAS,Entrada,N,2,RAYADOS Y HUACHICHILES,H3,20:40,,,,
01/05/2026,TERESITAS,Entrada,N,2,RAYADOS Y HUACHICHILES,H4,21:10,,,,
01/05/2026,TERESITAS,Entrada,N,3,SIERRA DE ZAPALINAME Y AV TERESITAS,H1,05:15,,,,
01/05/2026,TERESITAS,Entrada,N,3,SIERRA DE ZAPALINAME Y AV TERESITAS,H2,17:15,,,,
01/05/2026,TERESITAS,Entrada,N,3,SIERRA DE ZAPALINAME Y AV TERESITAS,H3,20:45,,,,
01/05/2026,TERESITAS,Entrada,N,3,SIERRA DE ZAPALINAME Y AV TERESITAS,H4,21:15,,,,
01/05/2026,TERESITAS,Entrada,N,4,AV TERESITAS Y BLVD ANTONIO CARDENAS,H1,05:22,05:26,-4,1,0
01/05/2026,TERESITAS,Entrada,N,4,AV TERESITAS Y BLVD ANTONIO CARDENAS,H2,17:22,,,,
01/05/2026,TERESITAS,Entrada,N,4,AV TERESITAS Y BLVD ANTONIO CARDENAS,H3,20:52,,,,
01/05/2026,TERESITAS,Entrada,N,4,AV TERESITAS Y BLVD ANTONIO CARDENAS,H4,21:22,,,,
01/05/2026,TERESITAS,Entrada,N,5,LA ENCANTADA,H1,05:28,05:29,-1,1,0
01/05/2026,TERESITAS,Entrada,N,5,LA ENCANTADA,H2,17:28,,,,
01/05/2026,TERESITAS,Entrada,N,5,LA ENCANTADA,H3,20:58,,,,
01/05/2026,TERESITAS,Entrada,N,5,LA ENCANTADA,H4,21:28,,,,
01/05/2026,TERESITAS,Entrada,N,6,CAAR. SALTILLO-ZACATECAS,H1,05:32,05:31,1,1,0
01/05/2026,TERESITAS,Entrada,N,6,CAAR. SALTILLO-ZACATECAS,H2,17:32,,,,
01/05/2026,TERESITAS,Entrada,N,6,CAAR. SALTILLO-ZACATECAS,H3,21:02,,,,
01/05/2026,TERESITAS,Entrada,N,6,CAAR. SALTILLO-ZACATECAS,H4,21:30,,,,
01/05/2026,TERESITAS,Entrada,N,7,METALSA,H1,05:50,05:51,-1,1,0
01/05/2026,TERESITAS,Entrada,N,7,METALSA,H2,17:50,,,,
01/05/2026,TERESITAS,Entrada,N,7,METALSA,H3,21:20,,,,
01/05/2026,TERESITAS,Entrada,N,7,METALSA,H4,21:50,,,,
01/05/2026,TERESITAS,Salida,N,1,METALSA,H1,06:15,06:18,-3,1,0
01/05/2026,TERESITAS,Salida,N,1,METALSA,H2,15:30,,,,
01/05/2026,TERESITAS,Salida,N,1,METALSA,H3,18:15,,,,
01/05/2026,TERESITAS,Salida,N,2,CARR. SALTILLO-ZACATECAS,H1,06:33,,,,
01/05/2026,TERESITAS,Salida,N,2,CARR. SALTILLO-ZACATECAS,H2,15:48,,,,
01/05/2026,TERESITAS,Salida,N,2,CARR. SALTILLO-ZACATECAS,H3,18:33,,,,
01/05/2026,TERESITAS,Salida,N,3,LA ENCANTADA,H1,06:37,,,,
01/05/2026,TERESITAS,Salida,N,3,LA ENCANTADA,H2,15:52,,,,
01/05/2026,TERESITAS,Salida,N,3,LA ENCANTADA,H3,18:37,,,,
01/05/2026,TERESITAS,Salida,N,4,AV TERESITAS Y BLVD ANTONIO CARDENAS,H1,06:43,,,,
01/05/2026,TERESITAS,Salida,N,4,AV TERESITAS Y BLVD ANTONIO CARDENAS,H2,15:58,,,,
01/05/2026,TERESITAS,Salida,N,4,AV TERESITAS Y BLVD ANTONIO CARDENAS,H3,18:43,,,,
01/05/2026,TERESITAS,Salida,N,5,SIERRA DE ZAPALINAME Y AV TERESITAS,H1,06:50,,,,
01/05/2026,TERESITAS,Salida,N,5,SIERRA DE ZAPALINAME Y AV TERESITAS,H2,16:05,,,,
01/05/2026,TERESITAS,Salida,N,5,SIERRA DE ZAPALINAME Y AV TERESITAS,H3,18:50,,,,
01/05/2026,TERESITAS,Salida,N,6,RAYADOS Y HUACHICHILES,H1,06:55,,,,
01/05/2026,TERESITAS,Salida,N,6,RAYADOS Y HUACHICHILES,H2,16:10,,,,
01/05/2026,TERESITAS,Salida,N,6,RAYADOS Y HUACHICHILES,H3,18:55,,,,
01/05/2026,TERESITAS,Salida,N,7,BLVD ANTONIO CARDENAS Y HUACHICHILES,H1,07:00,,,,
01/05/2026,TERESITAS,Salida,N,7,BLVD ANTONIO CARDENAS Y HUACHICHILES,H2,16:15,,,,
01/05/2026,TERESITAS,Salida,N,7,BLVD ANTONIO CARDENAS Y HUACHICHILES,H3,19:00,,,,
01/05/2026,VALENCIA,Entrada,N,1,LA RIOJA Y JEREZ,H1,04:30,,,,
01/05/2026,VALENCIA,Entrada,N,1,LA RIOJA Y JEREZ,H2,16:30,,,,
01/05/2026,VALENCIA,Entrada,N,1,LA RIOJA Y JEREZ,H3,20:00,,,,
01/05/2026,VALENCIA,Entrada,N,1,LA RIOJA Y JEREZ,H4,20:30,,,,
01/05/2026,VALENCIA,Entrada,N,2,PERIFERICO LEA Y VITO ALESSIO,H1,04:40,05:01,-21,1,0
01/05/2026,VALENCIA,Entrada,N,2,PERIFERICO LEA Y VITO ALESSIO,H2,16:40,,,,
01/05/2026,VALENCIA,Entrada,N,2,PERIFERICO LEA Y VITO ALESSIO,H3,20:10,,,,
01/05/2026,VALENCIA,Entrada,N,2,PERIFERICO LEA Y VITO ALESSIO,H4,20:40,,,,
01/05/2026,VALENCIA,Entrada,N,3,CARLOS S. Y RANCHO DE PEÑA,H1,04:45,,,,
01/05/2026,VALENCIA,Entrada,N,3,CARLOS S. Y RANCHO DE PEÑA,H2,16:45,,,,
01/05/2026,VALENCIA,Entrada,N,3,CARLOS S. Y RANCHO DE PEÑA,H3,20:15,,,,
01/05/2026,VALENCIA,Entrada,N,3,CARLOS S. Y RANCHO DE PEÑA,H4,20:45,,,,
01/05/2026,VALENCIA,Entrada,N,4,ALVARO OBREGON,H1,04:55,,,,
01/05/2026,VALENCIA,Entrada,N,4,ALVARO OBREGON,H2,16:55,,,,
01/05/2026,VALENCIA,Entrada,N,4,ALVARO OBREGON,H3,20:25,,,,
01/05/2026,VALENCIA,Entrada,N,4,ALVARO OBREGON,H4,20:55,,,,
01/05/2026,VALENCIA,Entrada,N,5,MIGUEL HIDALGO Y PEDRO ARANDA,H1,05:00,,,,
01/05/2026,VALENCIA,Entrada,N,5,MIGUEL HIDALGO Y PEDRO ARANDA,H2,17:00,,,,
01/05/2026,VALENCIA,Entrada,N,5,MIGUEL HIDALGO Y PEDRO ARANDA,H3,20:30,,,,
01/05/2026,VALENCIA,Entrada,N,5,MIGUEL HIDALGO Y PEDRO ARANDA,H4,21:00,,,,
01/05/2026,VALENCIA,Entrada,N,6,PERIFERICO LEA Y W. GONZALEZ,H1,05:05,,,,
01/05/2026,VALENCIA,Entrada,N,6,PERIFERICO LEA Y W. GONZALEZ,H2,17:05,,,,
01/05/2026,VALENCIA,Entrada,N,6,PERIFERICO LEA Y W. GONZALEZ,H3,20:35,,,,
01/05/2026,VALENCIA,Entrada,N,6,PERIFERICO LEA Y W. GONZALEZ,H4,21:05,,,,
01/05/2026,VALENCIA,Entrada,N,7,CTO DE LA CAÑADA Y BLVD CARDENAS,H1,05:15,,,,
01/05/2026,VALENCIA,Entrada,N,7,CTO DE LA CAÑADA Y BLVD CARDENAS,H2,17:15,,,,
01/05/2026,VALENCIA,Entrada,N,7,CTO DE LA CAÑADA Y BLVD CARDENAS,H3,20:45,,,,
01/05/2026,VALENCIA,Entrada,N,7,CTO DE LA CAÑADA Y BLVD CARDENAS,H4,21:15,,,,
01/05/2026,VALENCIA,Entrada,N,8,METALSA,H1,05:50,05:38,12,1,0
01/05/2026,VALENCIA,Entrada,N,8,METALSA,H2,17:50,,,,
01/05/2026,VALENCIA,Entrada,N,8,METALSA,H3,21:20,,,,
01/05/2026,VALENCIA,Entrada,N,8,METALSA,H4,21:50,,,,
01/05/2026,VALENCIA,Salida,N,1,METALSA,H1,06:15,06:15,0,1,0
01/05/2026,VALENCIA,Salida,N,1,METALSA,H2,15:30,,,,
01/05/2026,VALENCIA,Salida,N,1,METALSA,H3,18:15,,,,
01/05/2026,VALENCIA,Salida,N,2,CTO DE LA CAÑADA Y BLVD CARDENAS,H1,06:50,06:35,15,1,0
01/05/2026,VALENCIA,Salida,N,2,CTO DE LA CAÑADA Y BLVD CARDENAS,H2,16:05,,,,
01/05/2026,VALENCIA,Salida,N,2,CTO DE LA CAÑADA Y BLVD CARDENAS,H3,18:50,,,,
01/05/2026,VALENCIA,Salida,N,3,PERIFERICO LEA Y W. GONZALEZ,H1,07:00,06:43,17,1,0
01/05/2026,VALENCIA,Salida,N,3,PERIFERICO LEA Y W. GONZALEZ,H2,16:15,,,,
01/05/2026,VALENCIA,Salida,N,3,PERIFERICO LEA Y W. GONZALEZ,H3,19:00,,,,
01/05/2026,VALENCIA,Salida,N,4,MIGUEL HIDALGO Y PEDRO ARANDA,H1,07:05,06:48,17,1,0
01/05/2026,VALENCIA,Salida,N,4,MIGUEL HIDALGO Y PEDRO ARANDA,H2,16:20,,,,
01/05/2026,VALENCIA,Salida,N,4,MIGUEL HIDALGO Y PEDRO ARANDA,H3,19:05,,,,
01/05/2026,VALENCIA,Salida,N,5,ALVARO OBREGON,H1,07:10,06:59,11,1,0
01/05/2026,VALENCIA,Salida,N,5,ALVARO OBREGON,H2,16:25,,,,
01/05/2026,VALENCIA,Salida,N,5,ALVARO OBREGON,H3,19:10,,,,
01/05/2026,VALENCIA,Salida,N,6,CARLOS S. Y RANCHO DE PEÑA,H1,07:20,07:05,15,1,0
01/05/2026,VALENCIA,Salida,N,6,CARLOS S. Y RANCHO DE PEÑA,H2,16:35,,,,
01/05/2026,VALENCIA,Salida,N,6,CARLOS S. Y RANCHO DE PEÑA,H3,19:20,,,,
01/05/2026,VALENCIA,Salida,N,7,PERIFERICO LEA Y VITO ALESSIO,H1,07:25,,,,
01/05/2026,VALENCIA,Salida,N,7,PERIFERICO LEA Y VITO ALESSIO,H2,16:40,,,,
01/05/2026,VALENCIA,Salida,N,7,PERIFERICO LEA Y VITO ALESSIO,H3,19:25,,,,
01/05/2026,VALENCIA,Salida,N,8,LA RIOJA Y JEREZ,H1,07:35,07:25,10,1,0
01/05/2026,VALENCIA,Salida,N,8,LA RIOJA Y JEREZ,H2,16:50,,,,
01/05/2026,VALENCIA,Salida,N,8,LA RIOJA Y JEREZ,H3,19:35,,,,
01/05/2026,ZARAGOZA,Entrada,N,1,FCO. EALY ORTIZ Y EUCALIPTO,H1,04:25,,,,
01/05/2026,ZARAGOZA,Entrada,N,1,FCO. EALY ORTIZ Y EUCALIPTO,H2,16:25,,,,
01/05/2026,ZARAGOZA,Entrada,N,1,FCO. EALY ORTIZ Y EUCALIPTO,H3,19:55,,,,
01/05/2026,ZARAGOZA,Entrada,N,1,FCO. EALY ORTIZ Y EUCALIPTO,H4,20:25,,,,
01/05/2026,ZARAGOZA,Entrada,N,2,CHOPO Y EUCALIPTO,H1,04:26,,,,
01/05/2026,ZARAGOZA,Entrada,N,2,CHOPO Y EUCALIPTO,H2,16:26,,,,
01/05/2026,ZARAGOZA,Entrada,N,2,CHOPO Y EUCALIPTO,H3,19:56,,,,
01/05/2026,ZARAGOZA,Entrada,N,2,CHOPO Y EUCALIPTO,H4,20:26,,,,
01/05/2026,ZARAGOZA,Entrada,N,3,FUNDADORES Y BLVD. MIRASIERRA,H1,04:36,,,,
01/05/2026,ZARAGOZA,Entrada,N,3,FUNDADORES Y BLVD. MIRASIERRA,H2,16:36,,,,
01/05/2026,ZARAGOZA,Entrada,N,3,FUNDADORES Y BLVD. MIRASIERRA,H3,20:06,,,,
01/05/2026,ZARAGOZA,Entrada,N,3,FUNDADORES Y BLVD. MIRASIERRA,H4,20:36,,,,
01/05/2026,ZARAGOZA,Entrada,N,4,CALLE 34 Y JUAN NAVARRO,H1,04:51,,,,
01/05/2026,ZARAGOZA,Entrada,N,4,CALLE 34 Y JUAN NAVARRO,H2,16:51,,,,
01/05/2026,ZARAGOZA,Entrada,N,4,CALLE 34 Y JUAN NAVARRO,H3,20:21,,,,
01/05/2026,ZARAGOZA,Entrada,N,4,CALLE 34 Y JUAN NAVARRO,H4,20:51,,,,
01/05/2026,ZARAGOZA,Entrada,N,5,PERIF LEA Y 12 DE OCTUBRE (FIRST CASH),H1,05:03,,,,
01/05/2026,ZARAGOZA,Entrada,N,5,PERIF LEA Y 12 DE OCTUBRE (FIRST CASH),H2,17:03,,,,
01/05/2026,ZARAGOZA,Entrada,N,5,PERIF LEA Y 12 DE OCTUBRE (FIRST CASH),H3,20:33,,,,
01/05/2026,ZARAGOZA,Entrada,N,5,PERIF LEA Y 12 DE OCTUBRE (FIRST CASH),H4,21:03,,,,
01/05/2026,ZARAGOZA,Entrada,N,6,GIMNACIO MUNICIPAL,H1,05:05,,,,
01/05/2026,ZARAGOZA,Entrada,N,6,GIMNACIO MUNICIPAL,H2,17:05,,,,
01/05/2026,ZARAGOZA,Entrada,N,6,GIMNACIO MUNICIPAL,H3,20:35,,,,
01/05/2026,ZARAGOZA,Entrada,N,6,GIMNACIO MUNICIPAL,H4,21:05,,,,
01/05/2026,ZARAGOZA,Entrada,N,7,L.E.A. Y J. MERY,H1,05:07,,,,
01/05/2026,ZARAGOZA,Entrada,N,7,L.E.A. Y J. MERY,H2,17:07,,,,
01/05/2026,ZARAGOZA,Entrada,N,7,L.E.A. Y J. MERY,H3,20:37,,,,
01/05/2026,ZARAGOZA,Entrada,N,7,L.E.A. Y J. MERY,H4,21:07,,,,
01/05/2026,ZARAGOZA,Entrada,N,8,VILLA UNIVERSIDAD,H1,05:09,,,,
01/05/2026,ZARAGOZA,Entrada,N,8,VILLA UNIVERSIDAD,H2,17:09,,,,
01/05/2026,ZARAGOZA,Entrada,N,8,VILLA UNIVERSIDAD,H3,20:39,,,,
01/05/2026,ZARAGOZA,Entrada,N,8,VILLA UNIVERSIDAD,H4,21:09,,,,
01/05/2026,ZARAGOZA,Entrada,N,9,ARIZPE DE LA MAZA Y CARR. 54,H1,05:15,,,,
01/05/2026,ZARAGOZA,Entrada,N,9,ARIZPE DE LA MAZA Y CARR. 54,H2,17:15,,,,
01/05/2026,ZARAGOZA,Entrada,N,9,ARIZPE DE LA MAZA Y CARR. 54,H3,20:45,,,,
01/05/2026,ZARAGOZA,Entrada,N,9,ARIZPE DE LA MAZA Y CARR. 54,H4,21:15,,,,
01/05/2026,ZARAGOZA,Entrada,N,10,METALSA,H1,05:50,,,,
01/05/2026,ZARAGOZA,Entrada,N,10,METALSA,H2,17:50,,,,
01/05/2026,ZARAGOZA,Entrada,N,10,METALSA,H3,21:20,,,,
01/05/2026,ZARAGOZA,Entrada,N,10,METALSA,H4,21:50,,,,
01/05/2026,ZARAGOZA,Salida,N,1,METALSA,H1,06:15,06:15,0,1,0
01/05/2026,ZARAGOZA,Salida,N,1,METALSA,H2,15:30,,,,
01/05/2026,ZARAGOZA,Salida,N,1,METALSA,H3,18:15,,,,
01/05/2026,ZARAGOZA,Salida,N,2,ARIZPE DE LA MAZA Y CARR. 54,H1,06:44,,,,
01/05/2026,ZARAGOZA,Salida,N,2,ARIZPE DE LA MAZA Y CARR. 54,H2,15:59,,,,
01/05/2026,ZARAGOZA,Salida,N,2,ARIZPE DE LA MAZA Y CARR. 54,H3,18:44,,,,
01/05/2026,ZARAGOZA,Salida,N,3,VILLA UNIVERSIDAD,H1,06:46,,,,
01/05/2026,ZARAGOZA,Salida,N,3,VILLA UNIVERSIDAD,H2,16:01,,,,
01/05/2026,ZARAGOZA,Salida,N,3,VILLA UNIVERSIDAD,H3,18:45,,,,
01/05/2026,ZARAGOZA,Salida,N,4,L.E.A. Y J. MERY,H1,06:49,,,,
01/05/2026,ZARAGOZA,Salida,N,4,L.E.A. Y J. MERY,H2,16:04,,,,
01/05/2026,ZARAGOZA,Salida,N,4,L.E.A. Y J. MERY,H3,18:49,,,,
01/05/2026,ZARAGOZA,Salida,N,5,GIMNACIO MUNICIPAL,H1,06:51,06:40,11,1,0
01/05/2026,ZARAGOZA,Salida,N,5,GIMNACIO MUNICIPAL,H2,16:06,,,,
01/05/2026,ZARAGOZA,Salida,N,5,GIMNACIO MUNICIPAL,H3,18:51,,,,
01/05/2026,ZARAGOZA,Salida,N,6,PERIF LEA Y 12 DE OCTUBRE (FIRST CASH),H1,07:00,,,,
01/05/2026,ZARAGOZA,Salida,N,6,PERIF LEA Y 12 DE OCTUBRE (FIRST CASH),H2,16:10,,,,
01/05/2026,ZARAGOZA,Salida,N,6,PERIF LEA Y 12 DE OCTUBRE (FIRST CASH),H3,19:00,,,,
01/05/2026,ZARAGOZA,Salida,N,7,CALLE 34 Y JUAN NAVARRO,H1,07:04,,,,
01/05/2026,ZARAGOZA,Salida,N,7,CALLE 34 Y JUAN NAVARRO,H2,16:19,,,,
01/05/2026,ZARAGOZA,Salida,N,7,CALLE 34 Y JUAN NAVARRO,H3,19:04,,,,
01/05/2026,ZARAGOZA,Salida,N,8,FUNDADORES Y BLVD. MIRASIERRA,H1,07:19,,,,
01/05/2026,ZARAGOZA,Salida,N,8,FUNDADORES Y BLVD. MIRASIERRA,H2,16:34,,,,
01/05/2026,ZARAGOZA,Salida,N,8,FUNDADORES Y BLVD. MIRASIERRA,H3,19:19,,,,
01/05/2026,ZARAGOZA,Salida,N,9,CHOPO Y EUCALIPTO,H1,07:29,,,,
01/05/2026,ZARAGOZA,Salida,N,9,CHOPO Y EUCALIPTO,H2,16:44,,,,
01/05/2026,ZARAGOZA,Salida,N,9,CHOPO Y EUCALIPTO,H3,19:29,,,,
01/05/2026,ZARAGOZA,Salida,N,10,FCO. EALY ORTIZ Y EUCALIPTO,H1,07:30,,,,
01/05/2026,ZARAGOZA,Salida,N,10,FCO. EALY ORTIZ Y EUCALIPTO,H2,16:45,,,,
01/05/2026,ZARAGOZA,Salida,N,10,FCO. EALY ORTIZ Y EUCALIPTO,H3,19:30,,,,
02/05/2026,EL PEÑUELO,Entrada,A,1,LA VENTURA,H1,19:00,,,,
02/05/2026,EL PEÑUELO,Entrada,A,1,LA VENTURA,H2,03:30,,,,
02/05/2026,EL PEÑUELO,Entrada,A,1,LA VENTURA,H3,15:30,,,,
02/05/2026,EL PEÑUELO,Entrada,A,1,LA VENTURA,H4,19:30,,,,
02/05/2026,EL PEÑUELO,Entrada,A,2,METALSA,H1,21:20,,,,
02/05/2026,EL PEÑUELO,Entrada,A,2,METALSA,H2,05:50,,,,
02/05/2026,EL PEÑUELO,Entrada,A,2,METALSA,H3,17:50,,,,
02/05/2026,EL PEÑUELO,Entrada,A,2,METALSA,H4,21:50,,,,
02/05/2026,EL PEÑUELO,Salida,N,1,METALSA,H1,15:30,,,,
02/05/2026,EL PEÑUELO,Salida,N,1,METALSA,H2,06:15,,,,
02/05/2026,EL PEÑUELO,Salida,N,1,METALSA,H3,18:15,,,,
02/05/2026,EL PEÑUELO,Salida,N,2,LA VENTURA,H1,17:50,,,,
02/05/2026,EL PEÑUELO,Salida,N,2,LA VENTURA,H2,08:35,,,,
02/05/2026,EL PEÑUELO,Salida,N,2,LA VENTURA,H3,20:35,,,,
02/05/2026,EL SALITRE,Entrada,A,1,SALITRE,H1,19:20,,,,
02/05/2026,EL SALITRE,Entrada,A,1,SALITRE,H2,03:50,,,,
02/05/2026,EL SALITRE,Entrada,A,1,SALITRE,H3,15:50,,,,
02/05/2026,EL SALITRE,Entrada,A,1,SALITRE,H4,19:50,,,,
02/05/2026,EL SALITRE,Entrada,A,2,BENITO JUAREZ,H1,19:25,,,,
02/05/2026,EL SALITRE,Entrada,A,2,BENITO JUAREZ,H2,03:55,,,,
02/05/2026,EL SALITRE,Entrada,A,2,BENITO JUAREZ,H3,15:55,,,,
02/05/2026,EL SALITRE,Entrada,A,2,BENITO JUAREZ,H4,19:55,,,,
02/05/2026,EL SALITRE,Entrada,A,3,EL MEZQUITE,H1,19:40,,,,
02/05/2026,EL SALITRE,Entrada,A,3,EL MEZQUITE,H2,04:10,,,,
02/05/2026,EL SALITRE,Entrada,A,3,EL MEZQUITE,H3,16:10,,,,
02/05/2026,EL SALITRE,Entrada,A,3,EL MEZQUITE,H4,20:10,,,,
02/05/2026,EL SALITRE,Entrada,A,4,PRESA DE LOS MUCHAHCOS,H1,19:55,,,,
02/05/2026,EL SALITRE,Entrada,A,4,PRESA DE LOS MUCHAHCOS,H2,04:25,,,,
02/05/2026,EL SALITRE,Entrada,A,4,PRESA DE LOS MUCHAHCOS,H3,16:25,,,,
02/05/2026,EL SALITRE,Entrada,A,4,PRESA DE LOS MUCHAHCOS,H4,20:25,,,,
02/05/2026,EL SALITRE,Entrada,A,5,AGUA NUEVA,H1,20:43,,,,
02/05/2026,EL SALITRE,Entrada,A,5,AGUA NUEVA,H2,05:13,,,,
02/05/2026,EL SALITRE,Entrada,A,5,AGUA NUEVA,H3,17:13,,,,
02/05/2026,EL SALITRE,Entrada,A,5,AGUA NUEVA,H4,21:13,,,,
02/05/2026,EL SALITRE,Entrada,A,6,METALSA,H1,21:20,,,,
02/05/2026,EL SALITRE,Entrada,A,6,METALSA,H2,05:50,,,,
02/05/2026,EL SALITRE,Entrada,A,6,METALSA,H3,17:50,,,,
02/05/2026,EL SALITRE,Entrada,A,6,METALSA,H4,21:50,,,,
02/05/2026,EL SALITRE,Salida,N,1,METALSA,H1,15:30,,,,
02/05/2026,EL SALITRE,Salida,N,1,METALSA,H2,06:15,,,,
02/05/2026,EL SALITRE,Salida,N,1,METALSA,H3,18:15,,,,
02/05/2026,EL SALITRE,Salida,N,2,AGUA NUEVA,H1,15:31,,,,
02/05/2026,EL SALITRE,Salida,N,2,AGUA NUEVA,H2,06:16,,,,
02/05/2026,EL SALITRE,Salida,N,2,AGUA NUEVA,H3,18:16,,,,
02/05/2026,EL SALITRE,Salida,N,3,PRESA DE LOS MUCHAHCOS,H1,16:55,,,,
02/05/2026,EL SALITRE,Salida,N,3,PRESA DE LOS MUCHAHCOS,H2,07:40,,,,
02/05/2026,EL SALITRE,Salida,N,3,PRESA DE LOS MUCHAHCOS,H3,19:40,,,,
02/05/2026,EL SALITRE,Salida,N,4,EL MEZQUITE,H1,17:10,,,,
02/05/2026,EL SALITRE,Salida,N,4,EL MEZQUITE,H2,07:55,,,,
02/05/2026,EL SALITRE,Salida,N,4,EL MEZQUITE,H3,19:55,,,,
02/05/2026,EL SALITRE,Salida,N,5,BENITO JUAREZ,H1,17:25,,,,
02/05/2026,EL SALITRE,Salida,N,5,BENITO JUAREZ,H2,08:10,,,,
02/05/2026,EL SALITRE,Salida,N,5,BENITO JUAREZ,H3,20:10,,,,
02/05/2026,EL SALITRE,Salida,N,6,SALITRE,H1,17:30,,,,
02/05/2026,EL SALITRE,Salida,N,6,SALITRE,H2,08:15,,,,
02/05/2026,EL SALITRE,Salida,N,6,SALITRE,H3,20:15,,,,
02/05/2026,LA HEDIONDA,Entrada,N,1,LAS ESPERANZAS,H1,20:00,,,,
02/05/2026,LA HEDIONDA,Entrada,N,1,LAS ESPERANZAS,H2,04:30,,,,
02/05/2026,LA HEDIONDA,Entrada,N,1,LAS ESPERANZAS,H3,16:30,,,,
02/05/2026,LA HEDIONDA,Entrada,N,1,LAS ESPERANZAS,H4,20:30,,,,
02/05/2026,LA HEDIONDA,Entrada,N,2,HEDIONDA,H1,20:20,,,,
02/05/2026,LA HEDIONDA,Entrada,N,2,HEDIONDA,H2,04:50,,,,
02/05/2026,LA HEDIONDA,Entrada,N,2,HEDIONDA,H3,16:50,,,,
02/05/2026,LA HEDIONDA,Entrada,N,2,HEDIONDA,H4,20:50,,,,
02/05/2026,LA HEDIONDA,Entrada,N,3,METALSA,H1,21:20,,,,
02/05/2026,LA HEDIONDA,Entrada,N,3,METALSA,H2,05:50,,,,
02/05/2026,LA HEDIONDA,Entrada,N,3,METALSA,H3,17:50,,,,
02/05/2026,LA HEDIONDA,Entrada,N,3,METALSA,H4,21:50,,,,
02/05/2026,LA HEDIONDA,Salida,N,1,METALSA,H1,15:30,,,,
02/05/2026,LA HEDIONDA,Salida,N,1,METALSA,H2,06:15,,,,
02/05/2026,LA HEDIONDA,Salida,N,1,METALSA,H3,18:15,,,,
02/05/2026,LA HEDIONDA,Salida,N,2,HEDIONDA,H1,16:30,,,,
02/05/2026,LA HEDIONDA,Salida,N,2,HEDIONDA,H2,07:15,,,,
02/05/2026,LA HEDIONDA,Salida,N,2,HEDIONDA,H3,19:15,,,,
02/05/2026,LA HEDIONDA,Salida,N,3,LAS ESPERANZAS,H1,16:50,,,,
02/05/2026,LA HEDIONDA,Salida,N,3,LAS ESPERANZAS,H2,07:35,,,,
02/05/2026,LA HEDIONDA,Salida,N,3,LAS ESPERANZAS,H3,19:35,,,,
02/05/2026,LA SAUCEDA,Entrada,N,1,LA SAUCEDA,H1,04:00,,,,
02/05/2026,LA SAUCEDA,Entrada,N,1,LA SAUCEDA,H2,16:00,,,,
02/05/2026,LA SAUCEDA,Entrada,N,1,LA SAUCEDA,H3,19:30,,,,
02/05/2026,LA SAUCEDA,Entrada,N,1,LA SAUCEDA,H4,20:00,,,,
02/05/2026,LA SAUCEDA,Entrada,N,2,HIPOLITO,H1,04:15,,,,
02/05/2026,LA SAUCEDA,Entrada,N,2,HIPOLITO,H2,16:15,,,,
02/05/2026,LA SAUCEDA,Entrada,N,2,HIPOLITO,H3,19:45,,,,
02/05/2026,LA SAUCEDA,Entrada,N,2,HIPOLITO,H4,20:15,,,,
02/05/2026,LA SAUCEDA,Entrada,N,3,SAN ANTONIO DEL JARAL,H1,04:32,,,,
02/05/2026,LA SAUCEDA,Entrada,N,3,SAN ANTONIO DEL JARAL,H2,16:32,,,,
02/05/2026,LA SAUCEDA,Entrada,N,3,SAN ANTONIO DEL JARAL,H3,20:02,,,,
02/05/2026,LA SAUCEDA,Entrada,N,3,SAN ANTONIO DEL JARAL,H4,20:32,,,,
02/05/2026,LA SAUCEDA,Entrada,N,4,CASETA DE PLAN DE AYALA,H1,04:50,,,,
02/05/2026,LA SAUCEDA,Entrada,N,4,CASETA DE PLAN DE AYALA,H2,16:50,,,,
02/05/2026,LA SAUCEDA,Entrada,N,4,CASETA DE PLAN DE AYALA,H3,20:20,,,,
02/05/2026,LA SAUCEDA,Entrada,N,4,CASETA DE PLAN DE AYALA,H4,20:42,,,,
02/05/2026,LA SAUCEDA,Entrada,N,5,METALSA,H1,05:50,,,,
02/05/2026,LA SAUCEDA,Entrada,N,5,METALSA,H2,17:50,,,,
02/05/2026,LA SAUCEDA,Entrada,N,5,METALSA,H3,21:20,,,,
02/05/2026,LA SAUCEDA,Entrada,N,5,METALSA,H4,21:50,,,,
02/05/2026,LA SAUCEDA,Salida,N,1,METALSA,H1,06:15,,,,
02/05/2026,LA SAUCEDA,Salida,N,1,METALSA,H2,15:30,,,,
02/05/2026,LA SAUCEDA,Salida,N,1,METALSA,H3,18:15,,,,
02/05/2026,LA SAUCEDA,Salida,N,2,CASETA DE PLAN DE AYALA,H1,07:15,,,,
02/05/2026,LA SAUCEDA,Salida,N,2,CASETA DE PLAN DE AYALA,H2,16:30,,,,
02/05/2026,LA SAUCEDA,Salida,N,2,CASETA DE PLAN DE AYALA,H3,19:15,,,,
02/05/2026,LA SAUCEDA,Salida,N,3,SAN ANTONIO DEL JARAL,H1,07:33,,,,
02/05/2026,LA SAUCEDA,Salida,N,3,SAN ANTONIO DEL JARAL,H2,16:48,,,,
02/05/2026,LA SAUCEDA,Salida,N,3,SAN ANTONIO DEL JARAL,H3,19:33,,,,
02/05/2026,LA SAUCEDA,Salida,N,4,HIPOLITO,H1,07:50,,,,
02/05/2026,LA SAUCEDA,Salida,N,4,HIPOLITO,H2,17:05,,,,
02/05/2026,LA SAUCEDA,Salida,N,4,HIPOLITO,H3,19:50,,,,
02/05/2026,LA SAUCEDA,Salida,N,5,LA SAUCEDA,H1,08:05,,,,
02/05/2026,LA SAUCEDA,Salida,N,5,LA SAUCEDA,H2,17:20,,,,
02/05/2026,LA SAUCEDA,Salida,N,5,LA SAUCEDA,H3,20:05,,,,
02/05/2026,LOMA LINDA - URDIÑOLA,Entrada,N,1,MEZQUITE Y GORDOLOBO,H1,04:05,,,,
02/05/2026,LOMA LINDA - URDIÑOLA,Entrada,N,1,MEZQUITE Y GORDOLOBO,H2,16:05,,,,
02/05/2026,LOMA LINDA - URDIÑOLA,Entrada,N,1,MEZQUITE Y GORDOLOBO,H3,19:35,,,,
02/05/2026,LOMA LINDA - URDIÑOLA,Entrada,N,1,MEZQUITE Y GORDOLOBO,H4,20:05,,,,
02/05/2026,LOMA LINDA - URDIÑOLA,Entrada,N,2,MEZQUITE Y NUECES,H1,04:10,,,,
02/05/2026,LOMA LINDA - URDIÑOLA,Entrada,N,2,MEZQUITE Y NUECES,H2,16:10,,,,
02/05/2026,LOMA LINDA - URDIÑOLA,Entrada,N,2,MEZQUITE Y NUECES,H3,19:40,,,,
02/05/2026,LOMA LINDA - URDIÑOLA,Entrada,N,2,MEZQUITE Y NUECES,H4,20:10,,,,
02/05/2026,LOMA LINDA - URDIÑOLA,Entrada,N,3,BLVD SANTA LUCIA Y CALLE 7,H1,04:20,,,,
02/05/2026,LOMA LINDA - URDIÑOLA,Entrada,N,3,BLVD SANTA LUCIA Y CALLE 7,H2,16:20,,,,
02/05/2026,LOMA LINDA - URDIÑOLA,Entrada,N,3,BLVD SANTA LUCIA Y CALLE 7,H3,19:50,,,,
02/05/2026,LOMA LINDA - URDIÑOLA,Entrada,N,3,BLVD SANTA LUCIA Y CALLE 7,H4,20:20,,,,
02/05/2026,LOMA LINDA - URDIÑOLA,Entrada,N,4,BLVD VALDES SANCHEZ Y (PLANTA LEAR),H1,04:30,,,,
02/05/2026,LOMA LINDA - URDIÑOLA,Entrada,N,4,BLVD VALDES SANCHEZ Y (PLANTA LEAR),H2,16:30,,,,
02/05/2026,LOMA LINDA - URDIÑOLA,Entrada,N,4,BLVD VALDES SANCHEZ Y (PLANTA LEAR),H3,20:00,,,,
02/05/2026,LOMA LINDA - URDIÑOLA,Entrada,N,4,BLVD VALDES SANCHEZ Y (PLANTA LEAR),H4,20:30,,,,
02/05/2026,LOMA LINDA - URDIÑOLA,Entrada,N,5,STA. GERTRUDIS Y STA. CECILIA (DEL ACUEDUCTO),H1,04:32,,,,
02/05/2026,LOMA LINDA - URDIÑOLA,Entrada,N,5,STA. GERTRUDIS Y STA. CECILIA (DEL ACUEDUCTO),H2,16:32,,,,
02/05/2026,LOMA LINDA - URDIÑOLA,Entrada,N,5,STA. GERTRUDIS Y STA. CECILIA (DEL ACUEDUCTO),H3,20:02,,,,
02/05/2026,LOMA LINDA - URDIÑOLA,Entrada,N,5,STA. GERTRUDIS Y STA. CECILIA (DEL ACUEDUCTO),H4,20:32,,,,
02/05/2026,LOMA LINDA - URDIÑOLA,Entrada,N,6,DEPOSITO DE AGUA FRACC PLAZA,H1,04:35,,,,
02/05/2026,LOMA LINDA - URDIÑOLA,Entrada,N,6,DEPOSITO DE AGUA FRACC PLAZA,H2,16:35,,,,
02/05/2026,LOMA LINDA - URDIÑOLA,Entrada,N,6,DEPOSITO DE AGUA FRACC PLAZA,H3,20:05,,,,
02/05/2026,LOMA LINDA - URDIÑOLA,Entrada,N,6,DEPOSITO DE AGUA FRACC PLAZA,H4,20:35,,,,
02/05/2026,LOMA LINDA - URDIÑOLA,Entrada,N,7,BLVD VALDES SANCHEZ Y BLVD MINERIA,H1,04:40,,,,
02/05/2026,LOMA LINDA - URDIÑOLA,Entrada,N,7,BLVD VALDES SANCHEZ Y BLVD MINERIA,H2,16:40,,,,
02/05/2026,LOMA LINDA - URDIÑOLA,Entrada,N,7,BLVD VALDES SANCHEZ Y BLVD MINERIA,H3,20:10,,,,
02/05/2026,LOMA LINDA - URDIÑOLA,Entrada,N,7,BLVD VALDES SANCHEZ Y BLVD MINERIA,H4,20:40,,,,
02/05/2026,LOMA LINDA - URDIÑOLA,Entrada,N,8,REFORMA Y URDIÑOLA,H1,04:50,,,,
02/05/2026,LOMA LINDA - URDIÑOLA,Entrada,N,8,REFORMA Y URDIÑOLA,H2,16:50,,,,
02/05/2026,LOMA LINDA - URDIÑOLA,Entrada,N,8,REFORMA Y URDIÑOLA,H3,20:20,,,,
02/05/2026,LOMA LINDA - URDIÑOLA,Entrada,N,8,REFORMA Y URDIÑOLA,H4,20:50,,,,
02/05/2026,LOMA LINDA - URDIÑOLA,Entrada,N,9,PROL. URDIÑOLA Y J. MERY,H1,04:55,,,,
02/05/2026,LOMA LINDA - URDIÑOLA,Entrada,N,9,PROL. URDIÑOLA Y J. MERY,H2,16:55,,,,
02/05/2026,LOMA LINDA - URDIÑOLA,Entrada,N,9,PROL. URDIÑOLA Y J. MERY,H3,20:25,,,,
02/05/2026,LOMA LINDA - URDIÑOLA,Entrada,N,9,PROL. URDIÑOLA Y J. MERY,H4,20:55,,,,
02/05/2026,LOMA LINDA - URDIÑOLA,Entrada,N,10,PROL URDIÑOLA Y PERIFERICO LEA,H1,05:00,,,,
02/05/2026,LOMA LINDA - URDIÑOLA,Entrada,N,10,PROL URDIÑOLA Y PERIFERICO LEA,H2,17:00,,,,
02/05/2026,LOMA LINDA - URDIÑOLA,Entrada,N,10,PROL URDIÑOLA Y PERIFERICO LEA,H3,20:30,,,,
02/05/2026,LOMA LINDA - URDIÑOLA,Entrada,N,10,PROL URDIÑOLA Y PERIFERICO LEA,H4,21:00,,,,
02/05/2026,LOMA LINDA - URDIÑOLA,Entrada,N,11,BLVD ANTONIO CARDENAS Y TEODORO SANCHEZ,H1,05:10,,,,
02/05/2026,LOMA LINDA - URDIÑOLA,Entrada,N,11,BLVD ANTONIO CARDENAS Y TEODORO SANCHEZ,H2,17:10,,,,
02/05/2026,LOMA LINDA - URDIÑOLA,Entrada,N,11,BLVD ANTONIO CARDENAS Y TEODORO SANCHEZ,H3,20:40,,,,
02/05/2026,LOMA LINDA - URDIÑOLA,Entrada,N,11,BLVD ANTONIO CARDENAS Y TEODORO SANCHEZ,H4,21:10,,,,
02/05/2026,LOMA LINDA - URDIÑOLA,Entrada,N,12,BLVD SANTA ELENA Y GUACALI,H1,05:20,,,,
02/05/2026,LOMA LINDA - URDIÑOLA,Entrada,N,12,BLVD SANTA ELENA Y GUACALI,H2,17:20,,,,
02/05/2026,LOMA LINDA - URDIÑOLA,Entrada,N,12,BLVD SANTA ELENA Y GUACALI,H3,20:50,,,,
02/05/2026,LOMA LINDA - URDIÑOLA,Entrada,N,12,BLVD SANTA ELENA Y GUACALI,H4,21:20,,,,
02/05/2026,LOMA LINDA - URDIÑOLA,Entrada,N,13,CARR. SALTILLO-ZACATECAS,H1,05:25,,,,
02/05/2026,LOMA LINDA - URDIÑOLA,Entrada,N,13,CARR. SALTILLO-ZACATECAS,H2,17:25,,,,
02/05/2026,LOMA LINDA - URDIÑOLA,Entrada,N,13,CARR. SALTILLO-ZACATECAS,H3,20:55,,,,
02/05/2026,LOMA LINDA - URDIÑOLA,Entrada,N,13,CARR. SALTILLO-ZACATECAS,H4,21:25,,,,
02/05/2026,LOMA LINDA - URDIÑOLA,Entrada,N,14,METALSA,H1,05:50,,,,
02/05/2026,LOMA LINDA - URDIÑOLA,Entrada,N,14,METALSA,H2,17:50,,,,
02/05/2026,LOMA LINDA - URDIÑOLA,Entrada,N,14,METALSA,H3,21:20,,,,
02/05/2026,LOMA LINDA - URDIÑOLA,Entrada,N,14,METALSA,H4,21:50,,,,
02/05/2026,LOMA LINDA - URDIÑOLA,Salida,N,1,METALSA,H1,06:15,,,,
02/05/2026,LOMA LINDA - URDIÑOLA,Salida,N,1,METALSA,H2,15:30,,,,
02/05/2026,LOMA LINDA - URDIÑOLA,Salida,N,1,METALSA,H3,18:15,,,,
02/05/2026,LOMA LINDA - URDIÑOLA,Salida,N,2,CARR. SALTILLO-ZACATECAS,H1,06:29,,,,
02/05/2026,LOMA LINDA - URDIÑOLA,Salida,N,2,CARR. SALTILLO-ZACATECAS,H2,15:59,,,,
02/05/2026,LOMA LINDA - URDIÑOLA,Salida,N,2,CARR. SALTILLO-ZACATECAS,H3,18:29,,,,
02/05/2026,LOMA LINDA - URDIÑOLA,Salida,N,3,BLVD SANTA ELENA Y GUACALI,H1,06:30,,,,
02/05/2026,LOMA LINDA - URDIÑOLA,Salida,N,3,BLVD SANTA ELENA Y GUACALI,H2,16:00,,,,
02/05/2026,LOMA LINDA - URDIÑOLA,Salida,N,3,BLVD SANTA ELENA Y GUACALI,H3,18:30,,,,
02/05/2026,LOMA LINDA - URDIÑOLA,Salida,N,4,BLVD ANTONIO CARDENAS Y TEODORO SANCHEZ,H1,06:31,,,,
02/05/2026,LOMA LINDA - URDIÑOLA,Salida,N,4,BLVD ANTONIO CARDENAS Y TEODORO SANCHEZ,H2,16:01,,,,
02/05/2026,LOMA LINDA - URDIÑOLA,Salida,N,4,BLVD ANTONIO CARDENAS Y TEODORO SANCHEZ,H3,18:31,,,,
02/05/2026,LOMA LINDA - URDIÑOLA,Salida,N,5,PROL URDIÑOLA Y PERIFERICO LEA,H1,06:32,,,,
02/05/2026,LOMA LINDA - URDIÑOLA,Salida,N,5,PROL URDIÑOLA Y PERIFERICO LEA,H2,16:02,,,,
02/05/2026,LOMA LINDA - URDIÑOLA,Salida,N,5,PROL URDIÑOLA Y PERIFERICO LEA,H3,18:32,,,,
02/05/2026,LOMA LINDA - URDIÑOLA,Salida,N,6,PROL. URDIÑOLA Y J. MERY,H1,06:33,,,,
02/05/2026,LOMA LINDA - URDIÑOLA,Salida,N,6,PROL. URDIÑOLA Y J. MERY,H2,16:03,,,,
02/05/2026,LOMA LINDA - URDIÑOLA,Salida,N,6,PROL. URDIÑOLA Y J. MERY,H3,18:33,,,,
02/05/2026,LOMA LINDA - URDIÑOLA,Salida,N,7,REFORMA Y URDIÑOLA,H1,06:34,,,,
02/05/2026,LOMA LINDA - URDIÑOLA,Salida,N,7,REFORMA Y URDIÑOLA,H2,16:04,,,,
02/05/2026,LOMA LINDA - URDIÑOLA,Salida,N,7,REFORMA Y URDIÑOLA,H3,18:34,,,,
02/05/2026,LOMA LINDA - URDIÑOLA,Salida,N,8,BLVD VALDES SANCHEZ Y BLVD MINERIA,H1,06:55,,,,
02/05/2026,LOMA LINDA - URDIÑOLA,Salida,N,8,BLVD VALDES SANCHEZ Y BLVD MINERIA,H2,16:10,,,,
02/05/2026,LOMA LINDA - URDIÑOLA,Salida,N,8,BLVD VALDES SANCHEZ Y BLVD MINERIA,H3,18:55,,,,
02/05/2026,LOMA LINDA - URDIÑOLA,Salida,N,9,DEPOSITO DE AGUA FRACC PLAZA,H1,07:00,,,,
02/05/2026,LOMA LINDA - URDIÑOLA,Salida,N,9,DEPOSITO DE AGUA FRACC PLAZA,H2,16:15,,,,
02/05/2026,LOMA LINDA - URDIÑOLA,Salida,N,9,DEPOSITO DE AGUA FRACC PLAZA,H3,19:00,,,,
02/05/2026,LOMA LINDA - URDIÑOLA,Salida,N,10,BLVD VALDES SANCHEZ Y (PLANTA LEAR),H1,07:05,,,,
02/05/2026,LOMA LINDA - URDIÑOLA,Salida,N,10,BLVD VALDES SANCHEZ Y (PLANTA LEAR),H2,16:20,,,,
02/05/2026,LOMA LINDA - URDIÑOLA,Salida,N,10,BLVD VALDES SANCHEZ Y (PLANTA LEAR),H3,19:05,,,,
02/05/2026,LOMA LINDA - URDIÑOLA,Salida,N,11,BLVD SANTA LUCIA Y BLVD FUNDADORES,H1,07:15,,,,
02/05/2026,LOMA LINDA - URDIÑOLA,Salida,N,11,BLVD SANTA LUCIA Y BLVD FUNDADORES,H2,16:30,,,,
02/05/2026,LOMA LINDA - URDIÑOLA,Salida,N,11,BLVD SANTA LUCIA Y BLVD FUNDADORES,H3,19:15,,,,
02/05/2026,LOMA LINDA - URDIÑOLA,Salida,N,12,BLVD SANTA LUCIA Y CALLE 7,H1,07:16,,,,
02/05/2026,LOMA LINDA - URDIÑOLA,Salida,N,12,BLVD SANTA LUCIA Y CALLE 7,H2,16:31,,,,
02/05/2026,LOMA LINDA - URDIÑOLA,Salida,N,12,BLVD SANTA LUCIA Y CALLE 7,H3,19:16,,,,
02/05/2026,LOMA LINDA - URDIÑOLA,Salida,N,13,MEZQUITE Y NUECES,H1,07:25,,,,
02/05/2026,LOMA LINDA - URDIÑOLA,Salida,N,13,MEZQUITE Y NUECES,H2,16:40,,,,
02/05/2026,LOMA LINDA - URDIÑOLA,Salida,N,13,MEZQUITE Y NUECES,H3,19:25,,,,
02/05/2026,LOMA LINDA - URDIÑOLA,Salida,N,14,MEZQUITE Y GORDOLOBO,H1,07:30,,,,
02/05/2026,LOMA LINDA - URDIÑOLA,Salida,N,14,MEZQUITE Y GORDOLOBO,H2,16:45,,,,
02/05/2026,LOMA LINDA - URDIÑOLA,Salida,N,14,MEZQUITE Y GORDOLOBO,H3,19:30,,,,
02/05/2026,LOS HOYOS - MACUYU,Entrada,A,1,LOS HOYOS,H1,03:20,,,,
02/05/2026,LOS HOYOS - MACUYU,Entrada,A,1,LOS HOYOS,H2,15:20,,,,
02/05/2026,LOS HOYOS - MACUYU,Entrada,A,1,LOS HOYOS,H3,18:50,,,,
02/05/2026,LOS HOYOS - MACUYU,Entrada,A,1,LOS HOYOS,H4,19:20,,,,
02/05/2026,LOS HOYOS - MACUYU,Entrada,A,2,HUARICHE,H1,03:38,,,,
02/05/2026,LOS HOYOS - MACUYU,Entrada,A,2,HUARICHE,H2,15:38,,,,
02/05/2026,LOS HOYOS - MACUYU,Entrada,A,2,HUARICHE,H3,19:08,,,,
02/05/2026,LOS HOYOS - MACUYU,Entrada,A,2,HUARICHE,H4,19:38,,,,
02/05/2026,LOS HOYOS - MACUYU,Entrada,A,3,PRESA DE GUADALUPE,H1,04:08,,,,
02/05/2026,LOS HOYOS - MACUYU,Entrada,A,3,PRESA DE GUADALUPE,H2,16:08,,,,
02/05/2026,LOS HOYOS - MACUYU,Entrada,A,3,PRESA DE GUADALUPE,H3,19:38,,,,
02/05/2026,LOS HOYOS - MACUYU,Entrada,A,3,PRESA DE GUADALUPE,H4,20:08,,,,
02/05/2026,LOS HOYOS - MACUYU,Entrada,A,4,MACUYU,H1,04:14,,,,
02/05/2026,LOS HOYOS - MACUYU,Entrada,A,4,MACUYU,H2,16:14,,,,
02/05/2026,LOS HOYOS - MACUYU,Entrada,A,4,MACUYU,H3,19:44,,,,
02/05/2026,LOS HOYOS - MACUYU,Entrada,A,4,MACUYU,H4,20:14,,,,
02/05/2026,LOS HOYOS - MACUYU,Entrada,A,5,DOS DE ABRIL,H1,04:24,,,,
02/05/2026,LOS HOYOS - MACUYU,Entrada,A,5,DOS DE ABRIL,H2,16:24,,,,
02/05/2026,LOS HOYOS - MACUYU,Entrada,A,5,DOS DE ABRIL,H3,19:54,,,,
02/05/2026,LOS HOYOS - MACUYU,Entrada,A,5,DOS DE ABRIL,H4,20:24,,,,
02/05/2026,LOS HOYOS - MACUYU,Entrada,A,6,LA PAZ,H1,04:50,,,,
02/05/2026,LOS HOYOS - MACUYU,Entrada,A,6,LA PAZ,H2,16:50,,,,
02/05/2026,LOS HOYOS - MACUYU,Entrada,A,6,LA PAZ,H3,20:20,,,,
02/05/2026,LOS HOYOS - MACUYU,Entrada,A,6,LA PAZ,H4,20:50,,,,
02/05/2026,LOS HOYOS - MACUYU,Entrada,A,7,DERRAMADERO,H1,05:08,,,,
02/05/2026,LOS HOYOS - MACUYU,Entrada,A,7,DERRAMADERO,H2,17:08,,,,
02/05/2026,LOS HOYOS - MACUYU,Entrada,A,7,DERRAMADERO,H3,20:38,,,,
02/05/2026,LOS HOYOS - MACUYU,Entrada,A,7,DERRAMADERO,H4,21:08,,,,
02/05/2026,LOS HOYOS - MACUYU,Entrada,A,8,METALSA,H1,05:50,,,,
02/05/2026,LOS HOYOS - MACUYU,Entrada,A,8,METALSA,H2,17:50,,,,
02/05/2026,LOS HOYOS - MACUYU,Entrada,A,8,METALSA,H3,21:20,,,,
02/05/2026,LOS HOYOS - MACUYU,Entrada,A,8,METALSA,H4,21:50,,,,
02/05/2026,LOS HOYOS - MACUYU,Salida,N,1,METALSA,H1,15:30,,,,
02/05/2026,LOS HOYOS - MACUYU,Salida,N,1,METALSA,H2,06:15,,,,
02/05/2026,LOS HOYOS - MACUYU,Salida,N,1,METALSA,H3,18:15,,,,
02/05/2026,LOS HOYOS - MACUYU,Salida,N,2,DERRAMADERO,H1,15:41,,,,
02/05/2026,LOS HOYOS - MACUYU,Salida,N,2,DERRAMADERO,H2,06:26,,,,
02/05/2026,LOS HOYOS - MACUYU,Salida,N,2,DERRAMADERO,H3,18:26,,,,
02/05/2026,LOS HOYOS - MACUYU,Salida,N,3,LA PAZ,H1,15:42,,,,
02/05/2026,LOS HOYOS - MACUYU,Salida,N,3,LA PAZ,H2,06:27,,,,
02/05/2026,LOS HOYOS - MACUYU,Salida,N,3,LA PAZ,H3,18:27,,,,
02/05/2026,LOS HOYOS - MACUYU,Salida,N,4,DOS DE ABRIL,H1,15:44,,,,
02/05/2026,LOS HOYOS - MACUYU,Salida,N,4,DOS DE ABRIL,H2,06:29,,,,
02/05/2026,LOS HOYOS - MACUYU,Salida,N,4,DOS DE ABRIL,H3,18:29,,,,
02/05/2026,LOS HOYOS - MACUYU,Salida,N,5,MACUYU,H1,15:45,,,,
02/05/2026,LOS HOYOS - MACUYU,Salida,N,5,MACUYU,H2,06:30,,,,
02/05/2026,LOS HOYOS - MACUYU,Salida,N,5,MACUYU,H3,18:30,,,,
02/05/2026,LOS HOYOS - MACUYU,Salida,N,6,PRESA DE GUADALUPE,H1,16:00,,,,
02/05/2026,LOS HOYOS - MACUYU,Salida,N,6,PRESA DE GUADALUPE,H2,06:31,,,,
02/05/2026,LOS HOYOS - MACUYU,Salida,N,6,PRESA DE GUADALUPE,H3,18:35,,,,
02/05/2026,LOS HOYOS - MACUYU,Salida,N,7,HUARICHE,H1,17:18,,,,
02/05/2026,LOS HOYOS - MACUYU,Salida,N,7,HUARICHE,H2,08:03,,,,
02/05/2026,LOS HOYOS - MACUYU,Salida,N,7,HUARICHE,H3,20:03,,,,
02/05/2026,LOS HOYOS - MACUYU,Salida,N,8,LOS HOYOS,H1,17:30,,,,
02/05/2026,LOS HOYOS - MACUYU,Salida,N,8,LOS HOYOS,H2,08:15,,,,
02/05/2026,LOS HOYOS - MACUYU,Salida,N,8,LOS HOYOS,H3,20:15,,,,
02/05/2026,OTILIO,Entrada,N,1,CALLE 23 Y CALLE 16,H1,04:25,,,,
02/05/2026,OTILIO,Entrada,N,1,CALLE 23 Y CALLE 16,H2,16:25,,,,
02/05/2026,OTILIO,Entrada,N,1,CALLE 23 Y CALLE 16,H3,19:55,,,,
02/05/2026,OTILIO,Entrada,N,1,CALLE 23 Y CALLE 16,H4,20:25,,,,
02/05/2026,OTILIO,Entrada,N,2,MARMOL Y EMILIANO ZAPATA,H1,04:27,,,,
02/05/2026,OTILIO,Entrada,N,2,MARMOL Y EMILIANO ZAPATA,H2,16:27,,,,
02/05/2026,OTILIO,Entrada,N,2,MARMOL Y EMILIANO ZAPATA,H3,19:57,,,,
02/05/2026,OTILIO,Entrada,N,2,MARMOL Y EMILIANO ZAPATA,H4,20:27,,,,
02/05/2026,OTILIO,Entrada,N,3,LIBERTAD Y OTILIO,H1,04:31,05:08,-37,1,0
02/05/2026,OTILIO,Entrada,N,3,LIBERTAD Y OTILIO,H2,16:31,,,,
02/05/2026,OTILIO,Entrada,N,3,LIBERTAD Y OTILIO,H3,20:01,,,,
02/05/2026,OTILIO,Entrada,N,3,LIBERTAD Y OTILIO,H4,20:31,,,,
02/05/2026,OTILIO,Entrada,N,4,ONCEAVA Y ESCUADRON DE LA AVIACION,H1,04:42,,,,
02/05/2026,OTILIO,Entrada,N,4,ONCEAVA Y ESCUADRON DE LA AVIACION,H2,16:42,,,,
02/05/2026,OTILIO,Entrada,N,4,ONCEAVA Y ESCUADRON DE LA AVIACION,H3,20:12,,,,
02/05/2026,OTILIO,Entrada,N,4,ONCEAVA Y ESCUADRON DE LA AVIACION,H4,20:42,,,,
02/05/2026,OTILIO,Entrada,N,5,BLVD JUAREZ Y MIGUEL HIDALGO,H1,04:52,,,,
02/05/2026,OTILIO,Entrada,N,5,BLVD JUAREZ Y MIGUEL HIDALGO,H2,16:52,,,,
02/05/2026,OTILIO,Entrada,N,5,BLVD JUAREZ Y MIGUEL HIDALGO,H3,20:22,,,,
02/05/2026,OTILIO,Entrada,N,5,BLVD JUAREZ Y MIGUEL HIDALGO,H4,20:52,,,,
02/05/2026,OTILIO,Entrada,N,6,IGNACIO ALLENDE Y CALLE 13,H1,04:58,,,,
02/05/2026,OTILIO,Entrada,N,6,IGNACIO ALLENDE Y CALLE 13,H2,16:58,,,,
02/05/2026,OTILIO,Entrada,N,6,IGNACIO ALLENDE Y CALLE 13,H3,20:28,,,,
02/05/2026,OTILIO,Entrada,N,6,IGNACIO ALLENDE Y CALLE 13,H4,20:58,,,,
02/05/2026,OTILIO,Entrada,N,7,LOMAS DE LOURDES Y LUIS PASTEUR,H1,05:06,05:12,-6,1,0
02/05/2026,OTILIO,Entrada,N,7,LOMAS DE LOURDES Y LUIS PASTEUR,H2,17:06,,,,
02/05/2026,OTILIO,Entrada,N,7,LOMAS DE LOURDES Y LUIS PASTEUR,H3,20:36,,,,
02/05/2026,OTILIO,Entrada,N,7,LOMAS DE LOURDES Y LUIS PASTEUR,H4,21:06,,,,
02/05/2026,OTILIO,Entrada,N,8,CARR. SALTILLO-ZACATECAS,H1,05:15,05:25,-10,1,0
02/05/2026,OTILIO,Entrada,N,8,CARR. SALTILLO-ZACATECAS,H2,17:15,,,,
02/05/2026,OTILIO,Entrada,N,8,CARR. SALTILLO-ZACATECAS,H3,20:45,,,,
02/05/2026,OTILIO,Entrada,N,8,CARR. SALTILLO-ZACATECAS,H4,21:15,,,,
02/05/2026,OTILIO,Entrada,N,9,METALSA,H1,05:50,,,,
02/05/2026,OTILIO,Entrada,N,9,METALSA,H2,17:50,,,,
02/05/2026,OTILIO,Entrada,N,9,METALSA,H3,21:20,,,,
02/05/2026,OTILIO,Entrada,N,9,METALSA,H4,21:50,,,,
02/05/2026,OTILIO,Salida,N,1,METALSA,H1,06:15,,,,
02/05/2026,OTILIO,Salida,N,1,METALSA,H2,15:30,,,,
02/05/2026,OTILIO,Salida,N,1,METALSA,H3,18:15,,,,
02/05/2026,OTILIO,Salida,N,2,CARR. SALTILLO-ZACATECAS,H1,06:50,,,,
02/05/2026,OTILIO,Salida,N,2,CARR. SALTILLO-ZACATECAS,H2,16:05,,,,
02/05/2026,OTILIO,Salida,N,2,CARR. SALTILLO-ZACATECAS,H3,18:50,,,,
02/05/2026,OTILIO,Salida,N,3,LOMAS DE LOURDES Y LUIS PASTEUR,H1,06:59,,,,
02/05/2026,OTILIO,Salida,N,3,LOMAS DE LOURDES Y LUIS PASTEUR,H2,16:14,,,,
02/05/2026,OTILIO,Salida,N,3,LOMAS DE LOURDES Y LUIS PASTEUR,H3,18:59,,,,
02/05/2026,OTILIO,Salida,N,4,IGNACIO ALLENDE Y CALLE 13,H1,07:07,,,,
02/05/2026,OTILIO,Salida,N,4,IGNACIO ALLENDE Y CALLE 13,H2,16:22,,,,
02/05/2026,OTILIO,Salida,N,4,IGNACIO ALLENDE Y CALLE 13,H3,19:07,,,,
02/05/2026,OTILIO,Salida,N,5,BLVD JUAREZ Y MIGUEL HIDALGO,H1,07:13,,,,
02/05/2026,OTILIO,Salida,N,5,BLVD JUAREZ Y MIGUEL HIDALGO,H2,16:28,,,,
02/05/2026,OTILIO,Salida,N,5,BLVD JUAREZ Y MIGUEL HIDALGO,H3,19:13,,,,
02/05/2026,OTILIO,Salida,N,6,ONCEAVA Y ESCUADRON DE LA AVIACION,H1,07:23,,,,
02/05/2026,OTILIO,Salida,N,6,ONCEAVA Y ESCUADRON DE LA AVIACION,H2,16:38,,,,
02/05/2026,OTILIO,Salida,N,6,ONCEAVA Y ESCUADRON DE LA AVIACION,H3,19:23,,,,
02/05/2026,OTILIO,Salida,N,7,LIBERTAD Y OTILIO,H1,07:34,,,,
02/05/2026,OTILIO,Salida,N,7,LIBERTAD Y OTILIO,H2,16:49,,,,
02/05/2026,OTILIO,Salida,N,7,LIBERTAD Y OTILIO,H3,19:34,,,,
02/05/2026,OTILIO,Salida,N,8,MARMOL Y EMILIANO ZAPATA,H1,07:38,,,,
02/05/2026,OTILIO,Salida,N,8,MARMOL Y EMILIANO ZAPATA,H2,16:53,,,,
02/05/2026,OTILIO,Salida,N,8,MARMOL Y EMILIANO ZAPATA,H3,19:38,,,,
02/05/2026,OTILIO,Salida,N,9,CALLE 23 Y CALLE 16,H1,07:40,,,,
02/05/2026,OTILIO,Salida,N,9,CALLE 23 Y CALLE 16,H2,16:55,,,,
02/05/2026,OTILIO,Salida,N,9,CALLE 23 Y CALLE 16,H3,19:40,,,,
02/05/2026,PARRAS CASETA,Entrada,A,1,RAMOS ARIZPE (PLAZA DEL RELOJ),H1,18:30,,,,
02/05/2026,PARRAS CASETA,Entrada,A,1,RAMOS ARIZPE (PLAZA DEL RELOJ),H2,03:00,,,,
02/05/2026,PARRAS CASETA,Entrada,A,1,RAMOS ARIZPE (PLAZA DEL RELOJ),H3,15:00,,,,
02/05/2026,PARRAS CASETA,Entrada,A,1,RAMOS ARIZPE (PLAZA DEL RELOJ),H4,19:00,,,,
02/05/2026,PARRAS CASETA,Entrada,A,2,HEROICO COLEGIO MILITAR Y MELCHOR OCAMPO (ALAMEDA),H1,18:32,,,,
02/05/2026,PARRAS CASETA,Entrada,A,2,HEROICO COLEGIO MILITAR Y MELCHOR OCAMPO (ALAMEDA),H2,03:02,,,,
02/05/2026,PARRAS CASETA,Entrada,A,2,HEROICO COLEGIO MILITAR Y MELCHOR OCAMPO (ALAMEDA),H3,15:02,,,,
02/05/2026,PARRAS CASETA,Entrada,A,2,HEROICO COLEGIO MILITAR Y MELCHOR OCAMPO (ALAMEDA),H4,19:02,,,,
02/05/2026,PARRAS CASETA,Entrada,A,3,FALCON Y FCO SARABIA (TORTILLERIA 4 CAMINO),H1,18:40,,,,
02/05/2026,PARRAS CASETA,Entrada,A,3,FALCON Y FCO SARABIA (TORTILLERIA 4 CAMINO),H2,03:10,,,,
02/05/2026,PARRAS CASETA,Entrada,A,3,FALCON Y FCO SARABIA (TORTILLERIA 4 CAMINO),H3,15:10,,,,
02/05/2026,PARRAS CASETA,Entrada,A,3,FALCON Y FCO SARABIA (TORTILLERIA 4 CAMINO),H4,19:10,,,,
02/05/2026,PARRAS CASETA,Entrada,A,4,OSCAR FLORES TAPIA y JAVIER MINA,H1,18:45,,,,
02/05/2026,PARRAS CASETA,Entrada,A,4,OSCAR FLORES TAPIA y JAVIER MINA,H2,03:15,,,,
02/05/2026,PARRAS CASETA,Entrada,A,4,OSCAR FLORES TAPIA y JAVIER MINA,H3,15:15,,,,
02/05/2026,PARRAS CASETA,Entrada,A,4,OSCAR FLORES TAPIA y JAVIER MINA,H4,19:15,,,,
02/05/2026,PARRAS CASETA,Entrada,A,5,CALZADA DEL MARQUEZ (OXXO GAS),H1,18:50,,,,
02/05/2026,PARRAS CASETA,Entrada,A,5,CALZADA DEL MARQUEZ (OXXO GAS),H2,03:20,,,,
02/05/2026,PARRAS CASETA,Entrada,A,5,CALZADA DEL MARQUEZ (OXXO GAS),H3,15:20,,,,
02/05/2026,PARRAS CASETA,Entrada,A,5,CALZADA DEL MARQUEZ (OXXO GAS),H4,19:20,,,,
02/05/2026,PARRAS CASETA,Entrada,A,6,16 DE SEPTIEMBRE (FABRICA DICKIES),H1,18:57,,,,
02/05/2026,PARRAS CASETA,Entrada,A,6,16 DE SEPTIEMBRE (FABRICA DICKIES),H2,03:27,,,,
02/05/2026,PARRAS CASETA,Entrada,A,6,16 DE SEPTIEMBRE (FABRICA DICKIES),H3,15:27,,,,
02/05/2026,PARRAS CASETA,Entrada,A,6,16 DE SEPTIEMBRE (FABRICA DICKIES),H4,19:27,,,,
02/05/2026,PARRAS CASETA,Entrada,A,7,EJIDO 28 AGOSTO,H1,19:25,,,,
02/05/2026,PARRAS CASETA,Entrada,A,7,EJIDO 28 AGOSTO,H2,03:55,,,,
02/05/2026,PARRAS CASETA,Entrada,A,7,EJIDO 28 AGOSTO,H3,15:55,,,,
02/05/2026,PARRAS CASETA,Entrada,A,7,EJIDO 28 AGOSTO,H4,19:55,,,,
02/05/2026,PARRAS CASETA,Entrada,A,8,KM 42,H1,19:45,,,,
02/05/2026,PARRAS CASETA,Entrada,A,8,KM 42,H2,04:15,,,,
02/05/2026,PARRAS CASETA,Entrada,A,8,KM 42,H3,16:15,,,,
02/05/2026,PARRAS CASETA,Entrada,A,8,KM 42,H4,20:15,,,,
02/05/2026,PARRAS CASETA,Entrada,A,9,EJIDO JALPA,H1,19:50,,,,
02/05/2026,PARRAS CASETA,Entrada,A,9,EJIDO JALPA,H2,04:20,,,,
02/05/2026,PARRAS CASETA,Entrada,A,9,EJIDO JALPA,H3,16:20,,,,
02/05/2026,PARRAS CASETA,Entrada,A,9,EJIDO JALPA,H4,20:20,,,,
02/05/2026,PARRAS CASETA,Entrada,A,10,METALSA,H1,21:20,,,,
02/05/2026,PARRAS CASETA,Entrada,A,10,METALSA,H2,05:50,,,,
02/05/2026,PARRAS CASETA,Entrada,A,10,METALSA,H3,17:50,,,,
02/05/2026,PARRAS CASETA,Entrada,A,10,METALSA,H4,21:50,,,,
02/05/2026,PARRAS CASETA,Salida,N,1,METALSA,H1,15:30,,,,
02/05/2026,PARRAS CASETA,Salida,N,1,METALSA,H2,06:15,,,,
02/05/2026,PARRAS CASETA,Salida,N,1,METALSA,H3,18:15,,,,
02/05/2026,PARRAS CASETA,Salida,N,2,EJIDO PAILA,H1,15:45,,,,
02/05/2026,PARRAS CASETA,Salida,N,2,EJIDO PAILA,H2,06:30,,,,
02/05/2026,PARRAS CASETA,Salida,N,2,EJIDO PAILA,H3,18:30,,,,
02/05/2026,PARRAS CASETA,Salida,N,3,KM 42,H1,15:50,,,,
02/05/2026,PARRAS CASETA,Salida,N,3,KM 42,H2,06:35,,,,
02/05/2026,PARRAS CASETA,Salida,N,3,KM 42,H3,18:35,,,,
02/05/2026,PARRAS CASETA,Salida,N,4,EJIDO 28 AGOSTO,H1,17:10,,,,
02/05/2026,PARRAS CASETA,Salida,N,4,EJIDO 28 AGOSTO,H2,07:55,,,,
02/05/2026,PARRAS CASETA,Salida,N,4,EJIDO 28 AGOSTO,H3,19:55,,,,
02/05/2026,PARRAS CASETA,Salida,N,5,16 DE SEPTIEMBRE (FABRICA DICKIES),H1,17:45,,,,
02/05/2026,PARRAS CASETA,Salida,N,5,16 DE SEPTIEMBRE (FABRICA DICKIES),H2,08:30,,,,
02/05/2026,PARRAS CASETA,Salida,N,5,16 DE SEPTIEMBRE (FABRICA DICKIES),H3,20:30,,,,
02/05/2026,PARRAS CASETA,Salida,N,6,CALZADA DEL MARQUEZ (OXXO GAS),H1,17:55,,,,
02/05/2026,PARRAS CASETA,Salida,N,6,CALZADA DEL MARQUEZ (OXXO GAS),H2,08:40,,,,
02/05/2026,PARRAS CASETA,Salida,N,6,CALZADA DEL MARQUEZ (OXXO GAS),H3,20:40,,,,
02/05/2026,PARRAS CASETA,Salida,N,7,OSCAR FLORES TAPIA y JAVIER MINA,H1,18:00,,,,
02/05/2026,PARRAS CASETA,Salida,N,7,OSCAR FLORES TAPIA y JAVIER MINA,H2,08:45,,,,
02/05/2026,PARRAS CASETA,Salida,N,7,OSCAR FLORES TAPIA y JAVIER MINA,H3,20:45,,,,
02/05/2026,PARRAS CASETA,Salida,N,8,FALCON Y FCO SARABIA (TORTILLERIA 4 CAMINO),H1,18:05,,,,
02/05/2026,PARRAS CASETA,Salida,N,8,FALCON Y FCO SARABIA (TORTILLERIA 4 CAMINO),H2,08:50,,,,
02/05/2026,PARRAS CASETA,Salida,N,8,FALCON Y FCO SARABIA (TORTILLERIA 4 CAMINO),H3,20:50,,,,
02/05/2026,PARRAS CASETA,Salida,N,9,HEROICO COLEGIO MILITAR Y MELCHOR OCAMPO (ALAMEDA),H1,18:18,,,,
02/05/2026,PARRAS CASETA,Salida,N,9,HEROICO COLEGIO MILITAR Y MELCHOR OCAMPO (ALAMEDA),H2,09:03,,,,
02/05/2026,PARRAS CASETA,Salida,N,9,HEROICO COLEGIO MILITAR Y MELCHOR OCAMPO (ALAMEDA),H3,21:03,,,,
02/05/2026,PARRAS CASETA,Salida,N,10,RAMOS ARIZPE (PLAZA DEL RELOJ),H1,18:20,,,,
02/05/2026,PARRAS CASETA,Salida,N,10,RAMOS ARIZPE (PLAZA DEL RELOJ),H2,09:05,,,,
02/05/2026,PARRAS CASETA,Salida,N,10,RAMOS ARIZPE (PLAZA DEL RELOJ),H3,21:05,,,,
02/05/2026,PARRAS LIBRE,Entrada,A,1,TACUBATA Y FRANCISCO I MADERO,H1,18:30,,,,
02/05/2026,PARRAS LIBRE,Entrada,A,1,TACUBATA Y FRANCISCO I MADERO,H2,03:00,,,,
02/05/2026,PARRAS LIBRE,Entrada,A,1,TACUBATA Y FRANCISCO I MADERO,H3,03:00,,,,
02/05/2026,PARRAS LIBRE,Entrada,A,1,TACUBATA Y FRANCISCO I MADERO,H4,15:00,,,,
02/05/2026,PARRAS LIBRE,Entrada,A,1,TACUBATA Y FRANCISCO I MADERO,H5,15:00,,,,
02/05/2026,PARRAS LIBRE,Entrada,A,1,TACUBATA Y FRANCISCO I MADERO,H6,19:05,,,,
02/05/2026,PARRAS LIBRE,Entrada,A,2,SANTA CATARINA Y VIESCA,H1,18:36,,,,
02/05/2026,PARRAS LIBRE,Entrada,A,2,SANTA CATARINA Y VIESCA,H2,03:06,,,,
02/05/2026,PARRAS LIBRE,Entrada,A,2,SANTA CATARINA Y VIESCA,H3,03:06,,,,
02/05/2026,PARRAS LIBRE,Entrada,A,2,SANTA CATARINA Y VIESCA,H4,15:06,,,,
02/05/2026,PARRAS LIBRE,Entrada,A,2,SANTA CATARINA Y VIESCA,H5,15:06,,,,
02/05/2026,PARRAS LIBRE,Entrada,A,2,SANTA CATARINA Y VIESCA,H6,19:09,,,,
02/05/2026,PARRAS LIBRE,Entrada,A,3,MANUEL ZAVALA Y MAR DE GALILEA,H1,18:50,,,,
02/05/2026,PARRAS LIBRE,Entrada,A,3,MANUEL ZAVALA Y MAR DE GALILEA,H2,03:20,,,,
02/05/2026,PARRAS LIBRE,Entrada,A,3,MANUEL ZAVALA Y MAR DE GALILEA,H3,03:20,,,,
02/05/2026,PARRAS LIBRE,Entrada,A,3,MANUEL ZAVALA Y MAR DE GALILEA,H4,15:20,,,,
02/05/2026,PARRAS LIBRE,Entrada,A,3,MANUEL ZAVALA Y MAR DE GALILEA,H5,15:20,,,,
02/05/2026,PARRAS LIBRE,Entrada,A,3,MANUEL ZAVALA Y MAR DE GALILEA,H6,19:11,,,,
02/05/2026,PARRAS LIBRE,Entrada,A,4,GENERAL CEPEDA Y RAMOS ARIZPE,H1,18:55,,,,
02/05/2026,PARRAS LIBRE,Entrada,A,4,GENERAL CEPEDA Y RAMOS ARIZPE,H2,03:25,,,,
02/05/2026,PARRAS LIBRE,Entrada,A,4,GENERAL CEPEDA Y RAMOS ARIZPE,H3,03:25,,,,
02/05/2026,PARRAS LIBRE,Entrada,A,4,GENERAL CEPEDA Y RAMOS ARIZPE,H4,15:25,,,,
02/05/2026,PARRAS LIBRE,Entrada,A,4,GENERAL CEPEDA Y RAMOS ARIZPE,H5,15:25,,,,
02/05/2026,PARRAS LIBRE,Entrada,A,4,GENERAL CEPEDA Y RAMOS ARIZPE,H6,19:14,,,,
02/05/2026,PARRAS LIBRE,Entrada,A,5,GENERAL CEPEDA Y COLIMA,H1,19:03,,,,
02/05/2026,PARRAS LIBRE,Entrada,A,5,GENERAL CEPEDA Y COLIMA,H2,03:33,,,,
02/05/2026,PARRAS LIBRE,Entrada,A,5,GENERAL CEPEDA Y COLIMA,H3,03:33,,,,
02/05/2026,PARRAS LIBRE,Entrada,A,5,GENERAL CEPEDA Y COLIMA,H4,15:33,,,,
02/05/2026,PARRAS LIBRE,Entrada,A,5,GENERAL CEPEDA Y COLIMA,H5,15:33,,,,
02/05/2026,PARRAS LIBRE,Entrada,A,5,GENERAL CEPEDA Y COLIMA,H6,19:15,,,,
02/05/2026,PARRAS LIBRE,Entrada,A,6,CAMINO GRAL. CEPEDA Y EJIDO PARRAS,H1,19:05,,,,
02/05/2026,PARRAS LIBRE,Entrada,A,6,CAMINO GRAL. CEPEDA Y EJIDO PARRAS,H2,03:35,,,,
02/05/2026,PARRAS LIBRE,Entrada,A,6,CAMINO GRAL. CEPEDA Y EJIDO PARRAS,H3,03:35,,,,
02/05/2026,PARRAS LIBRE,Entrada,A,6,CAMINO GRAL. CEPEDA Y EJIDO PARRAS,H4,15:35,,,,
02/05/2026,PARRAS LIBRE,Entrada,A,6,CAMINO GRAL. CEPEDA Y EJIDO PARRAS,H5,15:35,,,,
02/05/2026,PARRAS LIBRE,Entrada,A,6,CAMINO GRAL. CEPEDA Y EJIDO PARRAS,H6,19:17,,,,
02/05/2026,PARRAS LIBRE,Entrada,A,7,METALSA,H1,21:20,,,,
02/05/2026,PARRAS LIBRE,Entrada,A,7,METALSA,H2,05:50,,,,
02/05/2026,PARRAS LIBRE,Entrada,A,7,METALSA,H3,05:50,,,,
02/05/2026,PARRAS LIBRE,Entrada,A,7,METALSA,H4,17:50,,,,
02/05/2026,PARRAS LIBRE,Entrada,A,7,METALSA,H5,17:50,,,,
02/05/2026,PARRAS LIBRE,Entrada,A,7,METALSA,H6,21:50,,,,
02/05/2026,PARRAS LIBRE,Salida,N,1,METALSA,H1,15:30,,,,
02/05/2026,PARRAS LIBRE,Salida,N,1,METALSA,H2,06:15,,,,
02/05/2026,PARRAS LIBRE,Salida,N,1,METALSA,H3,06:15,,,,
02/05/2026,PARRAS LIBRE,Salida,N,1,METALSA,H4,18:15,,,,
02/05/2026,PARRAS LIBRE,Salida,N,1,METALSA,H5,18:15,,,,
02/05/2026,PARRAS LIBRE,Salida,N,2,CAMINO GRAL. CEPEDA Y EJIDO PARRAS,H1,17:45,,,,
02/05/2026,PARRAS LIBRE,Salida,N,2,CAMINO GRAL. CEPEDA Y EJIDO PARRAS,H2,08:30,,,,
02/05/2026,PARRAS LIBRE,Salida,N,2,CAMINO GRAL. CEPEDA Y EJIDO PARRAS,H3,08:30,,,,
02/05/2026,PARRAS LIBRE,Salida,N,2,CAMINO GRAL. CEPEDA Y EJIDO PARRAS,H4,20:30,,,,
02/05/2026,PARRAS LIBRE,Salida,N,2,CAMINO GRAL. CEPEDA Y EJIDO PARRAS,H5,20:30,,,,
02/05/2026,PARRAS LIBRE,Salida,N,3,GENERAL CEPEDA Y COLIMA,H1,17:47,,,,
02/05/2026,PARRAS LIBRE,Salida,N,3,GENERAL CEPEDA Y COLIMA,H2,08:32,,,,
02/05/2026,PARRAS LIBRE,Salida,N,3,GENERAL CEPEDA Y COLIMA,H3,08:32,,,,
02/05/2026,PARRAS LIBRE,Salida,N,3,GENERAL CEPEDA Y COLIMA,H4,20:32,,,,
02/05/2026,PARRAS LIBRE,Salida,N,3,GENERAL CEPEDA Y COLIMA,H5,20:32,,,,
02/05/2026,PARRAS LIBRE,Salida,N,4,GENERAL CEPEDA Y RAMOS ARIZPE,H1,17:55,,,,
02/05/2026,PARRAS LIBRE,Salida,N,4,GENERAL CEPEDA Y RAMOS ARIZPE,H2,08:40,,,,
02/05/2026,PARRAS LIBRE,Salida,N,4,GENERAL CEPEDA Y RAMOS ARIZPE,H3,08:40,,,,
02/05/2026,PARRAS LIBRE,Salida,N,4,GENERAL CEPEDA Y RAMOS ARIZPE,H4,20:40,,,,
02/05/2026,PARRAS LIBRE,Salida,N,4,GENERAL CEPEDA Y RAMOS ARIZPE,H5,20:40,,,,
02/05/2026,PARRAS LIBRE,Salida,N,5,MANUEL ZAVALA Y MAR DE GALILEA,H1,18:00,,,,
02/05/2026,PARRAS LIBRE,Salida,N,5,MANUEL ZAVALA Y MAR DE GALILEA,H2,08:45,,,,
02/05/2026,PARRAS LIBRE,Salida,N,5,MANUEL ZAVALA Y MAR DE GALILEA,H3,08:45,,,,
02/05/2026,PARRAS LIBRE,Salida,N,5,MANUEL ZAVALA Y MAR DE GALILEA,H4,20:45,,,,
02/05/2026,PARRAS LIBRE,Salida,N,5,MANUEL ZAVALA Y MAR DE GALILEA,H5,20:45,,,,
02/05/2026,PARRAS LIBRE,Salida,N,6,SANTA CATARINA Y VIESCA,H1,18:14,,,,
02/05/2026,PARRAS LIBRE,Salida,N,6,SANTA CATARINA Y VIESCA,H2,08:59,,,,
02/05/2026,PARRAS LIBRE,Salida,N,6,SANTA CATARINA Y VIESCA,H3,08:59,,,,
02/05/2026,PARRAS LIBRE,Salida,N,6,SANTA CATARINA Y VIESCA,H4,20:59,,,,
02/05/2026,PARRAS LIBRE,Salida,N,6,SANTA CATARINA Y VIESCA,H5,20:59,,,,
02/05/2026,PARRAS LIBRE,Salida,N,7,TACUBATA Y FRANCISCO I MADERO,H1,18:20,,,,
02/05/2026,PARRAS LIBRE,Salida,N,7,TACUBATA Y FRANCISCO I MADERO,H2,09:05,,,,
02/05/2026,PARRAS LIBRE,Salida,N,7,TACUBATA Y FRANCISCO I MADERO,H3,09:05,,,,
02/05/2026,PARRAS LIBRE,Salida,N,7,TACUBATA Y FRANCISCO I MADERO,H4,21:05,,,,
02/05/2026,PARRAS LIBRE,Salida,N,7,TACUBATA Y FRANCISCO I MADERO,H5,21:05,,,,
02/05/2026,PORVENIR - GENERAL CEPEDA,Entrada,A,1,PORVENIR,H1,03:45,,,,
02/05/2026,PORVENIR - GENERAL CEPEDA,Entrada,A,1,PORVENIR,H2,15:45,,,,
02/05/2026,PORVENIR - GENERAL CEPEDA,Entrada,A,1,PORVENIR,H3,19:15,,,,
02/05/2026,PORVENIR - GENERAL CEPEDA,Entrada,A,1,PORVENIR,H4,19:45,,,,
02/05/2026,PORVENIR - GENERAL CEPEDA,Entrada,A,2,GUELATAO,H1,03:50,04:14,-24,1,0
02/05/2026,PORVENIR - GENERAL CEPEDA,Entrada,A,2,GUELATAO,H2,15:50,,,,
02/05/2026,PORVENIR - GENERAL CEPEDA,Entrada,A,2,GUELATAO,H3,19:20,,,,
02/05/2026,PORVENIR - GENERAL CEPEDA,Entrada,A,2,GUELATAO,H4,19:50,,,,
02/05/2026,PORVENIR - GENERAL CEPEDA,Entrada,A,3,BLVD; DIANA LAURA,H1,04:06,,,,
02/05/2026,PORVENIR - GENERAL CEPEDA,Entrada,A,3,BLVD; DIANA LAURA,H2,16:06,,,,
02/05/2026,PORVENIR - GENERAL CEPEDA,Entrada,A,3,BLVD; DIANA LAURA,H3,19:36,,,,
02/05/2026,PORVENIR - GENERAL CEPEDA,Entrada,A,3,BLVD; DIANA LAURA,H4,20:06,,,,
02/05/2026,PORVENIR - GENERAL CEPEDA,Entrada,A,4,MARIANO MATAMOROS,H1,04:09,04:33,-24,1,0
02/05/2026,PORVENIR - GENERAL CEPEDA,Entrada,A,4,MARIANO MATAMOROS,H2,16:09,,,,
02/05/2026,PORVENIR - GENERAL CEPEDA,Entrada,A,4,MARIANO MATAMOROS,H3,19:39,,,,
02/05/2026,PORVENIR - GENERAL CEPEDA,Entrada,A,4,MARIANO MATAMOROS,H4,20:09,,,,
02/05/2026,PORVENIR - GENERAL CEPEDA,Entrada,A,5,LOS PRESIDENTES,H1,04:11,04:34,-23,1,0
02/05/2026,PORVENIR - GENERAL CEPEDA,Entrada,A,5,LOS PRESIDENTES,H2,16:11,,,,
02/05/2026,PORVENIR - GENERAL CEPEDA,Entrada,A,5,LOS PRESIDENTES,H3,19:41,,,,
02/05/2026,PORVENIR - GENERAL CEPEDA,Entrada,A,5,LOS PRESIDENTES,H4,20:11,,,,
02/05/2026,PORVENIR - GENERAL CEPEDA,Entrada,A,6,MIGUEL HIDALGO,H1,04:16,04:34,-18,1,0
02/05/2026,PORVENIR - GENERAL CEPEDA,Entrada,A,6,MIGUEL HIDALGO,H2,16:16,,,,
02/05/2026,PORVENIR - GENERAL CEPEDA,Entrada,A,6,MIGUEL HIDALGO,H3,19:46,,,,
02/05/2026,PORVENIR - GENERAL CEPEDA,Entrada,A,6,MIGUEL HIDALGO,H4,20:16,,,,
02/05/2026,PORVENIR - GENERAL CEPEDA,Entrada,A,7,BENITO JUAREZ,H1,04:19,04:37,-18,1,0
02/05/2026,PORVENIR - GENERAL CEPEDA,Entrada,A,7,BENITO JUAREZ,H2,16:19,,,,
02/05/2026,PORVENIR - GENERAL CEPEDA,Entrada,A,7,BENITO JUAREZ,H3,19:49,,,,
02/05/2026,PORVENIR - GENERAL CEPEDA,Entrada,A,7,BENITO JUAREZ,H4,20:19,,,,
02/05/2026,PORVENIR - GENERAL CEPEDA,Entrada,A,8,SAN JOSE,H1,04:50,,,,
02/05/2026,PORVENIR - GENERAL CEPEDA,Entrada,A,8,SAN JOSE,H2,16:50,,,,
02/05/2026,PORVENIR - GENERAL CEPEDA,Entrada,A,8,SAN JOSE,H3,20:20,,,,
02/05/2026,PORVENIR - GENERAL CEPEDA,Entrada,A,8,SAN JOSE,H4,20:50,,,,
02/05/2026,PORVENIR - GENERAL CEPEDA,Entrada,A,9,RANCHO NUEVO,H1,05:00,05:01,-1,1,0
02/05/2026,PORVENIR - GENERAL CEPEDA,Entrada,A,9,RANCHO NUEVO,H2,17:00,,,,
02/05/2026,PORVENIR - GENERAL CEPEDA,Entrada,A,9,RANCHO NUEVO,H3,20:30,,,,
02/05/2026,PORVENIR - GENERAL CEPEDA,Entrada,A,9,RANCHO NUEVO,H4,21:00,,,,
02/05/2026,PORVENIR - GENERAL CEPEDA,Entrada,A,10,SANTA TERESA,H1,05:06,05:05,1,1,0
02/05/2026,PORVENIR - GENERAL CEPEDA,Entrada,A,10,SANTA TERESA,H2,17:06,,,,
02/05/2026,PORVENIR - GENERAL CEPEDA,Entrada,A,10,SANTA TERESA,H3,20:36,,,,
02/05/2026,PORVENIR - GENERAL CEPEDA,Entrada,A,10,SANTA TERESA,H4,21:06,,,,
02/05/2026,PORVENIR - GENERAL CEPEDA,Entrada,A,11,CHAPULA,H1,05:15,05:13,2,1,0
02/05/2026,PORVENIR - GENERAL CEPEDA,Entrada,A,11,CHAPULA,H2,17:15,,,,
02/05/2026,PORVENIR - GENERAL CEPEDA,Entrada,A,11,CHAPULA,H3,20:45,,,,
02/05/2026,PORVENIR - GENERAL CEPEDA,Entrada,A,11,CHAPULA,H4,21:15,,,,
02/05/2026,PORVENIR - GENERAL CEPEDA,Entrada,A,12,DERRAMADERO,H1,05:20,05:17,3,1,0
02/05/2026,PORVENIR - GENERAL CEPEDA,Entrada,A,12,DERRAMADERO,H2,17:20,,,,
02/05/2026,PORVENIR - GENERAL CEPEDA,Entrada,A,12,DERRAMADERO,H3,20:50,,,,
02/05/2026,PORVENIR - GENERAL CEPEDA,Entrada,A,12,DERRAMADERO,H4,21:20,,,,
02/05/2026,PORVENIR - GENERAL CEPEDA,Entrada,A,13,SAN JUAN DE LA VAQUERIA,H1,05:28,,,,
02/05/2026,PORVENIR - GENERAL CEPEDA,Entrada,A,13,SAN JUAN DE LA VAQUERIA,H2,17:28,,,,
02/05/2026,PORVENIR - GENERAL CEPEDA,Entrada,A,13,SAN JUAN DE LA VAQUERIA,H3,20:58,,,,
02/05/2026,PORVENIR - GENERAL CEPEDA,Entrada,A,13,SAN JUAN DE LA VAQUERIA,H4,21:28,,,,
02/05/2026,PORVENIR - GENERAL CEPEDA,Entrada,A,14,METALSA,H1,05:50,05:50,0,1,0
02/05/2026,PORVENIR - GENERAL CEPEDA,Entrada,A,14,METALSA,H2,17:50,,,,
02/05/2026,PORVENIR - GENERAL CEPEDA,Entrada,A,14,METALSA,H3,21:20,,,,
02/05/2026,PORVENIR - GENERAL CEPEDA,Entrada,A,14,METALSA,H4,21:50,,,,
02/05/2026,PORVENIR - GENERAL CEPEDA,Salida,N,1,METALSA,H1,06:15,,,,
02/05/2026,PORVENIR - GENERAL CEPEDA,Salida,N,1,METALSA,H2,15:30,,,,
02/05/2026,PORVENIR - GENERAL CEPEDA,Salida,N,1,METALSA,H3,18:15,,,,
02/05/2026,PORVENIR - GENERAL CEPEDA,Salida,N,2,SAN JUAN DE LA VAQUERIA,H1,06:50,,,,
02/05/2026,PORVENIR - GENERAL CEPEDA,Salida,N,2,SAN JUAN DE LA VAQUERIA,H2,16:05,,,,
02/05/2026,PORVENIR - GENERAL CEPEDA,Salida,N,2,SAN JUAN DE LA VAQUERIA,H3,18:50,18:37,13,1,0
02/05/2026,PORVENIR - GENERAL CEPEDA,Salida,N,3,DERRAMADERO,H1,06:55,,,,
02/05/2026,PORVENIR - GENERAL CEPEDA,Salida,N,3,DERRAMADERO,H2,16:10,,,,
02/05/2026,PORVENIR - GENERAL CEPEDA,Salida,N,3,DERRAMADERO,H3,18:55,,,,
02/05/2026,PORVENIR - GENERAL CEPEDA,Salida,N,4,CHAPULA,H1,06:56,,,,
02/05/2026,PORVENIR - GENERAL CEPEDA,Salida,N,4,CHAPULA,H2,16:15,,,,
02/05/2026,PORVENIR - GENERAL CEPEDA,Salida,N,4,CHAPULA,H3,19:00,,,,
02/05/2026,PORVENIR - GENERAL CEPEDA,Salida,N,5,SANTA TERESA,H1,06:57,,,,
02/05/2026,PORVENIR - GENERAL CEPEDA,Salida,N,5,SANTA TERESA,H2,16:18,,,,
02/05/2026,PORVENIR - GENERAL CEPEDA,Salida,N,5,SANTA TERESA,H3,19:03,18:49,14,1,0
02/05/2026,PORVENIR - GENERAL CEPEDA,Salida,N,6,RANCHO NUEVO,H1,07:10,,,,
02/05/2026,PORVENIR - GENERAL CEPEDA,Salida,N,6,RANCHO NUEVO,H2,16:25,,,,
02/05/2026,PORVENIR - GENERAL CEPEDA,Salida,N,6,RANCHO NUEVO,H3,19:10,18:53,17,1,0
02/05/2026,PORVENIR - GENERAL CEPEDA,Salida,N,7,SAN JOSE,H1,07:11,,,,
02/05/2026,PORVENIR - GENERAL CEPEDA,Salida,N,7,SAN JOSE,H2,16:26,,,,
02/05/2026,PORVENIR - GENERAL CEPEDA,Salida,N,7,SAN JOSE,H3,19:11,,,,
02/05/2026,PORVENIR - GENERAL CEPEDA,Salida,N,8,BENITO JUAREZ,H1,07:12,,,,
02/05/2026,PORVENIR - GENERAL CEPEDA,Salida,N,8,BENITO JUAREZ,H2,16:27,,,,
02/05/2026,PORVENIR - GENERAL CEPEDA,Salida,N,8,BENITO JUAREZ,H3,19:12,,,,
02/05/2026,PORVENIR - GENERAL CEPEDA,Salida,N,9,MIGUEL HIDALGO,H1,07:13,,,,
02/05/2026,PORVENIR - GENERAL CEPEDA,Salida,N,9,MIGUEL HIDALGO,H2,16:28,,,,
02/05/2026,PORVENIR - GENERAL CEPEDA,Salida,N,9,MIGUEL HIDALGO,H3,19:13,19:20,-7,1,0
02/05/2026,PORVENIR - GENERAL CEPEDA,Salida,N,10,LOS PRESIDENTES,H1,07:14,,,,
02/05/2026,PORVENIR - GENERAL CEPEDA,Salida,N,10,LOS PRESIDENTES,H2,16:29,,,,
02/05/2026,PORVENIR - GENERAL CEPEDA,Salida,N,10,LOS PRESIDENTES,H3,19:14,19:19,-5,1,0
02/05/2026,PORVENIR - GENERAL CEPEDA,Salida,N,11,MARIANO MATAMOROS,H1,07:30,,,,
02/05/2026,PORVENIR - GENERAL CEPEDA,Salida,N,11,MARIANO MATAMOROS,H2,16:45,,,,
02/05/2026,PORVENIR - GENERAL CEPEDA,Salida,N,11,MARIANO MATAMOROS,H3,19:30,19:19,11,1,0
02/05/2026,PORVENIR - GENERAL CEPEDA,Salida,N,12,BLVD; DIANA LAURA,H1,07:31,,,,
02/05/2026,PORVENIR - GENERAL CEPEDA,Salida,N,12,BLVD; DIANA LAURA,H2,16:46,,,,
02/05/2026,PORVENIR - GENERAL CEPEDA,Salida,N,12,BLVD; DIANA LAURA,H3,19:31,19:18,13,1,0
02/05/2026,PORVENIR - GENERAL CEPEDA,Salida,N,13,GUELATAO,H1,07:40,,,,
02/05/2026,PORVENIR - GENERAL CEPEDA,Salida,N,13,GUELATAO,H2,16:55,,,,
02/05/2026,PORVENIR - GENERAL CEPEDA,Salida,N,13,GUELATAO,H3,19:40,19:28,12,1,0
02/05/2026,PORVENIR - GENERAL CEPEDA,Salida,N,14,PORVENIR,H1,07:45,,,,
02/05/2026,PORVENIR - GENERAL CEPEDA,Salida,N,14,PORVENIR,H2,17:00,,,,
02/05/2026,PORVENIR - GENERAL CEPEDA,Salida,N,14,PORVENIR,H3,19:45,,,,
02/05/2026,PUERTO MEXICO,Entrada,A,1,PUERTO MEXICO,H1,20:10,,,,
02/05/2026,PUERTO MEXICO,Entrada,A,1,PUERTO MEXICO,H2,04:40,,,,
02/05/2026,PUERTO MEXICO,Entrada,A,1,PUERTO MEXICO,H3,04:40,,,,
02/05/2026,PUERTO MEXICO,Entrada,A,1,PUERTO MEXICO,H4,16:40,,,,
02/05/2026,PUERTO MEXICO,Entrada,A,1,PUERTO MEXICO,H5,16:40,,,,
02/05/2026,PUERTO MEXICO,Entrada,A,1,PUERTO MEXICO,H6,20:40,,,,
02/05/2026,PUERTO MEXICO,Entrada,A,2,CUIJE,H1,20:22,,,,
02/05/2026,PUERTO MEXICO,Entrada,A,2,CUIJE,H2,04:52,,,,
02/05/2026,PUERTO MEXICO,Entrada,A,2,CUIJE,H3,04:52,,,,
02/05/2026,PUERTO MEXICO,Entrada,A,2,CUIJE,H4,16:52,,,,
02/05/2026,PUERTO MEXICO,Entrada,A,2,CUIJE,H5,16:52,,,,
02/05/2026,PUERTO MEXICO,Entrada,A,2,CUIJE,H6,20:52,,,,
02/05/2026,PUERTO MEXICO,Entrada,A,3,NAVIDAD,H1,20:32,,,,
02/05/2026,PUERTO MEXICO,Entrada,A,3,NAVIDAD,H2,05:02,,,,
02/05/2026,PUERTO MEXICO,Entrada,A,3,NAVIDAD,H3,05:02,,,,
02/05/2026,PUERTO MEXICO,Entrada,A,3,NAVIDAD,H4,17:02,,,,
02/05/2026,PUERTO MEXICO,Entrada,A,3,NAVIDAD,H5,17:02,,,,
02/05/2026,PUERTO MEXICO,Entrada,A,3,NAVIDAD,H6,21:02,,,,
02/05/2026,PUERTO MEXICO,Entrada,A,4,CHAPULTEPEC,H1,20:45,,,,
02/05/2026,PUERTO MEXICO,Entrada,A,4,CHAPULTEPEC,H2,05:15,,,,
02/05/2026,PUERTO MEXICO,Entrada,A,4,CHAPULTEPEC,H3,05:15,,,,
02/05/2026,PUERTO MEXICO,Entrada,A,4,CHAPULTEPEC,H4,17:15,,,,
02/05/2026,PUERTO MEXICO,Entrada,A,4,CHAPULTEPEC,H5,17:15,,,,
02/05/2026,PUERTO MEXICO,Entrada,A,4,CHAPULTEPEC,H6,21:15,,,,
02/05/2026,PUERTO MEXICO,Entrada,A,5,JAHUEY,H1,21:00,,,,
02/05/2026,PUERTO MEXICO,Entrada,A,5,JAHUEY,H2,05:30,,,,
02/05/2026,PUERTO MEXICO,Entrada,A,5,JAHUEY,H3,05:30,,,,
02/05/2026,PUERTO MEXICO,Entrada,A,5,JAHUEY,H4,17:30,,,,
02/05/2026,PUERTO MEXICO,Entrada,A,5,JAHUEY,H5,17:30,,,,
02/05/2026,PUERTO MEXICO,Entrada,A,5,JAHUEY,H6,21:30,,,,
02/05/2026,PUERTO MEXICO,Entrada,A,6,METALSA,H1,21:20,,,,
02/05/2026,PUERTO MEXICO,Entrada,A,6,METALSA,H2,05:50,,,,
02/05/2026,PUERTO MEXICO,Entrada,A,6,METALSA,H3,05:50,,,,
02/05/2026,PUERTO MEXICO,Entrada,A,6,METALSA,H4,17:50,,,,
02/05/2026,PUERTO MEXICO,Entrada,A,6,METALSA,H5,17:50,,,,
02/05/2026,PUERTO MEXICO,Entrada,A,6,METALSA,H6,21:50,,,,
02/05/2026,PUERTO MEXICO,Salida,A,1,METALSA,H1,15:30,,,,
02/05/2026,PUERTO MEXICO,Salida,A,1,METALSA,H2,06:15,,,,
02/05/2026,PUERTO MEXICO,Salida,A,1,METALSA,H3,06:15,,,,
02/05/2026,PUERTO MEXICO,Salida,A,1,METALSA,H4,18:15,,,,
02/05/2026,PUERTO MEXICO,Salida,A,1,METALSA,H5,18:15,,,,
02/05/2026,PUERTO MEXICO,Salida,A,2,JAHUEY,H1,15:50,,,,
02/05/2026,PUERTO MEXICO,Salida,A,2,JAHUEY,H2,06:35,,,,
02/05/2026,PUERTO MEXICO,Salida,A,2,JAHUEY,H3,06:35,,,,
02/05/2026,PUERTO MEXICO,Salida,A,2,JAHUEY,H4,18:35,,,,
02/05/2026,PUERTO MEXICO,Salida,A,2,JAHUEY,H5,18:35,,,,
02/05/2026,PUERTO MEXICO,Salida,A,3,CHAPULTEPEC,H1,16:05,,,,
02/05/2026,PUERTO MEXICO,Salida,A,3,CHAPULTEPEC,H2,06:50,,,,
02/05/2026,PUERTO MEXICO,Salida,A,3,CHAPULTEPEC,H3,06:50,,,,
02/05/2026,PUERTO MEXICO,Salida,A,3,CHAPULTEPEC,H4,18:50,,,,
02/05/2026,PUERTO MEXICO,Salida,A,3,CHAPULTEPEC,H5,18:50,,,,
02/05/2026,PUERTO MEXICO,Salida,A,4,NAVIDAD,H1,16:18,,,,
02/05/2026,PUERTO MEXICO,Salida,A,4,NAVIDAD,H2,07:03,,,,
02/05/2026,PUERTO MEXICO,Salida,A,4,NAVIDAD,H3,07:03,,,,
02/05/2026,PUERTO MEXICO,Salida,A,4,NAVIDAD,H4,19:03,,,,
02/05/2026,PUERTO MEXICO,Salida,A,4,NAVIDAD,H5,19:03,,,,
02/05/2026,PUERTO MEXICO,Salida,A,5,CUIJE,H1,16:28,,,,
02/05/2026,PUERTO MEXICO,Salida,A,5,CUIJE,H2,07:13,,,,
02/05/2026,PUERTO MEXICO,Salida,A,5,CUIJE,H3,07:13,,,,
02/05/2026,PUERTO MEXICO,Salida,A,5,CUIJE,H4,19:13,,,,
02/05/2026,PUERTO MEXICO,Salida,A,5,CUIJE,H5,19:13,,,,
02/05/2026,PUERTO MEXICO,Salida,A,6,PUERTO MEXICO,H1,16:40,,,,
02/05/2026,PUERTO MEXICO,Salida,A,6,PUERTO MEXICO,H2,07:25,,,,
02/05/2026,PUERTO MEXICO,Salida,A,6,PUERTO MEXICO,H3,07:25,,,,
02/05/2026,PUERTO MEXICO,Salida,A,6,PUERTO MEXICO,H4,19:25,,,,
02/05/2026,PUERTO MEXICO,Salida,A,6,PUERTO MEXICO,H5,19:25,,,,
02/05/2026,ROMA,Entrada,N,1,FCO. LAZACORTA Y JOSE MARIANO MICHELENA,H1,04:45,04:48,-3,1,0
02/05/2026,ROMA,Entrada,N,1,FCO. LAZACORTA Y JOSE MARIANO MICHELENA,H2,16:45,,,,
02/05/2026,ROMA,Entrada,N,1,FCO. LAZACORTA Y JOSE MARIANO MICHELENA,H3,20:15,,,,
02/05/2026,ROMA,Entrada,N,1,FCO. LAZACORTA Y JOSE MARIANO MICHELENA,H4,20:45,,,,
02/05/2026,ROMA,Entrada,N,2,SIERRA DE LOS PINOS Y PRINCIPAL,H1,04:48,04:50,-2,1,0
02/05/2026,ROMA,Entrada,N,2,SIERRA DE LOS PINOS Y PRINCIPAL,H2,16:48,,,,
02/05/2026,ROMA,Entrada,N,2,SIERRA DE LOS PINOS Y PRINCIPAL,H3,20:18,,,,
02/05/2026,ROMA,Entrada,N,2,SIERRA DE LOS PINOS Y PRINCIPAL,H4,20:48,,,,
02/05/2026,ROMA,Entrada,N,3,OSA MAYOR Y BUSTAMANTE,H1,04:53,,,,
02/05/2026,ROMA,Entrada,N,3,OSA MAYOR Y BUSTAMANTE,H2,16:53,,,,
02/05/2026,ROMA,Entrada,N,3,OSA MAYOR Y BUSTAMANTE,H3,20:23,,,,
02/05/2026,ROMA,Entrada,N,3,OSA MAYOR Y BUSTAMANTE,H4,20:53,,,,
02/05/2026,ROMA,Entrada,N,4,EUGENIO REYES Y PEDRO AMPUDIA,H1,05:01,05:05,-4,1,0
02/05/2026,ROMA,Entrada,N,4,EUGENIO REYES Y PEDRO AMPUDIA,H2,17:01,,,,
02/05/2026,ROMA,Entrada,N,4,EUGENIO REYES Y PEDRO AMPUDIA,H3,20:31,,,,
02/05/2026,ROMA,Entrada,N,4,EUGENIO REYES Y PEDRO AMPUDIA,H4,21:01,,,,
02/05/2026,ROMA,Entrada,N,5,FELIPE BERRIOZABAL Y MARAVILLAS,H1,05:06,05:07,-1,1,0
02/05/2026,ROMA,Entrada,N,5,FELIPE BERRIOZABAL Y MARAVILLAS,H2,17:06,,,,
02/05/2026,ROMA,Entrada,N,5,FELIPE BERRIOZABAL Y MARAVILLAS,H3,20:36,,,,
02/05/2026,ROMA,Entrada,N,5,FELIPE BERRIOZABAL Y MARAVILLAS,H4,21:06,,,,
02/05/2026,ROMA,Entrada,N,6,FCO I MADERO Y CALZ ANTONIO NARRO,H1,05:15,05:18,-3,1,0
02/05/2026,ROMA,Entrada,N,6,FCO I MADERO Y CALZ ANTONIO NARRO,H2,17:15,,,,
02/05/2026,ROMA,Entrada,N,6,FCO I MADERO Y CALZ ANTONIO NARRO,H3,20:45,,,,
02/05/2026,ROMA,Entrada,N,6,FCO I MADERO Y CALZ ANTONIO NARRO,H4,21:15,,,,
02/05/2026,ROMA,Entrada,N,7,CARR. SALTILLO-ZACATECAS,H1,05:20,05:25,-5,1,0
02/05/2026,ROMA,Entrada,N,7,CARR. SALTILLO-ZACATECAS,H2,17:20,,,,
02/05/2026,ROMA,Entrada,N,7,CARR. SALTILLO-ZACATECAS,H3,20:50,,,,
02/05/2026,ROMA,Entrada,N,7,CARR. SALTILLO-ZACATECAS,H4,21:20,,,,
02/05/2026,ROMA,Entrada,N,8,METALSA,H1,05:50,05:48,2,1,0
02/05/2026,ROMA,Entrada,N,8,METALSA,H2,17:50,,,,
02/05/2026,ROMA,Entrada,N,8,METALSA,H3,21:20,,,,
02/05/2026,ROMA,Entrada,N,8,METALSA,H4,21:50,,,,
02/05/2026,ROMA,Salida,N,1,METALSA,H1,06:15,06:15,0,1,0
02/05/2026,ROMA,Salida,N,1,METALSA,H2,15:30,,,,
02/05/2026,ROMA,Salida,N,1,METALSA,H3,18:15,,,,
02/05/2026,ROMA,Salida,N,2,CARR. SALTILLO-ZACATECAS,H1,06:45,06:34,11,1,0
02/05/2026,ROMA,Salida,N,2,CARR. SALTILLO-ZACATECAS,H2,16:00,,,,
02/05/2026,ROMA,Salida,N,2,CARR. SALTILLO-ZACATECAS,H3,18:45,,,,
02/05/2026,ROMA,Salida,N,3,FCO I MADERO Y CALZ ANTONIO NARRO,H1,06:50,,,,
02/05/2026,ROMA,Salida,N,3,FCO I MADERO Y CALZ ANTONIO NARRO,H2,16:05,,,,
02/05/2026,ROMA,Salida,N,3,FCO I MADERO Y CALZ ANTONIO NARRO,H3,18:50,,,,
02/05/2026,ROMA,Salida,N,4,FELIPE BERRIOZABAL Y MARAVILLAS,H1,06:59,06:45,14,1,0
02/05/2026,ROMA,Salida,N,4,FELIPE BERRIOZABAL Y MARAVILLAS,H2,16:14,,,,
02/05/2026,ROMA,Salida,N,4,FELIPE BERRIOZABAL Y MARAVILLAS,H3,18:59,,,,
02/05/2026,ROMA,Salida,N,5,EUGENIO REYES Y PEDRO AMPUDIA,H1,07:04,,,,
02/05/2026,ROMA,Salida,N,5,EUGENIO REYES Y PEDRO AMPUDIA,H2,16:19,,,,
02/05/2026,ROMA,Salida,N,5,EUGENIO REYES Y PEDRO AMPUDIA,H3,19:04,,,,
02/05/2026,ROMA,Salida,N,6,OSA MAYOR Y BUSTAMANTE,H1,07:12,06:56,16,1,0
02/05/2026,ROMA,Salida,N,6,OSA MAYOR Y BUSTAMANTE,H2,16:27,,,,
02/05/2026,ROMA,Salida,N,6,OSA MAYOR Y BUSTAMANTE,H3,19:12,,,,
02/05/2026,ROMA,Salida,N,7,SIERRA DE LOS PINOS Y PRINCIPAL,H1,07:17,,,,
02/05/2026,ROMA,Salida,N,7,SIERRA DE LOS PINOS Y PRINCIPAL,H2,16:32,,,,
02/05/2026,ROMA,Salida,N,7,SIERRA DE LOS PINOS Y PRINCIPAL,H3,19:17,,,,
02/05/2026,ROMA,Salida,N,8,FCO. LAZACORTA Y JOSE MARIANO MICHELENA,H1,07:20,,,,
02/05/2026,ROMA,Salida,N,8,FCO. LAZACORTA Y JOSE MARIANO MICHELENA,H2,16:35,,,,
02/05/2026,ROMA,Salida,N,8,FCO. LAZACORTA Y JOSE MARIANO MICHELENA,H3,19:20,,,,
02/05/2026,SALTILLO 2000,Entrada,N,1,PALACIO DE JUSTICIA,H1,04:30,04:32,-2,1,0
02/05/2026,SALTILLO 2000,Entrada,N,1,PALACIO DE JUSTICIA,H2,16:30,,,,
02/05/2026,SALTILLO 2000,Entrada,N,1,PALACIO DE JUSTICIA,H3,20:00,,,,
02/05/2026,SALTILLO 2000,Entrada,N,1,PALACIO DE JUSTICIA,H4,20:30,,,,
02/05/2026,SALTILLO 2000,Entrada,N,2,ROTONDA SALTILLO 2000,H1,04:35,04:35,0,1,0
02/05/2026,SALTILLO 2000,Entrada,N,2,ROTONDA SALTILLO 2000,H2,16:35,,,,
02/05/2026,SALTILLO 2000,Entrada,N,2,ROTONDA SALTILLO 2000,H3,20:05,,,,
02/05/2026,SALTILLO 2000,Entrada,N,2,ROTONDA SALTILLO 2000,H4,20:35,,,,
02/05/2026,SALTILLO 2000,Entrada,N,3,CUQUITA DE CEPEDA DAVILA  (OXXO),H1,04:45,04:41,4,1,0
02/05/2026,SALTILLO 2000,Entrada,N,3,CUQUITA DE CEPEDA DAVILA  (OXXO),H2,16:45,,,,
02/05/2026,SALTILLO 2000,Entrada,N,3,CUQUITA DE CEPEDA DAVILA  (OXXO),H3,20:15,,,,
02/05/2026,SALTILLO 2000,Entrada,N,3,CUQUITA DE CEPEDA DAVILA  (OXXO),H4,20:45,,,,
02/05/2026,SALTILLO 2000,Entrada,N,4,FCO I MADERO Y  PEDRO AMPUDIA,H1,04:50,04:50,0,1,0
02/05/2026,SALTILLO 2000,Entrada,N,4,FCO I MADERO Y  PEDRO AMPUDIA,H2,16:50,,,,
02/05/2026,SALTILLO 2000,Entrada,N,4,FCO I MADERO Y  PEDRO AMPUDIA,H3,20:20,,,,
02/05/2026,SALTILLO 2000,Entrada,N,4,FCO I MADERO Y  PEDRO AMPUDIA,H4,20:50,,,,
02/05/2026,SALTILLO 2000,Entrada,N,5,PERIF. L.E.A. Y CALZ. ANTONIO NARRO,H1,05:08,05:03,5,1,0
02/05/2026,SALTILLO 2000,Entrada,N,5,PERIF. L.E.A. Y CALZ. ANTONIO NARRO,H2,17:08,,,,
02/05/2026,SALTILLO 2000,Entrada,N,5,PERIF. L.E.A. Y CALZ. ANTONIO NARRO,H3,20:38,,,,
02/05/2026,SALTILLO 2000,Entrada,N,5,PERIF. L.E.A. Y CALZ. ANTONIO NARRO,H4,21:08,,,,
02/05/2026,SALTILLO 2000,Entrada,N,6,BLVD. HACIENDA NARRO,H1,05:20,05:15,5,1,0
02/05/2026,SALTILLO 2000,Entrada,N,6,BLVD. HACIENDA NARRO,H2,17:20,,,,
02/05/2026,SALTILLO 2000,Entrada,N,6,BLVD. HACIENDA NARRO,H3,20:50,,,,
02/05/2026,SALTILLO 2000,Entrada,N,6,BLVD. HACIENDA NARRO,H4,21:20,,,,
02/05/2026,SALTILLO 2000,Entrada,N,7,METALSA,H1,05:50,05:46,4,1,0
02/05/2026,SALTILLO 2000,Entrada,N,7,METALSA,H2,17:50,,,,
02/05/2026,SALTILLO 2000,Entrada,N,7,METALSA,H3,21:20,,,,
02/05/2026,SALTILLO 2000,Entrada,N,7,METALSA,H4,21:50,,,,
02/05/2026,SALTILLO 2000,Salida,N,1,METALSA,H1,06:15,06:16,-1,1,0
02/05/2026,SALTILLO 2000,Salida,N,1,METALSA,H2,15:30,,,,
02/05/2026,SALTILLO 2000,Salida,N,1,METALSA,H3,18:15,,,,
02/05/2026,SALTILLO 2000,Salida,N,2,BLVD. HACIENDA NARRO,H1,06:45,06:40,5,1,0
02/05/2026,SALTILLO 2000,Salida,N,2,BLVD. HACIENDA NARRO,H2,16:00,,,,
02/05/2026,SALTILLO 2000,Salida,N,2,BLVD. HACIENDA NARRO,H3,18:45,18:29,16,1,0
02/05/2026,SALTILLO 2000,Salida,N,3,PERIF. L.E.A. Y CALZ. ANTONIO NARRO,H1,06:57,,,,
02/05/2026,SALTILLO 2000,Salida,N,3,PERIF. L.E.A. Y CALZ. ANTONIO NARRO,H2,16:12,,,,
02/05/2026,SALTILLO 2000,Salida,N,3,PERIF. L.E.A. Y CALZ. ANTONIO NARRO,H3,18:57,18:38,19,1,0
02/05/2026,SALTILLO 2000,Salida,N,4,FCO I MADERO Y  PEDRO AMPUDIA,H1,07:15,07:05,10,1,0
02/05/2026,SALTILLO 2000,Salida,N,4,FCO I MADERO Y  PEDRO AMPUDIA,H2,16:30,,,,
02/05/2026,SALTILLO 2000,Salida,N,4,FCO I MADERO Y  PEDRO AMPUDIA,H3,19:15,18:56,19,1,0
02/05/2026,SALTILLO 2000,Salida,N,5,CUQUITA DE CEPEDA DAVILA  (OXXO),H1,07:20,07:15,5,1,0
02/05/2026,SALTILLO 2000,Salida,N,5,CUQUITA DE CEPEDA DAVILA  (OXXO),H2,16:35,,,,
02/05/2026,SALTILLO 2000,Salida,N,5,CUQUITA DE CEPEDA DAVILA  (OXXO),H3,19:20,19:03,17,1,0
02/05/2026,SALTILLO 2000,Salida,N,6,ROTONDA SALTILLO 2000,H1,07:30,,,,
02/05/2026,SALTILLO 2000,Salida,N,6,ROTONDA SALTILLO 2000,H2,16:45,,,,
02/05/2026,SALTILLO 2000,Salida,N,6,ROTONDA SALTILLO 2000,H3,19:30,,,,
02/05/2026,SALTILLO 2000,Salida,N,7,PALACIO DE JUSTICIA,H1,07:35,07:17,18,1,0
02/05/2026,SALTILLO 2000,Salida,N,7,PALACIO DE JUSTICIA,H2,16:50,,,,
02/05/2026,SALTILLO 2000,Salida,N,7,PALACIO DE JUSTICIA,H3,19:35,,,,
02/05/2026,SAN FRANCISCO,Entrada,A,1,LA CUCHILLA,H1,19:35,,,,
02/05/2026,SAN FRANCISCO,Entrada,A,1,LA CUCHILLA,H2,04:05,,,,
02/05/2026,SAN FRANCISCO,Entrada,A,1,LA CUCHILLA,H3,16:05,,,,
02/05/2026,SAN FRANCISCO,Entrada,A,1,LA CUCHILLA,H4,20:05,,,,
02/05/2026,SAN FRANCISCO,Entrada,A,2,SAN JUAN RETIRO,H1,19:44,,,,
02/05/2026,SAN FRANCISCO,Entrada,A,2,SAN JUAN RETIRO,H2,04:14,,,,
02/05/2026,SAN FRANCISCO,Entrada,A,2,SAN JUAN RETIRO,H3,16:14,,,,
02/05/2026,SAN FRANCISCO,Entrada,A,2,SAN JUAN RETIRO,H4,20:14,,,,
02/05/2026,SAN FRANCISCO,Entrada,A,3,NUEVO GOMEZ,H1,19:54,,,,
02/05/2026,SAN FRANCISCO,Entrada,A,3,NUEVO GOMEZ,H2,04:24,,,,
02/05/2026,SAN FRANCISCO,Entrada,A,3,NUEVO GOMEZ,H3,16:24,,,,
02/05/2026,SAN FRANCISCO,Entrada,A,3,NUEVO GOMEZ,H4,20:24,,,,
02/05/2026,SAN FRANCISCO,Entrada,A,4,SAN FRANCISCO,H1,20:06,,,,
02/05/2026,SAN FRANCISCO,Entrada,A,4,SAN FRANCISCO,H2,04:36,04:59,-23,1,0
02/05/2026,SAN FRANCISCO,Entrada,A,4,SAN FRANCISCO,H3,16:36,,,,
02/05/2026,SAN FRANCISCO,Entrada,A,4,SAN FRANCISCO,H4,20:36,,,,
02/05/2026,SAN FRANCISCO,Entrada,A,5,MANGAS,H1,20:16,,,,
02/05/2026,SAN FRANCISCO,Entrada,A,5,MANGAS,H2,04:46,,,,
02/05/2026,SAN FRANCISCO,Entrada,A,5,MANGAS,H3,16:46,,,,
02/05/2026,SAN FRANCISCO,Entrada,A,5,MANGAS,H4,20:46,,,,
02/05/2026,SAN FRANCISCO,Entrada,A,6,COLONIAS,H1,20:52,,,,
02/05/2026,SAN FRANCISCO,Entrada,A,6,COLONIAS,H2,05:22,,,,
02/05/2026,SAN FRANCISCO,Entrada,A,6,COLONIAS,H3,17:22,,,,
02/05/2026,SAN FRANCISCO,Entrada,A,6,COLONIAS,H4,21:22,,,,
02/05/2026,SAN FRANCISCO,Entrada,A,7,AGUA NUEVA,H1,21:00,,,,
02/05/2026,SAN FRANCISCO,Entrada,A,7,AGUA NUEVA,H2,05:30,05:34,-4,1,0
02/05/2026,SAN FRANCISCO,Entrada,A,7,AGUA NUEVA,H3,17:30,,,,
02/05/2026,SAN FRANCISCO,Entrada,A,7,AGUA NUEVA,H4,21:25,,,,
02/05/2026,SAN FRANCISCO,Entrada,A,8,METALSA,H1,21:20,,,,
02/05/2026,SAN FRANCISCO,Entrada,A,8,METALSA,H2,05:50,,,,
02/05/2026,SAN FRANCISCO,Entrada,A,8,METALSA,H3,17:50,,,,
02/05/2026,SAN FRANCISCO,Entrada,A,8,METALSA,H4,21:50,,,,
02/05/2026,SAN FRANCISCO,Salida,N,1,METALSA,H1,15:30,,,,
02/05/2026,SAN FRANCISCO,Salida,N,1,METALSA,H2,18:15,,,,
02/05/2026,SAN FRANCISCO,Salida,N,1,METALSA,H3,06:15,,,,
02/05/2026,SAN FRANCISCO,Salida,N,2,AGUA NUEVA,H1,15:59,,,,
02/05/2026,SAN FRANCISCO,Salida,N,2,AGUA NUEVA,H2,18:44,,,,
02/05/2026,SAN FRANCISCO,Salida,N,2,AGUA NUEVA,H3,06:44,,,,
02/05/2026,SAN FRANCISCO,Salida,N,3,COLONIAS,H1,16:10,,,,
02/05/2026,SAN FRANCISCO,Salida,N,3,COLONIAS,H2,18:55,,,,
02/05/2026,SAN FRANCISCO,Salida,N,3,COLONIAS,H3,06:55,,,,
02/05/2026,SAN FRANCISCO,Salida,N,4,MANGAS,H1,16:34,,,,
02/05/2026,SAN FRANCISCO,Salida,N,4,MANGAS,H2,19:19,,,,
02/05/2026,SAN FRANCISCO,Salida,N,4,MANGAS,H3,07:19,,,,
02/05/2026,SAN FRANCISCO,Salida,N,5,SAN FRANCISCO,H1,16:46,,,,
02/05/2026,SAN FRANCISCO,Salida,N,5,SAN FRANCISCO,H2,19:31,,,,
02/05/2026,SAN FRANCISCO,Salida,N,5,SAN FRANCISCO,H3,07:31,,,,
02/05/2026,SAN FRANCISCO,Salida,N,6,NUEVO GOMEZ,H1,16:56,,,,
02/05/2026,SAN FRANCISCO,Salida,N,6,NUEVO GOMEZ,H2,19:41,,,,
02/05/2026,SAN FRANCISCO,Salida,N,6,NUEVO GOMEZ,H3,07:41,,,,
02/05/2026,SAN FRANCISCO,Salida,N,7,SAN JUAN RETIRO,H1,17:06,,,,
02/05/2026,SAN FRANCISCO,Salida,N,7,SAN JUAN RETIRO,H2,19:51,,,,
02/05/2026,SAN FRANCISCO,Salida,N,7,SAN JUAN RETIRO,H3,07:51,,,,
02/05/2026,SAN FRANCISCO,Salida,N,8,LA CUCHILLA,H1,17:15,,,,
02/05/2026,SAN FRANCISCO,Salida,N,8,LA CUCHILLA,H2,20:00,,,,
02/05/2026,SAN FRANCISCO,Salida,N,8,LA CUCHILLA,H3,08:00,,,,
02/05/2026,SAN MIGUEL,Entrada,A,1,SAN MIGUEL,H1,19:50,,,,
02/05/2026,SAN MIGUEL,Entrada,A,1,SAN MIGUEL,H2,04:20,,,,
02/05/2026,SAN MIGUEL,Entrada,A,1,SAN MIGUEL,H3,16:20,,,,
02/05/2026,SAN MIGUEL,Entrada,A,1,SAN MIGUEL,H4,20:20,,,,
02/05/2026,SAN MIGUEL,Entrada,A,2,ZACATERA,H1,19:53,,,,
02/05/2026,SAN MIGUEL,Entrada,A,2,ZACATERA,H2,04:23,,,,
02/05/2026,SAN MIGUEL,Entrada,A,2,ZACATERA,H3,16:23,,,,
02/05/2026,SAN MIGUEL,Entrada,A,2,ZACATERA,H4,20:23,,,,
02/05/2026,SAN MIGUEL,Entrada,A,3,GOMEZ FARIAS,H1,20:00,,,,
02/05/2026,SAN MIGUEL,Entrada,A,3,GOMEZ FARIAS,H2,04:30,,,,
02/05/2026,SAN MIGUEL,Entrada,A,3,GOMEZ FARIAS,H3,16:30,,,,
02/05/2026,SAN MIGUEL,Entrada,A,3,GOMEZ FARIAS,H4,20:30,,,,
02/05/2026,SAN MIGUEL,Entrada,A,4,GUADALUPE VICTORIA,H1,20:25,,,,
02/05/2026,SAN MIGUEL,Entrada,A,4,GUADALUPE VICTORIA,H2,04:55,,,,
02/05/2026,SAN MIGUEL,Entrada,A,4,GUADALUPE VICTORIA,H3,16:55,,,,
02/05/2026,SAN MIGUEL,Entrada,A,4,GUADALUPE VICTORIA,H4,20:55,,,,
02/05/2026,SAN MIGUEL,Entrada,A,5,COLONIAS,H1,20:35,,,,
02/05/2026,SAN MIGUEL,Entrada,A,5,COLONIAS,H2,05:05,,,,
02/05/2026,SAN MIGUEL,Entrada,A,5,COLONIAS,H3,17:05,,,,
02/05/2026,SAN MIGUEL,Entrada,A,5,COLONIAS,H4,21:05,,,,
02/05/2026,SAN MIGUEL,Entrada,A,6,AGUA NUEVA,H1,20:50,,,,
02/05/2026,SAN MIGUEL,Entrada,A,6,AGUA NUEVA,H2,05:20,,,,
02/05/2026,SAN MIGUEL,Entrada,A,6,AGUA NUEVA,H3,17:20,,,,
02/05/2026,SAN MIGUEL,Entrada,A,6,AGUA NUEVA,H4,21:20,,,,
02/05/2026,SAN MIGUEL,Entrada,A,7,METALSA,H1,21:20,,,,
02/05/2026,SAN MIGUEL,Entrada,A,7,METALSA,H2,05:50,,,,
02/05/2026,SAN MIGUEL,Entrada,A,7,METALSA,H3,17:50,,,,
02/05/2026,SAN MIGUEL,Entrada,A,7,METALSA,H4,21:50,,,,
02/05/2026,SAN MIGUEL,Salida,N,1,METALSA,H1,15:30,,,,
02/05/2026,SAN MIGUEL,Salida,N,1,METALSA,H2,06:15,06:18,-3,1,0
02/05/2026,SAN MIGUEL,Salida,N,1,METALSA,H3,18:15,,,,
02/05/2026,SAN MIGUEL,Salida,N,2,AGUA NUEVA,H1,16:10,,,,
02/05/2026,SAN MIGUEL,Salida,N,2,AGUA NUEVA,H2,06:55,,,,
02/05/2026,SAN MIGUEL,Salida,N,2,AGUA NUEVA,H3,18:55,,,,
02/05/2026,SAN MIGUEL,Salida,N,3,COLONIAS,H1,16:20,,,,
02/05/2026,SAN MIGUEL,Salida,N,3,COLONIAS,H2,07:05,,,,
02/05/2026,SAN MIGUEL,Salida,N,3,COLONIAS,H3,19:05,,,,
02/05/2026,SAN MIGUEL,Salida,N,4,GUADALUPE VICTORIA,H1,16:30,,,,
02/05/2026,SAN MIGUEL,Salida,N,4,GUADALUPE VICTORIA,H2,07:15,,,,
02/05/2026,SAN MIGUEL,Salida,N,4,GUADALUPE VICTORIA,H3,19:15,,,,
02/05/2026,SAN MIGUEL,Salida,N,5,GOMEZ FARIAS,H1,17:05,,,,
02/05/2026,SAN MIGUEL,Salida,N,5,GOMEZ FARIAS,H2,07:50,,,,
02/05/2026,SAN MIGUEL,Salida,N,5,GOMEZ FARIAS,H3,19:50,,,,
02/05/2026,SAN MIGUEL,Salida,N,6,SAN MIGUEL,H1,17:30,,,,
02/05/2026,SAN MIGUEL,Salida,N,6,SAN MIGUEL,H2,08:15,,,,
02/05/2026,SAN MIGUEL,Salida,N,6,SAN MIGUEL,H3,20:15,,,,
02/05/2026,SAN MIGUEL,Salida,N,7,ZACATERA,H1,18:05,,,,
02/05/2026,SAN MIGUEL,Salida,N,7,ZACATERA,H2,08:45,,,,
02/05/2026,SAN MIGUEL,Salida,N,7,ZACATERA,H3,20:45,,,,
02/05/2026,SANTA MARIA - SAN RAFAEL,Entrada,N,1,SAN JOSE ALAMITO,H1,19:00,,,,
02/05/2026,SANTA MARIA - SAN RAFAEL,Entrada,N,1,SAN JOSE ALAMITO,H2,03:30,,,,
02/05/2026,SANTA MARIA - SAN RAFAEL,Entrada,N,1,SAN JOSE ALAMITO,H3,15:30,,,,
02/05/2026,SANTA MARIA - SAN RAFAEL,Entrada,N,1,SAN JOSE ALAMITO,H4,19:30,,,,
02/05/2026,SANTA MARIA - SAN RAFAEL,Entrada,N,2,LA HEDIONDA,H1,19:25,,,,
02/05/2026,SANTA MARIA - SAN RAFAEL,Entrada,N,2,LA HEDIONDA,H2,03:55,,,,
02/05/2026,SANTA MARIA - SAN RAFAEL,Entrada,N,2,LA HEDIONDA,H3,15:55,,,,
02/05/2026,SANTA MARIA - SAN RAFAEL,Entrada,N,2,LA HEDIONDA,H4,19:55,,,,
02/05/2026,SANTA MARIA - SAN RAFAEL,Entrada,N,3,LA CONCHA,H1,19:40,,,,
02/05/2026,SANTA MARIA - SAN RAFAEL,Entrada,N,3,LA CONCHA,H2,04:10,,,,
02/05/2026,SANTA MARIA - SAN RAFAEL,Entrada,N,3,LA CONCHA,H3,16:10,,,,
02/05/2026,SANTA MARIA - SAN RAFAEL,Entrada,N,3,LA CONCHA,H4,20:10,,,,
02/05/2026,SANTA MARIA - SAN RAFAEL,Entrada,N,4,STA MARIA DE RAMOS,H1,19:50,,,,
02/05/2026,SANTA MARIA - SAN RAFAEL,Entrada,N,4,STA MARIA DE RAMOS,H2,04:20,,,,
02/05/2026,SANTA MARIA - SAN RAFAEL,Entrada,N,4,STA MARIA DE RAMOS,H3,16:20,,,,
02/05/2026,SANTA MARIA - SAN RAFAEL,Entrada,N,4,STA MARIA DE RAMOS,H4,20:20,,,,
02/05/2026,SANTA MARIA - SAN RAFAEL,Entrada,N,5,SAN RAFAEL,H1,20:05,,,,
02/05/2026,SANTA MARIA - SAN RAFAEL,Entrada,N,5,SAN RAFAEL,H2,04:35,,,,
02/05/2026,SANTA MARIA - SAN RAFAEL,Entrada,N,5,SAN RAFAEL,H3,16:35,,,,
02/05/2026,SANTA MARIA - SAN RAFAEL,Entrada,N,5,SAN RAFAEL,H4,20:35,,,,
02/05/2026,SANTA MARIA - SAN RAFAEL,Entrada,N,6,NAVIDAD,H1,20:10,,,,
02/05/2026,SANTA MARIA - SAN RAFAEL,Entrada,N,6,NAVIDAD,H2,04:40,,,,
02/05/2026,SANTA MARIA - SAN RAFAEL,Entrada,N,6,NAVIDAD,H3,16:40,,,,
02/05/2026,SANTA MARIA - SAN RAFAEL,Entrada,N,6,NAVIDAD,H4,20:40,,,,
02/05/2026,SANTA MARIA - SAN RAFAEL,Entrada,N,7,ENTRONQUE HUACHICHIL,H1,20:40,,,,
02/05/2026,SANTA MARIA - SAN RAFAEL,Entrada,N,7,ENTRONQUE HUACHICHIL,H2,05:10,,,,
02/05/2026,SANTA MARIA - SAN RAFAEL,Entrada,N,7,ENTRONQUE HUACHICHIL,H3,17:10,,,,
02/05/2026,SANTA MARIA - SAN RAFAEL,Entrada,N,7,ENTRONQUE HUACHICHIL,H4,21:10,,,,
02/05/2026,SANTA MARIA - SAN RAFAEL,Entrada,N,8,METALSA,H1,21:20,,,,
02/05/2026,SANTA MARIA - SAN RAFAEL,Entrada,N,8,METALSA,H2,05:50,,,,
02/05/2026,SANTA MARIA - SAN RAFAEL,Entrada,N,8,METALSA,H3,17:50,,,,
02/05/2026,SANTA MARIA - SAN RAFAEL,Entrada,N,8,METALSA,H4,21:50,,,,
02/05/2026,SANTA MARIA - SAN RAFAEL,Salida,N,1,METALSA,H1,15:30,,,,
02/05/2026,SANTA MARIA - SAN RAFAEL,Salida,N,1,METALSA,H2,06:15,,,,
02/05/2026,SANTA MARIA - SAN RAFAEL,Salida,N,1,METALSA,H3,18:15,,,,
02/05/2026,SANTA MARIA - SAN RAFAEL,Salida,N,2,ENTRONQUE HUACHICHIL,H1,15:31,,,,
02/05/2026,SANTA MARIA - SAN RAFAEL,Salida,N,2,ENTRONQUE HUACHICHIL,H2,06:16,,,,
02/05/2026,SANTA MARIA - SAN RAFAEL,Salida,N,2,ENTRONQUE HUACHICHIL,H3,18:16,,,,
02/05/2026,SANTA MARIA - SAN RAFAEL,Salida,N,3,NAVIDAD,H1,15:32,,,,
02/05/2026,SANTA MARIA - SAN RAFAEL,Salida,N,3,NAVIDAD,H2,06:17,,,,
02/05/2026,SANTA MARIA - SAN RAFAEL,Salida,N,3,NAVIDAD,H3,18:17,,,,
02/05/2026,SANTA MARIA - SAN RAFAEL,Salida,N,4,SAN RAFAEL,H1,15:33,,,,
02/05/2026,SANTA MARIA - SAN RAFAEL,Salida,N,4,SAN RAFAEL,H2,06:18,,,,
02/05/2026,SANTA MARIA - SAN RAFAEL,Salida,N,4,SAN RAFAEL,H3,18:18,,,,
02/05/2026,SANTA MARIA - SAN RAFAEL,Salida,N,5,STA MARIA DE RAMOS,H1,16:50,,,,
02/05/2026,SANTA MARIA - SAN RAFAEL,Salida,N,5,STA MARIA DE RAMOS,H2,07:35,,,,
02/05/2026,SANTA MARIA - SAN RAFAEL,Salida,N,5,STA MARIA DE RAMOS,H3,19:35,,,,
02/05/2026,SANTA MARIA - SAN RAFAEL,Salida,N,6,LA CONCHA,H1,16:55,,,,
02/05/2026,SANTA MARIA - SAN RAFAEL,Salida,N,6,LA CONCHA,H2,07:45,,,,
02/05/2026,SANTA MARIA - SAN RAFAEL,Salida,N,6,LA CONCHA,H3,19:40,,,,
02/05/2026,SANTA MARIA - SAN RAFAEL,Salida,N,7,LA HEDIONDA,H1,17:30,,,,
02/05/2026,SANTA MARIA - SAN RAFAEL,Salida,N,7,LA HEDIONDA,H2,08:00,,,,
02/05/2026,SANTA MARIA - SAN RAFAEL,Salida,N,7,LA HEDIONDA,H3,20:15,,,,
02/05/2026,SANTA MARIA - SAN RAFAEL,Salida,N,8,SAN JOSE ALAMITO,H1,17:55,,,,
02/05/2026,SANTA MARIA - SAN RAFAEL,Salida,N,8,SAN JOSE ALAMITO,H2,08:25,,,,
02/05/2026,SANTA MARIA - SAN RAFAEL,Salida,N,8,SAN JOSE ALAMITO,H3,20:35,,,,
02/05/2026,SECUENCIADOS,Entrada,A,1,CARR. SALTILLO-ZACATECAS,H1,05:45,,,,
02/05/2026,SECUENCIADOS,Entrada,A,1,CARR. SALTILLO-ZACATECAS,H2,17:45,,,,
02/05/2026,SECUENCIADOS,Entrada,A,1,CARR. SALTILLO-ZACATECAS,H3,21:15,,,,
02/05/2026,SECUENCIADOS,Entrada,A,1,CARR. SALTILLO-ZACATECAS,H4,21:45,,,,
02/05/2026,SECUENCIADOS,Entrada,A,2,METALSA,H1,05:50,,,,
02/05/2026,SECUENCIADOS,Entrada,A,2,METALSA,H2,17:50,,,,
02/05/2026,SECUENCIADOS,Entrada,A,2,METALSA,H3,21:20,,,,
02/05/2026,SECUENCIADOS,Entrada,A,2,METALSA,H4,21:50,,,,
02/05/2026,SECUENCIADOS,Salida,A,1,METALSA,H1,05:50,,,,
02/05/2026,SECUENCIADOS,Salida,A,1,METALSA,H2,17:50,,,,
02/05/2026,SECUENCIADOS,Salida,A,1,METALSA,H3,21:20,,,,
02/05/2026,SECUENCIADOS,Salida,A,2,CARR. SALTILLO-ZACATECAS,H1,05:45,,,,
02/05/2026,SECUENCIADOS,Salida,A,2,CARR. SALTILLO-ZACATECAS,H2,17:45,,,,
02/05/2026,SECUENCIADOS,Salida,A,2,CARR. SALTILLO-ZACATECAS,H3,21:15,,,,
02/05/2026,TANQUE DEL CERRO - LA VENTURA,Entrada,A,1,TANQUE DEL CERRO,H1,19:15,,,,
02/05/2026,TANQUE DEL CERRO - LA VENTURA,Entrada,A,1,TANQUE DEL CERRO,H2,03:45,,,,
02/05/2026,TANQUE DEL CERRO - LA VENTURA,Entrada,A,1,TANQUE DEL CERRO,H3,15:45,,,,
02/05/2026,TANQUE DEL CERRO - LA VENTURA,Entrada,A,1,TANQUE DEL CERRO,H4,19:45,,,,
02/05/2026,TANQUE DEL CERRO - LA VENTURA,Entrada,A,2,LA VENTURA,H1,19:35,,,,
02/05/2026,TANQUE DEL CERRO - LA VENTURA,Entrada,A,2,LA VENTURA,H2,04:05,,,,
02/05/2026,TANQUE DEL CERRO - LA VENTURA,Entrada,A,2,LA VENTURA,H3,16:05,,,,
02/05/2026,TANQUE DEL CERRO - LA VENTURA,Entrada,A,2,LA VENTURA,H4,20:05,,,,
02/05/2026,TANQUE DEL CERRO - LA VENTURA,Entrada,A,3,PURISIMA,H1,19:45,,,,
02/05/2026,TANQUE DEL CERRO - LA VENTURA,Entrada,A,3,PURISIMA,H2,04:15,,,,
02/05/2026,TANQUE DEL CERRO - LA VENTURA,Entrada,A,3,PURISIMA,H3,16:15,,,,
02/05/2026,TANQUE DEL CERRO - LA VENTURA,Entrada,A,3,PURISIMA,H4,20:15,,,,
02/05/2026,TANQUE DEL CERRO - LA VENTURA,Entrada,A,4,PRESA SAN PEDRO,H1,19:55,,,,
02/05/2026,TANQUE DEL CERRO - LA VENTURA,Entrada,A,4,PRESA SAN PEDRO,H2,04:25,,,,
02/05/2026,TANQUE DEL CERRO - LA VENTURA,Entrada,A,4,PRESA SAN PEDRO,H3,16:25,,,,
02/05/2026,TANQUE DEL CERRO - LA VENTURA,Entrada,A,4,PRESA SAN PEDRO,H4,20:25,,,,
02/05/2026,TANQUE DEL CERRO - LA VENTURA,Entrada,A,5,TANQUE ESCONDIDO,H1,20:10,,,,
02/05/2026,TANQUE DEL CERRO - LA VENTURA,Entrada,A,5,TANQUE ESCONDIDO,H2,04:40,,,,
02/05/2026,TANQUE DEL CERRO - LA VENTURA,Entrada,A,5,TANQUE ESCONDIDO,H3,16:40,,,,
02/05/2026,TANQUE DEL CERRO - LA VENTURA,Entrada,A,5,TANQUE ESCONDIDO,H4,20:40,,,,
02/05/2026,TANQUE DEL CERRO - LA VENTURA,Entrada,A,6,GUADALUPE VICTORIA,H1,20:38,,,,
02/05/2026,TANQUE DEL CERRO - LA VENTURA,Entrada,A,6,GUADALUPE VICTORIA,H2,05:08,,,,
02/05/2026,TANQUE DEL CERRO - LA VENTURA,Entrada,A,6,GUADALUPE VICTORIA,H3,17:08,,,,
02/05/2026,TANQUE DEL CERRO - LA VENTURA,Entrada,A,6,GUADALUPE VICTORIA,H4,21:08,,,,
02/05/2026,TANQUE DEL CERRO - LA VENTURA,Entrada,A,7,METALSA,H1,21:20,,,,
02/05/2026,TANQUE DEL CERRO - LA VENTURA,Entrada,A,7,METALSA,H2,05:50,,,,
02/05/2026,TANQUE DEL CERRO - LA VENTURA,Entrada,A,7,METALSA,H3,17:50,,,,
02/05/2026,TANQUE DEL CERRO - LA VENTURA,Entrada,A,7,METALSA,H4,21:50,,,,
02/05/2026,TANQUE DEL CERRO - LA VENTURA,Salida,N,1,METALSA,H1,15:30,,,,
02/05/2026,TANQUE DEL CERRO - LA VENTURA,Salida,N,1,METALSA,H2,06:15,,,,
02/05/2026,TANQUE DEL CERRO - LA VENTURA,Salida,N,1,METALSA,H3,18:15,,,,
02/05/2026,TANQUE DEL CERRO - LA VENTURA,Salida,N,2,GUADALUPE VICTORIA,H1,16:00,,,,
02/05/2026,TANQUE DEL CERRO - LA VENTURA,Salida,N,2,GUADALUPE VICTORIA,H2,06:40,,,,
02/05/2026,TANQUE DEL CERRO - LA VENTURA,Salida,N,2,GUADALUPE VICTORIA,H3,18:40,,,,
02/05/2026,TANQUE DEL CERRO - LA VENTURA,Salida,N,3,TANQUE ESCONDIDO,H1,16:01,,,,
02/05/2026,TANQUE DEL CERRO - LA VENTURA,Salida,N,3,TANQUE ESCONDIDO,H2,06:41,,,,
02/05/2026,TANQUE DEL CERRO - LA VENTURA,Salida,N,3,TANQUE ESCONDIDO,H3,18:41,,,,
02/05/2026,TANQUE DEL CERRO - LA VENTURA,Salida,N,4,PRESA SAN PEDRO,H1,16:02,,,,
02/05/2026,TANQUE DEL CERRO - LA VENTURA,Salida,N,4,PRESA SAN PEDRO,H2,06:42,,,,
02/05/2026,TANQUE DEL CERRO - LA VENTURA,Salida,N,4,PRESA SAN PEDRO,H3,18:42,,,,
02/05/2026,TANQUE DEL CERRO - LA VENTURA,Salida,N,5,PURISIMA,H1,16:03,,,,
02/05/2026,TANQUE DEL CERRO - LA VENTURA,Salida,N,5,PURISIMA,H2,06:43,,,,
02/05/2026,TANQUE DEL CERRO - LA VENTURA,Salida,N,5,PURISIMA,H3,18:43,,,,
02/05/2026,TANQUE DEL CERRO - LA VENTURA,Salida,N,6,LA VENTURA,H1,17:00,,,,
02/05/2026,TANQUE DEL CERRO - LA VENTURA,Salida,N,6,LA VENTURA,H2,06:44,,,,
02/05/2026,TANQUE DEL CERRO - LA VENTURA,Salida,N,6,LA VENTURA,H3,19:45,,,,
02/05/2026,TANQUE DEL CERRO - LA VENTURA,Salida,N,7,TANQUE DEL CERRO,H1,17:20,,,,
02/05/2026,TANQUE DEL CERRO - LA VENTURA,Salida,N,7,TANQUE DEL CERRO,H2,08:05,,,,
02/05/2026,TANQUE DEL CERRO - LA VENTURA,Salida,N,7,TANQUE DEL CERRO,H3,20:05,,,,
02/05/2026,TANQUE NUEVO,Entrada,A,1,MATEHUAPIL,H1,18:20,,,,
02/05/2026,TANQUE NUEVO,Entrada,A,1,MATEHUAPIL,H2,02:50,,,,
02/05/2026,TANQUE NUEVO,Entrada,A,1,MATEHUAPIL,H3,02:50,,,,
02/05/2026,TANQUE NUEVO,Entrada,A,1,MATEHUAPIL,H4,14:50,,,,
02/05/2026,TANQUE NUEVO,Entrada,A,1,MATEHUAPIL,H5,14:50,,,,
02/05/2026,TANQUE NUEVO,Entrada,A,1,MATEHUAPIL,H6,18:50,,,,
02/05/2026,TANQUE NUEVO,Entrada,A,2,TANQUE NUEVO,H1,18:30,,,,
02/05/2026,TANQUE NUEVO,Entrada,A,2,TANQUE NUEVO,H2,03:00,,,,
02/05/2026,TANQUE NUEVO,Entrada,A,2,TANQUE NUEVO,H3,03:00,,,,
02/05/2026,TANQUE NUEVO,Entrada,A,2,TANQUE NUEVO,H4,15:00,,,,
02/05/2026,TANQUE NUEVO,Entrada,A,2,TANQUE NUEVO,H5,15:00,,,,
02/05/2026,TANQUE NUEVO,Entrada,A,2,TANQUE NUEVO,H6,19:00,,,,
02/05/2026,TANQUE NUEVO,Entrada,A,3,CLAVELLINAS,H1,18:50,,,,
02/05/2026,TANQUE NUEVO,Entrada,A,3,CLAVELLINAS,H2,03:20,,,,
02/05/2026,TANQUE NUEVO,Entrada,A,3,CLAVELLINAS,H3,03:20,,,,
02/05/2026,TANQUE NUEVO,Entrada,A,3,CLAVELLINAS,H4,15:20,,,,
02/05/2026,TANQUE NUEVO,Entrada,A,3,CLAVELLINAS,H5,15:20,,,,
02/05/2026,TANQUE NUEVO,Entrada,A,3,CLAVELLINAS,H6,19:20,,,,
02/05/2026,TANQUE NUEVO,Entrada,A,4,EL SALVADOR,H1,19:10,,,,
02/05/2026,TANQUE NUEVO,Entrada,A,4,EL SALVADOR,H2,03:40,,,,
02/05/2026,TANQUE NUEVO,Entrada,A,4,EL SALVADOR,H3,03:40,,,,
02/05/2026,TANQUE NUEVO,Entrada,A,4,EL SALVADOR,H4,15:40,,,,
02/05/2026,TANQUE NUEVO,Entrada,A,4,EL SALVADOR,H5,15:40,,,,
02/05/2026,TANQUE NUEVO,Entrada,A,4,EL SALVADOR,H6,19:40,,,,
02/05/2026,TANQUE NUEVO,Entrada,A,5,LA VENTURA,H1,19:30,,,,
02/05/2026,TANQUE NUEVO,Entrada,A,5,LA VENTURA,H2,04:00,,,,
02/05/2026,TANQUE NUEVO,Entrada,A,5,LA VENTURA,H3,04:00,,,,
02/05/2026,TANQUE NUEVO,Entrada,A,5,LA VENTURA,H4,16:00,,,,
02/05/2026,TANQUE NUEVO,Entrada,A,5,LA VENTURA,H5,16:00,,,,
02/05/2026,TANQUE NUEVO,Entrada,A,5,LA VENTURA,H6,20:10,,,,
02/05/2026,TANQUE NUEVO,Entrada,A,6,PRESA SAN PEDRO,H1,19:45,,,,
02/05/2026,TANQUE NUEVO,Entrada,A,6,PRESA SAN PEDRO,H2,04:15,,,,
02/05/2026,TANQUE NUEVO,Entrada,A,6,PRESA SAN PEDRO,H3,04:15,,,,
02/05/2026,TANQUE NUEVO,Entrada,A,6,PRESA SAN PEDRO,H4,16:15,,,,
02/05/2026,TANQUE NUEVO,Entrada,A,6,PRESA SAN PEDRO,H5,16:15,,,,
02/05/2026,TANQUE NUEVO,Entrada,A,6,PRESA SAN PEDRO,H6,20:35,,,,
02/05/2026,TANQUE NUEVO,Entrada,A,7,TANQUE ESCONDIDO,H1,19:55,,,,
02/05/2026,TANQUE NUEVO,Entrada,A,7,TANQUE ESCONDIDO,H2,04:25,,,,
02/05/2026,TANQUE NUEVO,Entrada,A,7,TANQUE ESCONDIDO,H3,04:25,,,,
02/05/2026,TANQUE NUEVO,Entrada,A,7,TANQUE ESCONDIDO,H4,16:25,,,,
02/05/2026,TANQUE NUEVO,Entrada,A,7,TANQUE ESCONDIDO,H5,16:25,,,,
02/05/2026,TANQUE NUEVO,Entrada,A,7,TANQUE ESCONDIDO,H6,20:45,,,,
02/05/2026,TANQUE NUEVO,Entrada,A,8,METALSA,H1,21:20,,,,
02/05/2026,TANQUE NUEVO,Entrada,A,8,METALSA,H2,05:50,,,,
02/05/2026,TANQUE NUEVO,Entrada,A,8,METALSA,H3,05:50,,,,
02/05/2026,TANQUE NUEVO,Entrada,A,8,METALSA,H4,17:50,,,,
02/05/2026,TANQUE NUEVO,Entrada,A,8,METALSA,H5,17:50,,,,
02/05/2026,TANQUE NUEVO,Entrada,A,8,METALSA,H6,21:50,,,,
02/05/2026,TANQUE NUEVO,Salida,N,1,METALSA,H1,15:30,,,,
02/05/2026,TANQUE NUEVO,Salida,N,1,METALSA,H2,06:15,,,,
02/05/2026,TANQUE NUEVO,Salida,N,1,METALSA,H3,06:15,,,,
02/05/2026,TANQUE NUEVO,Salida,N,1,METALSA,H4,18:15,,,,
02/05/2026,TANQUE NUEVO,Salida,N,1,METALSA,H5,18:15,,,,
02/05/2026,TANQUE NUEVO,Salida,N,2,TANQUE ESCONDIDO,H1,16:55,,,,
02/05/2026,TANQUE NUEVO,Salida,N,2,TANQUE ESCONDIDO,H2,07:40,,,,
02/05/2026,TANQUE NUEVO,Salida,N,2,TANQUE ESCONDIDO,H3,07:40,,,,
02/05/2026,TANQUE NUEVO,Salida,N,2,TANQUE ESCONDIDO,H4,19:40,,,,
02/05/2026,TANQUE NUEVO,Salida,N,2,TANQUE ESCONDIDO,H5,19:40,,,,
02/05/2026,TANQUE NUEVO,Salida,N,3,PRESA SAN PEDRO,H1,17:05,,,,
02/05/2026,TANQUE NUEVO,Salida,N,3,PRESA SAN PEDRO,H2,07:50,,,,
02/05/2026,TANQUE NUEVO,Salida,N,3,PRESA SAN PEDRO,H3,07:50,,,,
02/05/2026,TANQUE NUEVO,Salida,N,3,PRESA SAN PEDRO,H4,19:50,,,,
02/05/2026,TANQUE NUEVO,Salida,N,3,PRESA SAN PEDRO,H5,19:50,,,,
02/05/2026,TANQUE NUEVO,Salida,N,4,LA VENTURA,H1,17:20,,,,
02/05/2026,TANQUE NUEVO,Salida,N,4,LA VENTURA,H2,08:05,,,,
02/05/2026,TANQUE NUEVO,Salida,N,4,LA VENTURA,H3,08:05,,,,
02/05/2026,TANQUE NUEVO,Salida,N,4,LA VENTURA,H4,20:05,,,,
02/05/2026,TANQUE NUEVO,Salida,N,4,LA VENTURA,H5,20:05,,,,
02/05/2026,TANQUE NUEVO,Salida,N,5,EL SALVADOR,H1,17:40,,,,
02/05/2026,TANQUE NUEVO,Salida,N,5,EL SALVADOR,H2,08:25,,,,
02/05/2026,TANQUE NUEVO,Salida,N,5,EL SALVADOR,H3,08:25,,,,
02/05/2026,TANQUE NUEVO,Salida,N,5,EL SALVADOR,H4,20:25,,,,
02/05/2026,TANQUE NUEVO,Salida,N,5,EL SALVADOR,H5,20:25,,,,
02/05/2026,TANQUE NUEVO,Salida,N,6,CLAVELLINAS,H1,18:00,,,,
02/05/2026,TANQUE NUEVO,Salida,N,6,CLAVELLINAS,H2,08:45,,,,
02/05/2026,TANQUE NUEVO,Salida,N,6,CLAVELLINAS,H3,08:45,,,,
02/05/2026,TANQUE NUEVO,Salida,N,6,CLAVELLINAS,H4,20:45,,,,
02/05/2026,TANQUE NUEVO,Salida,N,6,CLAVELLINAS,H5,20:45,,,,
02/05/2026,TANQUE NUEVO,Salida,N,7,TANQUE NUEVO,H1,18:20,,,,
02/05/2026,TANQUE NUEVO,Salida,N,7,TANQUE NUEVO,H2,09:05,,,,
02/05/2026,TANQUE NUEVO,Salida,N,7,TANQUE NUEVO,H3,09:05,,,,
02/05/2026,TANQUE NUEVO,Salida,N,7,TANQUE NUEVO,H4,21:05,,,,
02/05/2026,TANQUE NUEVO,Salida,N,7,TANQUE NUEVO,H5,21:05,,,,
02/05/2026,TANQUE NUEVO,Salida,N,8,MATEHUAPIL,H1,18:30,,,,
02/05/2026,TANQUE NUEVO,Salida,N,8,MATEHUAPIL,H2,09:15,,,,
02/05/2026,TANQUE NUEVO,Salida,N,8,MATEHUAPIL,H3,09:15,,,,
02/05/2026,TANQUE NUEVO,Salida,N,8,MATEHUAPIL,H4,21:15,,,,
02/05/2026,TANQUE NUEVO,Salida,N,8,MATEHUAPIL,H5,21:15,,,,
02/05/2026,TERESITAS,Entrada,N,1,BLVD ANTONIO CARDENAS Y HUACHICHILES,H1,05:05,05:05,0,1,0
02/05/2026,TERESITAS,Entrada,N,1,BLVD ANTONIO CARDENAS Y HUACHICHILES,H2,17:05,,,,
02/05/2026,TERESITAS,Entrada,N,1,BLVD ANTONIO CARDENAS Y HUACHICHILES,H3,20:35,,,,
02/05/2026,TERESITAS,Entrada,N,1,BLVD ANTONIO CARDENAS Y HUACHICHILES,H4,21:05,,,,
02/05/2026,TERESITAS,Entrada,N,2,RAYADOS Y HUACHICHILES,H1,05:10,05:08,2,1,0
02/05/2026,TERESITAS,Entrada,N,2,RAYADOS Y HUACHICHILES,H2,17:10,,,,
02/05/2026,TERESITAS,Entrada,N,2,RAYADOS Y HUACHICHILES,H3,20:40,,,,
02/05/2026,TERESITAS,Entrada,N,2,RAYADOS Y HUACHICHILES,H4,21:10,,,,
02/05/2026,TERESITAS,Entrada,N,3,SIERRA DE ZAPALINAME Y AV TERESITAS,H1,05:15,05:13,2,1,0
02/05/2026,TERESITAS,Entrada,N,3,SIERRA DE ZAPALINAME Y AV TERESITAS,H2,17:15,,,,
02/05/2026,TERESITAS,Entrada,N,3,SIERRA DE ZAPALINAME Y AV TERESITAS,H3,20:45,,,,
02/05/2026,TERESITAS,Entrada,N,3,SIERRA DE ZAPALINAME Y AV TERESITAS,H4,21:15,,,,
02/05/2026,TERESITAS,Entrada,N,4,AV TERESITAS Y BLVD ANTONIO CARDENAS,H1,05:22,05:21,1,1,0
02/05/2026,TERESITAS,Entrada,N,4,AV TERESITAS Y BLVD ANTONIO CARDENAS,H2,17:22,,,,
02/05/2026,TERESITAS,Entrada,N,4,AV TERESITAS Y BLVD ANTONIO CARDENAS,H3,20:52,,,,
02/05/2026,TERESITAS,Entrada,N,4,AV TERESITAS Y BLVD ANTONIO CARDENAS,H4,21:22,,,,
02/05/2026,TERESITAS,Entrada,N,5,LA ENCANTADA,H1,05:28,05:23,5,1,0
02/05/2026,TERESITAS,Entrada,N,5,LA ENCANTADA,H2,17:28,,,,
02/05/2026,TERESITAS,Entrada,N,5,LA ENCANTADA,H3,20:58,,,,
02/05/2026,TERESITAS,Entrada,N,5,LA ENCANTADA,H4,21:28,,,,
02/05/2026,TERESITAS,Entrada,N,6,CAAR. SALTILLO-ZACATECAS,H1,05:32,05:26,6,1,0
02/05/2026,TERESITAS,Entrada,N,6,CAAR. SALTILLO-ZACATECAS,H2,17:32,,,,
02/05/2026,TERESITAS,Entrada,N,6,CAAR. SALTILLO-ZACATECAS,H3,21:02,,,,
02/05/2026,TERESITAS,Entrada,N,6,CAAR. SALTILLO-ZACATECAS,H4,21:30,,,,
02/05/2026,TERESITAS,Entrada,N,7,METALSA,H1,05:50,05:53,-3,1,0
02/05/2026,TERESITAS,Entrada,N,7,METALSA,H2,17:50,,,,
02/05/2026,TERESITAS,Entrada,N,7,METALSA,H3,21:20,,,,
02/05/2026,TERESITAS,Entrada,N,7,METALSA,H4,21:50,,,,
02/05/2026,TERESITAS,Salida,N,1,METALSA,H1,06:15,,,,
02/05/2026,TERESITAS,Salida,N,1,METALSA,H2,15:30,,,,
02/05/2026,TERESITAS,Salida,N,1,METALSA,H3,18:15,,,,
02/05/2026,TERESITAS,Salida,N,2,CARR. SALTILLO-ZACATECAS,H1,06:33,,,,
02/05/2026,TERESITAS,Salida,N,2,CARR. SALTILLO-ZACATECAS,H2,15:48,,,,
02/05/2026,TERESITAS,Salida,N,2,CARR. SALTILLO-ZACATECAS,H3,18:33,,,,
02/05/2026,TERESITAS,Salida,N,3,LA ENCANTADA,H1,06:37,,,,
02/05/2026,TERESITAS,Salida,N,3,LA ENCANTADA,H2,15:52,,,,
02/05/2026,TERESITAS,Salida,N,3,LA ENCANTADA,H3,18:37,,,,
02/05/2026,TERESITAS,Salida,N,4,AV TERESITAS Y BLVD ANTONIO CARDENAS,H1,06:43,,,,
02/05/2026,TERESITAS,Salida,N,4,AV TERESITAS Y BLVD ANTONIO CARDENAS,H2,15:58,,,,
02/05/2026,TERESITAS,Salida,N,4,AV TERESITAS Y BLVD ANTONIO CARDENAS,H3,18:43,,,,
02/05/2026,TERESITAS,Salida,N,5,SIERRA DE ZAPALINAME Y AV TERESITAS,H1,06:50,,,,
02/05/2026,TERESITAS,Salida,N,5,SIERRA DE ZAPALINAME Y AV TERESITAS,H2,16:05,,,,
02/05/2026,TERESITAS,Salida,N,5,SIERRA DE ZAPALINAME Y AV TERESITAS,H3,18:50,,,,
02/05/2026,TERESITAS,Salida,N,6,RAYADOS Y HUACHICHILES,H1,06:55,,,,
02/05/2026,TERESITAS,Salida,N,6,RAYADOS Y HUACHICHILES,H2,16:10,,,,
02/05/2026,TERESITAS,Salida,N,6,RAYADOS Y HUACHICHILES,H3,18:55,,,,
02/05/2026,TERESITAS,Salida,N,7,BLVD ANTONIO CARDENAS Y HUACHICHILES,H1,07:00,,,,
02/05/2026,TERESITAS,Salida,N,7,BLVD ANTONIO CARDENAS Y HUACHICHILES,H2,16:15,,,,
02/05/2026,TERESITAS,Salida,N,7,BLVD ANTONIO CARDENAS Y HUACHICHILES,H3,19:00,,,,
02/05/2026,VALENCIA,Entrada,N,1,LA RIOJA Y JEREZ,H1,04:30,04:29,1,1,0
02/05/2026,VALENCIA,Entrada,N,1,LA RIOJA Y JEREZ,H2,16:30,,,,
02/05/2026,VALENCIA,Entrada,N,1,LA RIOJA Y JEREZ,H3,20:00,,,,
02/05/2026,VALENCIA,Entrada,N,1,LA RIOJA Y JEREZ,H4,20:30,,,,
02/05/2026,VALENCIA,Entrada,N,2,PERIFERICO LEA Y VITO ALESSIO,H1,04:40,04:43,-3,1,0
02/05/2026,VALENCIA,Entrada,N,2,PERIFERICO LEA Y VITO ALESSIO,H2,16:40,,,,
02/05/2026,VALENCIA,Entrada,N,2,PERIFERICO LEA Y VITO ALESSIO,H3,20:10,,,,
02/05/2026,VALENCIA,Entrada,N,2,PERIFERICO LEA Y VITO ALESSIO,H4,20:40,,,,
02/05/2026,VALENCIA,Entrada,N,3,CARLOS S. Y RANCHO DE PEÑA,H1,04:45,04:49,-4,1,0
02/05/2026,VALENCIA,Entrada,N,3,CARLOS S. Y RANCHO DE PEÑA,H2,16:45,,,,
02/05/2026,VALENCIA,Entrada,N,3,CARLOS S. Y RANCHO DE PEÑA,H3,20:15,,,,
02/05/2026,VALENCIA,Entrada,N,3,CARLOS S. Y RANCHO DE PEÑA,H4,20:45,,,,
02/05/2026,VALENCIA,Entrada,N,4,ALVARO OBREGON,H1,04:55,04:54,1,1,0
02/05/2026,VALENCIA,Entrada,N,4,ALVARO OBREGON,H2,16:55,,,,
02/05/2026,VALENCIA,Entrada,N,4,ALVARO OBREGON,H3,20:25,,,,
02/05/2026,VALENCIA,Entrada,N,4,ALVARO OBREGON,H4,20:55,,,,
02/05/2026,VALENCIA,Entrada,N,5,MIGUEL HIDALGO Y PEDRO ARANDA,H1,05:00,05:04,-4,1,0
02/05/2026,VALENCIA,Entrada,N,5,MIGUEL HIDALGO Y PEDRO ARANDA,H2,17:00,,,,
02/05/2026,VALENCIA,Entrada,N,5,MIGUEL HIDALGO Y PEDRO ARANDA,H3,20:30,,,,
02/05/2026,VALENCIA,Entrada,N,5,MIGUEL HIDALGO Y PEDRO ARANDA,H4,21:00,,,,
02/05/2026,VALENCIA,Entrada,N,6,PERIFERICO LEA Y W. GONZALEZ,H1,05:05,05:08,-3,1,0
02/05/2026,VALENCIA,Entrada,N,6,PERIFERICO LEA Y W. GONZALEZ,H2,17:05,,,,
02/05/2026,VALENCIA,Entrada,N,6,PERIFERICO LEA Y W. GONZALEZ,H3,20:35,,,,
02/05/2026,VALENCIA,Entrada,N,6,PERIFERICO LEA Y W. GONZALEZ,H4,21:05,,,,
02/05/2026,VALENCIA,Entrada,N,7,CTO DE LA CAÑADA Y BLVD CARDENAS,H1,05:15,05:15,0,1,0
02/05/2026,VALENCIA,Entrada,N,7,CTO DE LA CAÑADA Y BLVD CARDENAS,H2,17:15,,,,
02/05/2026,VALENCIA,Entrada,N,7,CTO DE LA CAÑADA Y BLVD CARDENAS,H3,20:45,,,,
02/05/2026,VALENCIA,Entrada,N,7,CTO DE LA CAÑADA Y BLVD CARDENAS,H4,21:15,,,,
02/05/2026,VALENCIA,Entrada,N,8,METALSA,H1,05:50,05:44,6,1,0
02/05/2026,VALENCIA,Entrada,N,8,METALSA,H2,17:50,,,,
02/05/2026,VALENCIA,Entrada,N,8,METALSA,H3,21:20,,,,
02/05/2026,VALENCIA,Entrada,N,8,METALSA,H4,21:50,,,,
02/05/2026,VALENCIA,Salida,N,1,METALSA,H1,06:15,06:17,-2,1,0
02/05/2026,VALENCIA,Salida,N,1,METALSA,H2,15:30,,,,
02/05/2026,VALENCIA,Salida,N,1,METALSA,H3,18:15,,,,
02/05/2026,VALENCIA,Salida,N,2,CTO DE LA CAÑADA Y BLVD CARDENAS,H1,06:50,,,,
02/05/2026,VALENCIA,Salida,N,2,CTO DE LA CAÑADA Y BLVD CARDENAS,H2,16:05,,,,
02/05/2026,VALENCIA,Salida,N,2,CTO DE LA CAÑADA Y BLVD CARDENAS,H3,18:50,,,,
02/05/2026,VALENCIA,Salida,N,3,PERIFERICO LEA Y W. GONZALEZ,H1,07:00,06:46,14,1,0
02/05/2026,VALENCIA,Salida,N,3,PERIFERICO LEA Y W. GONZALEZ,H2,16:15,,,,
02/05/2026,VALENCIA,Salida,N,3,PERIFERICO LEA Y W. GONZALEZ,H3,19:00,,,,
02/05/2026,VALENCIA,Salida,N,4,MIGUEL HIDALGO Y PEDRO ARANDA,H1,07:05,,,,
02/05/2026,VALENCIA,Salida,N,4,MIGUEL HIDALGO Y PEDRO ARANDA,H2,16:20,,,,
02/05/2026,VALENCIA,Salida,N,4,MIGUEL HIDALGO Y PEDRO ARANDA,H3,19:05,,,,
02/05/2026,VALENCIA,Salida,N,5,ALVARO OBREGON,H1,07:10,,,,
02/05/2026,VALENCIA,Salida,N,5,ALVARO OBREGON,H2,16:25,,,,
02/05/2026,VALENCIA,Salida,N,5,ALVARO OBREGON,H3,19:10,,,,
02/05/2026,VALENCIA,Salida,N,6,CARLOS S. Y RANCHO DE PEÑA,H1,07:20,,,,
02/05/2026,VALENCIA,Salida,N,6,CARLOS S. Y RANCHO DE PEÑA,H2,16:35,,,,
02/05/2026,VALENCIA,Salida,N,6,CARLOS S. Y RANCHO DE PEÑA,H3,19:20,,,,
02/05/2026,VALENCIA,Salida,N,7,PERIFERICO LEA Y VITO ALESSIO,H1,07:25,,,,
02/05/2026,VALENCIA,Salida,N,7,PERIFERICO LEA Y VITO ALESSIO,H2,16:40,,,,
02/05/2026,VALENCIA,Salida,N,7,PERIFERICO LEA Y VITO ALESSIO,H3,19:25,,,,
02/05/2026,VALENCIA,Salida,N,8,LA RIOJA Y JEREZ,H1,07:35,,,,
02/05/2026,VALENCIA,Salida,N,8,LA RIOJA Y JEREZ,H2,16:50,,,,
02/05/2026,VALENCIA,Salida,N,8,LA RIOJA Y JEREZ,H3,19:35,,,,
02/05/2026,ZARAGOZA,Entrada,N,1,FCO. EALY ORTIZ Y EUCALIPTO,H1,04:25,04:28,-3,1,0
02/05/2026,ZARAGOZA,Entrada,N,1,FCO. EALY ORTIZ Y EUCALIPTO,H2,16:25,,,,
02/05/2026,ZARAGOZA,Entrada,N,1,FCO. EALY ORTIZ Y EUCALIPTO,H3,19:55,,,,
02/05/2026,ZARAGOZA,Entrada,N,1,FCO. EALY ORTIZ Y EUCALIPTO,H4,20:25,,,,
02/05/2026,ZARAGOZA,Entrada,N,2,CHOPO Y EUCALIPTO,H1,04:26,04:29,-3,1,0
02/05/2026,ZARAGOZA,Entrada,N,2,CHOPO Y EUCALIPTO,H2,16:26,,,,
02/05/2026,ZARAGOZA,Entrada,N,2,CHOPO Y EUCALIPTO,H3,19:56,,,,
02/05/2026,ZARAGOZA,Entrada,N,2,CHOPO Y EUCALIPTO,H4,20:26,,,,
02/05/2026,ZARAGOZA,Entrada,N,3,FUNDADORES Y BLVD. MIRASIERRA,H1,04:36,04:40,-4,1,0
02/05/2026,ZARAGOZA,Entrada,N,3,FUNDADORES Y BLVD. MIRASIERRA,H2,16:36,,,,
02/05/2026,ZARAGOZA,Entrada,N,3,FUNDADORES Y BLVD. MIRASIERRA,H3,20:06,,,,
02/05/2026,ZARAGOZA,Entrada,N,3,FUNDADORES Y BLVD. MIRASIERRA,H4,20:36,,,,
02/05/2026,ZARAGOZA,Entrada,N,4,CALLE 34 Y JUAN NAVARRO,H1,04:51,04:53,-2,1,0
02/05/2026,ZARAGOZA,Entrada,N,4,CALLE 34 Y JUAN NAVARRO,H2,16:51,,,,
02/05/2026,ZARAGOZA,Entrada,N,4,CALLE 34 Y JUAN NAVARRO,H3,20:21,,,,
02/05/2026,ZARAGOZA,Entrada,N,4,CALLE 34 Y JUAN NAVARRO,H4,20:51,,,,
02/05/2026,ZARAGOZA,Entrada,N,5,PERIF LEA Y 12 DE OCTUBRE (FIRST CASH),H1,05:03,05:06,-3,1,0
02/05/2026,ZARAGOZA,Entrada,N,5,PERIF LEA Y 12 DE OCTUBRE (FIRST CASH),H2,17:03,,,,
02/05/2026,ZARAGOZA,Entrada,N,5,PERIF LEA Y 12 DE OCTUBRE (FIRST CASH),H3,20:33,,,,
02/05/2026,ZARAGOZA,Entrada,N,5,PERIF LEA Y 12 DE OCTUBRE (FIRST CASH),H4,21:03,,,,
02/05/2026,ZARAGOZA,Entrada,N,6,GIMNACIO MUNICIPAL,H1,05:05,05:08,-3,1,0
02/05/2026,ZARAGOZA,Entrada,N,6,GIMNACIO MUNICIPAL,H2,17:05,,,,
02/05/2026,ZARAGOZA,Entrada,N,6,GIMNACIO MUNICIPAL,H3,20:35,,,,
02/05/2026,ZARAGOZA,Entrada,N,6,GIMNACIO MUNICIPAL,H4,21:05,,,,
02/05/2026,ZARAGOZA,Entrada,N,7,L.E.A. Y J. MERY,H1,05:07,05:10,-3,1,0
02/05/2026,ZARAGOZA,Entrada,N,7,L.E.A. Y J. MERY,H2,17:07,,,,
02/05/2026,ZARAGOZA,Entrada,N,7,L.E.A. Y J. MERY,H3,20:37,,,,
02/05/2026,ZARAGOZA,Entrada,N,7,L.E.A. Y J. MERY,H4,21:07,,,,
02/05/2026,ZARAGOZA,Entrada,N,8,VILLA UNIVERSIDAD,H1,05:09,05:11,-2,1,0
02/05/2026,ZARAGOZA,Entrada,N,8,VILLA UNIVERSIDAD,H2,17:09,,,,
02/05/2026,ZARAGOZA,Entrada,N,8,VILLA UNIVERSIDAD,H3,20:39,,,,
02/05/2026,ZARAGOZA,Entrada,N,8,VILLA UNIVERSIDAD,H4,21:09,,,,
02/05/2026,ZARAGOZA,Entrada,N,9,ARIZPE DE LA MAZA Y CARR. 54,H1,05:15,,,,
02/05/2026,ZARAGOZA,Entrada,N,9,ARIZPE DE LA MAZA Y CARR. 54,H2,17:15,,,,
02/05/2026,ZARAGOZA,Entrada,N,9,ARIZPE DE LA MAZA Y CARR. 54,H3,20:45,,,,
02/05/2026,ZARAGOZA,Entrada,N,9,ARIZPE DE LA MAZA Y CARR. 54,H4,21:15,,,,
02/05/2026,ZARAGOZA,Entrada,N,10,METALSA,H1,05:50,05:45,5,1,0
02/05/2026,ZARAGOZA,Entrada,N,10,METALSA,H2,17:50,,,,
02/05/2026,ZARAGOZA,Entrada,N,10,METALSA,H3,21:20,,,,
02/05/2026,ZARAGOZA,Entrada,N,10,METALSA,H4,21:50,,,,
02/05/2026,ZARAGOZA,Salida,N,1,METALSA,H1,06:15,06:16,-1,1,0
02/05/2026,ZARAGOZA,Salida,N,1,METALSA,H2,15:30,,,,
02/05/2026,ZARAGOZA,Salida,N,1,METALSA,H3,18:15,,,,
02/05/2026,ZARAGOZA,Salida,N,2,ARIZPE DE LA MAZA Y CARR. 54,H1,06:44,,,,
02/05/2026,ZARAGOZA,Salida,N,2,ARIZPE DE LA MAZA Y CARR. 54,H2,15:59,,,,
02/05/2026,ZARAGOZA,Salida,N,2,ARIZPE DE LA MAZA Y CARR. 54,H3,18:44,,,,
02/05/2026,ZARAGOZA,Salida,N,3,VILLA UNIVERSIDAD,H1,06:46,,,,
02/05/2026,ZARAGOZA,Salida,N,3,VILLA UNIVERSIDAD,H2,16:01,,,,
02/05/2026,ZARAGOZA,Salida,N,3,VILLA UNIVERSIDAD,H3,18:45,,,,
02/05/2026,ZARAGOZA,Salida,N,4,L.E.A. Y J. MERY,H1,06:49,,,,
02/05/2026,ZARAGOZA,Salida,N,4,L.E.A. Y J. MERY,H2,16:04,,,,
02/05/2026,ZARAGOZA,Salida,N,4,L.E.A. Y J. MERY,H3,18:49,,,,
02/05/2026,ZARAGOZA,Salida,N,5,GIMNACIO MUNICIPAL,H1,06:51,06:50,1,1,0
02/05/2026,ZARAGOZA,Salida,N,5,GIMNACIO MUNICIPAL,H2,16:06,,,,
02/05/2026,ZARAGOZA,Salida,N,5,GIMNACIO MUNICIPAL,H3,18:51,,,,
02/05/2026,ZARAGOZA,Salida,N,6,PERIF LEA Y 12 DE OCTUBRE (FIRST CASH),H1,07:00,,,,
02/05/2026,ZARAGOZA,Salida,N,6,PERIF LEA Y 12 DE OCTUBRE (FIRST CASH),H2,16:10,,,,
02/05/2026,ZARAGOZA,Salida,N,6,PERIF LEA Y 12 DE OCTUBRE (FIRST CASH),H3,19:00,,,,
02/05/2026,ZARAGOZA,Salida,N,7,CALLE 34 Y JUAN NAVARRO,H1,07:04,,,,
02/05/2026,ZARAGOZA,Salida,N,7,CALLE 34 Y JUAN NAVARRO,H2,16:19,,,,
02/05/2026,ZARAGOZA,Salida,N,7,CALLE 34 Y JUAN NAVARRO,H3,19:04,,,,
02/05/2026,ZARAGOZA,Salida,N,8,FUNDADORES Y BLVD. MIRASIERRA,H1,07:19,,,,
02/05/2026,ZARAGOZA,Salida,N,8,FUNDADORES Y BLVD. MIRASIERRA,H2,16:34,,,,
02/05/2026,ZARAGOZA,Salida,N,8,FUNDADORES Y BLVD. MIRASIERRA,H3,19:19,,,,
02/05/2026,ZARAGOZA,Salida,N,9,CHOPO Y EUCALIPTO,H1,07:29,,,,
02/05/2026,ZARAGOZA,Salida,N,9,CHOPO Y EUCALIPTO,H2,16:44,,,,
02/05/2026,ZARAGOZA,Salida,N,9,CHOPO Y EUCALIPTO,H3,19:29,,,,
02/05/2026,ZARAGOZA,Salida,N,10,FCO. EALY ORTIZ Y EUCALIPTO,H1,07:30,,,,
02/05/2026,ZARAGOZA,Salida,N,10,FCO. EALY ORTIZ Y EUCALIPTO,H2,16:45,,,,
02/05/2026,ZARAGOZA,Salida,N,10,FCO. EALY ORTIZ Y EUCALIPTO,H3,19:30,,,,
03/05/2026,EL PEÑUELO,Entrada,A,1,LA VENTURA,H1,19:00,,,,
03/05/2026,EL PEÑUELO,Entrada,A,1,LA VENTURA,H2,03:30,,,,
03/05/2026,EL PEÑUELO,Entrada,A,1,LA VENTURA,H3,15:30,,,,
03/05/2026,EL PEÑUELO,Entrada,A,1,LA VENTURA,H4,19:30,,,,
03/05/2026,EL PEÑUELO,Entrada,A,2,METALSA,H1,21:20,,,,
03/05/2026,EL PEÑUELO,Entrada,A,2,METALSA,H2,05:50,,,,
03/05/2026,EL PEÑUELO,Entrada,A,2,METALSA,H3,17:50,,,,
03/05/2026,EL PEÑUELO,Entrada,A,2,METALSA,H4,21:50,,,,
03/05/2026,EL PEÑUELO,Salida,N,1,METALSA,H1,15:30,,,,
03/05/2026,EL PEÑUELO,Salida,N,1,METALSA,H2,06:15,,,,
03/05/2026,EL PEÑUELO,Salida,N,1,METALSA,H3,18:15,,,,
03/05/2026,EL PEÑUELO,Salida,N,2,LA VENTURA,H1,17:50,,,,
03/05/2026,EL PEÑUELO,Salida,N,2,LA VENTURA,H2,08:35,,,,
03/05/2026,EL PEÑUELO,Salida,N,2,LA VENTURA,H3,20:35,,,,
03/05/2026,EL SALITRE,Entrada,A,1,SALITRE,H1,19:20,,,,
03/05/2026,EL SALITRE,Entrada,A,1,SALITRE,H2,03:50,,,,
03/05/2026,EL SALITRE,Entrada,A,1,SALITRE,H3,15:50,,,,
03/05/2026,EL SALITRE,Entrada,A,1,SALITRE,H4,19:50,,,,
03/05/2026,EL SALITRE,Entrada,A,2,BENITO JUAREZ,H1,19:25,,,,
03/05/2026,EL SALITRE,Entrada,A,2,BENITO JUAREZ,H2,03:55,,,,
03/05/2026,EL SALITRE,Entrada,A,2,BENITO JUAREZ,H3,15:55,,,,
03/05/2026,EL SALITRE,Entrada,A,2,BENITO JUAREZ,H4,19:55,,,,
03/05/2026,EL SALITRE,Entrada,A,3,EL MEZQUITE,H1,19:40,,,,
03/05/2026,EL SALITRE,Entrada,A,3,EL MEZQUITE,H2,04:10,,,,
03/05/2026,EL SALITRE,Entrada,A,3,EL MEZQUITE,H3,16:10,,,,
03/05/2026,EL SALITRE,Entrada,A,3,EL MEZQUITE,H4,20:10,,,,
03/05/2026,EL SALITRE,Entrada,A,4,PRESA DE LOS MUCHAHCOS,H1,19:55,,,,
03/05/2026,EL SALITRE,Entrada,A,4,PRESA DE LOS MUCHAHCOS,H2,04:25,,,,
03/05/2026,EL SALITRE,Entrada,A,4,PRESA DE LOS MUCHAHCOS,H3,16:25,,,,
03/05/2026,EL SALITRE,Entrada,A,4,PRESA DE LOS MUCHAHCOS,H4,20:25,,,,
03/05/2026,EL SALITRE,Entrada,A,5,AGUA NUEVA,H1,20:43,,,,
03/05/2026,EL SALITRE,Entrada,A,5,AGUA NUEVA,H2,05:13,,,,
03/05/2026,EL SALITRE,Entrada,A,5,AGUA NUEVA,H3,17:13,,,,
03/05/2026,EL SALITRE,Entrada,A,5,AGUA NUEVA,H4,21:13,,,,
03/05/2026,EL SALITRE,Entrada,A,6,METALSA,H1,21:20,,,,
03/05/2026,EL SALITRE,Entrada,A,6,METALSA,H2,05:50,,,,
03/05/2026,EL SALITRE,Entrada,A,6,METALSA,H3,17:50,,,,
03/05/2026,EL SALITRE,Entrada,A,6,METALSA,H4,21:50,,,,
03/05/2026,EL SALITRE,Salida,N,1,METALSA,H1,15:30,,,,
03/05/2026,EL SALITRE,Salida,N,1,METALSA,H2,06:15,,,,
03/05/2026,EL SALITRE,Salida,N,1,METALSA,H3,18:15,,,,
03/05/2026,EL SALITRE,Salida,N,2,AGUA NUEVA,H1,15:31,,,,
03/05/2026,EL SALITRE,Salida,N,2,AGUA NUEVA,H2,06:16,,,,
03/05/2026,EL SALITRE,Salida,N,2,AGUA NUEVA,H3,18:16,,,,
03/05/2026,EL SALITRE,Salida,N,3,PRESA DE LOS MUCHAHCOS,H1,16:55,,,,
03/05/2026,EL SALITRE,Salida,N,3,PRESA DE LOS MUCHAHCOS,H2,07:40,,,,
03/05/2026,EL SALITRE,Salida,N,3,PRESA DE LOS MUCHAHCOS,H3,19:40,,,,
03/05/2026,EL SALITRE,Salida,N,4,EL MEZQUITE,H1,17:10,,,,
03/05/2026,EL SALITRE,Salida,N,4,EL MEZQUITE,H2,07:55,,,,
03/05/2026,EL SALITRE,Salida,N,4,EL MEZQUITE,H3,19:55,,,,
03/05/2026,EL SALITRE,Salida,N,5,BENITO JUAREZ,H1,17:25,,,,
03/05/2026,EL SALITRE,Salida,N,5,BENITO JUAREZ,H2,08:10,,,,
03/05/2026,EL SALITRE,Salida,N,5,BENITO JUAREZ,H3,20:10,,,,
03/05/2026,EL SALITRE,Salida,N,6,SALITRE,H1,17:30,,,,
03/05/2026,EL SALITRE,Salida,N,6,SALITRE,H2,08:15,,,,
03/05/2026,EL SALITRE,Salida,N,6,SALITRE,H3,20:15,,,,
03/05/2026,LA HEDIONDA,Entrada,N,1,LAS ESPERANZAS,H1,20:00,,,,
03/05/2026,LA HEDIONDA,Entrada,N,1,LAS ESPERANZAS,H2,04:30,,,,
03/05/2026,LA HEDIONDA,Entrada,N,1,LAS ESPERANZAS,H3,16:30,,,,
03/05/2026,LA HEDIONDA,Entrada,N,1,LAS ESPERANZAS,H4,20:30,,,,
03/05/2026,LA HEDIONDA,Entrada,N,2,HEDIONDA,H1,20:20,,,,
03/05/2026,LA HEDIONDA,Entrada,N,2,HEDIONDA,H2,04:50,,,,
03/05/2026,LA HEDIONDA,Entrada,N,2,HEDIONDA,H3,16:50,,,,
03/05/2026,LA HEDIONDA,Entrada,N,2,HEDIONDA,H4,20:50,,,,
03/05/2026,LA HEDIONDA,Entrada,N,3,METALSA,H1,21:20,,,,
03/05/2026,LA HEDIONDA,Entrada,N,3,METALSA,H2,05:50,,,,
03/05/2026,LA HEDIONDA,Entrada,N,3,METALSA,H3,17:50,,,,
03/05/2026,LA HEDIONDA,Entrada,N,3,METALSA,H4,21:50,,,,
03/05/2026,LA HEDIONDA,Salida,N,1,METALSA,H1,15:30,,,,
03/05/2026,LA HEDIONDA,Salida,N,1,METALSA,H2,06:15,,,,
03/05/2026,LA HEDIONDA,Salida,N,1,METALSA,H3,18:15,,,,
03/05/2026,LA HEDIONDA,Salida,N,2,HEDIONDA,H1,16:30,,,,
03/05/2026,LA HEDIONDA,Salida,N,2,HEDIONDA,H2,07:15,,,,
03/05/2026,LA HEDIONDA,Salida,N,2,HEDIONDA,H3,19:15,,,,
03/05/2026,LA HEDIONDA,Salida,N,3,LAS ESPERANZAS,H1,16:50,,,,
03/05/2026,LA HEDIONDA,Salida,N,3,LAS ESPERANZAS,H2,07:35,,,,
03/05/2026,LA HEDIONDA,Salida,N,3,LAS ESPERANZAS,H3,19:35,,,,
03/05/2026,LA SAUCEDA,Entrada,N,1,LA SAUCEDA,H1,04:00,,,,
03/05/2026,LA SAUCEDA,Entrada,N,1,LA SAUCEDA,H2,16:00,,,,
03/05/2026,LA SAUCEDA,Entrada,N,1,LA SAUCEDA,H3,19:30,,,,
03/05/2026,LA SAUCEDA,Entrada,N,1,LA SAUCEDA,H4,20:00,,,,
03/05/2026,LA SAUCEDA,Entrada,N,2,HIPOLITO,H1,04:15,,,,
03/05/2026,LA SAUCEDA,Entrada,N,2,HIPOLITO,H2,16:15,,,,
03/05/2026,LA SAUCEDA,Entrada,N,2,HIPOLITO,H3,19:45,,,,
03/05/2026,LA SAUCEDA,Entrada,N,2,HIPOLITO,H4,20:15,,,,
03/05/2026,LA SAUCEDA,Entrada,N,3,SAN ANTONIO DEL JARAL,H1,04:32,,,,
03/05/2026,LA SAUCEDA,Entrada,N,3,SAN ANTONIO DEL JARAL,H2,16:32,,,,
03/05/2026,LA SAUCEDA,Entrada,N,3,SAN ANTONIO DEL JARAL,H3,20:02,,,,
03/05/2026,LA SAUCEDA,Entrada,N,3,SAN ANTONIO DEL JARAL,H4,20:32,,,,
03/05/2026,LA SAUCEDA,Entrada,N,4,CASETA DE PLAN DE AYALA,H1,04:50,,,,
03/05/2026,LA SAUCEDA,Entrada,N,4,CASETA DE PLAN DE AYALA,H2,16:50,,,,
03/05/2026,LA SAUCEDA,Entrada,N,4,CASETA DE PLAN DE AYALA,H3,20:20,,,,
03/05/2026,LA SAUCEDA,Entrada,N,4,CASETA DE PLAN DE AYALA,H4,20:42,,,,
03/05/2026,LA SAUCEDA,Entrada,N,5,METALSA,H1,05:50,,,,
03/05/2026,LA SAUCEDA,Entrada,N,5,METALSA,H2,17:50,,,,
03/05/2026,LA SAUCEDA,Entrada,N,5,METALSA,H3,21:20,,,,
03/05/2026,LA SAUCEDA,Entrada,N,5,METALSA,H4,21:50,,,,
03/05/2026,LA SAUCEDA,Salida,N,1,METALSA,H1,06:15,,,,
03/05/2026,LA SAUCEDA,Salida,N,1,METALSA,H2,15:30,,,,
03/05/2026,LA SAUCEDA,Salida,N,1,METALSA,H3,18:15,,,,
03/05/2026,LA SAUCEDA,Salida,N,2,CASETA DE PLAN DE AYALA,H1,07:15,,,,
03/05/2026,LA SAUCEDA,Salida,N,2,CASETA DE PLAN DE AYALA,H2,16:30,,,,
03/05/2026,LA SAUCEDA,Salida,N,2,CASETA DE PLAN DE AYALA,H3,19:15,,,,
03/05/2026,LA SAUCEDA,Salida,N,3,SAN ANTONIO DEL JARAL,H1,07:33,,,,
03/05/2026,LA SAUCEDA,Salida,N,3,SAN ANTONIO DEL JARAL,H2,16:48,,,,
03/05/2026,LA SAUCEDA,Salida,N,3,SAN ANTONIO DEL JARAL,H3,19:33,,,,
03/05/2026,LA SAUCEDA,Salida,N,4,HIPOLITO,H1,07:50,,,,
03/05/2026,LA SAUCEDA,Salida,N,4,HIPOLITO,H2,17:05,,,,
03/05/2026,LA SAUCEDA,Salida,N,4,HIPOLITO,H3,19:50,,,,
03/05/2026,LA SAUCEDA,Salida,N,5,LA SAUCEDA,H1,08:05,,,,
03/05/2026,LA SAUCEDA,Salida,N,5,LA SAUCEDA,H2,17:20,,,,
03/05/2026,LA SAUCEDA,Salida,N,5,LA SAUCEDA,H3,20:05,,,,
03/05/2026,LOMA LINDA - URDIÑOLA,Entrada,N,1,MEZQUITE Y GORDOLOBO,H1,04:05,,,,
03/05/2026,LOMA LINDA - URDIÑOLA,Entrada,N,1,MEZQUITE Y GORDOLOBO,H2,16:05,,,,
03/05/2026,LOMA LINDA - URDIÑOLA,Entrada,N,1,MEZQUITE Y GORDOLOBO,H3,19:35,,,,
03/05/2026,LOMA LINDA - URDIÑOLA,Entrada,N,1,MEZQUITE Y GORDOLOBO,H4,20:05,,,,
03/05/2026,LOMA LINDA - URDIÑOLA,Entrada,N,2,MEZQUITE Y NUECES,H1,04:10,,,,
03/05/2026,LOMA LINDA - URDIÑOLA,Entrada,N,2,MEZQUITE Y NUECES,H2,16:10,,,,
03/05/2026,LOMA LINDA - URDIÑOLA,Entrada,N,2,MEZQUITE Y NUECES,H3,19:40,,,,
03/05/2026,LOMA LINDA - URDIÑOLA,Entrada,N,2,MEZQUITE Y NUECES,H4,20:10,,,,
03/05/2026,LOMA LINDA - URDIÑOLA,Entrada,N,3,BLVD SANTA LUCIA Y CALLE 7,H1,04:20,,,,
03/05/2026,LOMA LINDA - URDIÑOLA,Entrada,N,3,BLVD SANTA LUCIA Y CALLE 7,H2,16:20,,,,
03/05/2026,LOMA LINDA - URDIÑOLA,Entrada,N,3,BLVD SANTA LUCIA Y CALLE 7,H3,19:50,,,,
03/05/2026,LOMA LINDA - URDIÑOLA,Entrada,N,3,BLVD SANTA LUCIA Y CALLE 7,H4,20:20,,,,
03/05/2026,LOMA LINDA - URDIÑOLA,Entrada,N,4,BLVD VALDES SANCHEZ Y (PLANTA LEAR),H1,04:30,,,,
03/05/2026,LOMA LINDA - URDIÑOLA,Entrada,N,4,BLVD VALDES SANCHEZ Y (PLANTA LEAR),H2,16:30,,,,
03/05/2026,LOMA LINDA - URDIÑOLA,Entrada,N,4,BLVD VALDES SANCHEZ Y (PLANTA LEAR),H3,20:00,,,,
03/05/2026,LOMA LINDA - URDIÑOLA,Entrada,N,4,BLVD VALDES SANCHEZ Y (PLANTA LEAR),H4,20:30,,,,
03/05/2026,LOMA LINDA - URDIÑOLA,Entrada,N,5,STA. GERTRUDIS Y STA. CECILIA (DEL ACUEDUCTO),H1,04:32,,,,
03/05/2026,LOMA LINDA - URDIÑOLA,Entrada,N,5,STA. GERTRUDIS Y STA. CECILIA (DEL ACUEDUCTO),H2,16:32,,,,
03/05/2026,LOMA LINDA - URDIÑOLA,Entrada,N,5,STA. GERTRUDIS Y STA. CECILIA (DEL ACUEDUCTO),H3,20:02,,,,
03/05/2026,LOMA LINDA - URDIÑOLA,Entrada,N,5,STA. GERTRUDIS Y STA. CECILIA (DEL ACUEDUCTO),H4,20:32,,,,
03/05/2026,LOMA LINDA - URDIÑOLA,Entrada,N,6,DEPOSITO DE AGUA FRACC PLAZA,H1,04:35,,,,
03/05/2026,LOMA LINDA - URDIÑOLA,Entrada,N,6,DEPOSITO DE AGUA FRACC PLAZA,H2,16:35,,,,
03/05/2026,LOMA LINDA - URDIÑOLA,Entrada,N,6,DEPOSITO DE AGUA FRACC PLAZA,H3,20:05,,,,
03/05/2026,LOMA LINDA - URDIÑOLA,Entrada,N,6,DEPOSITO DE AGUA FRACC PLAZA,H4,20:35,,,,
03/05/2026,LOMA LINDA - URDIÑOLA,Entrada,N,7,BLVD VALDES SANCHEZ Y BLVD MINERIA,H1,04:40,,,,
03/05/2026,LOMA LINDA - URDIÑOLA,Entrada,N,7,BLVD VALDES SANCHEZ Y BLVD MINERIA,H2,16:40,,,,
03/05/2026,LOMA LINDA - URDIÑOLA,Entrada,N,7,BLVD VALDES SANCHEZ Y BLVD MINERIA,H3,20:10,,,,
03/05/2026,LOMA LINDA - URDIÑOLA,Entrada,N,7,BLVD VALDES SANCHEZ Y BLVD MINERIA,H4,20:40,,,,
03/05/2026,LOMA LINDA - URDIÑOLA,Entrada,N,8,REFORMA Y URDIÑOLA,H1,04:50,,,,
03/05/2026,LOMA LINDA - URDIÑOLA,Entrada,N,8,REFORMA Y URDIÑOLA,H2,16:50,,,,
03/05/2026,LOMA LINDA - URDIÑOLA,Entrada,N,8,REFORMA Y URDIÑOLA,H3,20:20,,,,
03/05/2026,LOMA LINDA - URDIÑOLA,Entrada,N,8,REFORMA Y URDIÑOLA,H4,20:50,,,,
03/05/2026,LOMA LINDA - URDIÑOLA,Entrada,N,9,PROL. URDIÑOLA Y J. MERY,H1,04:55,,,,
03/05/2026,LOMA LINDA - URDIÑOLA,Entrada,N,9,PROL. URDIÑOLA Y J. MERY,H2,16:55,,,,
03/05/2026,LOMA LINDA - URDIÑOLA,Entrada,N,9,PROL. URDIÑOLA Y J. MERY,H3,20:25,,,,
03/05/2026,LOMA LINDA - URDIÑOLA,Entrada,N,9,PROL. URDIÑOLA Y J. MERY,H4,20:55,,,,
03/05/2026,LOMA LINDA - URDIÑOLA,Entrada,N,10,PROL URDIÑOLA Y PERIFERICO LEA,H1,05:00,,,,
03/05/2026,LOMA LINDA - URDIÑOLA,Entrada,N,10,PROL URDIÑOLA Y PERIFERICO LEA,H2,17:00,,,,
03/05/2026,LOMA LINDA - URDIÑOLA,Entrada,N,10,PROL URDIÑOLA Y PERIFERICO LEA,H3,20:30,,,,
03/05/2026,LOMA LINDA - URDIÑOLA,Entrada,N,10,PROL URDIÑOLA Y PERIFERICO LEA,H4,21:00,,,,
03/05/2026,LOMA LINDA - URDIÑOLA,Entrada,N,11,BLVD ANTONIO CARDENAS Y TEODORO SANCHEZ,H1,05:10,,,,
03/05/2026,LOMA LINDA - URDIÑOLA,Entrada,N,11,BLVD ANTONIO CARDENAS Y TEODORO SANCHEZ,H2,17:10,,,,
03/05/2026,LOMA LINDA - URDIÑOLA,Entrada,N,11,BLVD ANTONIO CARDENAS Y TEODORO SANCHEZ,H3,20:40,,,,
03/05/2026,LOMA LINDA - URDIÑOLA,Entrada,N,11,BLVD ANTONIO CARDENAS Y TEODORO SANCHEZ,H4,21:10,,,,
03/05/2026,LOMA LINDA - URDIÑOLA,Entrada,N,12,BLVD SANTA ELENA Y GUACALI,H1,05:20,,,,
03/05/2026,LOMA LINDA - URDIÑOLA,Entrada,N,12,BLVD SANTA ELENA Y GUACALI,H2,17:20,,,,
03/05/2026,LOMA LINDA - URDIÑOLA,Entrada,N,12,BLVD SANTA ELENA Y GUACALI,H3,20:50,,,,
03/05/2026,LOMA LINDA - URDIÑOLA,Entrada,N,12,BLVD SANTA ELENA Y GUACALI,H4,21:20,,,,
03/05/2026,LOMA LINDA - URDIÑOLA,Entrada,N,13,CARR. SALTILLO-ZACATECAS,H1,05:25,,,,
03/05/2026,LOMA LINDA - URDIÑOLA,Entrada,N,13,CARR. SALTILLO-ZACATECAS,H2,17:25,,,,
03/05/2026,LOMA LINDA - URDIÑOLA,Entrada,N,13,CARR. SALTILLO-ZACATECAS,H3,20:55,,,,
03/05/2026,LOMA LINDA - URDIÑOLA,Entrada,N,13,CARR. SALTILLO-ZACATECAS,H4,21:25,,,,
03/05/2026,LOMA LINDA - URDIÑOLA,Entrada,N,14,METALSA,H1,05:50,,,,
03/05/2026,LOMA LINDA - URDIÑOLA,Entrada,N,14,METALSA,H2,17:50,,,,
03/05/2026,LOMA LINDA - URDIÑOLA,Entrada,N,14,METALSA,H3,21:20,,,,
03/05/2026,LOMA LINDA - URDIÑOLA,Entrada,N,14,METALSA,H4,21:50,,,,
03/05/2026,LOMA LINDA - URDIÑOLA,Salida,N,1,METALSA,H1,06:15,,,,
03/05/2026,LOMA LINDA - URDIÑOLA,Salida,N,1,METALSA,H2,15:30,,,,
03/05/2026,LOMA LINDA - URDIÑOLA,Salida,N,1,METALSA,H3,18:15,,,,
03/05/2026,LOMA LINDA - URDIÑOLA,Salida,N,2,CARR. SALTILLO-ZACATECAS,H1,06:29,,,,
03/05/2026,LOMA LINDA - URDIÑOLA,Salida,N,2,CARR. SALTILLO-ZACATECAS,H2,15:59,,,,
03/05/2026,LOMA LINDA - URDIÑOLA,Salida,N,2,CARR. SALTILLO-ZACATECAS,H3,18:29,,,,
03/05/2026,LOMA LINDA - URDIÑOLA,Salida,N,3,BLVD SANTA ELENA Y GUACALI,H1,06:30,,,,
03/05/2026,LOMA LINDA - URDIÑOLA,Salida,N,3,BLVD SANTA ELENA Y GUACALI,H2,16:00,,,,
03/05/2026,LOMA LINDA - URDIÑOLA,Salida,N,3,BLVD SANTA ELENA Y GUACALI,H3,18:30,,,,
03/05/2026,LOMA LINDA - URDIÑOLA,Salida,N,4,BLVD ANTONIO CARDENAS Y TEODORO SANCHEZ,H1,06:31,,,,
03/05/2026,LOMA LINDA - URDIÑOLA,Salida,N,4,BLVD ANTONIO CARDENAS Y TEODORO SANCHEZ,H2,16:01,,,,
03/05/2026,LOMA LINDA - URDIÑOLA,Salida,N,4,BLVD ANTONIO CARDENAS Y TEODORO SANCHEZ,H3,18:31,,,,
03/05/2026,LOMA LINDA - URDIÑOLA,Salida,N,5,PROL URDIÑOLA Y PERIFERICO LEA,H1,06:32,,,,
03/05/2026,LOMA LINDA - URDIÑOLA,Salida,N,5,PROL URDIÑOLA Y PERIFERICO LEA,H2,16:02,,,,
03/05/2026,LOMA LINDA - URDIÑOLA,Salida,N,5,PROL URDIÑOLA Y PERIFERICO LEA,H3,18:32,,,,
03/05/2026,LOMA LINDA - URDIÑOLA,Salida,N,6,PROL. URDIÑOLA Y J. MERY,H1,06:33,,,,
03/05/2026,LOMA LINDA - URDIÑOLA,Salida,N,6,PROL. URDIÑOLA Y J. MERY,H2,16:03,,,,
03/05/2026,LOMA LINDA - URDIÑOLA,Salida,N,6,PROL. URDIÑOLA Y J. MERY,H3,18:33,,,,
03/05/2026,LOMA LINDA - URDIÑOLA,Salida,N,7,REFORMA Y URDIÑOLA,H1,06:34,,,,
03/05/2026,LOMA LINDA - URDIÑOLA,Salida,N,7,REFORMA Y URDIÑOLA,H2,16:04,,,,
03/05/2026,LOMA LINDA - URDIÑOLA,Salida,N,7,REFORMA Y URDIÑOLA,H3,18:34,,,,
03/05/2026,LOMA LINDA - URDIÑOLA,Salida,N,8,BLVD VALDES SANCHEZ Y BLVD MINERIA,H1,06:55,,,,
03/05/2026,LOMA LINDA - URDIÑOLA,Salida,N,8,BLVD VALDES SANCHEZ Y BLVD MINERIA,H2,16:10,,,,
03/05/2026,LOMA LINDA - URDIÑOLA,Salida,N,8,BLVD VALDES SANCHEZ Y BLVD MINERIA,H3,18:55,,,,
03/05/2026,LOMA LINDA - URDIÑOLA,Salida,N,9,DEPOSITO DE AGUA FRACC PLAZA,H1,07:00,,,,
03/05/2026,LOMA LINDA - URDIÑOLA,Salida,N,9,DEPOSITO DE AGUA FRACC PLAZA,H2,16:15,,,,
03/05/2026,LOMA LINDA - URDIÑOLA,Salida,N,9,DEPOSITO DE AGUA FRACC PLAZA,H3,19:00,,,,
03/05/2026,LOMA LINDA - URDIÑOLA,Salida,N,10,BLVD VALDES SANCHEZ Y (PLANTA LEAR),H1,07:05,,,,
03/05/2026,LOMA LINDA - URDIÑOLA,Salida,N,10,BLVD VALDES SANCHEZ Y (PLANTA LEAR),H2,16:20,,,,
03/05/2026,LOMA LINDA - URDIÑOLA,Salida,N,10,BLVD VALDES SANCHEZ Y (PLANTA LEAR),H3,19:05,,,,
03/05/2026,LOMA LINDA - URDIÑOLA,Salida,N,11,BLVD SANTA LUCIA Y BLVD FUNDADORES,H1,07:15,,,,
03/05/2026,LOMA LINDA - URDIÑOLA,Salida,N,11,BLVD SANTA LUCIA Y BLVD FUNDADORES,H2,16:30,,,,
03/05/2026,LOMA LINDA - URDIÑOLA,Salida,N,11,BLVD SANTA LUCIA Y BLVD FUNDADORES,H3,19:15,,,,
03/05/2026,LOMA LINDA - URDIÑOLA,Salida,N,12,BLVD SANTA LUCIA Y CALLE 7,H1,07:16,,,,
03/05/2026,LOMA LINDA - URDIÑOLA,Salida,N,12,BLVD SANTA LUCIA Y CALLE 7,H2,16:31,,,,
03/05/2026,LOMA LINDA - URDIÑOLA,Salida,N,12,BLVD SANTA LUCIA Y CALLE 7,H3,19:16,,,,
03/05/2026,LOMA LINDA - URDIÑOLA,Salida,N,13,MEZQUITE Y NUECES,H1,07:25,,,,
03/05/2026,LOMA LINDA - URDIÑOLA,Salida,N,13,MEZQUITE Y NUECES,H2,16:40,,,,
03/05/2026,LOMA LINDA - URDIÑOLA,Salida,N,13,MEZQUITE Y NUECES,H3,19:25,,,,
03/05/2026,LOMA LINDA - URDIÑOLA,Salida,N,14,MEZQUITE Y GORDOLOBO,H1,07:30,,,,
03/05/2026,LOMA LINDA - URDIÑOLA,Salida,N,14,MEZQUITE Y GORDOLOBO,H2,16:45,,,,
03/05/2026,LOMA LINDA - URDIÑOLA,Salida,N,14,MEZQUITE Y GORDOLOBO,H3,19:30,,,,
03/05/2026,LOS HOYOS - MACUYU,Entrada,A,1,LOS HOYOS,H1,03:20,,,,
03/05/2026,LOS HOYOS - MACUYU,Entrada,A,1,LOS HOYOS,H2,15:20,,,,
03/05/2026,LOS HOYOS - MACUYU,Entrada,A,1,LOS HOYOS,H3,18:50,,,,
03/05/2026,LOS HOYOS - MACUYU,Entrada,A,1,LOS HOYOS,H4,19:20,,,,
03/05/2026,LOS HOYOS - MACUYU,Entrada,A,2,HUARICHE,H1,03:38,,,,
03/05/2026,LOS HOYOS - MACUYU,Entrada,A,2,HUARICHE,H2,15:38,,,,
03/05/2026,LOS HOYOS - MACUYU,Entrada,A,2,HUARICHE,H3,19:08,,,,
03/05/2026,LOS HOYOS - MACUYU,Entrada,A,2,HUARICHE,H4,19:38,,,,
03/05/2026,LOS HOYOS - MACUYU,Entrada,A,3,PRESA DE GUADALUPE,H1,04:08,,,,
03/05/2026,LOS HOYOS - MACUYU,Entrada,A,3,PRESA DE GUADALUPE,H2,16:08,,,,
03/05/2026,LOS HOYOS - MACUYU,Entrada,A,3,PRESA DE GUADALUPE,H3,19:38,,,,
03/05/2026,LOS HOYOS - MACUYU,Entrada,A,3,PRESA DE GUADALUPE,H4,20:08,,,,
03/05/2026,LOS HOYOS - MACUYU,Entrada,A,4,MACUYU,H1,04:14,,,,
03/05/2026,LOS HOYOS - MACUYU,Entrada,A,4,MACUYU,H2,16:14,,,,
03/05/2026,LOS HOYOS - MACUYU,Entrada,A,4,MACUYU,H3,19:44,,,,
03/05/2026,LOS HOYOS - MACUYU,Entrada,A,4,MACUYU,H4,20:14,,,,
03/05/2026,LOS HOYOS - MACUYU,Entrada,A,5,DOS DE ABRIL,H1,04:24,,,,
03/05/2026,LOS HOYOS - MACUYU,Entrada,A,5,DOS DE ABRIL,H2,16:24,,,,
03/05/2026,LOS HOYOS - MACUYU,Entrada,A,5,DOS DE ABRIL,H3,19:54,,,,
03/05/2026,LOS HOYOS - MACUYU,Entrada,A,5,DOS DE ABRIL,H4,20:24,,,,
03/05/2026,LOS HOYOS - MACUYU,Entrada,A,6,LA PAZ,H1,04:50,,,,
03/05/2026,LOS HOYOS - MACUYU,Entrada,A,6,LA PAZ,H2,16:50,,,,
03/05/2026,LOS HOYOS - MACUYU,Entrada,A,6,LA PAZ,H3,20:20,,,,
03/05/2026,LOS HOYOS - MACUYU,Entrada,A,6,LA PAZ,H4,20:50,,,,
03/05/2026,LOS HOYOS - MACUYU,Entrada,A,7,DERRAMADERO,H1,05:08,,,,
03/05/2026,LOS HOYOS - MACUYU,Entrada,A,7,DERRAMADERO,H2,17:08,,,,
03/05/2026,LOS HOYOS - MACUYU,Entrada,A,7,DERRAMADERO,H3,20:38,,,,
03/05/2026,LOS HOYOS - MACUYU,Entrada,A,7,DERRAMADERO,H4,21:08,,,,
03/05/2026,LOS HOYOS - MACUYU,Entrada,A,8,METALSA,H1,05:50,,,,
03/05/2026,LOS HOYOS - MACUYU,Entrada,A,8,METALSA,H2,17:50,,,,
03/05/2026,LOS HOYOS - MACUYU,Entrada,A,8,METALSA,H3,21:20,,,,
03/05/2026,LOS HOYOS - MACUYU,Entrada,A,8,METALSA,H4,21:50,,,,
03/05/2026,LOS HOYOS - MACUYU,Salida,N,1,METALSA,H1,15:30,,,,
03/05/2026,LOS HOYOS - MACUYU,Salida,N,1,METALSA,H2,06:15,,,,
03/05/2026,LOS HOYOS - MACUYU,Salida,N,1,METALSA,H3,18:15,,,,
03/05/2026,LOS HOYOS - MACUYU,Salida,N,2,DERRAMADERO,H1,15:41,,,,
03/05/2026,LOS HOYOS - MACUYU,Salida,N,2,DERRAMADERO,H2,06:26,,,,
03/05/2026,LOS HOYOS - MACUYU,Salida,N,2,DERRAMADERO,H3,18:26,,,,
03/05/2026,LOS HOYOS - MACUYU,Salida,N,3,LA PAZ,H1,15:42,,,,
03/05/2026,LOS HOYOS - MACUYU,Salida,N,3,LA PAZ,H2,06:27,,,,
03/05/2026,LOS HOYOS - MACUYU,Salida,N,3,LA PAZ,H3,18:27,,,,
03/05/2026,LOS HOYOS - MACUYU,Salida,N,4,DOS DE ABRIL,H1,15:44,,,,
03/05/2026,LOS HOYOS - MACUYU,Salida,N,4,DOS DE ABRIL,H2,06:29,,,,
03/05/2026,LOS HOYOS - MACUYU,Salida,N,4,DOS DE ABRIL,H3,18:29,,,,
03/05/2026,LOS HOYOS - MACUYU,Salida,N,5,MACUYU,H1,15:45,,,,
03/05/2026,LOS HOYOS - MACUYU,Salida,N,5,MACUYU,H2,06:30,,,,
03/05/2026,LOS HOYOS - MACUYU,Salida,N,5,MACUYU,H3,18:30,,,,
03/05/2026,LOS HOYOS - MACUYU,Salida,N,6,PRESA DE GUADALUPE,H1,16:00,,,,
03/05/2026,LOS HOYOS - MACUYU,Salida,N,6,PRESA DE GUADALUPE,H2,06:31,,,,
03/05/2026,LOS HOYOS - MACUYU,Salida,N,6,PRESA DE GUADALUPE,H3,18:35,,,,
03/05/2026,LOS HOYOS - MACUYU,Salida,N,7,HUARICHE,H1,17:18,,,,
03/05/2026,LOS HOYOS - MACUYU,Salida,N,7,HUARICHE,H2,08:03,,,,
03/05/2026,LOS HOYOS - MACUYU,Salida,N,7,HUARICHE,H3,20:03,,,,
03/05/2026,LOS HOYOS - MACUYU,Salida,N,8,LOS HOYOS,H1,17:30,,,,
03/05/2026,LOS HOYOS - MACUYU,Salida,N,8,LOS HOYOS,H2,08:15,,,,
03/05/2026,LOS HOYOS - MACUYU,Salida,N,8,LOS HOYOS,H3,20:15,,,,
03/05/2026,OTILIO,Entrada,N,1,CALLE 23 Y CALLE 16,H1,04:25,,,,
03/05/2026,OTILIO,Entrada,N,1,CALLE 23 Y CALLE 16,H2,16:25,,,,
03/05/2026,OTILIO,Entrada,N,1,CALLE 23 Y CALLE 16,H3,19:55,,,,
03/05/2026,OTILIO,Entrada,N,1,CALLE 23 Y CALLE 16,H4,20:25,,,,
03/05/2026,OTILIO,Entrada,N,2,MARMOL Y EMILIANO ZAPATA,H1,04:27,,,,
03/05/2026,OTILIO,Entrada,N,2,MARMOL Y EMILIANO ZAPATA,H2,16:27,,,,
03/05/2026,OTILIO,Entrada,N,2,MARMOL Y EMILIANO ZAPATA,H3,19:57,,,,
03/05/2026,OTILIO,Entrada,N,2,MARMOL Y EMILIANO ZAPATA,H4,20:27,,,,
03/05/2026,OTILIO,Entrada,N,3,LIBERTAD Y OTILIO,H1,04:31,,,,
03/05/2026,OTILIO,Entrada,N,3,LIBERTAD Y OTILIO,H2,16:31,,,,
03/05/2026,OTILIO,Entrada,N,3,LIBERTAD Y OTILIO,H3,20:01,,,,
03/05/2026,OTILIO,Entrada,N,3,LIBERTAD Y OTILIO,H4,20:31,,,,
03/05/2026,OTILIO,Entrada,N,4,ONCEAVA Y ESCUADRON DE LA AVIACION,H1,04:42,,,,
03/05/2026,OTILIO,Entrada,N,4,ONCEAVA Y ESCUADRON DE LA AVIACION,H2,16:42,,,,
03/05/2026,OTILIO,Entrada,N,4,ONCEAVA Y ESCUADRON DE LA AVIACION,H3,20:12,,,,
03/05/2026,OTILIO,Entrada,N,4,ONCEAVA Y ESCUADRON DE LA AVIACION,H4,20:42,,,,
03/05/2026,OTILIO,Entrada,N,5,BLVD JUAREZ Y MIGUEL HIDALGO,H1,04:52,,,,
03/05/2026,OTILIO,Entrada,N,5,BLVD JUAREZ Y MIGUEL HIDALGO,H2,16:52,,,,
03/05/2026,OTILIO,Entrada,N,5,BLVD JUAREZ Y MIGUEL HIDALGO,H3,20:22,,,,
03/05/2026,OTILIO,Entrada,N,5,BLVD JUAREZ Y MIGUEL HIDALGO,H4,20:52,,,,
03/05/2026,OTILIO,Entrada,N,6,IGNACIO ALLENDE Y CALLE 13,H1,04:58,,,,
03/05/2026,OTILIO,Entrada,N,6,IGNACIO ALLENDE Y CALLE 13,H2,16:58,,,,
03/05/2026,OTILIO,Entrada,N,6,IGNACIO ALLENDE Y CALLE 13,H3,20:28,,,,
03/05/2026,OTILIO,Entrada,N,6,IGNACIO ALLENDE Y CALLE 13,H4,20:58,,,,
03/05/2026,OTILIO,Entrada,N,7,LOMAS DE LOURDES Y LUIS PASTEUR,H1,05:06,,,,
03/05/2026,OTILIO,Entrada,N,7,LOMAS DE LOURDES Y LUIS PASTEUR,H2,17:06,,,,
03/05/2026,OTILIO,Entrada,N,7,LOMAS DE LOURDES Y LUIS PASTEUR,H3,20:36,,,,
03/05/2026,OTILIO,Entrada,N,7,LOMAS DE LOURDES Y LUIS PASTEUR,H4,21:06,,,,
03/05/2026,OTILIO,Entrada,N,8,CARR. SALTILLO-ZACATECAS,H1,05:15,,,,
03/05/2026,OTILIO,Entrada,N,8,CARR. SALTILLO-ZACATECAS,H2,17:15,,,,
03/05/2026,OTILIO,Entrada,N,8,CARR. SALTILLO-ZACATECAS,H3,20:45,,,,
03/05/2026,OTILIO,Entrada,N,8,CARR. SALTILLO-ZACATECAS,H4,21:15,,,,
03/05/2026,OTILIO,Entrada,N,9,METALSA,H1,05:50,,,,
03/05/2026,OTILIO,Entrada,N,9,METALSA,H2,17:50,,,,
03/05/2026,OTILIO,Entrada,N,9,METALSA,H3,21:20,,,,
03/05/2026,OTILIO,Entrada,N,9,METALSA,H4,21:50,,,,
03/05/2026,OTILIO,Salida,N,1,METALSA,H1,06:15,,,,
03/05/2026,OTILIO,Salida,N,1,METALSA,H2,15:30,,,,
03/05/2026,OTILIO,Salida,N,1,METALSA,H3,18:15,,,,
03/05/2026,OTILIO,Salida,N,2,CARR. SALTILLO-ZACATECAS,H1,06:50,,,,
03/05/2026,OTILIO,Salida,N,2,CARR. SALTILLO-ZACATECAS,H2,16:05,,,,
03/05/2026,OTILIO,Salida,N,2,CARR. SALTILLO-ZACATECAS,H3,18:50,,,,
03/05/2026,OTILIO,Salida,N,3,LOMAS DE LOURDES Y LUIS PASTEUR,H1,06:59,,,,
03/05/2026,OTILIO,Salida,N,3,LOMAS DE LOURDES Y LUIS PASTEUR,H2,16:14,,,,
03/05/2026,OTILIO,Salida,N,3,LOMAS DE LOURDES Y LUIS PASTEUR,H3,18:59,,,,
03/05/2026,OTILIO,Salida,N,4,IGNACIO ALLENDE Y CALLE 13,H1,07:07,,,,
03/05/2026,OTILIO,Salida,N,4,IGNACIO ALLENDE Y CALLE 13,H2,16:22,,,,
03/05/2026,OTILIO,Salida,N,4,IGNACIO ALLENDE Y CALLE 13,H3,19:07,,,,
03/05/2026,OTILIO,Salida,N,5,BLVD JUAREZ Y MIGUEL HIDALGO,H1,07:13,,,,
03/05/2026,OTILIO,Salida,N,5,BLVD JUAREZ Y MIGUEL HIDALGO,H2,16:28,,,,
03/05/2026,OTILIO,Salida,N,5,BLVD JUAREZ Y MIGUEL HIDALGO,H3,19:13,,,,
03/05/2026,OTILIO,Salida,N,6,ONCEAVA Y ESCUADRON DE LA AVIACION,H1,07:23,,,,
03/05/2026,OTILIO,Salida,N,6,ONCEAVA Y ESCUADRON DE LA AVIACION,H2,16:38,,,,
03/05/2026,OTILIO,Salida,N,6,ONCEAVA Y ESCUADRON DE LA AVIACION,H3,19:23,,,,
03/05/2026,OTILIO,Salida,N,7,LIBERTAD Y OTILIO,H1,07:34,,,,
03/05/2026,OTILIO,Salida,N,7,LIBERTAD Y OTILIO,H2,16:49,,,,
03/05/2026,OTILIO,Salida,N,7,LIBERTAD Y OTILIO,H3,19:34,,,,
03/05/2026,OTILIO,Salida,N,8,MARMOL Y EMILIANO ZAPATA,H1,07:38,,,,
03/05/2026,OTILIO,Salida,N,8,MARMOL Y EMILIANO ZAPATA,H2,16:53,,,,
03/05/2026,OTILIO,Salida,N,8,MARMOL Y EMILIANO ZAPATA,H3,19:38,,,,
03/05/2026,OTILIO,Salida,N,9,CALLE 23 Y CALLE 16,H1,07:40,,,,
03/05/2026,OTILIO,Salida,N,9,CALLE 23 Y CALLE 16,H2,16:55,,,,
03/05/2026,OTILIO,Salida,N,9,CALLE 23 Y CALLE 16,H3,19:40,,,,
03/05/2026,PARRAS CASETA,Entrada,A,1,RAMOS ARIZPE (PLAZA DEL RELOJ),H1,18:30,,,,
03/05/2026,PARRAS CASETA,Entrada,A,1,RAMOS ARIZPE (PLAZA DEL RELOJ),H2,03:00,,,,
03/05/2026,PARRAS CASETA,Entrada,A,1,RAMOS ARIZPE (PLAZA DEL RELOJ),H3,15:00,,,,
03/05/2026,PARRAS CASETA,Entrada,A,1,RAMOS ARIZPE (PLAZA DEL RELOJ),H4,19:00,,,,
03/05/2026,PARRAS CASETA,Entrada,A,2,HEROICO COLEGIO MILITAR Y MELCHOR OCAMPO (ALAMEDA),H1,18:32,,,,
03/05/2026,PARRAS CASETA,Entrada,A,2,HEROICO COLEGIO MILITAR Y MELCHOR OCAMPO (ALAMEDA),H2,03:02,,,,
03/05/2026,PARRAS CASETA,Entrada,A,2,HEROICO COLEGIO MILITAR Y MELCHOR OCAMPO (ALAMEDA),H3,15:02,,,,
03/05/2026,PARRAS CASETA,Entrada,A,2,HEROICO COLEGIO MILITAR Y MELCHOR OCAMPO (ALAMEDA),H4,19:02,,,,
03/05/2026,PARRAS CASETA,Entrada,A,3,FALCON Y FCO SARABIA (TORTILLERIA 4 CAMINO),H1,18:40,,,,
03/05/2026,PARRAS CASETA,Entrada,A,3,FALCON Y FCO SARABIA (TORTILLERIA 4 CAMINO),H2,03:10,,,,
03/05/2026,PARRAS CASETA,Entrada,A,3,FALCON Y FCO SARABIA (TORTILLERIA 4 CAMINO),H3,15:10,,,,
03/05/2026,PARRAS CASETA,Entrada,A,3,FALCON Y FCO SARABIA (TORTILLERIA 4 CAMINO),H4,19:10,,,,
03/05/2026,PARRAS CASETA,Entrada,A,4,OSCAR FLORES TAPIA y JAVIER MINA,H1,18:45,,,,
03/05/2026,PARRAS CASETA,Entrada,A,4,OSCAR FLORES TAPIA y JAVIER MINA,H2,03:15,,,,
03/05/2026,PARRAS CASETA,Entrada,A,4,OSCAR FLORES TAPIA y JAVIER MINA,H3,15:15,,,,
03/05/2026,PARRAS CASETA,Entrada,A,4,OSCAR FLORES TAPIA y JAVIER MINA,H4,19:15,,,,
03/05/2026,PARRAS CASETA,Entrada,A,5,CALZADA DEL MARQUEZ (OXXO GAS),H1,18:50,,,,
03/05/2026,PARRAS CASETA,Entrada,A,5,CALZADA DEL MARQUEZ (OXXO GAS),H2,03:20,,,,
03/05/2026,PARRAS CASETA,Entrada,A,5,CALZADA DEL MARQUEZ (OXXO GAS),H3,15:20,,,,
03/05/2026,PARRAS CASETA,Entrada,A,5,CALZADA DEL MARQUEZ (OXXO GAS),H4,19:20,,,,
03/05/2026,PARRAS CASETA,Entrada,A,6,16 DE SEPTIEMBRE (FABRICA DICKIES),H1,18:57,,,,
03/05/2026,PARRAS CASETA,Entrada,A,6,16 DE SEPTIEMBRE (FABRICA DICKIES),H2,03:27,,,,
03/05/2026,PARRAS CASETA,Entrada,A,6,16 DE SEPTIEMBRE (FABRICA DICKIES),H3,15:27,,,,
03/05/2026,PARRAS CASETA,Entrada,A,6,16 DE SEPTIEMBRE (FABRICA DICKIES),H4,19:27,,,,
03/05/2026,PARRAS CASETA,Entrada,A,7,EJIDO 28 AGOSTO,H1,19:25,,,,
03/05/2026,PARRAS CASETA,Entrada,A,7,EJIDO 28 AGOSTO,H2,03:55,,,,
03/05/2026,PARRAS CASETA,Entrada,A,7,EJIDO 28 AGOSTO,H3,15:55,,,,
03/05/2026,PARRAS CASETA,Entrada,A,7,EJIDO 28 AGOSTO,H4,19:55,,,,
03/05/2026,PARRAS CASETA,Entrada,A,8,KM 42,H1,19:45,,,,
03/05/2026,PARRAS CASETA,Entrada,A,8,KM 42,H2,04:15,,,,
03/05/2026,PARRAS CASETA,Entrada,A,8,KM 42,H3,16:15,,,,
03/05/2026,PARRAS CASETA,Entrada,A,8,KM 42,H4,20:15,,,,
03/05/2026,PARRAS CASETA,Entrada,A,9,EJIDO JALPA,H1,19:50,,,,
03/05/2026,PARRAS CASETA,Entrada,A,9,EJIDO JALPA,H2,04:20,,,,
03/05/2026,PARRAS CASETA,Entrada,A,9,EJIDO JALPA,H3,16:20,,,,
03/05/2026,PARRAS CASETA,Entrada,A,9,EJIDO JALPA,H4,20:20,,,,
03/05/2026,PARRAS CASETA,Entrada,A,10,METALSA,H1,21:20,,,,
03/05/2026,PARRAS CASETA,Entrada,A,10,METALSA,H2,05:50,,,,
03/05/2026,PARRAS CASETA,Entrada,A,10,METALSA,H3,17:50,,,,
03/05/2026,PARRAS CASETA,Entrada,A,10,METALSA,H4,21:50,,,,
03/05/2026,PARRAS CASETA,Salida,N,1,METALSA,H1,15:30,,,,
03/05/2026,PARRAS CASETA,Salida,N,1,METALSA,H2,06:15,,,,
03/05/2026,PARRAS CASETA,Salida,N,1,METALSA,H3,18:15,,,,
03/05/2026,PARRAS CASETA,Salida,N,2,EJIDO PAILA,H1,15:45,,,,
03/05/2026,PARRAS CASETA,Salida,N,2,EJIDO PAILA,H2,06:30,,,,
03/05/2026,PARRAS CASETA,Salida,N,2,EJIDO PAILA,H3,18:30,,,,
03/05/2026,PARRAS CASETA,Salida,N,3,KM 42,H1,15:50,,,,
03/05/2026,PARRAS CASETA,Salida,N,3,KM 42,H2,06:35,,,,
03/05/2026,PARRAS CASETA,Salida,N,3,KM 42,H3,18:35,,,,
03/05/2026,PARRAS CASETA,Salida,N,4,EJIDO 28 AGOSTO,H1,17:10,,,,
03/05/2026,PARRAS CASETA,Salida,N,4,EJIDO 28 AGOSTO,H2,07:55,,,,
03/05/2026,PARRAS CASETA,Salida,N,4,EJIDO 28 AGOSTO,H3,19:55,,,,
03/05/2026,PARRAS CASETA,Salida,N,5,16 DE SEPTIEMBRE (FABRICA DICKIES),H1,17:45,,,,
03/05/2026,PARRAS CASETA,Salida,N,5,16 DE SEPTIEMBRE (FABRICA DICKIES),H2,08:30,,,,
03/05/2026,PARRAS CASETA,Salida,N,5,16 DE SEPTIEMBRE (FABRICA DICKIES),H3,20:30,,,,
03/05/2026,PARRAS CASETA,Salida,N,6,CALZADA DEL MARQUEZ (OXXO GAS),H1,17:55,,,,
03/05/2026,PARRAS CASETA,Salida,N,6,CALZADA DEL MARQUEZ (OXXO GAS),H2,08:40,,,,
03/05/2026,PARRAS CASETA,Salida,N,6,CALZADA DEL MARQUEZ (OXXO GAS),H3,20:40,,,,
03/05/2026,PARRAS CASETA,Salida,N,7,OSCAR FLORES TAPIA y JAVIER MINA,H1,18:00,,,,
03/05/2026,PARRAS CASETA,Salida,N,7,OSCAR FLORES TAPIA y JAVIER MINA,H2,08:45,,,,
03/05/2026,PARRAS CASETA,Salida,N,7,OSCAR FLORES TAPIA y JAVIER MINA,H3,20:45,,,,
03/05/2026,PARRAS CASETA,Salida,N,8,FALCON Y FCO SARABIA (TORTILLERIA 4 CAMINO),H1,18:05,,,,
03/05/2026,PARRAS CASETA,Salida,N,8,FALCON Y FCO SARABIA (TORTILLERIA 4 CAMINO),H2,08:50,,,,
03/05/2026,PARRAS CASETA,Salida,N,8,FALCON Y FCO SARABIA (TORTILLERIA 4 CAMINO),H3,20:50,,,,
03/05/2026,PARRAS CASETA,Salida,N,9,HEROICO COLEGIO MILITAR Y MELCHOR OCAMPO (ALAMEDA),H1,18:18,,,,
03/05/2026,PARRAS CASETA,Salida,N,9,HEROICO COLEGIO MILITAR Y MELCHOR OCAMPO (ALAMEDA),H2,09:03,,,,
03/05/2026,PARRAS CASETA,Salida,N,9,HEROICO COLEGIO MILITAR Y MELCHOR OCAMPO (ALAMEDA),H3,21:03,,,,
03/05/2026,PARRAS CASETA,Salida,N,10,RAMOS ARIZPE (PLAZA DEL RELOJ),H1,18:20,,,,
03/05/2026,PARRAS CASETA,Salida,N,10,RAMOS ARIZPE (PLAZA DEL RELOJ),H2,09:05,,,,
03/05/2026,PARRAS CASETA,Salida,N,10,RAMOS ARIZPE (PLAZA DEL RELOJ),H3,21:05,,,,
03/05/2026,PARRAS LIBRE,Entrada,A,1,TACUBATA Y FRANCISCO I MADERO,H1,18:30,,,,
03/05/2026,PARRAS LIBRE,Entrada,A,1,TACUBATA Y FRANCISCO I MADERO,H2,03:00,,,,
03/05/2026,PARRAS LIBRE,Entrada,A,1,TACUBATA Y FRANCISCO I MADERO,H3,03:00,,,,
03/05/2026,PARRAS LIBRE,Entrada,A,1,TACUBATA Y FRANCISCO I MADERO,H4,15:00,,,,
03/05/2026,PARRAS LIBRE,Entrada,A,1,TACUBATA Y FRANCISCO I MADERO,H5,15:00,,,,
03/05/2026,PARRAS LIBRE,Entrada,A,1,TACUBATA Y FRANCISCO I MADERO,H6,19:05,,,,
03/05/2026,PARRAS LIBRE,Entrada,A,2,SANTA CATARINA Y VIESCA,H1,18:36,,,,
03/05/2026,PARRAS LIBRE,Entrada,A,2,SANTA CATARINA Y VIESCA,H2,03:06,,,,
03/05/2026,PARRAS LIBRE,Entrada,A,2,SANTA CATARINA Y VIESCA,H3,03:06,,,,
03/05/2026,PARRAS LIBRE,Entrada,A,2,SANTA CATARINA Y VIESCA,H4,15:06,,,,
03/05/2026,PARRAS LIBRE,Entrada,A,2,SANTA CATARINA Y VIESCA,H5,15:06,,,,
03/05/2026,PARRAS LIBRE,Entrada,A,2,SANTA CATARINA Y VIESCA,H6,19:09,,,,
03/05/2026,PARRAS LIBRE,Entrada,A,3,MANUEL ZAVALA Y MAR DE GALILEA,H1,18:50,,,,
03/05/2026,PARRAS LIBRE,Entrada,A,3,MANUEL ZAVALA Y MAR DE GALILEA,H2,03:20,,,,
03/05/2026,PARRAS LIBRE,Entrada,A,3,MANUEL ZAVALA Y MAR DE GALILEA,H3,03:20,,,,
03/05/2026,PARRAS LIBRE,Entrada,A,3,MANUEL ZAVALA Y MAR DE GALILEA,H4,15:20,,,,
03/05/2026,PARRAS LIBRE,Entrada,A,3,MANUEL ZAVALA Y MAR DE GALILEA,H5,15:20,,,,
03/05/2026,PARRAS LIBRE,Entrada,A,3,MANUEL ZAVALA Y MAR DE GALILEA,H6,19:11,,,,
03/05/2026,PARRAS LIBRE,Entrada,A,4,GENERAL CEPEDA Y RAMOS ARIZPE,H1,18:55,,,,
03/05/2026,PARRAS LIBRE,Entrada,A,4,GENERAL CEPEDA Y RAMOS ARIZPE,H2,03:25,,,,
03/05/2026,PARRAS LIBRE,Entrada,A,4,GENERAL CEPEDA Y RAMOS ARIZPE,H3,03:25,,,,
03/05/2026,PARRAS LIBRE,Entrada,A,4,GENERAL CEPEDA Y RAMOS ARIZPE,H4,15:25,,,,
03/05/2026,PARRAS LIBRE,Entrada,A,4,GENERAL CEPEDA Y RAMOS ARIZPE,H5,15:25,,,,
03/05/2026,PARRAS LIBRE,Entrada,A,4,GENERAL CEPEDA Y RAMOS ARIZPE,H6,19:14,,,,
03/05/2026,PARRAS LIBRE,Entrada,A,5,GENERAL CEPEDA Y COLIMA,H1,19:03,,,,
03/05/2026,PARRAS LIBRE,Entrada,A,5,GENERAL CEPEDA Y COLIMA,H2,03:33,,,,
03/05/2026,PARRAS LIBRE,Entrada,A,5,GENERAL CEPEDA Y COLIMA,H3,03:33,,,,
03/05/2026,PARRAS LIBRE,Entrada,A,5,GENERAL CEPEDA Y COLIMA,H4,15:33,,,,
03/05/2026,PARRAS LIBRE,Entrada,A,5,GENERAL CEPEDA Y COLIMA,H5,15:33,,,,
03/05/2026,PARRAS LIBRE,Entrada,A,5,GENERAL CEPEDA Y COLIMA,H6,19:15,,,,
03/05/2026,PARRAS LIBRE,Entrada,A,6,CAMINO GRAL. CEPEDA Y EJIDO PARRAS,H1,19:05,,,,
03/05/2026,PARRAS LIBRE,Entrada,A,6,CAMINO GRAL. CEPEDA Y EJIDO PARRAS,H2,03:35,,,,
03/05/2026,PARRAS LIBRE,Entrada,A,6,CAMINO GRAL. CEPEDA Y EJIDO PARRAS,H3,03:35,,,,
03/05/2026,PARRAS LIBRE,Entrada,A,6,CAMINO GRAL. CEPEDA Y EJIDO PARRAS,H4,15:35,,,,
03/05/2026,PARRAS LIBRE,Entrada,A,6,CAMINO GRAL. CEPEDA Y EJIDO PARRAS,H5,15:35,,,,
03/05/2026,PARRAS LIBRE,Entrada,A,6,CAMINO GRAL. CEPEDA Y EJIDO PARRAS,H6,19:17,,,,
03/05/2026,PARRAS LIBRE,Entrada,A,7,METALSA,H1,21:20,,,,
03/05/2026,PARRAS LIBRE,Entrada,A,7,METALSA,H2,05:50,,,,
03/05/2026,PARRAS LIBRE,Entrada,A,7,METALSA,H3,05:50,,,,
03/05/2026,PARRAS LIBRE,Entrada,A,7,METALSA,H4,17:50,,,,
03/05/2026,PARRAS LIBRE,Entrada,A,7,METALSA,H5,17:50,,,,
03/05/2026,PARRAS LIBRE,Entrada,A,7,METALSA,H6,21:50,,,,
03/05/2026,PARRAS LIBRE,Salida,N,1,METALSA,H1,15:30,,,,
03/05/2026,PARRAS LIBRE,Salida,N,1,METALSA,H2,06:15,,,,
03/05/2026,PARRAS LIBRE,Salida,N,1,METALSA,H3,06:15,,,,
03/05/2026,PARRAS LIBRE,Salida,N,1,METALSA,H4,18:15,,,,
03/05/2026,PARRAS LIBRE,Salida,N,1,METALSA,H5,18:15,,,,
03/05/2026,PARRAS LIBRE,Salida,N,2,CAMINO GRAL. CEPEDA Y EJIDO PARRAS,H1,17:45,,,,
03/05/2026,PARRAS LIBRE,Salida,N,2,CAMINO GRAL. CEPEDA Y EJIDO PARRAS,H2,08:30,,,,
03/05/2026,PARRAS LIBRE,Salida,N,2,CAMINO GRAL. CEPEDA Y EJIDO PARRAS,H3,08:30,,,,
03/05/2026,PARRAS LIBRE,Salida,N,2,CAMINO GRAL. CEPEDA Y EJIDO PARRAS,H4,20:30,,,,
03/05/2026,PARRAS LIBRE,Salida,N,2,CAMINO GRAL. CEPEDA Y EJIDO PARRAS,H5,20:30,,,,
03/05/2026,PARRAS LIBRE,Salida,N,3,GENERAL CEPEDA Y COLIMA,H1,17:47,,,,
03/05/2026,PARRAS LIBRE,Salida,N,3,GENERAL CEPEDA Y COLIMA,H2,08:32,,,,
03/05/2026,PARRAS LIBRE,Salida,N,3,GENERAL CEPEDA Y COLIMA,H3,08:32,,,,
03/05/2026,PARRAS LIBRE,Salida,N,3,GENERAL CEPEDA Y COLIMA,H4,20:32,,,,
03/05/2026,PARRAS LIBRE,Salida,N,3,GENERAL CEPEDA Y COLIMA,H5,20:32,,,,
03/05/2026,PARRAS LIBRE,Salida,N,4,GENERAL CEPEDA Y RAMOS ARIZPE,H1,17:55,,,,
03/05/2026,PARRAS LIBRE,Salida,N,4,GENERAL CEPEDA Y RAMOS ARIZPE,H2,08:40,,,,
03/05/2026,PARRAS LIBRE,Salida,N,4,GENERAL CEPEDA Y RAMOS ARIZPE,H3,08:40,,,,
03/05/2026,PARRAS LIBRE,Salida,N,4,GENERAL CEPEDA Y RAMOS ARIZPE,H4,20:40,,,,
03/05/2026,PARRAS LIBRE,Salida,N,4,GENERAL CEPEDA Y RAMOS ARIZPE,H5,20:40,,,,
03/05/2026,PARRAS LIBRE,Salida,N,5,MANUEL ZAVALA Y MAR DE GALILEA,H1,18:00,,,,
03/05/2026,PARRAS LIBRE,Salida,N,5,MANUEL ZAVALA Y MAR DE GALILEA,H2,08:45,,,,
03/05/2026,PARRAS LIBRE,Salida,N,5,MANUEL ZAVALA Y MAR DE GALILEA,H3,08:45,,,,
03/05/2026,PARRAS LIBRE,Salida,N,5,MANUEL ZAVALA Y MAR DE GALILEA,H4,20:45,,,,
03/05/2026,PARRAS LIBRE,Salida,N,5,MANUEL ZAVALA Y MAR DE GALILEA,H5,20:45,,,,
03/05/2026,PARRAS LIBRE,Salida,N,6,SANTA CATARINA Y VIESCA,H1,18:14,,,,
03/05/2026,PARRAS LIBRE,Salida,N,6,SANTA CATARINA Y VIESCA,H2,08:59,,,,
03/05/2026,PARRAS LIBRE,Salida,N,6,SANTA CATARINA Y VIESCA,H3,08:59,,,,
03/05/2026,PARRAS LIBRE,Salida,N,6,SANTA CATARINA Y VIESCA,H4,20:59,,,,
03/05/2026,PARRAS LIBRE,Salida,N,6,SANTA CATARINA Y VIESCA,H5,20:59,,,,
03/05/2026,PARRAS LIBRE,Salida,N,7,TACUBATA Y FRANCISCO I MADERO,H1,18:20,,,,
03/05/2026,PARRAS LIBRE,Salida,N,7,TACUBATA Y FRANCISCO I MADERO,H2,09:05,,,,
03/05/2026,PARRAS LIBRE,Salida,N,7,TACUBATA Y FRANCISCO I MADERO,H3,09:05,,,,
03/05/2026,PARRAS LIBRE,Salida,N,7,TACUBATA Y FRANCISCO I MADERO,H4,21:05,,,,
03/05/2026,PARRAS LIBRE,Salida,N,7,TACUBATA Y FRANCISCO I MADERO,H5,21:05,,,,
03/05/2026,PORVENIR - GENERAL CEPEDA,Entrada,A,1,PORVENIR,H1,03:45,,,,
03/05/2026,PORVENIR - GENERAL CEPEDA,Entrada,A,1,PORVENIR,H2,15:45,,,,
03/05/2026,PORVENIR - GENERAL CEPEDA,Entrada,A,1,PORVENIR,H3,19:15,,,,
03/05/2026,PORVENIR - GENERAL CEPEDA,Entrada,A,1,PORVENIR,H4,19:45,,,,
03/05/2026,PORVENIR - GENERAL CEPEDA,Entrada,A,2,GUELATAO,H1,03:50,,,,
03/05/2026,PORVENIR - GENERAL CEPEDA,Entrada,A,2,GUELATAO,H2,15:50,,,,
03/05/2026,PORVENIR - GENERAL CEPEDA,Entrada,A,2,GUELATAO,H3,19:20,,,,
03/05/2026,PORVENIR - GENERAL CEPEDA,Entrada,A,2,GUELATAO,H4,19:50,,,,
03/05/2026,PORVENIR - GENERAL CEPEDA,Entrada,A,3,BLVD; DIANA LAURA,H1,04:06,,,,
03/05/2026,PORVENIR - GENERAL CEPEDA,Entrada,A,3,BLVD; DIANA LAURA,H2,16:06,,,,
03/05/2026,PORVENIR - GENERAL CEPEDA,Entrada,A,3,BLVD; DIANA LAURA,H3,19:36,,,,
03/05/2026,PORVENIR - GENERAL CEPEDA,Entrada,A,3,BLVD; DIANA LAURA,H4,20:06,,,,
03/05/2026,PORVENIR - GENERAL CEPEDA,Entrada,A,4,MARIANO MATAMOROS,H1,04:09,,,,
03/05/2026,PORVENIR - GENERAL CEPEDA,Entrada,A,4,MARIANO MATAMOROS,H2,16:09,,,,
03/05/2026,PORVENIR - GENERAL CEPEDA,Entrada,A,4,MARIANO MATAMOROS,H3,19:39,,,,
03/05/2026,PORVENIR - GENERAL CEPEDA,Entrada,A,4,MARIANO MATAMOROS,H4,20:09,,,,
03/05/2026,PORVENIR - GENERAL CEPEDA,Entrada,A,5,LOS PRESIDENTES,H1,04:11,,,,
03/05/2026,PORVENIR - GENERAL CEPEDA,Entrada,A,5,LOS PRESIDENTES,H2,16:11,,,,
03/05/2026,PORVENIR - GENERAL CEPEDA,Entrada,A,5,LOS PRESIDENTES,H3,19:41,,,,
03/05/2026,PORVENIR - GENERAL CEPEDA,Entrada,A,5,LOS PRESIDENTES,H4,20:11,,,,
03/05/2026,PORVENIR - GENERAL CEPEDA,Entrada,A,6,MIGUEL HIDALGO,H1,04:16,,,,
03/05/2026,PORVENIR - GENERAL CEPEDA,Entrada,A,6,MIGUEL HIDALGO,H2,16:16,,,,
03/05/2026,PORVENIR - GENERAL CEPEDA,Entrada,A,6,MIGUEL HIDALGO,H3,19:46,,,,
03/05/2026,PORVENIR - GENERAL CEPEDA,Entrada,A,6,MIGUEL HIDALGO,H4,20:16,,,,
03/05/2026,PORVENIR - GENERAL CEPEDA,Entrada,A,7,BENITO JUAREZ,H1,04:19,,,,
03/05/2026,PORVENIR - GENERAL CEPEDA,Entrada,A,7,BENITO JUAREZ,H2,16:19,,,,
03/05/2026,PORVENIR - GENERAL CEPEDA,Entrada,A,7,BENITO JUAREZ,H3,19:49,,,,
03/05/2026,PORVENIR - GENERAL CEPEDA,Entrada,A,7,BENITO JUAREZ,H4,20:19,,,,
03/05/2026,PORVENIR - GENERAL CEPEDA,Entrada,A,8,SAN JOSE,H1,04:50,,,,
03/05/2026,PORVENIR - GENERAL CEPEDA,Entrada,A,8,SAN JOSE,H2,16:50,,,,
03/05/2026,PORVENIR - GENERAL CEPEDA,Entrada,A,8,SAN JOSE,H3,20:20,,,,
03/05/2026,PORVENIR - GENERAL CEPEDA,Entrada,A,8,SAN JOSE,H4,20:50,,,,
03/05/2026,PORVENIR - GENERAL CEPEDA,Entrada,A,9,RANCHO NUEVO,H1,05:00,,,,
03/05/2026,PORVENIR - GENERAL CEPEDA,Entrada,A,9,RANCHO NUEVO,H2,17:00,,,,
03/05/2026,PORVENIR - GENERAL CEPEDA,Entrada,A,9,RANCHO NUEVO,H3,20:30,,,,
03/05/2026,PORVENIR - GENERAL CEPEDA,Entrada,A,9,RANCHO NUEVO,H4,21:00,,,,
03/05/2026,PORVENIR - GENERAL CEPEDA,Entrada,A,10,SANTA TERESA,H1,05:06,,,,
03/05/2026,PORVENIR - GENERAL CEPEDA,Entrada,A,10,SANTA TERESA,H2,17:06,,,,
03/05/2026,PORVENIR - GENERAL CEPEDA,Entrada,A,10,SANTA TERESA,H3,20:36,,,,
03/05/2026,PORVENIR - GENERAL CEPEDA,Entrada,A,10,SANTA TERESA,H4,21:06,,,,
03/05/2026,PORVENIR - GENERAL CEPEDA,Entrada,A,11,CHAPULA,H1,05:15,,,,
03/05/2026,PORVENIR - GENERAL CEPEDA,Entrada,A,11,CHAPULA,H2,17:15,,,,
03/05/2026,PORVENIR - GENERAL CEPEDA,Entrada,A,11,CHAPULA,H3,20:45,,,,
03/05/2026,PORVENIR - GENERAL CEPEDA,Entrada,A,11,CHAPULA,H4,21:15,,,,
03/05/2026,PORVENIR - GENERAL CEPEDA,Entrada,A,12,DERRAMADERO,H1,05:20,,,,
03/05/2026,PORVENIR - GENERAL CEPEDA,Entrada,A,12,DERRAMADERO,H2,17:20,,,,
03/05/2026,PORVENIR - GENERAL CEPEDA,Entrada,A,12,DERRAMADERO,H3,20:50,,,,
03/05/2026,PORVENIR - GENERAL CEPEDA,Entrada,A,12,DERRAMADERO,H4,21:20,,,,
03/05/2026,PORVENIR - GENERAL CEPEDA,Entrada,A,13,SAN JUAN DE LA VAQUERIA,H1,05:28,,,,
03/05/2026,PORVENIR - GENERAL CEPEDA,Entrada,A,13,SAN JUAN DE LA VAQUERIA,H2,17:28,,,,
03/05/2026,PORVENIR - GENERAL CEPEDA,Entrada,A,13,SAN JUAN DE LA VAQUERIA,H3,20:58,,,,
03/05/2026,PORVENIR - GENERAL CEPEDA,Entrada,A,13,SAN JUAN DE LA VAQUERIA,H4,21:28,,,,
03/05/2026,PORVENIR - GENERAL CEPEDA,Entrada,A,14,METALSA,H1,05:50,,,,
03/05/2026,PORVENIR - GENERAL CEPEDA,Entrada,A,14,METALSA,H2,17:50,,,,
03/05/2026,PORVENIR - GENERAL CEPEDA,Entrada,A,14,METALSA,H3,21:20,,,,
03/05/2026,PORVENIR - GENERAL CEPEDA,Entrada,A,14,METALSA,H4,21:50,,,,
03/05/2026,PORVENIR - GENERAL CEPEDA,Salida,N,1,METALSA,H1,06:15,,,,
03/05/2026,PORVENIR - GENERAL CEPEDA,Salida,N,1,METALSA,H2,15:30,,,,
03/05/2026,PORVENIR - GENERAL CEPEDA,Salida,N,1,METALSA,H3,18:15,,,,
03/05/2026,PORVENIR - GENERAL CEPEDA,Salida,N,2,SAN JUAN DE LA VAQUERIA,H1,06:50,,,,
03/05/2026,PORVENIR - GENERAL CEPEDA,Salida,N,2,SAN JUAN DE LA VAQUERIA,H2,16:05,,,,
03/05/2026,PORVENIR - GENERAL CEPEDA,Salida,N,2,SAN JUAN DE LA VAQUERIA,H3,18:50,,,,
03/05/2026,PORVENIR - GENERAL CEPEDA,Salida,N,3,DERRAMADERO,H1,06:55,,,,
03/05/2026,PORVENIR - GENERAL CEPEDA,Salida,N,3,DERRAMADERO,H2,16:10,,,,
03/05/2026,PORVENIR - GENERAL CEPEDA,Salida,N,3,DERRAMADERO,H3,18:55,,,,
03/05/2026,PORVENIR - GENERAL CEPEDA,Salida,N,4,CHAPULA,H1,06:56,,,,
03/05/2026,PORVENIR - GENERAL CEPEDA,Salida,N,4,CHAPULA,H2,16:15,,,,
03/05/2026,PORVENIR - GENERAL CEPEDA,Salida,N,4,CHAPULA,H3,19:00,,,,
03/05/2026,PORVENIR - GENERAL CEPEDA,Salida,N,5,SANTA TERESA,H1,06:57,,,,
03/05/2026,PORVENIR - GENERAL CEPEDA,Salida,N,5,SANTA TERESA,H2,16:18,,,,
03/05/2026,PORVENIR - GENERAL CEPEDA,Salida,N,5,SANTA TERESA,H3,19:03,,,,
03/05/2026,PORVENIR - GENERAL CEPEDA,Salida,N,6,RANCHO NUEVO,H1,07:10,,,,
03/05/2026,PORVENIR - GENERAL CEPEDA,Salida,N,6,RANCHO NUEVO,H2,16:25,,,,
03/05/2026,PORVENIR - GENERAL CEPEDA,Salida,N,6,RANCHO NUEVO,H3,19:10,,,,
03/05/2026,PORVENIR - GENERAL CEPEDA,Salida,N,7,SAN JOSE,H1,07:11,,,,
03/05/2026,PORVENIR - GENERAL CEPEDA,Salida,N,7,SAN JOSE,H2,16:26,,,,
03/05/2026,PORVENIR - GENERAL CEPEDA,Salida,N,7,SAN JOSE,H3,19:11,,,,
03/05/2026,PORVENIR - GENERAL CEPEDA,Salida,N,8,BENITO JUAREZ,H1,07:12,,,,
03/05/2026,PORVENIR - GENERAL CEPEDA,Salida,N,8,BENITO JUAREZ,H2,16:27,,,,
03/05/2026,PORVENIR - GENERAL CEPEDA,Salida,N,8,BENITO JUAREZ,H3,19:12,,,,
03/05/2026,PORVENIR - GENERAL CEPEDA,Salida,N,9,MIGUEL HIDALGO,H1,07:13,,,,
03/05/2026,PORVENIR - GENERAL CEPEDA,Salida,N,9,MIGUEL HIDALGO,H2,16:28,,,,
03/05/2026,PORVENIR - GENERAL CEPEDA,Salida,N,9,MIGUEL HIDALGO,H3,19:13,,,,
03/05/2026,PORVENIR - GENERAL CEPEDA,Salida,N,10,LOS PRESIDENTES,H1,07:14,,,,
03/05/2026,PORVENIR - GENERAL CEPEDA,Salida,N,10,LOS PRESIDENTES,H2,16:29,,,,
03/05/2026,PORVENIR - GENERAL CEPEDA,Salida,N,10,LOS PRESIDENTES,H3,19:14,,,,
03/05/2026,PORVENIR - GENERAL CEPEDA,Salida,N,11,MARIANO MATAMOROS,H1,07:30,,,,
03/05/2026,PORVENIR - GENERAL CEPEDA,Salida,N,11,MARIANO MATAMOROS,H2,16:45,,,,
03/05/2026,PORVENIR - GENERAL CEPEDA,Salida,N,11,MARIANO MATAMOROS,H3,19:30,,,,
03/05/2026,PORVENIR - GENERAL CEPEDA,Salida,N,12,BLVD; DIANA LAURA,H1,07:31,,,,
03/05/2026,PORVENIR - GENERAL CEPEDA,Salida,N,12,BLVD; DIANA LAURA,H2,16:46,,,,
03/05/2026,PORVENIR - GENERAL CEPEDA,Salida,N,12,BLVD; DIANA LAURA,H3,19:31,,,,
03/05/2026,PORVENIR - GENERAL CEPEDA,Salida,N,13,GUELATAO,H1,07:40,,,,
03/05/2026,PORVENIR - GENERAL CEPEDA,Salida,N,13,GUELATAO,H2,16:55,,,,
03/05/2026,PORVENIR - GENERAL CEPEDA,Salida,N,13,GUELATAO,H3,19:40,,,,
03/05/2026,PORVENIR - GENERAL CEPEDA,Salida,N,14,PORVENIR,H1,07:45,,,,
03/05/2026,PORVENIR - GENERAL CEPEDA,Salida,N,14,PORVENIR,H2,17:00,,,,
03/05/2026,PORVENIR - GENERAL CEPEDA,Salida,N,14,PORVENIR,H3,19:45,,,,
03/05/2026,PUERTO MEXICO,Entrada,A,1,PUERTO MEXICO,H1,20:10,,,,
03/05/2026,PUERTO MEXICO,Entrada,A,1,PUERTO MEXICO,H2,04:40,,,,
03/05/2026,PUERTO MEXICO,Entrada,A,1,PUERTO MEXICO,H3,04:40,,,,
03/05/2026,PUERTO MEXICO,Entrada,A,1,PUERTO MEXICO,H4,16:40,,,,
03/05/2026,PUERTO MEXICO,Entrada,A,1,PUERTO MEXICO,H5,16:40,,,,
03/05/2026,PUERTO MEXICO,Entrada,A,1,PUERTO MEXICO,H6,20:40,,,,
03/05/2026,PUERTO MEXICO,Entrada,A,2,CUIJE,H1,20:22,,,,
03/05/2026,PUERTO MEXICO,Entrada,A,2,CUIJE,H2,04:52,,,,
03/05/2026,PUERTO MEXICO,Entrada,A,2,CUIJE,H3,04:52,,,,
03/05/2026,PUERTO MEXICO,Entrada,A,2,CUIJE,H4,16:52,,,,
03/05/2026,PUERTO MEXICO,Entrada,A,2,CUIJE,H5,16:52,,,,
03/05/2026,PUERTO MEXICO,Entrada,A,2,CUIJE,H6,20:52,,,,
03/05/2026,PUERTO MEXICO,Entrada,A,3,NAVIDAD,H1,20:32,,,,
03/05/2026,PUERTO MEXICO,Entrada,A,3,NAVIDAD,H2,05:02,,,,
03/05/2026,PUERTO MEXICO,Entrada,A,3,NAVIDAD,H3,05:02,,,,
03/05/2026,PUERTO MEXICO,Entrada,A,3,NAVIDAD,H4,17:02,,,,
03/05/2026,PUERTO MEXICO,Entrada,A,3,NAVIDAD,H5,17:02,,,,
03/05/2026,PUERTO MEXICO,Entrada,A,3,NAVIDAD,H6,21:02,,,,
03/05/2026,PUERTO MEXICO,Entrada,A,4,CHAPULTEPEC,H1,20:45,,,,
03/05/2026,PUERTO MEXICO,Entrada,A,4,CHAPULTEPEC,H2,05:15,,,,
03/05/2026,PUERTO MEXICO,Entrada,A,4,CHAPULTEPEC,H3,05:15,,,,
03/05/2026,PUERTO MEXICO,Entrada,A,4,CHAPULTEPEC,H4,17:15,,,,
03/05/2026,PUERTO MEXICO,Entrada,A,4,CHAPULTEPEC,H5,17:15,,,,
03/05/2026,PUERTO MEXICO,Entrada,A,4,CHAPULTEPEC,H6,21:15,,,,
03/05/2026,PUERTO MEXICO,Entrada,A,5,JAHUEY,H1,21:00,,,,
03/05/2026,PUERTO MEXICO,Entrada,A,5,JAHUEY,H2,05:30,,,,
03/05/2026,PUERTO MEXICO,Entrada,A,5,JAHUEY,H3,05:30,,,,
03/05/2026,PUERTO MEXICO,Entrada,A,5,JAHUEY,H4,17:30,,,,
03/05/2026,PUERTO MEXICO,Entrada,A,5,JAHUEY,H5,17:30,,,,
03/05/2026,PUERTO MEXICO,Entrada,A,5,JAHUEY,H6,21:30,,,,
03/05/2026,PUERTO MEXICO,Entrada,A,6,METALSA,H1,21:20,,,,
03/05/2026,PUERTO MEXICO,Entrada,A,6,METALSA,H2,05:50,,,,
03/05/2026,PUERTO MEXICO,Entrada,A,6,METALSA,H3,05:50,,,,
03/05/2026,PUERTO MEXICO,Entrada,A,6,METALSA,H4,17:50,,,,
03/05/2026,PUERTO MEXICO,Entrada,A,6,METALSA,H5,17:50,,,,
03/05/2026,PUERTO MEXICO,Entrada,A,6,METALSA,H6,21:50,,,,
03/05/2026,PUERTO MEXICO,Salida,A,1,METALSA,H1,15:30,,,,
03/05/2026,PUERTO MEXICO,Salida,A,1,METALSA,H2,06:15,,,,
03/05/2026,PUERTO MEXICO,Salida,A,1,METALSA,H3,06:15,,,,
03/05/2026,PUERTO MEXICO,Salida,A,1,METALSA,H4,18:15,,,,
03/05/2026,PUERTO MEXICO,Salida,A,1,METALSA,H5,18:15,,,,
03/05/2026,PUERTO MEXICO,Salida,A,2,JAHUEY,H1,15:50,,,,
03/05/2026,PUERTO MEXICO,Salida,A,2,JAHUEY,H2,06:35,,,,
03/05/2026,PUERTO MEXICO,Salida,A,2,JAHUEY,H3,06:35,,,,
03/05/2026,PUERTO MEXICO,Salida,A,2,JAHUEY,H4,18:35,,,,
03/05/2026,PUERTO MEXICO,Salida,A,2,JAHUEY,H5,18:35,,,,
03/05/2026,PUERTO MEXICO,Salida,A,3,CHAPULTEPEC,H1,16:05,,,,
03/05/2026,PUERTO MEXICO,Salida,A,3,CHAPULTEPEC,H2,06:50,,,,
03/05/2026,PUERTO MEXICO,Salida,A,3,CHAPULTEPEC,H3,06:50,,,,
03/05/2026,PUERTO MEXICO,Salida,A,3,CHAPULTEPEC,H4,18:50,,,,
03/05/2026,PUERTO MEXICO,Salida,A,3,CHAPULTEPEC,H5,18:50,,,,
03/05/2026,PUERTO MEXICO,Salida,A,4,NAVIDAD,H1,16:18,,,,
03/05/2026,PUERTO MEXICO,Salida,A,4,NAVIDAD,H2,07:03,,,,
03/05/2026,PUERTO MEXICO,Salida,A,4,NAVIDAD,H3,07:03,,,,
03/05/2026,PUERTO MEXICO,Salida,A,4,NAVIDAD,H4,19:03,,,,
03/05/2026,PUERTO MEXICO,Salida,A,4,NAVIDAD,H5,19:03,,,,
03/05/2026,PUERTO MEXICO,Salida,A,5,CUIJE,H1,16:28,,,,
03/05/2026,PUERTO MEXICO,Salida,A,5,CUIJE,H2,07:13,,,,
03/05/2026,PUERTO MEXICO,Salida,A,5,CUIJE,H3,07:13,,,,
03/05/2026,PUERTO MEXICO,Salida,A,5,CUIJE,H4,19:13,,,,
03/05/2026,PUERTO MEXICO,Salida,A,5,CUIJE,H5,19:13,,,,
03/05/2026,PUERTO MEXICO,Salida,A,6,PUERTO MEXICO,H1,16:40,,,,
03/05/2026,PUERTO MEXICO,Salida,A,6,PUERTO MEXICO,H2,07:25,,,,
03/05/2026,PUERTO MEXICO,Salida,A,6,PUERTO MEXICO,H3,07:25,,,,
03/05/2026,PUERTO MEXICO,Salida,A,6,PUERTO MEXICO,H4,19:25,,,,
03/05/2026,PUERTO MEXICO,Salida,A,6,PUERTO MEXICO,H5,19:25,,,,
03/05/2026,ROMA,Entrada,N,1,FCO. LAZACORTA Y JOSE MARIANO MICHELENA,H1,04:45,,,,
03/05/2026,ROMA,Entrada,N,1,FCO. LAZACORTA Y JOSE MARIANO MICHELENA,H2,16:45,,,,
03/05/2026,ROMA,Entrada,N,1,FCO. LAZACORTA Y JOSE MARIANO MICHELENA,H3,20:15,,,,
03/05/2026,ROMA,Entrada,N,1,FCO. LAZACORTA Y JOSE MARIANO MICHELENA,H4,20:45,,,,
03/05/2026,ROMA,Entrada,N,2,SIERRA DE LOS PINOS Y PRINCIPAL,H1,04:48,,,,
03/05/2026,ROMA,Entrada,N,2,SIERRA DE LOS PINOS Y PRINCIPAL,H2,16:48,,,,
03/05/2026,ROMA,Entrada,N,2,SIERRA DE LOS PINOS Y PRINCIPAL,H3,20:18,,,,
03/05/2026,ROMA,Entrada,N,2,SIERRA DE LOS PINOS Y PRINCIPAL,H4,20:48,,,,
03/05/2026,ROMA,Entrada,N,3,OSA MAYOR Y BUSTAMANTE,H1,04:53,,,,
03/05/2026,ROMA,Entrada,N,3,OSA MAYOR Y BUSTAMANTE,H2,16:53,,,,
03/05/2026,ROMA,Entrada,N,3,OSA MAYOR Y BUSTAMANTE,H3,20:23,,,,
03/05/2026,ROMA,Entrada,N,3,OSA MAYOR Y BUSTAMANTE,H4,20:53,,,,
03/05/2026,ROMA,Entrada,N,4,EUGENIO REYES Y PEDRO AMPUDIA,H1,05:01,,,,
03/05/2026,ROMA,Entrada,N,4,EUGENIO REYES Y PEDRO AMPUDIA,H2,17:01,,,,
03/05/2026,ROMA,Entrada,N,4,EUGENIO REYES Y PEDRO AMPUDIA,H3,20:31,,,,
03/05/2026,ROMA,Entrada,N,4,EUGENIO REYES Y PEDRO AMPUDIA,H4,21:01,,,,
03/05/2026,ROMA,Entrada,N,5,FELIPE BERRIOZABAL Y MARAVILLAS,H1,05:06,,,,
03/05/2026,ROMA,Entrada,N,5,FELIPE BERRIOZABAL Y MARAVILLAS,H2,17:06,,,,
03/05/2026,ROMA,Entrada,N,5,FELIPE BERRIOZABAL Y MARAVILLAS,H3,20:36,,,,
03/05/2026,ROMA,Entrada,N,5,FELIPE BERRIOZABAL Y MARAVILLAS,H4,21:06,,,,
03/05/2026,ROMA,Entrada,N,6,FCO I MADERO Y CALZ ANTONIO NARRO,H1,05:15,,,,
03/05/2026,ROMA,Entrada,N,6,FCO I MADERO Y CALZ ANTONIO NARRO,H2,17:15,,,,
03/05/2026,ROMA,Entrada,N,6,FCO I MADERO Y CALZ ANTONIO NARRO,H3,20:45,,,,
03/05/2026,ROMA,Entrada,N,6,FCO I MADERO Y CALZ ANTONIO NARRO,H4,21:15,,,,
03/05/2026,ROMA,Entrada,N,7,CARR. SALTILLO-ZACATECAS,H1,05:20,,,,
03/05/2026,ROMA,Entrada,N,7,CARR. SALTILLO-ZACATECAS,H2,17:20,,,,
03/05/2026,ROMA,Entrada,N,7,CARR. SALTILLO-ZACATECAS,H3,20:50,,,,
03/05/2026,ROMA,Entrada,N,7,CARR. SALTILLO-ZACATECAS,H4,21:20,,,,
03/05/2026,ROMA,Entrada,N,8,METALSA,H1,05:50,,,,
03/05/2026,ROMA,Entrada,N,8,METALSA,H2,17:50,,,,
03/05/2026,ROMA,Entrada,N,8,METALSA,H3,21:20,,,,
03/05/2026,ROMA,Entrada,N,8,METALSA,H4,21:50,,,,
03/05/2026,ROMA,Salida,N,1,METALSA,H1,06:15,,,,
03/05/2026,ROMA,Salida,N,1,METALSA,H2,15:30,,,,
03/05/2026,ROMA,Salida,N,1,METALSA,H3,18:15,,,,
03/05/2026,ROMA,Salida,N,2,CARR. SALTILLO-ZACATECAS,H1,06:45,,,,
03/05/2026,ROMA,Salida,N,2,CARR. SALTILLO-ZACATECAS,H2,16:00,,,,
03/05/2026,ROMA,Salida,N,2,CARR. SALTILLO-ZACATECAS,H3,18:45,,,,
03/05/2026,ROMA,Salida,N,3,FCO I MADERO Y CALZ ANTONIO NARRO,H1,06:50,,,,
03/05/2026,ROMA,Salida,N,3,FCO I MADERO Y CALZ ANTONIO NARRO,H2,16:05,,,,
03/05/2026,ROMA,Salida,N,3,FCO I MADERO Y CALZ ANTONIO NARRO,H3,18:50,,,,
03/05/2026,ROMA,Salida,N,4,FELIPE BERRIOZABAL Y MARAVILLAS,H1,06:59,,,,
03/05/2026,ROMA,Salida,N,4,FELIPE BERRIOZABAL Y MARAVILLAS,H2,16:14,,,,
03/05/2026,ROMA,Salida,N,4,FELIPE BERRIOZABAL Y MARAVILLAS,H3,18:59,,,,
03/05/2026,ROMA,Salida,N,5,EUGENIO REYES Y PEDRO AMPUDIA,H1,07:04,,,,
03/05/2026,ROMA,Salida,N,5,EUGENIO REYES Y PEDRO AMPUDIA,H2,16:19,,,,
03/05/2026,ROMA,Salida,N,5,EUGENIO REYES Y PEDRO AMPUDIA,H3,19:04,,,,
03/05/2026,ROMA,Salida,N,6,OSA MAYOR Y BUSTAMANTE,H1,07:12,,,,
03/05/2026,ROMA,Salida,N,6,OSA MAYOR Y BUSTAMANTE,H2,16:27,,,,
03/05/2026,ROMA,Salida,N,6,OSA MAYOR Y BUSTAMANTE,H3,19:12,,,,
03/05/2026,ROMA,Salida,N,7,SIERRA DE LOS PINOS Y PRINCIPAL,H1,07:17,,,,
03/05/2026,ROMA,Salida,N,7,SIERRA DE LOS PINOS Y PRINCIPAL,H2,16:32,,,,
03/05/2026,ROMA,Salida,N,7,SIERRA DE LOS PINOS Y PRINCIPAL,H3,19:17,,,,
03/05/2026,ROMA,Salida,N,8,FCO. LAZACORTA Y JOSE MARIANO MICHELENA,H1,07:20,,,,
03/05/2026,ROMA,Salida,N,8,FCO. LAZACORTA Y JOSE MARIANO MICHELENA,H2,16:35,,,,
03/05/2026,ROMA,Salida,N,8,FCO. LAZACORTA Y JOSE MARIANO MICHELENA,H3,19:20,,,,
03/05/2026,SALTILLO 2000,Entrada,N,1,PALACIO DE JUSTICIA,H1,04:30,,,,
03/05/2026,SALTILLO 2000,Entrada,N,1,PALACIO DE JUSTICIA,H2,16:30,,,,
03/05/2026,SALTILLO 2000,Entrada,N,1,PALACIO DE JUSTICIA,H3,20:00,,,,
03/05/2026,SALTILLO 2000,Entrada,N,1,PALACIO DE JUSTICIA,H4,20:30,,,,
03/05/2026,SALTILLO 2000,Entrada,N,2,ROTONDA SALTILLO 2000,H1,04:35,,,,
03/05/2026,SALTILLO 2000,Entrada,N,2,ROTONDA SALTILLO 2000,H2,16:35,,,,
03/05/2026,SALTILLO 2000,Entrada,N,2,ROTONDA SALTILLO 2000,H3,20:05,,,,
03/05/2026,SALTILLO 2000,Entrada,N,2,ROTONDA SALTILLO 2000,H4,20:35,,,,
03/05/2026,SALTILLO 2000,Entrada,N,3,CUQUITA DE CEPEDA DAVILA  (OXXO),H1,04:45,,,,
03/05/2026,SALTILLO 2000,Entrada,N,3,CUQUITA DE CEPEDA DAVILA  (OXXO),H2,16:45,,,,
03/05/2026,SALTILLO 2000,Entrada,N,3,CUQUITA DE CEPEDA DAVILA  (OXXO),H3,20:15,,,,
03/05/2026,SALTILLO 2000,Entrada,N,3,CUQUITA DE CEPEDA DAVILA  (OXXO),H4,20:45,,,,
03/05/2026,SALTILLO 2000,Entrada,N,4,FCO I MADERO Y  PEDRO AMPUDIA,H1,04:50,,,,
03/05/2026,SALTILLO 2000,Entrada,N,4,FCO I MADERO Y  PEDRO AMPUDIA,H2,16:50,,,,
03/05/2026,SALTILLO 2000,Entrada,N,4,FCO I MADERO Y  PEDRO AMPUDIA,H3,20:20,,,,
03/05/2026,SALTILLO 2000,Entrada,N,4,FCO I MADERO Y  PEDRO AMPUDIA,H4,20:50,,,,
03/05/2026,SALTILLO 2000,Entrada,N,5,PERIF. L.E.A. Y CALZ. ANTONIO NARRO,H1,05:08,,,,
03/05/2026,SALTILLO 2000,Entrada,N,5,PERIF. L.E.A. Y CALZ. ANTONIO NARRO,H2,17:08,,,,
03/05/2026,SALTILLO 2000,Entrada,N,5,PERIF. L.E.A. Y CALZ. ANTONIO NARRO,H3,20:38,,,,
03/05/2026,SALTILLO 2000,Entrada,N,5,PERIF. L.E.A. Y CALZ. ANTONIO NARRO,H4,21:08,,,,
03/05/2026,SALTILLO 2000,Entrada,N,6,BLVD. HACIENDA NARRO,H1,05:20,,,,
03/05/2026,SALTILLO 2000,Entrada,N,6,BLVD. HACIENDA NARRO,H2,17:20,,,,
03/05/2026,SALTILLO 2000,Entrada,N,6,BLVD. HACIENDA NARRO,H3,20:50,,,,
03/05/2026,SALTILLO 2000,Entrada,N,6,BLVD. HACIENDA NARRO,H4,21:20,,,,
03/05/2026,SALTILLO 2000,Entrada,N,7,METALSA,H1,05:50,,,,
03/05/2026,SALTILLO 2000,Entrada,N,7,METALSA,H2,17:50,,,,
03/05/2026,SALTILLO 2000,Entrada,N,7,METALSA,H3,21:20,,,,
03/05/2026,SALTILLO 2000,Entrada,N,7,METALSA,H4,21:50,,,,
03/05/2026,SALTILLO 2000,Salida,N,1,METALSA,H1,06:15,,,,
03/05/2026,SALTILLO 2000,Salida,N,1,METALSA,H2,15:30,,,,
03/05/2026,SALTILLO 2000,Salida,N,1,METALSA,H3,18:15,,,,
03/05/2026,SALTILLO 2000,Salida,N,2,BLVD. HACIENDA NARRO,H1,06:45,,,,
03/05/2026,SALTILLO 2000,Salida,N,2,BLVD. HACIENDA NARRO,H2,16:00,,,,
03/05/2026,SALTILLO 2000,Salida,N,2,BLVD. HACIENDA NARRO,H3,18:45,,,,
03/05/2026,SALTILLO 2000,Salida,N,3,PERIF. L.E.A. Y CALZ. ANTONIO NARRO,H1,06:57,,,,
03/05/2026,SALTILLO 2000,Salida,N,3,PERIF. L.E.A. Y CALZ. ANTONIO NARRO,H2,16:12,,,,
03/05/2026,SALTILLO 2000,Salida,N,3,PERIF. L.E.A. Y CALZ. ANTONIO NARRO,H3,18:57,,,,
03/05/2026,SALTILLO 2000,Salida,N,4,FCO I MADERO Y  PEDRO AMPUDIA,H1,07:15,,,,
03/05/2026,SALTILLO 2000,Salida,N,4,FCO I MADERO Y  PEDRO AMPUDIA,H2,16:30,,,,
03/05/2026,SALTILLO 2000,Salida,N,4,FCO I MADERO Y  PEDRO AMPUDIA,H3,19:15,,,,
03/05/2026,SALTILLO 2000,Salida,N,5,CUQUITA DE CEPEDA DAVILA  (OXXO),H1,07:20,,,,
03/05/2026,SALTILLO 2000,Salida,N,5,CUQUITA DE CEPEDA DAVILA  (OXXO),H2,16:35,,,,
03/05/2026,SALTILLO 2000,Salida,N,5,CUQUITA DE CEPEDA DAVILA  (OXXO),H3,19:20,,,,
03/05/2026,SALTILLO 2000,Salida,N,6,ROTONDA SALTILLO 2000,H1,07:30,,,,
03/05/2026,SALTILLO 2000,Salida,N,6,ROTONDA SALTILLO 2000,H2,16:45,,,,
03/05/2026,SALTILLO 2000,Salida,N,6,ROTONDA SALTILLO 2000,H3,19:30,,,,
03/05/2026,SALTILLO 2000,Salida,N,7,PALACIO DE JUSTICIA,H1,07:35,,,,
03/05/2026,SALTILLO 2000,Salida,N,7,PALACIO DE JUSTICIA,H2,16:50,,,,
03/05/2026,SALTILLO 2000,Salida,N,7,PALACIO DE JUSTICIA,H3,19:35,,,,
03/05/2026,SAN FRANCISCO,Entrada,A,1,LA CUCHILLA,H1,19:35,,,,
03/05/2026,SAN FRANCISCO,Entrada,A,1,LA CUCHILLA,H2,04:05,,,,
03/05/2026,SAN FRANCISCO,Entrada,A,1,LA CUCHILLA,H3,16:05,,,,
03/05/2026,SAN FRANCISCO,Entrada,A,1,LA CUCHILLA,H4,20:05,,,,
03/05/2026,SAN FRANCISCO,Entrada,A,2,SAN JUAN RETIRO,H1,19:44,,,,
03/05/2026,SAN FRANCISCO,Entrada,A,2,SAN JUAN RETIRO,H2,04:14,,,,
03/05/2026,SAN FRANCISCO,Entrada,A,2,SAN JUAN RETIRO,H3,16:14,,,,
03/05/2026,SAN FRANCISCO,Entrada,A,2,SAN JUAN RETIRO,H4,20:14,,,,
03/05/2026,SAN FRANCISCO,Entrada,A,3,NUEVO GOMEZ,H1,19:54,,,,
03/05/2026,SAN FRANCISCO,Entrada,A,3,NUEVO GOMEZ,H2,04:24,,,,
03/05/2026,SAN FRANCISCO,Entrada,A,3,NUEVO GOMEZ,H3,16:24,,,,
03/05/2026,SAN FRANCISCO,Entrada,A,3,NUEVO GOMEZ,H4,20:24,,,,
03/05/2026,SAN FRANCISCO,Entrada,A,4,SAN FRANCISCO,H1,20:06,,,,
03/05/2026,SAN FRANCISCO,Entrada,A,4,SAN FRANCISCO,H2,04:36,,,,
03/05/2026,SAN FRANCISCO,Entrada,A,4,SAN FRANCISCO,H3,16:36,,,,
03/05/2026,SAN FRANCISCO,Entrada,A,4,SAN FRANCISCO,H4,20:36,,,,
03/05/2026,SAN FRANCISCO,Entrada,A,5,MANGAS,H1,20:16,,,,
03/05/2026,SAN FRANCISCO,Entrada,A,5,MANGAS,H2,04:46,,,,
03/05/2026,SAN FRANCISCO,Entrada,A,5,MANGAS,H3,16:46,,,,
03/05/2026,SAN FRANCISCO,Entrada,A,5,MANGAS,H4,20:46,,,,
03/05/2026,SAN FRANCISCO,Entrada,A,6,COLONIAS,H1,20:52,,,,
03/05/2026,SAN FRANCISCO,Entrada,A,6,COLONIAS,H2,05:22,,,,
03/05/2026,SAN FRANCISCO,Entrada,A,6,COLONIAS,H3,17:22,,,,
03/05/2026,SAN FRANCISCO,Entrada,A,6,COLONIAS,H4,21:22,,,,
03/05/2026,SAN FRANCISCO,Entrada,A,7,AGUA NUEVA,H1,21:00,,,,
03/05/2026,SAN FRANCISCO,Entrada,A,7,AGUA NUEVA,H2,05:30,,,,
03/05/2026,SAN FRANCISCO,Entrada,A,7,AGUA NUEVA,H3,17:30,,,,
03/05/2026,SAN FRANCISCO,Entrada,A,7,AGUA NUEVA,H4,21:25,,,,
03/05/2026,SAN FRANCISCO,Entrada,A,8,METALSA,H1,21:20,,,,
03/05/2026,SAN FRANCISCO,Entrada,A,8,METALSA,H2,05:50,,,,
03/05/2026,SAN FRANCISCO,Entrada,A,8,METALSA,H3,17:50,,,,
03/05/2026,SAN FRANCISCO,Entrada,A,8,METALSA,H4,21:50,,,,
03/05/2026,SAN FRANCISCO,Salida,N,1,METALSA,H1,15:30,,,,
03/05/2026,SAN FRANCISCO,Salida,N,1,METALSA,H2,18:15,,,,
03/05/2026,SAN FRANCISCO,Salida,N,1,METALSA,H3,06:15,,,,
03/05/2026,SAN FRANCISCO,Salida,N,2,AGUA NUEVA,H1,15:59,,,,
03/05/2026,SAN FRANCISCO,Salida,N,2,AGUA NUEVA,H2,18:44,,,,
03/05/2026,SAN FRANCISCO,Salida,N,2,AGUA NUEVA,H3,06:44,,,,
03/05/2026,SAN FRANCISCO,Salida,N,3,COLONIAS,H1,16:10,,,,
03/05/2026,SAN FRANCISCO,Salida,N,3,COLONIAS,H2,18:55,,,,
03/05/2026,SAN FRANCISCO,Salida,N,3,COLONIAS,H3,06:55,,,,
03/05/2026,SAN FRANCISCO,Salida,N,4,MANGAS,H1,16:34,,,,
03/05/2026,SAN FRANCISCO,Salida,N,4,MANGAS,H2,19:19,,,,
03/05/2026,SAN FRANCISCO,Salida,N,4,MANGAS,H3,07:19,,,,
03/05/2026,SAN FRANCISCO,Salida,N,5,SAN FRANCISCO,H1,16:46,,,,
03/05/2026,SAN FRANCISCO,Salida,N,5,SAN FRANCISCO,H2,19:31,,,,
03/05/2026,SAN FRANCISCO,Salida,N,5,SAN FRANCISCO,H3,07:31,,,,
03/05/2026,SAN FRANCISCO,Salida,N,6,NUEVO GOMEZ,H1,16:56,,,,
03/05/2026,SAN FRANCISCO,Salida,N,6,NUEVO GOMEZ,H2,19:41,,,,
03/05/2026,SAN FRANCISCO,Salida,N,6,NUEVO GOMEZ,H3,07:41,,,,
03/05/2026,SAN FRANCISCO,Salida,N,7,SAN JUAN RETIRO,H1,17:06,,,,
03/05/2026,SAN FRANCISCO,Salida,N,7,SAN JUAN RETIRO,H2,19:51,,,,
03/05/2026,SAN FRANCISCO,Salida,N,7,SAN JUAN RETIRO,H3,07:51,,,,
03/05/2026,SAN FRANCISCO,Salida,N,8,LA CUCHILLA,H1,17:15,,,,
03/05/2026,SAN FRANCISCO,Salida,N,8,LA CUCHILLA,H2,20:00,,,,
03/05/2026,SAN FRANCISCO,Salida,N,8,LA CUCHILLA,H3,08:00,,,,
03/05/2026,SAN MIGUEL,Entrada,A,1,SAN MIGUEL,H1,19:50,,,,
03/05/2026,SAN MIGUEL,Entrada,A,1,SAN MIGUEL,H2,04:20,,,,
03/05/2026,SAN MIGUEL,Entrada,A,1,SAN MIGUEL,H3,16:20,,,,
03/05/2026,SAN MIGUEL,Entrada,A,1,SAN MIGUEL,H4,20:20,,,,
03/05/2026,SAN MIGUEL,Entrada,A,2,ZACATERA,H1,19:53,,,,
03/05/2026,SAN MIGUEL,Entrada,A,2,ZACATERA,H2,04:23,,,,
03/05/2026,SAN MIGUEL,Entrada,A,2,ZACATERA,H3,16:23,,,,
03/05/2026,SAN MIGUEL,Entrada,A,2,ZACATERA,H4,20:23,,,,
03/05/2026,SAN MIGUEL,Entrada,A,3,GOMEZ FARIAS,H1,20:00,,,,
03/05/2026,SAN MIGUEL,Entrada,A,3,GOMEZ FARIAS,H2,04:30,,,,
03/05/2026,SAN MIGUEL,Entrada,A,3,GOMEZ FARIAS,H3,16:30,,,,
03/05/2026,SAN MIGUEL,Entrada,A,3,GOMEZ FARIAS,H4,20:30,,,,
03/05/2026,SAN MIGUEL,Entrada,A,4,GUADALUPE VICTORIA,H1,20:25,,,,
03/05/2026,SAN MIGUEL,Entrada,A,4,GUADALUPE VICTORIA,H2,04:55,,,,
03/05/2026,SAN MIGUEL,Entrada,A,4,GUADALUPE VICTORIA,H3,16:55,,,,
03/05/2026,SAN MIGUEL,Entrada,A,4,GUADALUPE VICTORIA,H4,20:55,,,,
03/05/2026,SAN MIGUEL,Entrada,A,5,COLONIAS,H1,20:35,,,,
03/05/2026,SAN MIGUEL,Entrada,A,5,COLONIAS,H2,05:05,,,,
03/05/2026,SAN MIGUEL,Entrada,A,5,COLONIAS,H3,17:05,,,,
03/05/2026,SAN MIGUEL,Entrada,A,5,COLONIAS,H4,21:05,,,,
03/05/2026,SAN MIGUEL,Entrada,A,6,AGUA NUEVA,H1,20:50,,,,
03/05/2026,SAN MIGUEL,Entrada,A,6,AGUA NUEVA,H2,05:20,,,,
03/05/2026,SAN MIGUEL,Entrada,A,6,AGUA NUEVA,H3,17:20,,,,
03/05/2026,SAN MIGUEL,Entrada,A,6,AGUA NUEVA,H4,21:20,,,,
03/05/2026,SAN MIGUEL,Entrada,A,7,METALSA,H1,21:20,,,,
03/05/2026,SAN MIGUEL,Entrada,A,7,METALSA,H2,05:50,,,,
03/05/2026,SAN MIGUEL,Entrada,A,7,METALSA,H3,17:50,,,,
03/05/2026,SAN MIGUEL,Entrada,A,7,METALSA,H4,21:50,,,,
03/05/2026,SAN MIGUEL,Salida,N,1,METALSA,H1,15:30,,,,
03/05/2026,SAN MIGUEL,Salida,N,1,METALSA,H2,06:15,,,,
03/05/2026,SAN MIGUEL,Salida,N,1,METALSA,H3,18:15,,,,
03/05/2026,SAN MIGUEL,Salida,N,2,AGUA NUEVA,H1,16:10,,,,
03/05/2026,SAN MIGUEL,Salida,N,2,AGUA NUEVA,H2,06:55,,,,
03/05/2026,SAN MIGUEL,Salida,N,2,AGUA NUEVA,H3,18:55,,,,
03/05/2026,SAN MIGUEL,Salida,N,3,COLONIAS,H1,16:20,,,,
03/05/2026,SAN MIGUEL,Salida,N,3,COLONIAS,H2,07:05,,,,
03/05/2026,SAN MIGUEL,Salida,N,3,COLONIAS,H3,19:05,,,,
03/05/2026,SAN MIGUEL,Salida,N,4,GUADALUPE VICTORIA,H1,16:30,,,,
03/05/2026,SAN MIGUEL,Salida,N,4,GUADALUPE VICTORIA,H2,07:15,,,,
03/05/2026,SAN MIGUEL,Salida,N,4,GUADALUPE VICTORIA,H3,19:15,,,,
03/05/2026,SAN MIGUEL,Salida,N,5,GOMEZ FARIAS,H1,17:05,,,,
03/05/2026,SAN MIGUEL,Salida,N,5,GOMEZ FARIAS,H2,07:50,,,,
03/05/2026,SAN MIGUEL,Salida,N,5,GOMEZ FARIAS,H3,19:50,,,,
03/05/2026,SAN MIGUEL,Salida,N,6,SAN MIGUEL,H1,17:30,,,,
03/05/2026,SAN MIGUEL,Salida,N,6,SAN MIGUEL,H2,08:15,,,,
03/05/2026,SAN MIGUEL,Salida,N,6,SAN MIGUEL,H3,20:15,,,,
03/05/2026,SAN MIGUEL,Salida,N,7,ZACATERA,H1,18:05,,,,
03/05/2026,SAN MIGUEL,Salida,N,7,ZACATERA,H2,08:45,,,,
03/05/2026,SAN MIGUEL,Salida,N,7,ZACATERA,H3,20:45,,,,
03/05/2026,SANTA MARIA - SAN RAFAEL,Entrada,N,1,SAN JOSE ALAMITO,H1,19:00,,,,
03/05/2026,SANTA MARIA - SAN RAFAEL,Entrada,N,1,SAN JOSE ALAMITO,H2,03:30,,,,
03/05/2026,SANTA MARIA - SAN RAFAEL,Entrada,N,1,SAN JOSE ALAMITO,H3,15:30,,,,
03/05/2026,SANTA MARIA - SAN RAFAEL,Entrada,N,1,SAN JOSE ALAMITO,H4,19:30,,,,
03/05/2026,SANTA MARIA - SAN RAFAEL,Entrada,N,2,LA HEDIONDA,H1,19:25,,,,
03/05/2026,SANTA MARIA - SAN RAFAEL,Entrada,N,2,LA HEDIONDA,H2,03:55,,,,
03/05/2026,SANTA MARIA - SAN RAFAEL,Entrada,N,2,LA HEDIONDA,H3,15:55,,,,
03/05/2026,SANTA MARIA - SAN RAFAEL,Entrada,N,2,LA HEDIONDA,H4,19:55,,,,
03/05/2026,SANTA MARIA - SAN RAFAEL,Entrada,N,3,LA CONCHA,H1,19:40,,,,
03/05/2026,SANTA MARIA - SAN RAFAEL,Entrada,N,3,LA CONCHA,H2,04:10,,,,
03/05/2026,SANTA MARIA - SAN RAFAEL,Entrada,N,3,LA CONCHA,H3,16:10,,,,
03/05/2026,SANTA MARIA - SAN RAFAEL,Entrada,N,3,LA CONCHA,H4,20:10,,,,
03/05/2026,SANTA MARIA - SAN RAFAEL,Entrada,N,4,STA MARIA DE RAMOS,H1,19:50,,,,
03/05/2026,SANTA MARIA - SAN RAFAEL,Entrada,N,4,STA MARIA DE RAMOS,H2,04:20,,,,
03/05/2026,SANTA MARIA - SAN RAFAEL,Entrada,N,4,STA MARIA DE RAMOS,H3,16:20,,,,
03/05/2026,SANTA MARIA - SAN RAFAEL,Entrada,N,4,STA MARIA DE RAMOS,H4,20:20,,,,
03/05/2026,SANTA MARIA - SAN RAFAEL,Entrada,N,5,SAN RAFAEL,H1,20:05,,,,
03/05/2026,SANTA MARIA - SAN RAFAEL,Entrada,N,5,SAN RAFAEL,H2,04:35,,,,
03/05/2026,SANTA MARIA - SAN RAFAEL,Entrada,N,5,SAN RAFAEL,H3,16:35,,,,
03/05/2026,SANTA MARIA - SAN RAFAEL,Entrada,N,5,SAN RAFAEL,H4,20:35,,,,
03/05/2026,SANTA MARIA - SAN RAFAEL,Entrada,N,6,NAVIDAD,H1,20:10,,,,
03/05/2026,SANTA MARIA - SAN RAFAEL,Entrada,N,6,NAVIDAD,H2,04:40,,,,
03/05/2026,SANTA MARIA - SAN RAFAEL,Entrada,N,6,NAVIDAD,H3,16:40,,,,
03/05/2026,SANTA MARIA - SAN RAFAEL,Entrada,N,6,NAVIDAD,H4,20:40,,,,
03/05/2026,SANTA MARIA - SAN RAFAEL,Entrada,N,7,ENTRONQUE HUACHICHIL,H1,20:40,,,,
03/05/2026,SANTA MARIA - SAN RAFAEL,Entrada,N,7,ENTRONQUE HUACHICHIL,H2,05:10,,,,
03/05/2026,SANTA MARIA - SAN RAFAEL,Entrada,N,7,ENTRONQUE HUACHICHIL,H3,17:10,,,,
03/05/2026,SANTA MARIA - SAN RAFAEL,Entrada,N,7,ENTRONQUE HUACHICHIL,H4,21:10,,,,
03/05/2026,SANTA MARIA - SAN RAFAEL,Entrada,N,8,METALSA,H1,21:20,,,,
03/05/2026,SANTA MARIA - SAN RAFAEL,Entrada,N,8,METALSA,H2,05:50,,,,
03/05/2026,SANTA MARIA - SAN RAFAEL,Entrada,N,8,METALSA,H3,17:50,,,,
03/05/2026,SANTA MARIA - SAN RAFAEL,Entrada,N,8,METALSA,H4,21:50,,,,
03/05/2026,SANTA MARIA - SAN RAFAEL,Salida,N,1,METALSA,H1,15:30,,,,
03/05/2026,SANTA MARIA - SAN RAFAEL,Salida,N,1,METALSA,H2,06:15,,,,
03/05/2026,SANTA MARIA - SAN RAFAEL,Salida,N,1,METALSA,H3,18:15,,,,
03/05/2026,SANTA MARIA - SAN RAFAEL,Salida,N,2,ENTRONQUE HUACHICHIL,H1,15:31,,,,
03/05/2026,SANTA MARIA - SAN RAFAEL,Salida,N,2,ENTRONQUE HUACHICHIL,H2,06:16,,,,
03/05/2026,SANTA MARIA - SAN RAFAEL,Salida,N,2,ENTRONQUE HUACHICHIL,H3,18:16,,,,
03/05/2026,SANTA MARIA - SAN RAFAEL,Salida,N,3,NAVIDAD,H1,15:32,,,,
03/05/2026,SANTA MARIA - SAN RAFAEL,Salida,N,3,NAVIDAD,H2,06:17,,,,
03/05/2026,SANTA MARIA - SAN RAFAEL,Salida,N,3,NAVIDAD,H3,18:17,,,,
03/05/2026,SANTA MARIA - SAN RAFAEL,Salida,N,4,SAN RAFAEL,H1,15:33,,,,
03/05/2026,SANTA MARIA - SAN RAFAEL,Salida,N,4,SAN RAFAEL,H2,06:18,,,,
03/05/2026,SANTA MARIA - SAN RAFAEL,Salida,N,4,SAN RAFAEL,H3,18:18,,,,
03/05/2026,SANTA MARIA - SAN RAFAEL,Salida,N,5,STA MARIA DE RAMOS,H1,16:50,,,,
03/05/2026,SANTA MARIA - SAN RAFAEL,Salida,N,5,STA MARIA DE RAMOS,H2,07:35,,,,
03/05/2026,SANTA MARIA - SAN RAFAEL,Salida,N,5,STA MARIA DE RAMOS,H3,19:35,,,,
03/05/2026,SANTA MARIA - SAN RAFAEL,Salida,N,6,LA CONCHA,H1,16:55,,,,
03/05/2026,SANTA MARIA - SAN RAFAEL,Salida,N,6,LA CONCHA,H2,07:45,,,,
03/05/2026,SANTA MARIA - SAN RAFAEL,Salida,N,6,LA CONCHA,H3,19:40,,,,
03/05/2026,SANTA MARIA - SAN RAFAEL,Salida,N,7,LA HEDIONDA,H1,17:30,,,,
03/05/2026,SANTA MARIA - SAN RAFAEL,Salida,N,7,LA HEDIONDA,H2,08:00,,,,
03/05/2026,SANTA MARIA - SAN RAFAEL,Salida,N,7,LA HEDIONDA,H3,20:15,,,,
03/05/2026,SANTA MARIA - SAN RAFAEL,Salida,N,8,SAN JOSE ALAMITO,H1,17:55,,,,
03/05/2026,SANTA MARIA - SAN RAFAEL,Salida,N,8,SAN JOSE ALAMITO,H2,08:25,,,,
03/05/2026,SANTA MARIA - SAN RAFAEL,Salida,N,8,SAN JOSE ALAMITO,H3,20:35,,,,
03/05/2026,SECUENCIADOS,Entrada,A,1,CARR. SALTILLO-ZACATECAS,H1,05:45,,,,
03/05/2026,SECUENCIADOS,Entrada,A,1,CARR. SALTILLO-ZACATECAS,H2,17:45,,,,
03/05/2026,SECUENCIADOS,Entrada,A,1,CARR. SALTILLO-ZACATECAS,H3,21:15,,,,
03/05/2026,SECUENCIADOS,Entrada,A,1,CARR. SALTILLO-ZACATECAS,H4,21:45,,,,
03/05/2026,SECUENCIADOS,Entrada,A,2,METALSA,H1,05:50,,,,
03/05/2026,SECUENCIADOS,Entrada,A,2,METALSA,H2,17:50,,,,
03/05/2026,SECUENCIADOS,Entrada,A,2,METALSA,H3,21:20,,,,
03/05/2026,SECUENCIADOS,Entrada,A,2,METALSA,H4,21:50,,,,
03/05/2026,SECUENCIADOS,Salida,A,1,METALSA,H1,05:50,,,,
03/05/2026,SECUENCIADOS,Salida,A,1,METALSA,H2,17:50,,,,
03/05/2026,SECUENCIADOS,Salida,A,1,METALSA,H3,21:20,,,,
03/05/2026,SECUENCIADOS,Salida,A,2,CARR. SALTILLO-ZACATECAS,H1,05:45,,,,
03/05/2026,SECUENCIADOS,Salida,A,2,CARR. SALTILLO-ZACATECAS,H2,17:45,,,,
03/05/2026,SECUENCIADOS,Salida,A,2,CARR. SALTILLO-ZACATECAS,H3,21:15,,,,
03/05/2026,TANQUE DEL CERRO - LA VENTURA,Entrada,A,1,TANQUE DEL CERRO,H1,19:15,,,,
03/05/2026,TANQUE DEL CERRO - LA VENTURA,Entrada,A,1,TANQUE DEL CERRO,H2,03:45,,,,
03/05/2026,TANQUE DEL CERRO - LA VENTURA,Entrada,A,1,TANQUE DEL CERRO,H3,15:45,,,,
03/05/2026,TANQUE DEL CERRO - LA VENTURA,Entrada,A,1,TANQUE DEL CERRO,H4,19:45,,,,
03/05/2026,TANQUE DEL CERRO - LA VENTURA,Entrada,A,2,LA VENTURA,H1,19:35,,,,
03/05/2026,TANQUE DEL CERRO - LA VENTURA,Entrada,A,2,LA VENTURA,H2,04:05,,,,
03/05/2026,TANQUE DEL CERRO - LA VENTURA,Entrada,A,2,LA VENTURA,H3,16:05,,,,
03/05/2026,TANQUE DEL CERRO - LA VENTURA,Entrada,A,2,LA VENTURA,H4,20:05,,,,
03/05/2026,TANQUE DEL CERRO - LA VENTURA,Entrada,A,3,PURISIMA,H1,19:45,,,,
03/05/2026,TANQUE DEL CERRO - LA VENTURA,Entrada,A,3,PURISIMA,H2,04:15,,,,
03/05/2026,TANQUE DEL CERRO - LA VENTURA,Entrada,A,3,PURISIMA,H3,16:15,,,,
03/05/2026,TANQUE DEL CERRO - LA VENTURA,Entrada,A,3,PURISIMA,H4,20:15,,,,
03/05/2026,TANQUE DEL CERRO - LA VENTURA,Entrada,A,4,PRESA SAN PEDRO,H1,19:55,,,,
03/05/2026,TANQUE DEL CERRO - LA VENTURA,Entrada,A,4,PRESA SAN PEDRO,H2,04:25,,,,
03/05/2026,TANQUE DEL CERRO - LA VENTURA,Entrada,A,4,PRESA SAN PEDRO,H3,16:25,,,,
03/05/2026,TANQUE DEL CERRO - LA VENTURA,Entrada,A,4,PRESA SAN PEDRO,H4,20:25,,,,
03/05/2026,TANQUE DEL CERRO - LA VENTURA,Entrada,A,5,TANQUE ESCONDIDO,H1,20:10,,,,
03/05/2026,TANQUE DEL CERRO - LA VENTURA,Entrada,A,5,TANQUE ESCONDIDO,H2,04:40,,,,
03/05/2026,TANQUE DEL CERRO - LA VENTURA,Entrada,A,5,TANQUE ESCONDIDO,H3,16:40,,,,
03/05/2026,TANQUE DEL CERRO - LA VENTURA,Entrada,A,5,TANQUE ESCONDIDO,H4,20:40,,,,
03/05/2026,TANQUE DEL CERRO - LA VENTURA,Entrada,A,6,GUADALUPE VICTORIA,H1,20:38,,,,
03/05/2026,TANQUE DEL CERRO - LA VENTURA,Entrada,A,6,GUADALUPE VICTORIA,H2,05:08,,,,
03/05/2026,TANQUE DEL CERRO - LA VENTURA,Entrada,A,6,GUADALUPE VICTORIA,H3,17:08,,,,
03/05/2026,TANQUE DEL CERRO - LA VENTURA,Entrada,A,6,GUADALUPE VICTORIA,H4,21:08,,,,
03/05/2026,TANQUE DEL CERRO - LA VENTURA,Entrada,A,7,METALSA,H1,21:20,,,,
03/05/2026,TANQUE DEL CERRO - LA VENTURA,Entrada,A,7,METALSA,H2,05:50,,,,
03/05/2026,TANQUE DEL CERRO - LA VENTURA,Entrada,A,7,METALSA,H3,17:50,,,,
03/05/2026,TANQUE DEL CERRO - LA VENTURA,Entrada,A,7,METALSA,H4,21:50,,,,
03/05/2026,TANQUE DEL CERRO - LA VENTURA,Salida,N,1,METALSA,H1,15:30,,,,
03/05/2026,TANQUE DEL CERRO - LA VENTURA,Salida,N,1,METALSA,H2,06:15,,,,
03/05/2026,TANQUE DEL CERRO - LA VENTURA,Salida,N,1,METALSA,H3,18:15,,,,
03/05/2026,TANQUE DEL CERRO - LA VENTURA,Salida,N,2,GUADALUPE VICTORIA,H1,16:00,,,,
03/05/2026,TANQUE DEL CERRO - LA VENTURA,Salida,N,2,GUADALUPE VICTORIA,H2,06:40,,,,
03/05/2026,TANQUE DEL CERRO - LA VENTURA,Salida,N,2,GUADALUPE VICTORIA,H3,18:40,,,,
03/05/2026,TANQUE DEL CERRO - LA VENTURA,Salida,N,3,TANQUE ESCONDIDO,H1,16:01,,,,
03/05/2026,TANQUE DEL CERRO - LA VENTURA,Salida,N,3,TANQUE ESCONDIDO,H2,06:41,,,,
03/05/2026,TANQUE DEL CERRO - LA VENTURA,Salida,N,3,TANQUE ESCONDIDO,H3,18:41,,,,
03/05/2026,TANQUE DEL CERRO - LA VENTURA,Salida,N,4,PRESA SAN PEDRO,H1,16:02,,,,
03/05/2026,TANQUE DEL CERRO - LA VENTURA,Salida,N,4,PRESA SAN PEDRO,H2,06:42,,,,
03/05/2026,TANQUE DEL CERRO - LA VENTURA,Salida,N,4,PRESA SAN PEDRO,H3,18:42,,,,
03/05/2026,TANQUE DEL CERRO - LA VENTURA,Salida,N,5,PURISIMA,H1,16:03,,,,
03/05/2026,TANQUE DEL CERRO - LA VENTURA,Salida,N,5,PURISIMA,H2,06:43,,,,
03/05/2026,TANQUE DEL CERRO - LA VENTURA,Salida,N,5,PURISIMA,H3,18:43,,,,
03/05/2026,TANQUE DEL CERRO - LA VENTURA,Salida,N,6,LA VENTURA,H1,17:00,,,,
03/05/2026,TANQUE DEL CERRO - LA VENTURA,Salida,N,6,LA VENTURA,H2,06:44,,,,
03/05/2026,TANQUE DEL CERRO - LA VENTURA,Salida,N,6,LA VENTURA,H3,19:45,,,,
03/05/2026,TANQUE DEL CERRO - LA VENTURA,Salida,N,7,TANQUE DEL CERRO,H1,17:20,,,,
03/05/2026,TANQUE DEL CERRO - LA VENTURA,Salida,N,7,TANQUE DEL CERRO,H2,08:05,,,,
03/05/2026,TANQUE DEL CERRO - LA VENTURA,Salida,N,7,TANQUE DEL CERRO,H3,20:05,,,,
03/05/2026,TANQUE NUEVO,Entrada,A,1,MATEHUAPIL,H1,18:20,,,,
03/05/2026,TANQUE NUEVO,Entrada,A,1,MATEHUAPIL,H2,02:50,,,,
03/05/2026,TANQUE NUEVO,Entrada,A,1,MATEHUAPIL,H3,02:50,,,,
03/05/2026,TANQUE NUEVO,Entrada,A,1,MATEHUAPIL,H4,14:50,,,,
03/05/2026,TANQUE NUEVO,Entrada,A,1,MATEHUAPIL,H5,14:50,,,,
03/05/2026,TANQUE NUEVO,Entrada,A,1,MATEHUAPIL,H6,18:50,,,,
03/05/2026,TANQUE NUEVO,Entrada,A,2,TANQUE NUEVO,H1,18:30,,,,
03/05/2026,TANQUE NUEVO,Entrada,A,2,TANQUE NUEVO,H2,03:00,,,,
03/05/2026,TANQUE NUEVO,Entrada,A,2,TANQUE NUEVO,H3,03:00,,,,
03/05/2026,TANQUE NUEVO,Entrada,A,2,TANQUE NUEVO,H4,15:00,,,,
03/05/2026,TANQUE NUEVO,Entrada,A,2,TANQUE NUEVO,H5,15:00,,,,
03/05/2026,TANQUE NUEVO,Entrada,A,2,TANQUE NUEVO,H6,19:00,,,,
03/05/2026,TANQUE NUEVO,Entrada,A,3,CLAVELLINAS,H1,18:50,,,,
03/05/2026,TANQUE NUEVO,Entrada,A,3,CLAVELLINAS,H2,03:20,,,,
03/05/2026,TANQUE NUEVO,Entrada,A,3,CLAVELLINAS,H3,03:20,,,,
03/05/2026,TANQUE NUEVO,Entrada,A,3,CLAVELLINAS,H4,15:20,,,,
03/05/2026,TANQUE NUEVO,Entrada,A,3,CLAVELLINAS,H5,15:20,,,,
03/05/2026,TANQUE NUEVO,Entrada,A,3,CLAVELLINAS,H6,19:20,,,,
03/05/2026,TANQUE NUEVO,Entrada,A,4,EL SALVADOR,H1,19:10,,,,
03/05/2026,TANQUE NUEVO,Entrada,A,4,EL SALVADOR,H2,03:40,,,,
03/05/2026,TANQUE NUEVO,Entrada,A,4,EL SALVADOR,H3,03:40,,,,
03/05/2026,TANQUE NUEVO,Entrada,A,4,EL SALVADOR,H4,15:40,,,,
03/05/2026,TANQUE NUEVO,Entrada,A,4,EL SALVADOR,H5,15:40,,,,
03/05/2026,TANQUE NUEVO,Entrada,A,4,EL SALVADOR,H6,19:40,,,,
03/05/2026,TANQUE NUEVO,Entrada,A,5,LA VENTURA,H1,19:30,,,,
03/05/2026,TANQUE NUEVO,Entrada,A,5,LA VENTURA,H2,04:00,,,,
03/05/2026,TANQUE NUEVO,Entrada,A,5,LA VENTURA,H3,04:00,,,,
03/05/2026,TANQUE NUEVO,Entrada,A,5,LA VENTURA,H4,16:00,,,,
03/05/2026,TANQUE NUEVO,Entrada,A,5,LA VENTURA,H5,16:00,,,,
03/05/2026,TANQUE NUEVO,Entrada,A,5,LA VENTURA,H6,20:10,,,,
03/05/2026,TANQUE NUEVO,Entrada,A,6,PRESA SAN PEDRO,H1,19:45,,,,
03/05/2026,TANQUE NUEVO,Entrada,A,6,PRESA SAN PEDRO,H2,04:15,,,,
03/05/2026,TANQUE NUEVO,Entrada,A,6,PRESA SAN PEDRO,H3,04:15,,,,
03/05/2026,TANQUE NUEVO,Entrada,A,6,PRESA SAN PEDRO,H4,16:15,,,,
03/05/2026,TANQUE NUEVO,Entrada,A,6,PRESA SAN PEDRO,H5,16:15,,,,
03/05/2026,TANQUE NUEVO,Entrada,A,6,PRESA SAN PEDRO,H6,20:35,,,,
03/05/2026,TANQUE NUEVO,Entrada,A,7,TANQUE ESCONDIDO,H1,19:55,,,,
03/05/2026,TANQUE NUEVO,Entrada,A,7,TANQUE ESCONDIDO,H2,04:25,,,,
03/05/2026,TANQUE NUEVO,Entrada,A,7,TANQUE ESCONDIDO,H3,04:25,,,,
03/05/2026,TANQUE NUEVO,Entrada,A,7,TANQUE ESCONDIDO,H4,16:25,,,,
03/05/2026,TANQUE NUEVO,Entrada,A,7,TANQUE ESCONDIDO,H5,16:25,,,,
03/05/2026,TANQUE NUEVO,Entrada,A,7,TANQUE ESCONDIDO,H6,20:45,,,,
03/05/2026,TANQUE NUEVO,Entrada,A,8,METALSA,H1,21:20,,,,
03/05/2026,TANQUE NUEVO,Entrada,A,8,METALSA,H2,05:50,,,,
03/05/2026,TANQUE NUEVO,Entrada,A,8,METALSA,H3,05:50,,,,
03/05/2026,TANQUE NUEVO,Entrada,A,8,METALSA,H4,17:50,,,,
03/05/2026,TANQUE NUEVO,Entrada,A,8,METALSA,H5,17:50,,,,
03/05/2026,TANQUE NUEVO,Entrada,A,8,METALSA,H6,21:50,,,,
03/05/2026,TANQUE NUEVO,Salida,N,1,METALSA,H1,15:30,,,,
03/05/2026,TANQUE NUEVO,Salida,N,1,METALSA,H2,06:15,,,,
03/05/2026,TANQUE NUEVO,Salida,N,1,METALSA,H3,06:15,,,,
03/05/2026,TANQUE NUEVO,Salida,N,1,METALSA,H4,18:15,,,,
03/05/2026,TANQUE NUEVO,Salida,N,1,METALSA,H5,18:15,,,,
03/05/2026,TANQUE NUEVO,Salida,N,2,TANQUE ESCONDIDO,H1,16:55,,,,
03/05/2026,TANQUE NUEVO,Salida,N,2,TANQUE ESCONDIDO,H2,07:40,,,,
03/05/2026,TANQUE NUEVO,Salida,N,2,TANQUE ESCONDIDO,H3,07:40,,,,
03/05/2026,TANQUE NUEVO,Salida,N,2,TANQUE ESCONDIDO,H4,19:40,,,,
03/05/2026,TANQUE NUEVO,Salida,N,2,TANQUE ESCONDIDO,H5,19:40,,,,
03/05/2026,TANQUE NUEVO,Salida,N,3,PRESA SAN PEDRO,H1,17:05,,,,
03/05/2026,TANQUE NUEVO,Salida,N,3,PRESA SAN PEDRO,H2,07:50,,,,
03/05/2026,TANQUE NUEVO,Salida,N,3,PRESA SAN PEDRO,H3,07:50,,,,
03/05/2026,TANQUE NUEVO,Salida,N,3,PRESA SAN PEDRO,H4,19:50,,,,
03/05/2026,TANQUE NUEVO,Salida,N,3,PRESA SAN PEDRO,H5,19:50,,,,
03/05/2026,TANQUE NUEVO,Salida,N,4,LA VENTURA,H1,17:20,,,,
03/05/2026,TANQUE NUEVO,Salida,N,4,LA VENTURA,H2,08:05,,,,
03/05/2026,TANQUE NUEVO,Salida,N,4,LA VENTURA,H3,08:05,,,,
03/05/2026,TANQUE NUEVO,Salida,N,4,LA VENTURA,H4,20:05,,,,
03/05/2026,TANQUE NUEVO,Salida,N,4,LA VENTURA,H5,20:05,,,,
03/05/2026,TANQUE NUEVO,Salida,N,5,EL SALVADOR,H1,17:40,,,,
03/05/2026,TANQUE NUEVO,Salida,N,5,EL SALVADOR,H2,08:25,,,,
03/05/2026,TANQUE NUEVO,Salida,N,5,EL SALVADOR,H3,08:25,,,,
03/05/2026,TANQUE NUEVO,Salida,N,5,EL SALVADOR,H4,20:25,,,,
03/05/2026,TANQUE NUEVO,Salida,N,5,EL SALVADOR,H5,20:25,,,,
03/05/2026,TANQUE NUEVO,Salida,N,6,CLAVELLINAS,H1,18:00,,,,
03/05/2026,TANQUE NUEVO,Salida,N,6,CLAVELLINAS,H2,08:45,,,,
03/05/2026,TANQUE NUEVO,Salida,N,6,CLAVELLINAS,H3,08:45,,,,
03/05/2026,TANQUE NUEVO,Salida,N,6,CLAVELLINAS,H4,20:45,,,,
03/05/2026,TANQUE NUEVO,Salida,N,6,CLAVELLINAS,H5,20:45,,,,
03/05/2026,TANQUE NUEVO,Salida,N,7,TANQUE NUEVO,H1,18:20,,,,
03/05/2026,TANQUE NUEVO,Salida,N,7,TANQUE NUEVO,H2,09:05,,,,
03/05/2026,TANQUE NUEVO,Salida,N,7,TANQUE NUEVO,H3,09:05,,,,
03/05/2026,TANQUE NUEVO,Salida,N,7,TANQUE NUEVO,H4,21:05,,,,
03/05/2026,TANQUE NUEVO,Salida,N,7,TANQUE NUEVO,H5,21:05,,,,
03/05/2026,TANQUE NUEVO,Salida,N,8,MATEHUAPIL,H1,18:30,,,,
03/05/2026,TANQUE NUEVO,Salida,N,8,MATEHUAPIL,H2,09:15,,,,
03/05/2026,TANQUE NUEVO,Salida,N,8,MATEHUAPIL,H3,09:15,,,,
03/05/2026,TANQUE NUEVO,Salida,N,8,MATEHUAPIL,H4,21:15,,,,
03/05/2026,TANQUE NUEVO,Salida,N,8,MATEHUAPIL,H5,21:15,,,,
03/05/2026,TERESITAS,Entrada,N,1,BLVD ANTONIO CARDENAS Y HUACHICHILES,H1,05:05,,,,
03/05/2026,TERESITAS,Entrada,N,1,BLVD ANTONIO CARDENAS Y HUACHICHILES,H2,17:05,,,,
03/05/2026,TERESITAS,Entrada,N,1,BLVD ANTONIO CARDENAS Y HUACHICHILES,H3,20:35,,,,
03/05/2026,TERESITAS,Entrada,N,1,BLVD ANTONIO CARDENAS Y HUACHICHILES,H4,21:05,,,,
03/05/2026,TERESITAS,Entrada,N,2,RAYADOS Y HUACHICHILES,H1,05:10,,,,
03/05/2026,TERESITAS,Entrada,N,2,RAYADOS Y HUACHICHILES,H2,17:10,,,,
03/05/2026,TERESITAS,Entrada,N,2,RAYADOS Y HUACHICHILES,H3,20:40,,,,
03/05/2026,TERESITAS,Entrada,N,2,RAYADOS Y HUACHICHILES,H4,21:10,,,,
03/05/2026,TERESITAS,Entrada,N,3,SIERRA DE ZAPALINAME Y AV TERESITAS,H1,05:15,,,,
03/05/2026,TERESITAS,Entrada,N,3,SIERRA DE ZAPALINAME Y AV TERESITAS,H2,17:15,,,,
03/05/2026,TERESITAS,Entrada,N,3,SIERRA DE ZAPALINAME Y AV TERESITAS,H3,20:45,,,,
03/05/2026,TERESITAS,Entrada,N,3,SIERRA DE ZAPALINAME Y AV TERESITAS,H4,21:15,,,,
03/05/2026,TERESITAS,Entrada,N,4,AV TERESITAS Y BLVD ANTONIO CARDENAS,H1,05:22,,,,
03/05/2026,TERESITAS,Entrada,N,4,AV TERESITAS Y BLVD ANTONIO CARDENAS,H2,17:22,,,,
03/05/2026,TERESITAS,Entrada,N,4,AV TERESITAS Y BLVD ANTONIO CARDENAS,H3,20:52,,,,
03/05/2026,TERESITAS,Entrada,N,4,AV TERESITAS Y BLVD ANTONIO CARDENAS,H4,21:22,,,,
03/05/2026,TERESITAS,Entrada,N,5,LA ENCANTADA,H1,05:28,,,,
03/05/2026,TERESITAS,Entrada,N,5,LA ENCANTADA,H2,17:28,,,,
03/05/2026,TERESITAS,Entrada,N,5,LA ENCANTADA,H3,20:58,,,,
03/05/2026,TERESITAS,Entrada,N,5,LA ENCANTADA,H4,21:28,,,,
03/05/2026,TERESITAS,Entrada,N,6,CAAR. SALTILLO-ZACATECAS,H1,05:32,,,,
03/05/2026,TERESITAS,Entrada,N,6,CAAR. SALTILLO-ZACATECAS,H2,17:32,,,,
03/05/2026,TERESITAS,Entrada,N,6,CAAR. SALTILLO-ZACATECAS,H3,21:02,,,,
03/05/2026,TERESITAS,Entrada,N,6,CAAR. SALTILLO-ZACATECAS,H4,21:30,,,,
03/05/2026,TERESITAS,Entrada,N,7,METALSA,H1,05:50,,,,
03/05/2026,TERESITAS,Entrada,N,7,METALSA,H2,17:50,,,,
03/05/2026,TERESITAS,Entrada,N,7,METALSA,H3,21:20,,,,
03/05/2026,TERESITAS,Entrada,N,7,METALSA,H4,21:50,,,,
03/05/2026,TERESITAS,Salida,N,1,METALSA,H1,06:15,,,,
03/05/2026,TERESITAS,Salida,N,1,METALSA,H2,15:30,,,,
03/05/2026,TERESITAS,Salida,N,1,METALSA,H3,18:15,,,,
03/05/2026,TERESITAS,Salida,N,2,CARR. SALTILLO-ZACATECAS,H1,06:33,,,,
03/05/2026,TERESITAS,Salida,N,2,CARR. SALTILLO-ZACATECAS,H2,15:48,,,,
03/05/2026,TERESITAS,Salida,N,2,CARR. SALTILLO-ZACATECAS,H3,18:33,,,,
03/05/2026,TERESITAS,Salida,N,3,LA ENCANTADA,H1,06:37,,,,
03/05/2026,TERESITAS,Salida,N,3,LA ENCANTADA,H2,15:52,,,,
03/05/2026,TERESITAS,Salida,N,3,LA ENCANTADA,H3,18:37,,,,
03/05/2026,TERESITAS,Salida,N,4,AV TERESITAS Y BLVD ANTONIO CARDENAS,H1,06:43,,,,
03/05/2026,TERESITAS,Salida,N,4,AV TERESITAS Y BLVD ANTONIO CARDENAS,H2,15:58,,,,
03/05/2026,TERESITAS,Salida,N,4,AV TERESITAS Y BLVD ANTONIO CARDENAS,H3,18:43,,,,
03/05/2026,TERESITAS,Salida,N,5,SIERRA DE ZAPALINAME Y AV TERESITAS,H1,06:50,,,,
03/05/2026,TERESITAS,Salida,N,5,SIERRA DE ZAPALINAME Y AV TERESITAS,H2,16:05,,,,
03/05/2026,TERESITAS,Salida,N,5,SIERRA DE ZAPALINAME Y AV TERESITAS,H3,18:50,,,,
03/05/2026,TERESITAS,Salida,N,6,RAYADOS Y HUACHICHILES,H1,06:55,,,,
03/05/2026,TERESITAS,Salida,N,6,RAYADOS Y HUACHICHILES,H2,16:10,,,,
03/05/2026,TERESITAS,Salida,N,6,RAYADOS Y HUACHICHILES,H3,18:55,,,,
03/05/2026,TERESITAS,Salida,N,7,BLVD ANTONIO CARDENAS Y HUACHICHILES,H1,07:00,,,,
03/05/2026,TERESITAS,Salida,N,7,BLVD ANTONIO CARDENAS Y HUACHICHILES,H2,16:15,,,,
03/05/2026,TERESITAS,Salida,N,7,BLVD ANTONIO CARDENAS Y HUACHICHILES,H3,19:00,,,,
03/05/2026,VALENCIA,Entrada,N,1,LA RIOJA Y JEREZ,H1,04:30,,,,
03/05/2026,VALENCIA,Entrada,N,1,LA RIOJA Y JEREZ,H2,16:30,,,,
03/05/2026,VALENCIA,Entrada,N,1,LA RIOJA Y JEREZ,H3,20:00,,,,
03/05/2026,VALENCIA,Entrada,N,1,LA RIOJA Y JEREZ,H4,20:30,,,,
03/05/2026,VALENCIA,Entrada,N,2,PERIFERICO LEA Y VITO ALESSIO,H1,04:40,,,,
03/05/2026,VALENCIA,Entrada,N,2,PERIFERICO LEA Y VITO ALESSIO,H2,16:40,,,,
03/05/2026,VALENCIA,Entrada,N,2,PERIFERICO LEA Y VITO ALESSIO,H3,20:10,,,,
03/05/2026,VALENCIA,Entrada,N,2,PERIFERICO LEA Y VITO ALESSIO,H4,20:40,,,,
03/05/2026,VALENCIA,Entrada,N,3,CARLOS S. Y RANCHO DE PEÑA,H1,04:45,,,,
03/05/2026,VALENCIA,Entrada,N,3,CARLOS S. Y RANCHO DE PEÑA,H2,16:45,,,,
03/05/2026,VALENCIA,Entrada,N,3,CARLOS S. Y RANCHO DE PEÑA,H3,20:15,,,,
03/05/2026,VALENCIA,Entrada,N,3,CARLOS S. Y RANCHO DE PEÑA,H4,20:45,,,,
03/05/2026,VALENCIA,Entrada,N,4,ALVARO OBREGON,H1,04:55,,,,
03/05/2026,VALENCIA,Entrada,N,4,ALVARO OBREGON,H2,16:55,,,,
03/05/2026,VALENCIA,Entrada,N,4,ALVARO OBREGON,H3,20:25,,,,
03/05/2026,VALENCIA,Entrada,N,4,ALVARO OBREGON,H4,20:55,,,,
03/05/2026,VALENCIA,Entrada,N,5,MIGUEL HIDALGO Y PEDRO ARANDA,H1,05:00,,,,
03/05/2026,VALENCIA,Entrada,N,5,MIGUEL HIDALGO Y PEDRO ARANDA,H2,17:00,,,,
03/05/2026,VALENCIA,Entrada,N,5,MIGUEL HIDALGO Y PEDRO ARANDA,H3,20:30,,,,
03/05/2026,VALENCIA,Entrada,N,5,MIGUEL HIDALGO Y PEDRO ARANDA,H4,21:00,,,,
03/05/2026,VALENCIA,Entrada,N,6,PERIFERICO LEA Y W. GONZALEZ,H1,05:05,,,,
03/05/2026,VALENCIA,Entrada,N,6,PERIFERICO LEA Y W. GONZALEZ,H2,17:05,,,,
03/05/2026,VALENCIA,Entrada,N,6,PERIFERICO LEA Y W. GONZALEZ,H3,20:35,,,,
03/05/2026,VALENCIA,Entrada,N,6,PERIFERICO LEA Y W. GONZALEZ,H4,21:05,,,,
03/05/2026,VALENCIA,Entrada,N,7,CTO DE LA CAÑADA Y BLVD CARDENAS,H1,05:15,,,,
03/05/2026,VALENCIA,Entrada,N,7,CTO DE LA CAÑADA Y BLVD CARDENAS,H2,17:15,,,,
03/05/2026,VALENCIA,Entrada,N,7,CTO DE LA CAÑADA Y BLVD CARDENAS,H3,20:45,,,,
03/05/2026,VALENCIA,Entrada,N,7,CTO DE LA CAÑADA Y BLVD CARDENAS,H4,21:15,,,,
03/05/2026,VALENCIA,Entrada,N,8,METALSA,H1,05:50,,,,
03/05/2026,VALENCIA,Entrada,N,8,METALSA,H2,17:50,,,,
03/05/2026,VALENCIA,Entrada,N,8,METALSA,H3,21:20,,,,
03/05/2026,VALENCIA,Entrada,N,8,METALSA,H4,21:50,,,,
03/05/2026,VALENCIA,Salida,N,1,METALSA,H1,06:15,,,,
03/05/2026,VALENCIA,Salida,N,1,METALSA,H2,15:30,,,,
03/05/2026,VALENCIA,Salida,N,1,METALSA,H3,18:15,,,,
03/05/2026,VALENCIA,Salida,N,2,CTO DE LA CAÑADA Y BLVD CARDENAS,H1,06:50,,,,
03/05/2026,VALENCIA,Salida,N,2,CTO DE LA CAÑADA Y BLVD CARDENAS,H2,16:05,,,,
03/05/2026,VALENCIA,Salida,N,2,CTO DE LA CAÑADA Y BLVD CARDENAS,H3,18:50,,,,
03/05/2026,VALENCIA,Salida,N,3,PERIFERICO LEA Y W. GONZALEZ,H1,07:00,,,,
03/05/2026,VALENCIA,Salida,N,3,PERIFERICO LEA Y W. GONZALEZ,H2,16:15,,,,
03/05/2026,VALENCIA,Salida,N,3,PERIFERICO LEA Y W. GONZALEZ,H3,19:00,,,,
03/05/2026,VALENCIA,Salida,N,4,MIGUEL HIDALGO Y PEDRO ARANDA,H1,07:05,,,,
03/05/2026,VALENCIA,Salida,N,4,MIGUEL HIDALGO Y PEDRO ARANDA,H2,16:20,,,,
03/05/2026,VALENCIA,Salida,N,4,MIGUEL HIDALGO Y PEDRO ARANDA,H3,19:05,,,,
03/05/2026,VALENCIA,Salida,N,5,ALVARO OBREGON,H1,07:10,,,,
03/05/2026,VALENCIA,Salida,N,5,ALVARO OBREGON,H2,16:25,,,,
03/05/2026,VALENCIA,Salida,N,5,ALVARO OBREGON,H3,19:10,,,,
03/05/2026,VALENCIA,Salida,N,6,CARLOS S. Y RANCHO DE PEÑA,H1,07:20,,,,
03/05/2026,VALENCIA,Salida,N,6,CARLOS S. Y RANCHO DE PEÑA,H2,16:35,,,,
03/05/2026,VALENCIA,Salida,N,6,CARLOS S. Y RANCHO DE PEÑA,H3,19:20,,,,
03/05/2026,VALENCIA,Salida,N,7,PERIFERICO LEA Y VITO ALESSIO,H1,07:25,,,,
03/05/2026,VALENCIA,Salida,N,7,PERIFERICO LEA Y VITO ALESSIO,H2,16:40,,,,
03/05/2026,VALENCIA,Salida,N,7,PERIFERICO LEA Y VITO ALESSIO,H3,19:25,,,,
03/05/2026,VALENCIA,Salida,N,8,LA RIOJA Y JEREZ,H1,07:35,,,,
03/05/2026,VALENCIA,Salida,N,8,LA RIOJA Y JEREZ,H2,16:50,,,,
03/05/2026,VALENCIA,Salida,N,8,LA RIOJA Y JEREZ,H3,19:35,,,,
03/05/2026,ZARAGOZA,Entrada,N,1,FCO. EALY ORTIZ Y EUCALIPTO,H1,04:25,,,,
03/05/2026,ZARAGOZA,Entrada,N,1,FCO. EALY ORTIZ Y EUCALIPTO,H2,16:25,,,,
03/05/2026,ZARAGOZA,Entrada,N,1,FCO. EALY ORTIZ Y EUCALIPTO,H3,19:55,,,,
03/05/2026,ZARAGOZA,Entrada,N,1,FCO. EALY ORTIZ Y EUCALIPTO,H4,20:25,,,,
03/05/2026,ZARAGOZA,Entrada,N,2,CHOPO Y EUCALIPTO,H1,04:26,,,,
03/05/2026,ZARAGOZA,Entrada,N,2,CHOPO Y EUCALIPTO,H2,16:26,,,,
03/05/2026,ZARAGOZA,Entrada,N,2,CHOPO Y EUCALIPTO,H3,19:56,,,,
03/05/2026,ZARAGOZA,Entrada,N,2,CHOPO Y EUCALIPTO,H4,20:26,,,,
03/05/2026,ZARAGOZA,Entrada,N,3,FUNDADORES Y BLVD. MIRASIERRA,H1,04:36,,,,
03/05/2026,ZARAGOZA,Entrada,N,3,FUNDADORES Y BLVD. MIRASIERRA,H2,16:36,,,,
03/05/2026,ZARAGOZA,Entrada,N,3,FUNDADORES Y BLVD. MIRASIERRA,H3,20:06,,,,
03/05/2026,ZARAGOZA,Entrada,N,3,FUNDADORES Y BLVD. MIRASIERRA,H4,20:36,,,,
03/05/2026,ZARAGOZA,Entrada,N,4,CALLE 34 Y JUAN NAVARRO,H1,04:51,,,,
03/05/2026,ZARAGOZA,Entrada,N,4,CALLE 34 Y JUAN NAVARRO,H2,16:51,,,,
03/05/2026,ZARAGOZA,Entrada,N,4,CALLE 34 Y JUAN NAVARRO,H3,20:21,,,,
03/05/2026,ZARAGOZA,Entrada,N,4,CALLE 34 Y JUAN NAVARRO,H4,20:51,,,,
03/05/2026,ZARAGOZA,Entrada,N,5,PERIF LEA Y 12 DE OCTUBRE (FIRST CASH),H1,05:03,,,,
03/05/2026,ZARAGOZA,Entrada,N,5,PERIF LEA Y 12 DE OCTUBRE (FIRST CASH),H2,17:03,,,,
03/05/2026,ZARAGOZA,Entrada,N,5,PERIF LEA Y 12 DE OCTUBRE (FIRST CASH),H3,20:33,,,,
03/05/2026,ZARAGOZA,Entrada,N,5,PERIF LEA Y 12 DE OCTUBRE (FIRST CASH),H4,21:03,,,,
03/05/2026,ZARAGOZA,Entrada,N,6,GIMNACIO MUNICIPAL,H1,05:05,,,,
03/05/2026,ZARAGOZA,Entrada,N,6,GIMNACIO MUNICIPAL,H2,17:05,,,,
03/05/2026,ZARAGOZA,Entrada,N,6,GIMNACIO MUNICIPAL,H3,20:35,,,,
03/05/2026,ZARAGOZA,Entrada,N,6,GIMNACIO MUNICIPAL,H4,21:05,,,,
03/05/2026,ZARAGOZA,Entrada,N,7,L.E.A. Y J. MERY,H1,05:07,,,,
03/05/2026,ZARAGOZA,Entrada,N,7,L.E.A. Y J. MERY,H2,17:07,,,,
03/05/2026,ZARAGOZA,Entrada,N,7,L.E.A. Y J. MERY,H3,20:37,,,,
03/05/2026,ZARAGOZA,Entrada,N,7,L.E.A. Y J. MERY,H4,21:07,,,,
03/05/2026,ZARAGOZA,Entrada,N,8,VILLA UNIVERSIDAD,H1,05:09,,,,
03/05/2026,ZARAGOZA,Entrada,N,8,VILLA UNIVERSIDAD,H2,17:09,,,,
03/05/2026,ZARAGOZA,Entrada,N,8,VILLA UNIVERSIDAD,H3,20:39,,,,
03/05/2026,ZARAGOZA,Entrada,N,8,VILLA UNIVERSIDAD,H4,21:09,,,,
03/05/2026,ZARAGOZA,Entrada,N,9,ARIZPE DE LA MAZA Y CARR. 54,H1,05:15,,,,
03/05/2026,ZARAGOZA,Entrada,N,9,ARIZPE DE LA MAZA Y CARR. 54,H2,17:15,,,,
03/05/2026,ZARAGOZA,Entrada,N,9,ARIZPE DE LA MAZA Y CARR. 54,H3,20:45,,,,
03/05/2026,ZARAGOZA,Entrada,N,9,ARIZPE DE LA MAZA Y CARR. 54,H4,21:15,,,,
03/05/2026,ZARAGOZA,Entrada,N,10,METALSA,H1,05:50,,,,
03/05/2026,ZARAGOZA,Entrada,N,10,METALSA,H2,17:50,,,,
03/05/2026,ZARAGOZA,Entrada,N,10,METALSA,H3,21:20,,,,
03/05/2026,ZARAGOZA,Entrada,N,10,METALSA,H4,21:50,,,,
03/05/2026,ZARAGOZA,Salida,N,1,METALSA,H1,06:15,,,,
03/05/2026,ZARAGOZA,Salida,N,1,METALSA,H2,15:30,,,,
03/05/2026,ZARAGOZA,Salida,N,1,METALSA,H3,18:15,,,,
03/05/2026,ZARAGOZA,Salida,N,2,ARIZPE DE LA MAZA Y CARR. 54,H1,06:44,,,,
03/05/2026,ZARAGOZA,Salida,N,2,ARIZPE DE LA MAZA Y CARR. 54,H2,15:59,,,,
03/05/2026,ZARAGOZA,Salida,N,2,ARIZPE DE LA MAZA Y CARR. 54,H3,18:44,,,,
03/05/2026,ZARAGOZA,Salida,N,3,VILLA UNIVERSIDAD,H1,06:46,,,,
03/05/2026,ZARAGOZA,Salida,N,3,VILLA UNIVERSIDAD,H2,16:01,,,,
03/05/2026,ZARAGOZA,Salida,N,3,VILLA UNIVERSIDAD,H3,18:45,,,,
03/05/2026,ZARAGOZA,Salida,N,4,L.E.A. Y J. MERY,H1,06:49,,,,
03/05/2026,ZARAGOZA,Salida,N,4,L.E.A. Y J. MERY,H2,16:04,,,,
03/05/2026,ZARAGOZA,Salida,N,4,L.E.A. Y J. MERY,H3,18:49,,,,
03/05/2026,ZARAGOZA,Salida,N,5,GIMNACIO MUNICIPAL,H1,06:51,,,,
03/05/2026,ZARAGOZA,Salida,N,5,GIMNACIO MUNICIPAL,H2,16:06,,,,
03/05/2026,ZARAGOZA,Salida,N,5,GIMNACIO MUNICIPAL,H3,18:51,,,,
03/05/2026,ZARAGOZA,Salida,N,6,PERIF LEA Y 12 DE OCTUBRE (FIRST CASH),H1,07:00,,,,
03/05/2026,ZARAGOZA,Salida,N,6,PERIF LEA Y 12 DE OCTUBRE (FIRST CASH),H2,16:10,,,,
03/05/2026,ZARAGOZA,Salida,N,6,PERIF LEA Y 12 DE OCTUBRE (FIRST CASH),H3,19:00,,,,
03/05/2026,ZARAGOZA,Salida,N,7,CALLE 34 Y JUAN NAVARRO,H1,07:04,,,,
03/05/2026,ZARAGOZA,Salida,N,7,CALLE 34 Y JUAN NAVARRO,H2,16:19,,,,
03/05/2026,ZARAGOZA,Salida,N,7,CALLE 34 Y JUAN NAVARRO,H3,19:04,,,,
03/05/2026,ZARAGOZA,Salida,N,8,FUNDADORES Y BLVD. MIRASIERRA,H1,07:19,,,,
03/05/2026,ZARAGOZA,Salida,N,8,FUNDADORES Y BLVD. MIRASIERRA,H2,16:34,,,,
03/05/2026,ZARAGOZA,Salida,N,8,FUNDADORES Y BLVD. MIRASIERRA,H3,19:19,,,,
03/05/2026,ZARAGOZA,Salida,N,9,CHOPO Y EUCALIPTO,H1,07:29,,,,
03/05/2026,ZARAGOZA,Salida,N,9,CHOPO Y EUCALIPTO,H2,16:44,,,,
03/05/2026,ZARAGOZA,Salida,N,9,CHOPO Y EUCALIPTO,H3,19:29,,,,
03/05/2026,ZARAGOZA,Salida,N,10,FCO. EALY ORTIZ Y EUCALIPTO,H1,07:30,,,,
03/05/2026,ZARAGOZA,Salida,N,10,FCO. EALY ORTIZ Y EUCALIPTO,H2,16:45,,,,
03/05/2026,ZARAGOZA,Salida,N,10,FCO. EALY ORTIZ Y EUCALIPTO,H3,19:30,,,,
04/05/2026,EL PEÑUELO,Entrada,A,1,LA VENTURA,H1,19:00,,,,
04/05/2026,EL PEÑUELO,Entrada,A,1,LA VENTURA,H2,03:30,,,,
04/05/2026,EL PEÑUELO,Entrada,A,1,LA VENTURA,H3,15:30,,,,
04/05/2026,EL PEÑUELO,Entrada,A,1,LA VENTURA,H4,19:30,,,,
04/05/2026,EL PEÑUELO,Entrada,A,2,METALSA,H1,21:20,,,,
04/05/2026,EL PEÑUELO,Entrada,A,2,METALSA,H2,05:50,,,,
04/05/2026,EL PEÑUELO,Entrada,A,2,METALSA,H3,17:50,,,,
04/05/2026,EL PEÑUELO,Entrada,A,2,METALSA,H4,21:50,,,,
04/05/2026,EL PEÑUELO,Salida,N,1,METALSA,H1,15:30,,,,
04/05/2026,EL PEÑUELO,Salida,N,1,METALSA,H2,06:15,,,,
04/05/2026,EL PEÑUELO,Salida,N,1,METALSA,H3,18:15,,,,
04/05/2026,EL PEÑUELO,Salida,N,2,LA VENTURA,H1,17:50,,,,
04/05/2026,EL PEÑUELO,Salida,N,2,LA VENTURA,H2,08:35,,,,
04/05/2026,EL PEÑUELO,Salida,N,2,LA VENTURA,H3,20:35,,,,
04/05/2026,EL SALITRE,Entrada,A,1,SALITRE,H1,19:20,,,,
04/05/2026,EL SALITRE,Entrada,A,1,SALITRE,H2,03:50,,,,
04/05/2026,EL SALITRE,Entrada,A,1,SALITRE,H3,15:50,,,,
04/05/2026,EL SALITRE,Entrada,A,1,SALITRE,H4,19:50,,,,
04/05/2026,EL SALITRE,Entrada,A,2,BENITO JUAREZ,H1,19:25,,,,
04/05/2026,EL SALITRE,Entrada,A,2,BENITO JUAREZ,H2,03:55,,,,
04/05/2026,EL SALITRE,Entrada,A,2,BENITO JUAREZ,H3,15:55,,,,
04/05/2026,EL SALITRE,Entrada,A,2,BENITO JUAREZ,H4,19:55,,,,
04/05/2026,EL SALITRE,Entrada,A,3,EL MEZQUITE,H1,19:40,,,,
04/05/2026,EL SALITRE,Entrada,A,3,EL MEZQUITE,H2,04:10,,,,
04/05/2026,EL SALITRE,Entrada,A,3,EL MEZQUITE,H3,16:10,,,,
04/05/2026,EL SALITRE,Entrada,A,3,EL MEZQUITE,H4,20:10,,,,
04/05/2026,EL SALITRE,Entrada,A,4,PRESA DE LOS MUCHAHCOS,H1,19:55,,,,
04/05/2026,EL SALITRE,Entrada,A,4,PRESA DE LOS MUCHAHCOS,H2,04:25,,,,
04/05/2026,EL SALITRE,Entrada,A,4,PRESA DE LOS MUCHAHCOS,H3,16:25,,,,
04/05/2026,EL SALITRE,Entrada,A,4,PRESA DE LOS MUCHAHCOS,H4,20:25,,,,
04/05/2026,EL SALITRE,Entrada,A,5,AGUA NUEVA,H1,20:43,,,,
04/05/2026,EL SALITRE,Entrada,A,5,AGUA NUEVA,H2,05:13,,,,
04/05/2026,EL SALITRE,Entrada,A,5,AGUA NUEVA,H3,17:13,,,,
04/05/2026,EL SALITRE,Entrada,A,5,AGUA NUEVA,H4,21:13,,,,
04/05/2026,EL SALITRE,Entrada,A,6,METALSA,H1,21:20,,,,
04/05/2026,EL SALITRE,Entrada,A,6,METALSA,H2,05:50,05:37,13,1,0
04/05/2026,EL SALITRE,Entrada,A,6,METALSA,H3,17:50,,,,
04/05/2026,EL SALITRE,Entrada,A,6,METALSA,H4,21:50,,,,
04/05/2026,EL SALITRE,Salida,N,1,METALSA,H1,15:30,,,,
04/05/2026,EL SALITRE,Salida,N,1,METALSA,H2,06:15,,,,
04/05/2026,EL SALITRE,Salida,N,1,METALSA,H3,18:15,,,,
04/05/2026,EL SALITRE,Salida,N,2,AGUA NUEVA,H1,15:31,,,,
04/05/2026,EL SALITRE,Salida,N,2,AGUA NUEVA,H2,06:16,,,,
04/05/2026,EL SALITRE,Salida,N,2,AGUA NUEVA,H3,18:16,,,,
04/05/2026,EL SALITRE,Salida,N,3,PRESA DE LOS MUCHAHCOS,H1,16:55,,,,
04/05/2026,EL SALITRE,Salida,N,3,PRESA DE LOS MUCHAHCOS,H2,07:40,,,,
04/05/2026,EL SALITRE,Salida,N,3,PRESA DE LOS MUCHAHCOS,H3,19:40,,,,
04/05/2026,EL SALITRE,Salida,N,4,EL MEZQUITE,H1,17:10,,,,
04/05/2026,EL SALITRE,Salida,N,4,EL MEZQUITE,H2,07:55,,,,
04/05/2026,EL SALITRE,Salida,N,4,EL MEZQUITE,H3,19:55,,,,
04/05/2026,EL SALITRE,Salida,N,5,BENITO JUAREZ,H1,17:25,,,,
04/05/2026,EL SALITRE,Salida,N,5,BENITO JUAREZ,H2,08:10,,,,
04/05/2026,EL SALITRE,Salida,N,5,BENITO JUAREZ,H3,20:10,,,,
04/05/2026,EL SALITRE,Salida,N,6,SALITRE,H1,17:30,,,,
04/05/2026,EL SALITRE,Salida,N,6,SALITRE,H2,08:15,,,,
04/05/2026,EL SALITRE,Salida,N,6,SALITRE,H3,20:15,,,,
04/05/2026,LA HEDIONDA,Entrada,N,1,LAS ESPERANZAS,H1,20:00,,,,
04/05/2026,LA HEDIONDA,Entrada,N,1,LAS ESPERANZAS,H2,04:30,,,,
04/05/2026,LA HEDIONDA,Entrada,N,1,LAS ESPERANZAS,H3,16:30,,,,
04/05/2026,LA HEDIONDA,Entrada,N,1,LAS ESPERANZAS,H4,20:30,,,,
04/05/2026,LA HEDIONDA,Entrada,N,2,HEDIONDA,H1,20:20,,,,
04/05/2026,LA HEDIONDA,Entrada,N,2,HEDIONDA,H2,04:50,,,,
04/05/2026,LA HEDIONDA,Entrada,N,2,HEDIONDA,H3,16:50,,,,
04/05/2026,LA HEDIONDA,Entrada,N,2,HEDIONDA,H4,20:50,,,,
04/05/2026,LA HEDIONDA,Entrada,N,3,METALSA,H1,21:20,,,,
04/05/2026,LA HEDIONDA,Entrada,N,3,METALSA,H2,05:50,,,,
04/05/2026,LA HEDIONDA,Entrada,N,3,METALSA,H3,17:50,17:42,8,1,0
04/05/2026,LA HEDIONDA,Entrada,N,3,METALSA,H4,21:50,,,,
04/05/2026,LA HEDIONDA,Salida,N,1,METALSA,H1,15:30,,,,
04/05/2026,LA HEDIONDA,Salida,N,1,METALSA,H2,06:15,,,,
04/05/2026,LA HEDIONDA,Salida,N,1,METALSA,H3,18:15,,,,
04/05/2026,LA HEDIONDA,Salida,N,2,HEDIONDA,H1,16:30,,,,
04/05/2026,LA HEDIONDA,Salida,N,2,HEDIONDA,H2,07:15,,,,
04/05/2026,LA HEDIONDA,Salida,N,2,HEDIONDA,H3,19:15,,,,
04/05/2026,LA HEDIONDA,Salida,N,3,LAS ESPERANZAS,H1,16:50,,,,
04/05/2026,LA HEDIONDA,Salida,N,3,LAS ESPERANZAS,H2,07:35,,,,
04/05/2026,LA HEDIONDA,Salida,N,3,LAS ESPERANZAS,H3,19:35,,,,
04/05/2026,LA SAUCEDA,Entrada,N,1,LA SAUCEDA,H1,04:00,,,,
04/05/2026,LA SAUCEDA,Entrada,N,1,LA SAUCEDA,H2,16:00,16:01,-1,1,0
04/05/2026,LA SAUCEDA,Entrada,N,1,LA SAUCEDA,H3,19:30,,,,
04/05/2026,LA SAUCEDA,Entrada,N,1,LA SAUCEDA,H4,20:00,,,,
04/05/2026,LA SAUCEDA,Entrada,N,2,HIPOLITO,H1,04:15,,,,
04/05/2026,LA SAUCEDA,Entrada,N,2,HIPOLITO,H2,16:15,16:17,-2,1,0
04/05/2026,LA SAUCEDA,Entrada,N,2,HIPOLITO,H3,19:45,,,,
04/05/2026,LA SAUCEDA,Entrada,N,2,HIPOLITO,H4,20:15,,,,
04/05/2026,LA SAUCEDA,Entrada,N,3,SAN ANTONIO DEL JARAL,H1,04:32,,,,
04/05/2026,LA SAUCEDA,Entrada,N,3,SAN ANTONIO DEL JARAL,H2,16:32,16:38,-6,1,0
04/05/2026,LA SAUCEDA,Entrada,N,3,SAN ANTONIO DEL JARAL,H3,20:02,,,,
04/05/2026,LA SAUCEDA,Entrada,N,3,SAN ANTONIO DEL JARAL,H4,20:32,,,,
04/05/2026,LA SAUCEDA,Entrada,N,4,CASETA DE PLAN DE AYALA,H1,04:50,,,,
04/05/2026,LA SAUCEDA,Entrada,N,4,CASETA DE PLAN DE AYALA,H2,16:50,,,,
04/05/2026,LA SAUCEDA,Entrada,N,4,CASETA DE PLAN DE AYALA,H3,20:20,,,,
04/05/2026,LA SAUCEDA,Entrada,N,4,CASETA DE PLAN DE AYALA,H4,20:42,,,,
04/05/2026,LA SAUCEDA,Entrada,N,5,METALSA,H1,05:50,05:45,5,1,0
04/05/2026,LA SAUCEDA,Entrada,N,5,METALSA,H2,17:50,17:33,17,1,0
04/05/2026,LA SAUCEDA,Entrada,N,5,METALSA,H3,21:20,,,,
04/05/2026,LA SAUCEDA,Entrada,N,5,METALSA,H4,21:50,,,,
04/05/2026,LA SAUCEDA,Salida,N,1,METALSA,H1,06:15,,,,
04/05/2026,LA SAUCEDA,Salida,N,1,METALSA,H2,15:30,,,,
04/05/2026,LA SAUCEDA,Salida,N,1,METALSA,H3,18:15,18:16,-1,1,0
04/05/2026,LA SAUCEDA,Salida,N,2,CASETA DE PLAN DE AYALA,H1,07:15,,,,
04/05/2026,LA SAUCEDA,Salida,N,2,CASETA DE PLAN DE AYALA,H2,16:30,,,,
04/05/2026,LA SAUCEDA,Salida,N,2,CASETA DE PLAN DE AYALA,H3,19:15,,,,
04/05/2026,LA SAUCEDA,Salida,N,3,SAN ANTONIO DEL JARAL,H1,07:33,,,,
04/05/2026,LA SAUCEDA,Salida,N,3,SAN ANTONIO DEL JARAL,H2,16:48,,,,
04/05/2026,LA SAUCEDA,Salida,N,3,SAN ANTONIO DEL JARAL,H3,19:33,,,,
04/05/2026,LA SAUCEDA,Salida,N,4,HIPOLITO,H1,07:50,,,,
04/05/2026,LA SAUCEDA,Salida,N,4,HIPOLITO,H2,17:05,,,,
04/05/2026,LA SAUCEDA,Salida,N,4,HIPOLITO,H3,19:50,,,,
04/05/2026,LA SAUCEDA,Salida,N,5,LA SAUCEDA,H1,08:05,,,,
04/05/2026,LA SAUCEDA,Salida,N,5,LA SAUCEDA,H2,17:20,,,,
04/05/2026,LA SAUCEDA,Salida,N,5,LA SAUCEDA,H3,20:05,,,,
04/05/2026,LOMA LINDA - URDIÑOLA,Entrada,N,1,MEZQUITE Y GORDOLOBO,H1,04:05,04:18,-13,1,0
04/05/2026,LOMA LINDA - URDIÑOLA,Entrada,N,1,MEZQUITE Y GORDOLOBO,H2,16:05,16:06,-1,1,0
04/05/2026,LOMA LINDA - URDIÑOLA,Entrada,N,1,MEZQUITE Y GORDOLOBO,H3,19:35,,,,
04/05/2026,LOMA LINDA - URDIÑOLA,Entrada,N,1,MEZQUITE Y GORDOLOBO,H4,20:05,,,,
04/05/2026,LOMA LINDA - URDIÑOLA,Entrada,N,2,MEZQUITE Y NUECES,H1,04:10,04:18,-8,1,0
04/05/2026,LOMA LINDA - URDIÑOLA,Entrada,N,2,MEZQUITE Y NUECES,H2,16:10,16:10,0,1,0
04/05/2026,LOMA LINDA - URDIÑOLA,Entrada,N,2,MEZQUITE Y NUECES,H3,19:40,,,,
04/05/2026,LOMA LINDA - URDIÑOLA,Entrada,N,2,MEZQUITE Y NUECES,H4,20:10,,,,
04/05/2026,LOMA LINDA - URDIÑOLA,Entrada,N,3,BLVD SANTA LUCIA Y CALLE 7,H1,04:20,04:10,10,1,0
04/05/2026,LOMA LINDA - URDIÑOLA,Entrada,N,3,BLVD SANTA LUCIA Y CALLE 7,H2,16:20,16:20,0,1,0
04/05/2026,LOMA LINDA - URDIÑOLA,Entrada,N,3,BLVD SANTA LUCIA Y CALLE 7,H3,19:50,,,,
04/05/2026,LOMA LINDA - URDIÑOLA,Entrada,N,3,BLVD SANTA LUCIA Y CALLE 7,H4,20:20,,,,
04/05/2026,LOMA LINDA - URDIÑOLA,Entrada,N,4,BLVD VALDES SANCHEZ Y (PLANTA LEAR),H1,04:30,04:40,-10,1,0
04/05/2026,LOMA LINDA - URDIÑOLA,Entrada,N,4,BLVD VALDES SANCHEZ Y (PLANTA LEAR),H2,16:30,16:35,-5,1,0
04/05/2026,LOMA LINDA - URDIÑOLA,Entrada,N,4,BLVD VALDES SANCHEZ Y (PLANTA LEAR),H3,20:00,,,,
04/05/2026,LOMA LINDA - URDIÑOLA,Entrada,N,4,BLVD VALDES SANCHEZ Y (PLANTA LEAR),H4,20:30,,,,
04/05/2026,LOMA LINDA - URDIÑOLA,Entrada,N,5,STA. GERTRUDIS Y STA. CECILIA (DEL ACUEDUCTO),H1,04:32,04:36,-4,1,0
04/05/2026,LOMA LINDA - URDIÑOLA,Entrada,N,5,STA. GERTRUDIS Y STA. CECILIA (DEL ACUEDUCTO),H2,16:32,16:28,4,1,0
04/05/2026,LOMA LINDA - URDIÑOLA,Entrada,N,5,STA. GERTRUDIS Y STA. CECILIA (DEL ACUEDUCTO),H3,20:02,,,,
04/05/2026,LOMA LINDA - URDIÑOLA,Entrada,N,5,STA. GERTRUDIS Y STA. CECILIA (DEL ACUEDUCTO),H4,20:32,,,,
04/05/2026,LOMA LINDA - URDIÑOLA,Entrada,N,6,DEPOSITO DE AGUA FRACC PLAZA,H1,04:35,04:44,-9,1,0
04/05/2026,LOMA LINDA - URDIÑOLA,Entrada,N,6,DEPOSITO DE AGUA FRACC PLAZA,H2,16:35,16:39,-4,1,0
04/05/2026,LOMA LINDA - URDIÑOLA,Entrada,N,6,DEPOSITO DE AGUA FRACC PLAZA,H3,20:05,,,,
04/05/2026,LOMA LINDA - URDIÑOLA,Entrada,N,6,DEPOSITO DE AGUA FRACC PLAZA,H4,20:35,,,,
04/05/2026,LOMA LINDA - URDIÑOLA,Entrada,N,7,BLVD VALDES SANCHEZ Y BLVD MINERIA,H1,04:40,04:47,-7,1,0
04/05/2026,LOMA LINDA - URDIÑOLA,Entrada,N,7,BLVD VALDES SANCHEZ Y BLVD MINERIA,H2,16:40,16:42,-2,1,0
04/05/2026,LOMA LINDA - URDIÑOLA,Entrada,N,7,BLVD VALDES SANCHEZ Y BLVD MINERIA,H3,20:10,,,,
04/05/2026,LOMA LINDA - URDIÑOLA,Entrada,N,7,BLVD VALDES SANCHEZ Y BLVD MINERIA,H4,20:40,,,,
04/05/2026,LOMA LINDA - URDIÑOLA,Entrada,N,8,REFORMA Y URDIÑOLA,H1,04:50,04:54,-4,1,0
04/05/2026,LOMA LINDA - URDIÑOLA,Entrada,N,8,REFORMA Y URDIÑOLA,H2,16:50,16:52,-2,1,0
04/05/2026,LOMA LINDA - URDIÑOLA,Entrada,N,8,REFORMA Y URDIÑOLA,H3,20:20,,,,
04/05/2026,LOMA LINDA - URDIÑOLA,Entrada,N,8,REFORMA Y URDIÑOLA,H4,20:50,,,,
04/05/2026,LOMA LINDA - URDIÑOLA,Entrada,N,9,PROL. URDIÑOLA Y J. MERY,H1,04:55,05:01,-6,1,0
04/05/2026,LOMA LINDA - URDIÑOLA,Entrada,N,9,PROL. URDIÑOLA Y J. MERY,H2,16:55,17:00,-5,1,0
04/05/2026,LOMA LINDA - URDIÑOLA,Entrada,N,9,PROL. URDIÑOLA Y J. MERY,H3,20:25,,,,
04/05/2026,LOMA LINDA - URDIÑOLA,Entrada,N,9,PROL. URDIÑOLA Y J. MERY,H4,20:55,,,,
04/05/2026,LOMA LINDA - URDIÑOLA,Entrada,N,10,PROL URDIÑOLA Y PERIFERICO LEA,H1,05:00,05:05,-5,1,0
04/05/2026,LOMA LINDA - URDIÑOLA,Entrada,N,10,PROL URDIÑOLA Y PERIFERICO LEA,H2,17:00,17:07,-7,1,0
04/05/2026,LOMA LINDA - URDIÑOLA,Entrada,N,10,PROL URDIÑOLA Y PERIFERICO LEA,H3,20:30,,,,
04/05/2026,LOMA LINDA - URDIÑOLA,Entrada,N,10,PROL URDIÑOLA Y PERIFERICO LEA,H4,21:00,,,,
04/05/2026,LOMA LINDA - URDIÑOLA,Entrada,N,11,BLVD ANTONIO CARDENAS Y TEODORO SANCHEZ,H1,05:10,05:18,-8,1,0
04/05/2026,LOMA LINDA - URDIÑOLA,Entrada,N,11,BLVD ANTONIO CARDENAS Y TEODORO SANCHEZ,H2,17:10,17:21,-11,1,0
04/05/2026,LOMA LINDA - URDIÑOLA,Entrada,N,11,BLVD ANTONIO CARDENAS Y TEODORO SANCHEZ,H3,20:40,,,,
04/05/2026,LOMA LINDA - URDIÑOLA,Entrada,N,11,BLVD ANTONIO CARDENAS Y TEODORO SANCHEZ,H4,21:10,,,,
04/05/2026,LOMA LINDA - URDIÑOLA,Entrada,N,12,BLVD SANTA ELENA Y GUACALI,H1,05:20,05:26,-6,1,0
04/05/2026,LOMA LINDA - URDIÑOLA,Entrada,N,12,BLVD SANTA ELENA Y GUACALI,H2,17:20,17:28,-8,1,0
04/05/2026,LOMA LINDA - URDIÑOLA,Entrada,N,12,BLVD SANTA ELENA Y GUACALI,H3,20:50,,,,
04/05/2026,LOMA LINDA - URDIÑOLA,Entrada,N,12,BLVD SANTA ELENA Y GUACALI,H4,21:20,,,,
04/05/2026,LOMA LINDA - URDIÑOLA,Entrada,N,13,CARR. SALTILLO-ZACATECAS,H1,05:25,05:28,-3,1,0
04/05/2026,LOMA LINDA - URDIÑOLA,Entrada,N,13,CARR. SALTILLO-ZACATECAS,H2,17:25,17:28,-3,1,0
04/05/2026,LOMA LINDA - URDIÑOLA,Entrada,N,13,CARR. SALTILLO-ZACATECAS,H3,20:55,,,,
04/05/2026,LOMA LINDA - URDIÑOLA,Entrada,N,13,CARR. SALTILLO-ZACATECAS,H4,21:25,,,,
04/05/2026,LOMA LINDA - URDIÑOLA,Entrada,N,14,METALSA,H1,05:50,05:49,1,1,0
04/05/2026,LOMA LINDA - URDIÑOLA,Entrada,N,14,METALSA,H2,17:50,17:42,8,1,0
04/05/2026,LOMA LINDA - URDIÑOLA,Entrada,N,14,METALSA,H3,21:20,,,,
04/05/2026,LOMA LINDA - URDIÑOLA,Entrada,N,14,METALSA,H4,21:50,,,,
04/05/2026,LOMA LINDA - URDIÑOLA,Salida,N,1,METALSA,H1,06:15,,,,
04/05/2026,LOMA LINDA - URDIÑOLA,Salida,N,1,METALSA,H2,15:30,,,,
04/05/2026,LOMA LINDA - URDIÑOLA,Salida,N,1,METALSA,H3,18:15,,,,
04/05/2026,LOMA LINDA - URDIÑOLA,Salida,N,2,CARR. SALTILLO-ZACATECAS,H1,06:29,,,,
04/05/2026,LOMA LINDA - URDIÑOLA,Salida,N,2,CARR. SALTILLO-ZACATECAS,H2,15:59,,,,
04/05/2026,LOMA LINDA - URDIÑOLA,Salida,N,2,CARR. SALTILLO-ZACATECAS,H3,18:29,,,,
04/05/2026,LOMA LINDA - URDIÑOLA,Salida,N,3,BLVD SANTA ELENA Y GUACALI,H1,06:30,,,,
04/05/2026,LOMA LINDA - URDIÑOLA,Salida,N,3,BLVD SANTA ELENA Y GUACALI,H2,16:00,,,,
04/05/2026,LOMA LINDA - URDIÑOLA,Salida,N,3,BLVD SANTA ELENA Y GUACALI,H3,18:30,18:48,-18,1,0
04/05/2026,LOMA LINDA - URDIÑOLA,Salida,N,4,BLVD ANTONIO CARDENAS Y TEODORO SANCHEZ,H1,06:31,,,,
04/05/2026,LOMA LINDA - URDIÑOLA,Salida,N,4,BLVD ANTONIO CARDENAS Y TEODORO SANCHEZ,H2,16:01,,,,
04/05/2026,LOMA LINDA - URDIÑOLA,Salida,N,4,BLVD ANTONIO CARDENAS Y TEODORO SANCHEZ,H3,18:31,,,,
04/05/2026,LOMA LINDA - URDIÑOLA,Salida,N,5,PROL URDIÑOLA Y PERIFERICO LEA,H1,06:32,,,,
04/05/2026,LOMA LINDA - URDIÑOLA,Salida,N,5,PROL URDIÑOLA Y PERIFERICO LEA,H2,16:02,,,,
04/05/2026,LOMA LINDA - URDIÑOLA,Salida,N,5,PROL URDIÑOLA Y PERIFERICO LEA,H3,18:32,,,,
04/05/2026,LOMA LINDA - URDIÑOLA,Salida,N,6,PROL. URDIÑOLA Y J. MERY,H1,06:33,,,,
04/05/2026,LOMA LINDA - URDIÑOLA,Salida,N,6,PROL. URDIÑOLA Y J. MERY,H2,16:03,,,,
04/05/2026,LOMA LINDA - URDIÑOLA,Salida,N,6,PROL. URDIÑOLA Y J. MERY,H3,18:33,,,,
04/05/2026,LOMA LINDA - URDIÑOLA,Salida,N,7,REFORMA Y URDIÑOLA,H1,06:34,,,,
04/05/2026,LOMA LINDA - URDIÑOLA,Salida,N,7,REFORMA Y URDIÑOLA,H2,16:04,,,,
04/05/2026,LOMA LINDA - URDIÑOLA,Salida,N,7,REFORMA Y URDIÑOLA,H3,18:34,19:17,-43,1,0
04/05/2026,LOMA LINDA - URDIÑOLA,Salida,N,8,BLVD VALDES SANCHEZ Y BLVD MINERIA,H1,06:55,,,,
04/05/2026,LOMA LINDA - URDIÑOLA,Salida,N,8,BLVD VALDES SANCHEZ Y BLVD MINERIA,H2,16:10,,,,
04/05/2026,LOMA LINDA - URDIÑOLA,Salida,N,8,BLVD VALDES SANCHEZ Y BLVD MINERIA,H3,18:55,,,,
04/05/2026,LOMA LINDA - URDIÑOLA,Salida,N,9,DEPOSITO DE AGUA FRACC PLAZA,H1,07:00,,,,
04/05/2026,LOMA LINDA - URDIÑOLA,Salida,N,9,DEPOSITO DE AGUA FRACC PLAZA,H2,16:15,,,,
04/05/2026,LOMA LINDA - URDIÑOLA,Salida,N,9,DEPOSITO DE AGUA FRACC PLAZA,H3,19:00,,,,
04/05/2026,LOMA LINDA - URDIÑOLA,Salida,N,10,BLVD VALDES SANCHEZ Y (PLANTA LEAR),H1,07:05,,,,
04/05/2026,LOMA LINDA - URDIÑOLA,Salida,N,10,BLVD VALDES SANCHEZ Y (PLANTA LEAR),H2,16:20,,,,
04/05/2026,LOMA LINDA - URDIÑOLA,Salida,N,10,BLVD VALDES SANCHEZ Y (PLANTA LEAR),H3,19:05,,,,
04/05/2026,LOMA LINDA - URDIÑOLA,Salida,N,11,BLVD SANTA LUCIA Y BLVD FUNDADORES,H1,07:15,,,,
04/05/2026,LOMA LINDA - URDIÑOLA,Salida,N,11,BLVD SANTA LUCIA Y BLVD FUNDADORES,H2,16:30,,,,
04/05/2026,LOMA LINDA - URDIÑOLA,Salida,N,11,BLVD SANTA LUCIA Y BLVD FUNDADORES,H3,19:15,,,,
04/05/2026,LOMA LINDA - URDIÑOLA,Salida,N,12,BLVD SANTA LUCIA Y CALLE 7,H1,07:16,,,,
04/05/2026,LOMA LINDA - URDIÑOLA,Salida,N,12,BLVD SANTA LUCIA Y CALLE 7,H2,16:31,,,,
04/05/2026,LOMA LINDA - URDIÑOLA,Salida,N,12,BLVD SANTA LUCIA Y CALLE 7,H3,19:16,,,,
04/05/2026,LOMA LINDA - URDIÑOLA,Salida,N,13,MEZQUITE Y NUECES,H1,07:25,,,,
04/05/2026,LOMA LINDA - URDIÑOLA,Salida,N,13,MEZQUITE Y NUECES,H2,16:40,,,,
04/05/2026,LOMA LINDA - URDIÑOLA,Salida,N,13,MEZQUITE Y NUECES,H3,19:25,,,,
04/05/2026,LOMA LINDA - URDIÑOLA,Salida,N,14,MEZQUITE Y GORDOLOBO,H1,07:30,,,,
04/05/2026,LOMA LINDA - URDIÑOLA,Salida,N,14,MEZQUITE Y GORDOLOBO,H2,16:45,,,,
04/05/2026,LOMA LINDA - URDIÑOLA,Salida,N,14,MEZQUITE Y GORDOLOBO,H3,19:30,19:41,-11,1,0
04/05/2026,LOS HOYOS - MACUYU,Entrada,A,1,LOS HOYOS,H1,03:20,,,,
04/05/2026,LOS HOYOS - MACUYU,Entrada,A,1,LOS HOYOS,H2,15:20,,,,
04/05/2026,LOS HOYOS - MACUYU,Entrada,A,1,LOS HOYOS,H3,18:50,,,,
04/05/2026,LOS HOYOS - MACUYU,Entrada,A,1,LOS HOYOS,H4,19:20,,,,
04/05/2026,LOS HOYOS - MACUYU,Entrada,A,2,HUARICHE,H1,03:38,,,,
04/05/2026,LOS HOYOS - MACUYU,Entrada,A,2,HUARICHE,H2,15:38,,,,
04/05/2026,LOS HOYOS - MACUYU,Entrada,A,2,HUARICHE,H3,19:08,,,,
04/05/2026,LOS HOYOS - MACUYU,Entrada,A,2,HUARICHE,H4,19:38,,,,
04/05/2026,LOS HOYOS - MACUYU,Entrada,A,3,PRESA DE GUADALUPE,H1,04:08,,,,
04/05/2026,LOS HOYOS - MACUYU,Entrada,A,3,PRESA DE GUADALUPE,H2,16:08,16:07,1,1,0
04/05/2026,LOS HOYOS - MACUYU,Entrada,A,3,PRESA DE GUADALUPE,H3,19:38,,,,
04/05/2026,LOS HOYOS - MACUYU,Entrada,A,3,PRESA DE GUADALUPE,H4,20:08,,,,
04/05/2026,LOS HOYOS - MACUYU,Entrada,A,4,MACUYU,H1,04:14,,,,
04/05/2026,LOS HOYOS - MACUYU,Entrada,A,4,MACUYU,H2,16:14,,,,
04/05/2026,LOS HOYOS - MACUYU,Entrada,A,4,MACUYU,H3,19:44,,,,
04/05/2026,LOS HOYOS - MACUYU,Entrada,A,4,MACUYU,H4,20:14,,,,
04/05/2026,LOS HOYOS - MACUYU,Entrada,A,5,DOS DE ABRIL,H1,04:24,,,,
04/05/2026,LOS HOYOS - MACUYU,Entrada,A,5,DOS DE ABRIL,H2,16:24,16:27,-3,1,0
04/05/2026,LOS HOYOS - MACUYU,Entrada,A,5,DOS DE ABRIL,H3,19:54,,,,
04/05/2026,LOS HOYOS - MACUYU,Entrada,A,5,DOS DE ABRIL,H4,20:24,,,,
04/05/2026,LOS HOYOS - MACUYU,Entrada,A,6,LA PAZ,H1,04:50,,,,
04/05/2026,LOS HOYOS - MACUYU,Entrada,A,6,LA PAZ,H2,16:50,16:55,-5,1,0
04/05/2026,LOS HOYOS - MACUYU,Entrada,A,6,LA PAZ,H3,20:20,,,,
04/05/2026,LOS HOYOS - MACUYU,Entrada,A,6,LA PAZ,H4,20:50,,,,
04/05/2026,LOS HOYOS - MACUYU,Entrada,A,7,DERRAMADERO,H1,05:08,,,,
04/05/2026,LOS HOYOS - MACUYU,Entrada,A,7,DERRAMADERO,H2,17:08,17:14,-6,1,0
04/05/2026,LOS HOYOS - MACUYU,Entrada,A,7,DERRAMADERO,H3,20:38,,,,
04/05/2026,LOS HOYOS - MACUYU,Entrada,A,7,DERRAMADERO,H4,21:08,,,,
04/05/2026,LOS HOYOS - MACUYU,Entrada,A,8,METALSA,H1,05:50,,,,
04/05/2026,LOS HOYOS - MACUYU,Entrada,A,8,METALSA,H2,17:50,17:43,7,1,0
04/05/2026,LOS HOYOS - MACUYU,Entrada,A,8,METALSA,H3,21:20,,,,
04/05/2026,LOS HOYOS - MACUYU,Entrada,A,8,METALSA,H4,21:50,,,,
04/05/2026,LOS HOYOS - MACUYU,Salida,N,1,METALSA,H1,15:30,,,,
04/05/2026,LOS HOYOS - MACUYU,Salida,N,1,METALSA,H2,06:15,,,,
04/05/2026,LOS HOYOS - MACUYU,Salida,N,1,METALSA,H3,18:15,,,,
04/05/2026,LOS HOYOS - MACUYU,Salida,N,2,DERRAMADERO,H1,15:41,,,,
04/05/2026,LOS HOYOS - MACUYU,Salida,N,2,DERRAMADERO,H2,06:26,,,,
04/05/2026,LOS HOYOS - MACUYU,Salida,N,2,DERRAMADERO,H3,18:26,,,,
04/05/2026,LOS HOYOS - MACUYU,Salida,N,3,LA PAZ,H1,15:42,,,,
04/05/2026,LOS HOYOS - MACUYU,Salida,N,3,LA PAZ,H2,06:27,,,,
04/05/2026,LOS HOYOS - MACUYU,Salida,N,3,LA PAZ,H3,18:27,,,,
04/05/2026,LOS HOYOS - MACUYU,Salida,N,4,DOS DE ABRIL,H1,15:44,,,,
04/05/2026,LOS HOYOS - MACUYU,Salida,N,4,DOS DE ABRIL,H2,06:29,,,,
04/05/2026,LOS HOYOS - MACUYU,Salida,N,4,DOS DE ABRIL,H3,18:29,,,,
04/05/2026,LOS HOYOS - MACUYU,Salida,N,5,MACUYU,H1,15:45,,,,
04/05/2026,LOS HOYOS - MACUYU,Salida,N,5,MACUYU,H2,06:30,,,,
04/05/2026,LOS HOYOS - MACUYU,Salida,N,5,MACUYU,H3,18:30,,,,
04/05/2026,LOS HOYOS - MACUYU,Salida,N,6,PRESA DE GUADALUPE,H1,16:00,,,,
04/05/2026,LOS HOYOS - MACUYU,Salida,N,6,PRESA DE GUADALUPE,H2,06:31,,,,
04/05/2026,LOS HOYOS - MACUYU,Salida,N,6,PRESA DE GUADALUPE,H3,18:35,,,,
04/05/2026,LOS HOYOS - MACUYU,Salida,N,7,HUARICHE,H1,17:18,,,,
04/05/2026,LOS HOYOS - MACUYU,Salida,N,7,HUARICHE,H2,08:03,,,,
04/05/2026,LOS HOYOS - MACUYU,Salida,N,7,HUARICHE,H3,20:03,,,,
04/05/2026,LOS HOYOS - MACUYU,Salida,N,8,LOS HOYOS,H1,17:30,,,,
04/05/2026,LOS HOYOS - MACUYU,Salida,N,8,LOS HOYOS,H2,08:15,,,,
04/05/2026,LOS HOYOS - MACUYU,Salida,N,8,LOS HOYOS,H3,20:15,,,,
04/05/2026,OTILIO,Entrada,N,1,CALLE 23 Y CALLE 16,H1,04:25,,,,
04/05/2026,OTILIO,Entrada,N,1,CALLE 23 Y CALLE 16,H2,16:25,16:34,-9,1,0
04/05/2026,OTILIO,Entrada,N,1,CALLE 23 Y CALLE 16,H3,19:55,,,,
04/05/2026,OTILIO,Entrada,N,1,CALLE 23 Y CALLE 16,H4,20:25,,,,
04/05/2026,OTILIO,Entrada,N,2,MARMOL Y EMILIANO ZAPATA,H1,04:27,,,,
04/05/2026,OTILIO,Entrada,N,2,MARMOL Y EMILIANO ZAPATA,H2,16:27,16:48,-21,1,0
04/05/2026,OTILIO,Entrada,N,2,MARMOL Y EMILIANO ZAPATA,H3,19:57,,,,
04/05/2026,OTILIO,Entrada,N,2,MARMOL Y EMILIANO ZAPATA,H4,20:27,,,,
04/05/2026,OTILIO,Entrada,N,3,LIBERTAD Y OTILIO,H1,04:31,,,,
04/05/2026,OTILIO,Entrada,N,3,LIBERTAD Y OTILIO,H2,16:31,16:51,-20,1,0
04/05/2026,OTILIO,Entrada,N,3,LIBERTAD Y OTILIO,H3,20:01,,,,
04/05/2026,OTILIO,Entrada,N,3,LIBERTAD Y OTILIO,H4,20:31,,,,
04/05/2026,OTILIO,Entrada,N,4,ONCEAVA Y ESCUADRON DE LA AVIACION,H1,04:42,,,,
04/05/2026,OTILIO,Entrada,N,4,ONCEAVA Y ESCUADRON DE LA AVIACION,H2,16:42,17:00,-18,1,0
04/05/2026,OTILIO,Entrada,N,4,ONCEAVA Y ESCUADRON DE LA AVIACION,H3,20:12,,,,
04/05/2026,OTILIO,Entrada,N,4,ONCEAVA Y ESCUADRON DE LA AVIACION,H4,20:42,,,,
04/05/2026,OTILIO,Entrada,N,5,BLVD JUAREZ Y MIGUEL HIDALGO,H1,04:52,,,,
04/05/2026,OTILIO,Entrada,N,5,BLVD JUAREZ Y MIGUEL HIDALGO,H2,16:52,17:08,-16,1,0
04/05/2026,OTILIO,Entrada,N,5,BLVD JUAREZ Y MIGUEL HIDALGO,H3,20:22,,,,
04/05/2026,OTILIO,Entrada,N,5,BLVD JUAREZ Y MIGUEL HIDALGO,H4,20:52,,,,
04/05/2026,OTILIO,Entrada,N,6,IGNACIO ALLENDE Y CALLE 13,H1,04:58,,,,
04/05/2026,OTILIO,Entrada,N,6,IGNACIO ALLENDE Y CALLE 13,H2,16:58,17:11,-13,1,0
04/05/2026,OTILIO,Entrada,N,6,IGNACIO ALLENDE Y CALLE 13,H3,20:28,,,,
04/05/2026,OTILIO,Entrada,N,6,IGNACIO ALLENDE Y CALLE 13,H4,20:58,,,,
04/05/2026,OTILIO,Entrada,N,7,LOMAS DE LOURDES Y LUIS PASTEUR,H1,05:06,,,,
04/05/2026,OTILIO,Entrada,N,7,LOMAS DE LOURDES Y LUIS PASTEUR,H2,17:06,17:17,-11,1,0
04/05/2026,OTILIO,Entrada,N,7,LOMAS DE LOURDES Y LUIS PASTEUR,H3,20:36,,,,
04/05/2026,OTILIO,Entrada,N,7,LOMAS DE LOURDES Y LUIS PASTEUR,H4,21:06,,,,
04/05/2026,OTILIO,Entrada,N,8,CARR. SALTILLO-ZACATECAS,H1,05:15,05:22,-7,1,0
04/05/2026,OTILIO,Entrada,N,8,CARR. SALTILLO-ZACATECAS,H2,17:15,17:28,-13,1,0
04/05/2026,OTILIO,Entrada,N,8,CARR. SALTILLO-ZACATECAS,H3,20:45,,,,
04/05/2026,OTILIO,Entrada,N,8,CARR. SALTILLO-ZACATECAS,H4,21:15,,,,
04/05/2026,OTILIO,Entrada,N,9,METALSA,H1,05:50,05:41,9,1,0
04/05/2026,OTILIO,Entrada,N,9,METALSA,H2,17:50,17:42,8,1,0
04/05/2026,OTILIO,Entrada,N,9,METALSA,H3,21:20,,,,
04/05/2026,OTILIO,Entrada,N,9,METALSA,H4,21:50,,,,
04/05/2026,OTILIO,Salida,N,1,METALSA,H1,06:15,,,,
04/05/2026,OTILIO,Salida,N,1,METALSA,H2,15:30,,,,
04/05/2026,OTILIO,Salida,N,1,METALSA,H3,18:15,,,,
04/05/2026,OTILIO,Salida,N,2,CARR. SALTILLO-ZACATECAS,H1,06:50,,,,
04/05/2026,OTILIO,Salida,N,2,CARR. SALTILLO-ZACATECAS,H2,16:05,,,,
04/05/2026,OTILIO,Salida,N,2,CARR. SALTILLO-ZACATECAS,H3,18:50,,,,
04/05/2026,OTILIO,Salida,N,3,LOMAS DE LOURDES Y LUIS PASTEUR,H1,06:59,,,,
04/05/2026,OTILIO,Salida,N,3,LOMAS DE LOURDES Y LUIS PASTEUR,H2,16:14,,,,
04/05/2026,OTILIO,Salida,N,3,LOMAS DE LOURDES Y LUIS PASTEUR,H3,18:59,,,,
04/05/2026,OTILIO,Salida,N,4,IGNACIO ALLENDE Y CALLE 13,H1,07:07,,,,
04/05/2026,OTILIO,Salida,N,4,IGNACIO ALLENDE Y CALLE 13,H2,16:22,,,,
04/05/2026,OTILIO,Salida,N,4,IGNACIO ALLENDE Y CALLE 13,H3,19:07,,,,
04/05/2026,OTILIO,Salida,N,5,BLVD JUAREZ Y MIGUEL HIDALGO,H1,07:13,,,,
04/05/2026,OTILIO,Salida,N,5,BLVD JUAREZ Y MIGUEL HIDALGO,H2,16:28,,,,
04/05/2026,OTILIO,Salida,N,5,BLVD JUAREZ Y MIGUEL HIDALGO,H3,19:13,,,,
04/05/2026,OTILIO,Salida,N,6,ONCEAVA Y ESCUADRON DE LA AVIACION,H1,07:23,,,,
04/05/2026,OTILIO,Salida,N,6,ONCEAVA Y ESCUADRON DE LA AVIACION,H2,16:38,,,,
04/05/2026,OTILIO,Salida,N,6,ONCEAVA Y ESCUADRON DE LA AVIACION,H3,19:23,,,,
04/05/2026,OTILIO,Salida,N,7,LIBERTAD Y OTILIO,H1,07:34,,,,
04/05/2026,OTILIO,Salida,N,7,LIBERTAD Y OTILIO,H2,16:49,,,,
04/05/2026,OTILIO,Salida,N,7,LIBERTAD Y OTILIO,H3,19:34,,,,
04/05/2026,OTILIO,Salida,N,8,MARMOL Y EMILIANO ZAPATA,H1,07:38,,,,
04/05/2026,OTILIO,Salida,N,8,MARMOL Y EMILIANO ZAPATA,H2,16:53,,,,
04/05/2026,OTILIO,Salida,N,8,MARMOL Y EMILIANO ZAPATA,H3,19:38,,,,
04/05/2026,OTILIO,Salida,N,9,CALLE 23 Y CALLE 16,H1,07:40,,,,
04/05/2026,OTILIO,Salida,N,9,CALLE 23 Y CALLE 16,H2,16:55,,,,
04/05/2026,OTILIO,Salida,N,9,CALLE 23 Y CALLE 16,H3,19:40,,,,
04/05/2026,PARRAS CASETA,Entrada,A,1,RAMOS ARIZPE (PLAZA DEL RELOJ),H1,18:30,,,,
04/05/2026,PARRAS CASETA,Entrada,A,1,RAMOS ARIZPE (PLAZA DEL RELOJ),H2,03:00,,,,
04/05/2026,PARRAS CASETA,Entrada,A,1,RAMOS ARIZPE (PLAZA DEL RELOJ),H3,15:00,,,,
04/05/2026,PARRAS CASETA,Entrada,A,1,RAMOS ARIZPE (PLAZA DEL RELOJ),H4,19:00,,,,
04/05/2026,PARRAS CASETA,Entrada,A,2,HEROICO COLEGIO MILITAR Y MELCHOR OCAMPO (ALAMEDA),H1,18:32,,,,
04/05/2026,PARRAS CASETA,Entrada,A,2,HEROICO COLEGIO MILITAR Y MELCHOR OCAMPO (ALAMEDA),H2,03:02,,,,
04/05/2026,PARRAS CASETA,Entrada,A,2,HEROICO COLEGIO MILITAR Y MELCHOR OCAMPO (ALAMEDA),H3,15:02,,,,
04/05/2026,PARRAS CASETA,Entrada,A,2,HEROICO COLEGIO MILITAR Y MELCHOR OCAMPO (ALAMEDA),H4,19:02,,,,
04/05/2026,PARRAS CASETA,Entrada,A,3,FALCON Y FCO SARABIA (TORTILLERIA 4 CAMINO),H1,18:40,,,,
04/05/2026,PARRAS CASETA,Entrada,A,3,FALCON Y FCO SARABIA (TORTILLERIA 4 CAMINO),H2,03:10,,,,
04/05/2026,PARRAS CASETA,Entrada,A,3,FALCON Y FCO SARABIA (TORTILLERIA 4 CAMINO),H3,15:10,,,,
04/05/2026,PARRAS CASETA,Entrada,A,3,FALCON Y FCO SARABIA (TORTILLERIA 4 CAMINO),H4,19:10,,,,
04/05/2026,PARRAS CASETA,Entrada,A,4,OSCAR FLORES TAPIA y JAVIER MINA,H1,18:45,,,,
04/05/2026,PARRAS CASETA,Entrada,A,4,OSCAR FLORES TAPIA y JAVIER MINA,H2,03:15,,,,
04/05/2026,PARRAS CASETA,Entrada,A,4,OSCAR FLORES TAPIA y JAVIER MINA,H3,15:15,,,,
04/05/2026,PARRAS CASETA,Entrada,A,4,OSCAR FLORES TAPIA y JAVIER MINA,H4,19:15,,,,
04/05/2026,PARRAS CASETA,Entrada,A,5,CALZADA DEL MARQUEZ (OXXO GAS),H1,18:50,,,,
04/05/2026,PARRAS CASETA,Entrada,A,5,CALZADA DEL MARQUEZ (OXXO GAS),H2,03:20,,,,
04/05/2026,PARRAS CASETA,Entrada,A,5,CALZADA DEL MARQUEZ (OXXO GAS),H3,15:20,,,,
04/05/2026,PARRAS CASETA,Entrada,A,5,CALZADA DEL MARQUEZ (OXXO GAS),H4,19:20,,,,
04/05/2026,PARRAS CASETA,Entrada,A,6,16 DE SEPTIEMBRE (FABRICA DICKIES),H1,18:57,,,,
04/05/2026,PARRAS CASETA,Entrada,A,6,16 DE SEPTIEMBRE (FABRICA DICKIES),H2,03:27,,,,
04/05/2026,PARRAS CASETA,Entrada,A,6,16 DE SEPTIEMBRE (FABRICA DICKIES),H3,15:27,,,,
04/05/2026,PARRAS CASETA,Entrada,A,6,16 DE SEPTIEMBRE (FABRICA DICKIES),H4,19:27,,,,
04/05/2026,PARRAS CASETA,Entrada,A,7,EJIDO 28 AGOSTO,H1,19:25,,,,
04/05/2026,PARRAS CASETA,Entrada,A,7,EJIDO 28 AGOSTO,H2,03:55,,,,
04/05/2026,PARRAS CASETA,Entrada,A,7,EJIDO 28 AGOSTO,H3,15:55,,,,
04/05/2026,PARRAS CASETA,Entrada,A,7,EJIDO 28 AGOSTO,H4,19:55,,,,
04/05/2026,PARRAS CASETA,Entrada,A,8,KM 42,H1,19:45,,,,
04/05/2026,PARRAS CASETA,Entrada,A,8,KM 42,H2,04:15,,,,
04/05/2026,PARRAS CASETA,Entrada,A,8,KM 42,H3,16:15,,,,
04/05/2026,PARRAS CASETA,Entrada,A,8,KM 42,H4,20:15,,,,
04/05/2026,PARRAS CASETA,Entrada,A,9,EJIDO JALPA,H1,19:50,,,,
04/05/2026,PARRAS CASETA,Entrada,A,9,EJIDO JALPA,H2,04:20,,,,
04/05/2026,PARRAS CASETA,Entrada,A,9,EJIDO JALPA,H3,16:20,,,,
04/05/2026,PARRAS CASETA,Entrada,A,9,EJIDO JALPA,H4,20:20,,,,
04/05/2026,PARRAS CASETA,Entrada,A,10,METALSA,H1,21:20,,,,
04/05/2026,PARRAS CASETA,Entrada,A,10,METALSA,H2,05:50,,,,
04/05/2026,PARRAS CASETA,Entrada,A,10,METALSA,H3,17:50,,,,
04/05/2026,PARRAS CASETA,Entrada,A,10,METALSA,H4,21:50,,,,
04/05/2026,PARRAS CASETA,Salida,N,1,METALSA,H1,15:30,,,,
04/05/2026,PARRAS CASETA,Salida,N,1,METALSA,H2,06:15,,,,
04/05/2026,PARRAS CASETA,Salida,N,1,METALSA,H3,18:15,,,,
04/05/2026,PARRAS CASETA,Salida,N,2,EJIDO PAILA,H1,15:45,,,,
04/05/2026,PARRAS CASETA,Salida,N,2,EJIDO PAILA,H2,06:30,,,,
04/05/2026,PARRAS CASETA,Salida,N,2,EJIDO PAILA,H3,18:30,,,,
04/05/2026,PARRAS CASETA,Salida,N,3,KM 42,H1,15:50,,,,
04/05/2026,PARRAS CASETA,Salida,N,3,KM 42,H2,06:35,,,,
04/05/2026,PARRAS CASETA,Salida,N,3,KM 42,H3,18:35,,,,
04/05/2026,PARRAS CASETA,Salida,N,4,EJIDO 28 AGOSTO,H1,17:10,,,,
04/05/2026,PARRAS CASETA,Salida,N,4,EJIDO 28 AGOSTO,H2,07:55,,,,
04/05/2026,PARRAS CASETA,Salida,N,4,EJIDO 28 AGOSTO,H3,19:55,,,,
04/05/2026,PARRAS CASETA,Salida,N,5,16 DE SEPTIEMBRE (FABRICA DICKIES),H1,17:45,,,,
04/05/2026,PARRAS CASETA,Salida,N,5,16 DE SEPTIEMBRE (FABRICA DICKIES),H2,08:30,,,,
04/05/2026,PARRAS CASETA,Salida,N,5,16 DE SEPTIEMBRE (FABRICA DICKIES),H3,20:30,20:35,-5,1,0
04/05/2026,PARRAS CASETA,Salida,N,6,CALZADA DEL MARQUEZ (OXXO GAS),H1,17:55,,,,
04/05/2026,PARRAS CASETA,Salida,N,6,CALZADA DEL MARQUEZ (OXXO GAS),H2,08:40,,,,
04/05/2026,PARRAS CASETA,Salida,N,6,CALZADA DEL MARQUEZ (OXXO GAS),H3,20:40,,,,
04/05/2026,PARRAS CASETA,Salida,N,7,OSCAR FLORES TAPIA y JAVIER MINA,H1,18:00,,,,
04/05/2026,PARRAS CASETA,Salida,N,7,OSCAR FLORES TAPIA y JAVIER MINA,H2,08:45,,,,
04/05/2026,PARRAS CASETA,Salida,N,7,OSCAR FLORES TAPIA y JAVIER MINA,H3,20:45,,,,
04/05/2026,PARRAS CASETA,Salida,N,8,FALCON Y FCO SARABIA (TORTILLERIA 4 CAMINO),H1,18:05,,,,
04/05/2026,PARRAS CASETA,Salida,N,8,FALCON Y FCO SARABIA (TORTILLERIA 4 CAMINO),H2,08:50,,,,
04/05/2026,PARRAS CASETA,Salida,N,8,FALCON Y FCO SARABIA (TORTILLERIA 4 CAMINO),H3,20:50,,,,
04/05/2026,PARRAS CASETA,Salida,N,9,HEROICO COLEGIO MILITAR Y MELCHOR OCAMPO (ALAMEDA),H1,18:18,,,,
04/05/2026,PARRAS CASETA,Salida,N,9,HEROICO COLEGIO MILITAR Y MELCHOR OCAMPO (ALAMEDA),H2,09:03,,,,
04/05/2026,PARRAS CASETA,Salida,N,9,HEROICO COLEGIO MILITAR Y MELCHOR OCAMPO (ALAMEDA),H3,21:03,,,,
04/05/2026,PARRAS CASETA,Salida,N,10,RAMOS ARIZPE (PLAZA DEL RELOJ),H1,18:20,,,,
04/05/2026,PARRAS CASETA,Salida,N,10,RAMOS ARIZPE (PLAZA DEL RELOJ),H2,09:05,,,,
04/05/2026,PARRAS CASETA,Salida,N,10,RAMOS ARIZPE (PLAZA DEL RELOJ),H3,21:05,,,,
04/05/2026,PARRAS LIBRE,Entrada,A,1,TACUBATA Y FRANCISCO I MADERO,H1,18:30,,,,
04/05/2026,PARRAS LIBRE,Entrada,A,1,TACUBATA Y FRANCISCO I MADERO,H2,03:00,,,,
04/05/2026,PARRAS LIBRE,Entrada,A,1,TACUBATA Y FRANCISCO I MADERO,H3,03:00,,,,
04/05/2026,PARRAS LIBRE,Entrada,A,1,TACUBATA Y FRANCISCO I MADERO,H4,15:00,,,,
04/05/2026,PARRAS LIBRE,Entrada,A,1,TACUBATA Y FRANCISCO I MADERO,H5,15:00,,,,
04/05/2026,PARRAS LIBRE,Entrada,A,1,TACUBATA Y FRANCISCO I MADERO,H6,19:05,,,,
04/05/2026,PARRAS LIBRE,Entrada,A,2,SANTA CATARINA Y VIESCA,H1,18:36,,,,
04/05/2026,PARRAS LIBRE,Entrada,A,2,SANTA CATARINA Y VIESCA,H2,03:06,,,,
04/05/2026,PARRAS LIBRE,Entrada,A,2,SANTA CATARINA Y VIESCA,H3,03:06,,,,
04/05/2026,PARRAS LIBRE,Entrada,A,2,SANTA CATARINA Y VIESCA,H4,15:06,,,,
04/05/2026,PARRAS LIBRE,Entrada,A,2,SANTA CATARINA Y VIESCA,H5,15:06,,,,
04/05/2026,PARRAS LIBRE,Entrada,A,2,SANTA CATARINA Y VIESCA,H6,19:09,,,,
04/05/2026,PARRAS LIBRE,Entrada,A,3,MANUEL ZAVALA Y MAR DE GALILEA,H1,18:50,,,,
04/05/2026,PARRAS LIBRE,Entrada,A,3,MANUEL ZAVALA Y MAR DE GALILEA,H2,03:20,,,,
04/05/2026,PARRAS LIBRE,Entrada,A,3,MANUEL ZAVALA Y MAR DE GALILEA,H3,03:20,,,,
04/05/2026,PARRAS LIBRE,Entrada,A,3,MANUEL ZAVALA Y MAR DE GALILEA,H4,15:20,,,,
04/05/2026,PARRAS LIBRE,Entrada,A,3,MANUEL ZAVALA Y MAR DE GALILEA,H5,15:20,,,,
04/05/2026,PARRAS LIBRE,Entrada,A,3,MANUEL ZAVALA Y MAR DE GALILEA,H6,19:11,,,,
04/05/2026,PARRAS LIBRE,Entrada,A,4,GENERAL CEPEDA Y RAMOS ARIZPE,H1,18:55,,,,
04/05/2026,PARRAS LIBRE,Entrada,A,4,GENERAL CEPEDA Y RAMOS ARIZPE,H2,03:25,,,,
04/05/2026,PARRAS LIBRE,Entrada,A,4,GENERAL CEPEDA Y RAMOS ARIZPE,H3,03:25,,,,
04/05/2026,PARRAS LIBRE,Entrada,A,4,GENERAL CEPEDA Y RAMOS ARIZPE,H4,15:25,,,,
04/05/2026,PARRAS LIBRE,Entrada,A,4,GENERAL CEPEDA Y RAMOS ARIZPE,H5,15:25,,,,
04/05/2026,PARRAS LIBRE,Entrada,A,4,GENERAL CEPEDA Y RAMOS ARIZPE,H6,19:14,,,,
04/05/2026,PARRAS LIBRE,Entrada,A,5,GENERAL CEPEDA Y COLIMA,H1,19:03,,,,
04/05/2026,PARRAS LIBRE,Entrada,A,5,GENERAL CEPEDA Y COLIMA,H2,03:33,,,,
04/05/2026,PARRAS LIBRE,Entrada,A,5,GENERAL CEPEDA Y COLIMA,H3,03:33,,,,
04/05/2026,PARRAS LIBRE,Entrada,A,5,GENERAL CEPEDA Y COLIMA,H4,15:33,,,,
04/05/2026,PARRAS LIBRE,Entrada,A,5,GENERAL CEPEDA Y COLIMA,H5,15:33,,,,
04/05/2026,PARRAS LIBRE,Entrada,A,5,GENERAL CEPEDA Y COLIMA,H6,19:15,,,,
04/05/2026,PARRAS LIBRE,Entrada,A,6,CAMINO GRAL. CEPEDA Y EJIDO PARRAS,H1,19:05,,,,
04/05/2026,PARRAS LIBRE,Entrada,A,6,CAMINO GRAL. CEPEDA Y EJIDO PARRAS,H2,03:35,,,,
04/05/2026,PARRAS LIBRE,Entrada,A,6,CAMINO GRAL. CEPEDA Y EJIDO PARRAS,H3,03:35,,,,
04/05/2026,PARRAS LIBRE,Entrada,A,6,CAMINO GRAL. CEPEDA Y EJIDO PARRAS,H4,15:35,,,,
04/05/2026,PARRAS LIBRE,Entrada,A,6,CAMINO GRAL. CEPEDA Y EJIDO PARRAS,H5,15:35,,,,
04/05/2026,PARRAS LIBRE,Entrada,A,6,CAMINO GRAL. CEPEDA Y EJIDO PARRAS,H6,19:17,,,,
04/05/2026,PARRAS LIBRE,Entrada,A,7,METALSA,H1,21:20,,,,
04/05/2026,PARRAS LIBRE,Entrada,A,7,METALSA,H2,05:50,,,,
04/05/2026,PARRAS LIBRE,Entrada,A,7,METALSA,H3,05:50,,,,
04/05/2026,PARRAS LIBRE,Entrada,A,7,METALSA,H4,17:50,,,,
04/05/2026,PARRAS LIBRE,Entrada,A,7,METALSA,H5,17:50,,,,
04/05/2026,PARRAS LIBRE,Entrada,A,7,METALSA,H6,21:50,,,,
04/05/2026,PARRAS LIBRE,Salida,N,1,METALSA,H1,15:30,,,,
04/05/2026,PARRAS LIBRE,Salida,N,1,METALSA,H2,06:15,,,,
04/05/2026,PARRAS LIBRE,Salida,N,1,METALSA,H3,06:15,,,,
04/05/2026,PARRAS LIBRE,Salida,N,1,METALSA,H4,18:15,,,,
04/05/2026,PARRAS LIBRE,Salida,N,1,METALSA,H5,18:15,,,,
04/05/2026,PARRAS LIBRE,Salida,N,2,CAMINO GRAL. CEPEDA Y EJIDO PARRAS,H1,17:45,,,,
04/05/2026,PARRAS LIBRE,Salida,N,2,CAMINO GRAL. CEPEDA Y EJIDO PARRAS,H2,08:30,,,,
04/05/2026,PARRAS LIBRE,Salida,N,2,CAMINO GRAL. CEPEDA Y EJIDO PARRAS,H3,08:30,,,,
04/05/2026,PARRAS LIBRE,Salida,N,2,CAMINO GRAL. CEPEDA Y EJIDO PARRAS,H4,20:30,,,,
04/05/2026,PARRAS LIBRE,Salida,N,2,CAMINO GRAL. CEPEDA Y EJIDO PARRAS,H5,20:30,,,,
04/05/2026,PARRAS LIBRE,Salida,N,3,GENERAL CEPEDA Y COLIMA,H1,17:47,,,,
04/05/2026,PARRAS LIBRE,Salida,N,3,GENERAL CEPEDA Y COLIMA,H2,08:32,,,,
04/05/2026,PARRAS LIBRE,Salida,N,3,GENERAL CEPEDA Y COLIMA,H3,08:32,,,,
04/05/2026,PARRAS LIBRE,Salida,N,3,GENERAL CEPEDA Y COLIMA,H4,20:32,,,,
04/05/2026,PARRAS LIBRE,Salida,N,3,GENERAL CEPEDA Y COLIMA,H5,20:32,,,,
04/05/2026,PARRAS LIBRE,Salida,N,4,GENERAL CEPEDA Y RAMOS ARIZPE,H1,17:55,,,,
04/05/2026,PARRAS LIBRE,Salida,N,4,GENERAL CEPEDA Y RAMOS ARIZPE,H2,08:40,,,,
04/05/2026,PARRAS LIBRE,Salida,N,4,GENERAL CEPEDA Y RAMOS ARIZPE,H3,08:40,,,,
04/05/2026,PARRAS LIBRE,Salida,N,4,GENERAL CEPEDA Y RAMOS ARIZPE,H4,20:40,,,,
04/05/2026,PARRAS LIBRE,Salida,N,4,GENERAL CEPEDA Y RAMOS ARIZPE,H5,20:40,,,,
04/05/2026,PARRAS LIBRE,Salida,N,5,MANUEL ZAVALA Y MAR DE GALILEA,H1,18:00,,,,
04/05/2026,PARRAS LIBRE,Salida,N,5,MANUEL ZAVALA Y MAR DE GALILEA,H2,08:45,,,,
04/05/2026,PARRAS LIBRE,Salida,N,5,MANUEL ZAVALA Y MAR DE GALILEA,H3,08:45,,,,
04/05/2026,PARRAS LIBRE,Salida,N,5,MANUEL ZAVALA Y MAR DE GALILEA,H4,20:45,,,,
04/05/2026,PARRAS LIBRE,Salida,N,5,MANUEL ZAVALA Y MAR DE GALILEA,H5,20:45,,,,
04/05/2026,PARRAS LIBRE,Salida,N,6,SANTA CATARINA Y VIESCA,H1,18:14,,,,
04/05/2026,PARRAS LIBRE,Salida,N,6,SANTA CATARINA Y VIESCA,H2,08:59,,,,
04/05/2026,PARRAS LIBRE,Salida,N,6,SANTA CATARINA Y VIESCA,H3,08:59,,,,
04/05/2026,PARRAS LIBRE,Salida,N,6,SANTA CATARINA Y VIESCA,H4,20:59,,,,
04/05/2026,PARRAS LIBRE,Salida,N,6,SANTA CATARINA Y VIESCA,H5,20:59,,,,
04/05/2026,PARRAS LIBRE,Salida,N,7,TACUBATA Y FRANCISCO I MADERO,H1,18:20,,,,
04/05/2026,PARRAS LIBRE,Salida,N,7,TACUBATA Y FRANCISCO I MADERO,H2,09:05,,,,
04/05/2026,PARRAS LIBRE,Salida,N,7,TACUBATA Y FRANCISCO I MADERO,H3,09:05,,,,
04/05/2026,PARRAS LIBRE,Salida,N,7,TACUBATA Y FRANCISCO I MADERO,H4,21:05,,,,
04/05/2026,PARRAS LIBRE,Salida,N,7,TACUBATA Y FRANCISCO I MADERO,H5,21:05,,,,
04/05/2026,PORVENIR - GENERAL CEPEDA,Entrada,A,1,PORVENIR,H1,03:45,,,,
04/05/2026,PORVENIR - GENERAL CEPEDA,Entrada,A,1,PORVENIR,H2,15:45,,,,
04/05/2026,PORVENIR - GENERAL CEPEDA,Entrada,A,1,PORVENIR,H3,19:15,,,,
04/05/2026,PORVENIR - GENERAL CEPEDA,Entrada,A,1,PORVENIR,H4,19:45,,,,
04/05/2026,PORVENIR - GENERAL CEPEDA,Entrada,A,2,GUELATAO,H1,03:50,04:02,-12,1,0
04/05/2026,PORVENIR - GENERAL CEPEDA,Entrada,A,2,GUELATAO,H2,15:50,16:12,-22,1,0
04/05/2026,PORVENIR - GENERAL CEPEDA,Entrada,A,2,GUELATAO,H3,19:20,,,,
04/05/2026,PORVENIR - GENERAL CEPEDA,Entrada,A,2,GUELATAO,H4,19:50,,,,
04/05/2026,PORVENIR - GENERAL CEPEDA,Entrada,A,3,BLVD; DIANA LAURA,H1,04:06,,,,
04/05/2026,PORVENIR - GENERAL CEPEDA,Entrada,A,3,BLVD; DIANA LAURA,H2,16:06,,,,
04/05/2026,PORVENIR - GENERAL CEPEDA,Entrada,A,3,BLVD; DIANA LAURA,H3,19:36,,,,
04/05/2026,PORVENIR - GENERAL CEPEDA,Entrada,A,3,BLVD; DIANA LAURA,H4,20:06,,,,
04/05/2026,PORVENIR - GENERAL CEPEDA,Entrada,A,4,MARIANO MATAMOROS,H1,04:09,04:22,-13,1,0
04/05/2026,PORVENIR - GENERAL CEPEDA,Entrada,A,4,MARIANO MATAMOROS,H2,16:09,16:32,-23,1,0
04/05/2026,PORVENIR - GENERAL CEPEDA,Entrada,A,4,MARIANO MATAMOROS,H3,19:39,,,,
04/05/2026,PORVENIR - GENERAL CEPEDA,Entrada,A,4,MARIANO MATAMOROS,H4,20:09,,,,
04/05/2026,PORVENIR - GENERAL CEPEDA,Entrada,A,5,LOS PRESIDENTES,H1,04:11,04:23,-12,1,0
04/05/2026,PORVENIR - GENERAL CEPEDA,Entrada,A,5,LOS PRESIDENTES,H2,16:11,16:33,-22,1,0
04/05/2026,PORVENIR - GENERAL CEPEDA,Entrada,A,5,LOS PRESIDENTES,H3,19:41,,,,
04/05/2026,PORVENIR - GENERAL CEPEDA,Entrada,A,5,LOS PRESIDENTES,H4,20:11,,,,
04/05/2026,PORVENIR - GENERAL CEPEDA,Entrada,A,6,MIGUEL HIDALGO,H1,04:16,04:23,-7,1,0
04/05/2026,PORVENIR - GENERAL CEPEDA,Entrada,A,6,MIGUEL HIDALGO,H2,16:16,16:33,-17,1,0
04/05/2026,PORVENIR - GENERAL CEPEDA,Entrada,A,6,MIGUEL HIDALGO,H3,19:46,,,,
04/05/2026,PORVENIR - GENERAL CEPEDA,Entrada,A,6,MIGUEL HIDALGO,H4,20:16,,,,
04/05/2026,PORVENIR - GENERAL CEPEDA,Entrada,A,7,BENITO JUAREZ,H1,04:19,04:26,-7,1,0
04/05/2026,PORVENIR - GENERAL CEPEDA,Entrada,A,7,BENITO JUAREZ,H2,16:19,16:36,-17,1,0
04/05/2026,PORVENIR - GENERAL CEPEDA,Entrada,A,7,BENITO JUAREZ,H3,19:49,,,,
04/05/2026,PORVENIR - GENERAL CEPEDA,Entrada,A,7,BENITO JUAREZ,H4,20:19,,,,
04/05/2026,PORVENIR - GENERAL CEPEDA,Entrada,A,8,SAN JOSE,H1,04:50,,,,
04/05/2026,PORVENIR - GENERAL CEPEDA,Entrada,A,8,SAN JOSE,H2,16:50,,,,
04/05/2026,PORVENIR - GENERAL CEPEDA,Entrada,A,8,SAN JOSE,H3,20:20,,,,
04/05/2026,PORVENIR - GENERAL CEPEDA,Entrada,A,8,SAN JOSE,H4,20:50,,,,
04/05/2026,PORVENIR - GENERAL CEPEDA,Entrada,A,9,RANCHO NUEVO,H1,05:00,05:04,-4,1,0
04/05/2026,PORVENIR - GENERAL CEPEDA,Entrada,A,9,RANCHO NUEVO,H2,17:00,16:59,1,1,0
04/05/2026,PORVENIR - GENERAL CEPEDA,Entrada,A,9,RANCHO NUEVO,H3,20:30,,,,
04/05/2026,PORVENIR - GENERAL CEPEDA,Entrada,A,9,RANCHO NUEVO,H4,21:00,,,,
04/05/2026,PORVENIR - GENERAL CEPEDA,Entrada,A,10,SANTA TERESA,H1,05:06,05:08,-2,1,0
04/05/2026,PORVENIR - GENERAL CEPEDA,Entrada,A,10,SANTA TERESA,H2,17:06,17:03,3,1,0
04/05/2026,PORVENIR - GENERAL CEPEDA,Entrada,A,10,SANTA TERESA,H3,20:36,,,,
04/05/2026,PORVENIR - GENERAL CEPEDA,Entrada,A,10,SANTA TERESA,H4,21:06,,,,
04/05/2026,PORVENIR - GENERAL CEPEDA,Entrada,A,11,CHAPULA,H1,05:15,05:16,-1,1,0
04/05/2026,PORVENIR - GENERAL CEPEDA,Entrada,A,11,CHAPULA,H2,17:15,17:12,3,1,0
04/05/2026,PORVENIR - GENERAL CEPEDA,Entrada,A,11,CHAPULA,H3,20:45,,,,
04/05/2026,PORVENIR - GENERAL CEPEDA,Entrada,A,11,CHAPULA,H4,21:15,,,,
04/05/2026,PORVENIR - GENERAL CEPEDA,Entrada,A,12,DERRAMADERO,H1,05:20,05:20,0,1,0
04/05/2026,PORVENIR - GENERAL CEPEDA,Entrada,A,12,DERRAMADERO,H2,17:20,17:16,4,1,0
04/05/2026,PORVENIR - GENERAL CEPEDA,Entrada,A,12,DERRAMADERO,H3,20:50,,,,
04/05/2026,PORVENIR - GENERAL CEPEDA,Entrada,A,12,DERRAMADERO,H4,21:20,,,,
04/05/2026,PORVENIR - GENERAL CEPEDA,Entrada,A,13,SAN JUAN DE LA VAQUERIA,H1,05:28,05:31,-3,1,0
04/05/2026,PORVENIR - GENERAL CEPEDA,Entrada,A,13,SAN JUAN DE LA VAQUERIA,H2,17:28,17:27,1,1,0
04/05/2026,PORVENIR - GENERAL CEPEDA,Entrada,A,13,SAN JUAN DE LA VAQUERIA,H3,20:58,,,,
04/05/2026,PORVENIR - GENERAL CEPEDA,Entrada,A,13,SAN JUAN DE LA VAQUERIA,H4,21:28,,,,
04/05/2026,PORVENIR - GENERAL CEPEDA,Entrada,A,14,METALSA,H1,05:50,05:48,2,1,0
04/05/2026,PORVENIR - GENERAL CEPEDA,Entrada,A,14,METALSA,H2,17:50,17:44,6,1,0
04/05/2026,PORVENIR - GENERAL CEPEDA,Entrada,A,14,METALSA,H3,21:20,,,,
04/05/2026,PORVENIR - GENERAL CEPEDA,Entrada,A,14,METALSA,H4,21:50,,,,
04/05/2026,PORVENIR - GENERAL CEPEDA,Salida,N,1,METALSA,H1,06:15,,,,
04/05/2026,PORVENIR - GENERAL CEPEDA,Salida,N,1,METALSA,H2,15:30,,,,
04/05/2026,PORVENIR - GENERAL CEPEDA,Salida,N,1,METALSA,H3,18:15,18:17,-2,1,0
04/05/2026,PORVENIR - GENERAL CEPEDA,Salida,N,2,SAN JUAN DE LA VAQUERIA,H1,06:50,,,,
04/05/2026,PORVENIR - GENERAL CEPEDA,Salida,N,2,SAN JUAN DE LA VAQUERIA,H2,16:05,,,,
04/05/2026,PORVENIR - GENERAL CEPEDA,Salida,N,2,SAN JUAN DE LA VAQUERIA,H3,18:50,18:32,18,1,0
04/05/2026,PORVENIR - GENERAL CEPEDA,Salida,N,3,DERRAMADERO,H1,06:55,,,,
04/05/2026,PORVENIR - GENERAL CEPEDA,Salida,N,3,DERRAMADERO,H2,16:10,,,,
04/05/2026,PORVENIR - GENERAL CEPEDA,Salida,N,3,DERRAMADERO,H3,18:55,18:42,13,1,0
04/05/2026,PORVENIR - GENERAL CEPEDA,Salida,N,4,CHAPULA,H1,06:56,,,,
04/05/2026,PORVENIR - GENERAL CEPEDA,Salida,N,4,CHAPULA,H2,16:15,,,,
04/05/2026,PORVENIR - GENERAL CEPEDA,Salida,N,4,CHAPULA,H3,19:00,18:45,15,1,0
04/05/2026,PORVENIR - GENERAL CEPEDA,Salida,N,5,SANTA TERESA,H1,06:57,,,,
04/05/2026,PORVENIR - GENERAL CEPEDA,Salida,N,5,SANTA TERESA,H2,16:18,,,,
04/05/2026,PORVENIR - GENERAL CEPEDA,Salida,N,5,SANTA TERESA,H3,19:03,18:53,10,1,0
04/05/2026,PORVENIR - GENERAL CEPEDA,Salida,N,6,RANCHO NUEVO,H1,07:10,,,,
04/05/2026,PORVENIR - GENERAL CEPEDA,Salida,N,6,RANCHO NUEVO,H2,16:25,,,,
04/05/2026,PORVENIR - GENERAL CEPEDA,Salida,N,6,RANCHO NUEVO,H3,19:10,18:58,12,1,0
04/05/2026,PORVENIR - GENERAL CEPEDA,Salida,N,7,SAN JOSE,H1,07:11,,,,
04/05/2026,PORVENIR - GENERAL CEPEDA,Salida,N,7,SAN JOSE,H2,16:26,,,,
04/05/2026,PORVENIR - GENERAL CEPEDA,Salida,N,7,SAN JOSE,H3,19:11,19:08,3,1,0
04/05/2026,PORVENIR - GENERAL CEPEDA,Salida,N,8,BENITO JUAREZ,H1,07:12,,,,
04/05/2026,PORVENIR - GENERAL CEPEDA,Salida,N,8,BENITO JUAREZ,H2,16:27,,,,
04/05/2026,PORVENIR - GENERAL CEPEDA,Salida,N,8,BENITO JUAREZ,H3,19:12,,,,
04/05/2026,PORVENIR - GENERAL CEPEDA,Salida,N,9,MIGUEL HIDALGO,H1,07:13,,,,
04/05/2026,PORVENIR - GENERAL CEPEDA,Salida,N,9,MIGUEL HIDALGO,H2,16:28,,,,
04/05/2026,PORVENIR - GENERAL CEPEDA,Salida,N,9,MIGUEL HIDALGO,H3,19:13,19:41,-28,1,0
04/05/2026,PORVENIR - GENERAL CEPEDA,Salida,N,10,LOS PRESIDENTES,H1,07:14,,,,
04/05/2026,PORVENIR - GENERAL CEPEDA,Salida,N,10,LOS PRESIDENTES,H2,16:29,,,,
04/05/2026,PORVENIR - GENERAL CEPEDA,Salida,N,10,LOS PRESIDENTES,H3,19:14,19:39,-25,1,0
04/05/2026,PORVENIR - GENERAL CEPEDA,Salida,N,11,MARIANO MATAMOROS,H1,07:30,,,,
04/05/2026,PORVENIR - GENERAL CEPEDA,Salida,N,11,MARIANO MATAMOROS,H2,16:45,,,,
04/05/2026,PORVENIR - GENERAL CEPEDA,Salida,N,11,MARIANO MATAMOROS,H3,19:30,19:39,-9,1,0
04/05/2026,PORVENIR - GENERAL CEPEDA,Salida,N,12,BLVD; DIANA LAURA,H1,07:31,,,,
04/05/2026,PORVENIR - GENERAL CEPEDA,Salida,N,12,BLVD; DIANA LAURA,H2,16:46,,,,
04/05/2026,PORVENIR - GENERAL CEPEDA,Salida,N,12,BLVD; DIANA LAURA,H3,19:31,19:37,-6,1,0
04/05/2026,PORVENIR - GENERAL CEPEDA,Salida,N,13,GUELATAO,H1,07:40,,,,
04/05/2026,PORVENIR - GENERAL CEPEDA,Salida,N,13,GUELATAO,H2,16:55,,,,
04/05/2026,PORVENIR - GENERAL CEPEDA,Salida,N,13,GUELATAO,H3,19:40,,,,
04/05/2026,PORVENIR - GENERAL CEPEDA,Salida,N,14,PORVENIR,H1,07:45,,,,
04/05/2026,PORVENIR - GENERAL CEPEDA,Salida,N,14,PORVENIR,H2,17:00,,,,
04/05/2026,PORVENIR - GENERAL CEPEDA,Salida,N,14,PORVENIR,H3,19:45,20:00,-15,1,0
04/05/2026,PUERTO MEXICO,Entrada,A,1,PUERTO MEXICO,H1,20:10,,,,
04/05/2026,PUERTO MEXICO,Entrada,A,1,PUERTO MEXICO,H2,04:40,,,,
04/05/2026,PUERTO MEXICO,Entrada,A,1,PUERTO MEXICO,H3,04:40,,,,
04/05/2026,PUERTO MEXICO,Entrada,A,1,PUERTO MEXICO,H4,16:40,,,,
04/05/2026,PUERTO MEXICO,Entrada,A,1,PUERTO MEXICO,H5,16:40,,,,
04/05/2026,PUERTO MEXICO,Entrada,A,1,PUERTO MEXICO,H6,20:40,,,,
04/05/2026,PUERTO MEXICO,Entrada,A,2,CUIJE,H1,20:22,,,,
04/05/2026,PUERTO MEXICO,Entrada,A,2,CUIJE,H2,04:52,,,,
04/05/2026,PUERTO MEXICO,Entrada,A,2,CUIJE,H3,04:52,,,,
04/05/2026,PUERTO MEXICO,Entrada,A,2,CUIJE,H4,16:52,,,,
04/05/2026,PUERTO MEXICO,Entrada,A,2,CUIJE,H5,16:52,,,,
04/05/2026,PUERTO MEXICO,Entrada,A,2,CUIJE,H6,20:52,,,,
04/05/2026,PUERTO MEXICO,Entrada,A,3,NAVIDAD,H1,20:32,,,,
04/05/2026,PUERTO MEXICO,Entrada,A,3,NAVIDAD,H2,05:02,,,,
04/05/2026,PUERTO MEXICO,Entrada,A,3,NAVIDAD,H3,05:02,,,,
04/05/2026,PUERTO MEXICO,Entrada,A,3,NAVIDAD,H4,17:02,,,,
04/05/2026,PUERTO MEXICO,Entrada,A,3,NAVIDAD,H5,17:02,,,,
04/05/2026,PUERTO MEXICO,Entrada,A,3,NAVIDAD,H6,21:02,,,,
04/05/2026,PUERTO MEXICO,Entrada,A,4,CHAPULTEPEC,H1,20:45,,,,
04/05/2026,PUERTO MEXICO,Entrada,A,4,CHAPULTEPEC,H2,05:15,,,,
04/05/2026,PUERTO MEXICO,Entrada,A,4,CHAPULTEPEC,H3,05:15,,,,
04/05/2026,PUERTO MEXICO,Entrada,A,4,CHAPULTEPEC,H4,17:15,,,,
04/05/2026,PUERTO MEXICO,Entrada,A,4,CHAPULTEPEC,H5,17:15,,,,
04/05/2026,PUERTO MEXICO,Entrada,A,4,CHAPULTEPEC,H6,21:15,,,,
04/05/2026,PUERTO MEXICO,Entrada,A,5,JAHUEY,H1,21:00,,,,
04/05/2026,PUERTO MEXICO,Entrada,A,5,JAHUEY,H2,05:30,,,,
04/05/2026,PUERTO MEXICO,Entrada,A,5,JAHUEY,H3,05:30,,,,
04/05/2026,PUERTO MEXICO,Entrada,A,5,JAHUEY,H4,17:30,,,,
04/05/2026,PUERTO MEXICO,Entrada,A,5,JAHUEY,H5,17:30,,,,
04/05/2026,PUERTO MEXICO,Entrada,A,5,JAHUEY,H6,21:30,,,,
04/05/2026,PUERTO MEXICO,Entrada,A,6,METALSA,H1,21:20,,,,
04/05/2026,PUERTO MEXICO,Entrada,A,6,METALSA,H2,05:50,,,,
04/05/2026,PUERTO MEXICO,Entrada,A,6,METALSA,H3,05:50,,,,
04/05/2026,PUERTO MEXICO,Entrada,A,6,METALSA,H4,17:50,,,,
04/05/2026,PUERTO MEXICO,Entrada,A,6,METALSA,H5,17:50,,,,
04/05/2026,PUERTO MEXICO,Entrada,A,6,METALSA,H6,21:50,,,,
04/05/2026,PUERTO MEXICO,Salida,A,1,METALSA,H1,15:30,,,,
04/05/2026,PUERTO MEXICO,Salida,A,1,METALSA,H2,06:15,,,,
04/05/2026,PUERTO MEXICO,Salida,A,1,METALSA,H3,06:15,,,,
04/05/2026,PUERTO MEXICO,Salida,A,1,METALSA,H4,18:15,,,,
04/05/2026,PUERTO MEXICO,Salida,A,1,METALSA,H5,18:15,,,,
04/05/2026,PUERTO MEXICO,Salida,A,2,JAHUEY,H1,15:50,,,,
04/05/2026,PUERTO MEXICO,Salida,A,2,JAHUEY,H2,06:35,,,,
04/05/2026,PUERTO MEXICO,Salida,A,2,JAHUEY,H3,06:35,,,,
04/05/2026,PUERTO MEXICO,Salida,A,2,JAHUEY,H4,18:35,,,,
04/05/2026,PUERTO MEXICO,Salida,A,2,JAHUEY,H5,18:35,,,,
04/05/2026,PUERTO MEXICO,Salida,A,3,CHAPULTEPEC,H1,16:05,,,,
04/05/2026,PUERTO MEXICO,Salida,A,3,CHAPULTEPEC,H2,06:50,,,,
04/05/2026,PUERTO MEXICO,Salida,A,3,CHAPULTEPEC,H3,06:50,,,,
04/05/2026,PUERTO MEXICO,Salida,A,3,CHAPULTEPEC,H4,18:50,,,,
04/05/2026,PUERTO MEXICO,Salida,A,3,CHAPULTEPEC,H5,18:50,,,,
04/05/2026,PUERTO MEXICO,Salida,A,4,NAVIDAD,H1,16:18,,,,
04/05/2026,PUERTO MEXICO,Salida,A,4,NAVIDAD,H2,07:03,,,,
04/05/2026,PUERTO MEXICO,Salida,A,4,NAVIDAD,H3,07:03,,,,
04/05/2026,PUERTO MEXICO,Salida,A,4,NAVIDAD,H4,19:03,,,,
04/05/2026,PUERTO MEXICO,Salida,A,4,NAVIDAD,H5,19:03,,,,
04/05/2026,PUERTO MEXICO,Salida,A,5,CUIJE,H1,16:28,,,,
04/05/2026,PUERTO MEXICO,Salida,A,5,CUIJE,H2,07:13,,,,
04/05/2026,PUERTO MEXICO,Salida,A,5,CUIJE,H3,07:13,,,,
04/05/2026,PUERTO MEXICO,Salida,A,5,CUIJE,H4,19:13,,,,
04/05/2026,PUERTO MEXICO,Salida,A,5,CUIJE,H5,19:13,,,,
04/05/2026,PUERTO MEXICO,Salida,A,6,PUERTO MEXICO,H1,16:40,,,,
04/05/2026,PUERTO MEXICO,Salida,A,6,PUERTO MEXICO,H2,07:25,,,,
04/05/2026,PUERTO MEXICO,Salida,A,6,PUERTO MEXICO,H3,07:25,,,,
04/05/2026,PUERTO MEXICO,Salida,A,6,PUERTO MEXICO,H4,19:25,,,,
04/05/2026,PUERTO MEXICO,Salida,A,6,PUERTO MEXICO,H5,19:25,,,,
04/05/2026,ROMA,Entrada,N,1,FCO. LAZACORTA Y JOSE MARIANO MICHELENA,H1,04:45,04:45,0,1,0
04/05/2026,ROMA,Entrada,N,1,FCO. LAZACORTA Y JOSE MARIANO MICHELENA,H2,16:45,16:48,-3,1,0
04/05/2026,ROMA,Entrada,N,1,FCO. LAZACORTA Y JOSE MARIANO MICHELENA,H3,20:15,,,,
04/05/2026,ROMA,Entrada,N,1,FCO. LAZACORTA Y JOSE MARIANO MICHELENA,H4,20:45,,,,
04/05/2026,ROMA,Entrada,N,2,SIERRA DE LOS PINOS Y PRINCIPAL,H1,04:48,04:47,1,1,0
04/05/2026,ROMA,Entrada,N,2,SIERRA DE LOS PINOS Y PRINCIPAL,H2,16:48,16:49,-1,1,0
04/05/2026,ROMA,Entrada,N,2,SIERRA DE LOS PINOS Y PRINCIPAL,H3,20:18,,,,
04/05/2026,ROMA,Entrada,N,2,SIERRA DE LOS PINOS Y PRINCIPAL,H4,20:48,,,,
04/05/2026,ROMA,Entrada,N,3,OSA MAYOR Y BUSTAMANTE,H1,04:53,04:53,0,1,0
04/05/2026,ROMA,Entrada,N,3,OSA MAYOR Y BUSTAMANTE,H2,16:53,16:55,-2,1,0
04/05/2026,ROMA,Entrada,N,3,OSA MAYOR Y BUSTAMANTE,H3,20:23,,,,
04/05/2026,ROMA,Entrada,N,3,OSA MAYOR Y BUSTAMANTE,H4,20:53,,,,
04/05/2026,ROMA,Entrada,N,4,EUGENIO REYES Y PEDRO AMPUDIA,H1,05:01,05:08,-7,1,0
04/05/2026,ROMA,Entrada,N,4,EUGENIO REYES Y PEDRO AMPUDIA,H2,17:01,17:06,-5,1,0
04/05/2026,ROMA,Entrada,N,4,EUGENIO REYES Y PEDRO AMPUDIA,H3,20:31,,,,
04/05/2026,ROMA,Entrada,N,4,EUGENIO REYES Y PEDRO AMPUDIA,H4,21:01,,,,
04/05/2026,ROMA,Entrada,N,5,FELIPE BERRIOZABAL Y MARAVILLAS,H1,05:06,05:10,-4,1,0
04/05/2026,ROMA,Entrada,N,5,FELIPE BERRIOZABAL Y MARAVILLAS,H2,17:06,17:08,-2,1,0
04/05/2026,ROMA,Entrada,N,5,FELIPE BERRIOZABAL Y MARAVILLAS,H3,20:36,,,,
04/05/2026,ROMA,Entrada,N,5,FELIPE BERRIOZABAL Y MARAVILLAS,H4,21:06,,,,
04/05/2026,ROMA,Entrada,N,6,FCO I MADERO Y CALZ ANTONIO NARRO,H1,05:15,05:21,-6,1,0
04/05/2026,ROMA,Entrada,N,6,FCO I MADERO Y CALZ ANTONIO NARRO,H2,17:15,17:20,-5,1,0
04/05/2026,ROMA,Entrada,N,6,FCO I MADERO Y CALZ ANTONIO NARRO,H3,20:45,,,,
04/05/2026,ROMA,Entrada,N,6,FCO I MADERO Y CALZ ANTONIO NARRO,H4,21:15,,,,
04/05/2026,ROMA,Entrada,N,7,CARR. SALTILLO-ZACATECAS,H1,05:20,05:28,-8,1,0
04/05/2026,ROMA,Entrada,N,7,CARR. SALTILLO-ZACATECAS,H2,17:20,17:27,-7,1,0
04/05/2026,ROMA,Entrada,N,7,CARR. SALTILLO-ZACATECAS,H3,20:50,,,,
04/05/2026,ROMA,Entrada,N,7,CARR. SALTILLO-ZACATECAS,H4,21:20,,,,
04/05/2026,ROMA,Entrada,N,8,METALSA,H1,05:50,05:49,1,1,0
04/05/2026,ROMA,Entrada,N,8,METALSA,H2,17:50,17:40,10,1,0
04/05/2026,ROMA,Entrada,N,8,METALSA,H3,21:20,,,,
04/05/2026,ROMA,Entrada,N,8,METALSA,H4,21:50,,,,
04/05/2026,ROMA,Salida,N,1,METALSA,H1,06:15,,,,
04/05/2026,ROMA,Salida,N,1,METALSA,H2,15:30,,,,
04/05/2026,ROMA,Salida,N,1,METALSA,H3,18:15,18:17,-2,1,0
04/05/2026,ROMA,Salida,N,2,CARR. SALTILLO-ZACATECAS,H1,06:45,,,,
04/05/2026,ROMA,Salida,N,2,CARR. SALTILLO-ZACATECAS,H2,16:00,,,,
04/05/2026,ROMA,Salida,N,2,CARR. SALTILLO-ZACATECAS,H3,18:45,18:47,-2,1,0
04/05/2026,ROMA,Salida,N,3,FCO I MADERO Y CALZ ANTONIO NARRO,H1,06:50,,,,
04/05/2026,ROMA,Salida,N,3,FCO I MADERO Y CALZ ANTONIO NARRO,H2,16:05,,,,
04/05/2026,ROMA,Salida,N,3,FCO I MADERO Y CALZ ANTONIO NARRO,H3,18:50,18:55,-5,1,0
04/05/2026,ROMA,Salida,N,4,FELIPE BERRIOZABAL Y MARAVILLAS,H1,06:59,,,,
04/05/2026,ROMA,Salida,N,4,FELIPE BERRIOZABAL Y MARAVILLAS,H2,16:14,,,,
04/05/2026,ROMA,Salida,N,4,FELIPE BERRIOZABAL Y MARAVILLAS,H3,18:59,19:05,-6,1,0
04/05/2026,ROMA,Salida,N,5,EUGENIO REYES Y PEDRO AMPUDIA,H1,07:04,,,,
04/05/2026,ROMA,Salida,N,5,EUGENIO REYES Y PEDRO AMPUDIA,H2,16:19,,,,
04/05/2026,ROMA,Salida,N,5,EUGENIO REYES Y PEDRO AMPUDIA,H3,19:04,19:07,-3,1,0
04/05/2026,ROMA,Salida,N,6,OSA MAYOR Y BUSTAMANTE,H1,07:12,,,,
04/05/2026,ROMA,Salida,N,6,OSA MAYOR Y BUSTAMANTE,H2,16:27,,,,
04/05/2026,ROMA,Salida,N,6,OSA MAYOR Y BUSTAMANTE,H3,19:12,19:16,-4,1,0
04/05/2026,ROMA,Salida,N,7,SIERRA DE LOS PINOS Y PRINCIPAL,H1,07:17,,,,
04/05/2026,ROMA,Salida,N,7,SIERRA DE LOS PINOS Y PRINCIPAL,H2,16:32,,,,
04/05/2026,ROMA,Salida,N,7,SIERRA DE LOS PINOS Y PRINCIPAL,H3,19:17,,,,
04/05/2026,ROMA,Salida,N,8,FCO. LAZACORTA Y JOSE MARIANO MICHELENA,H1,07:20,,,,
04/05/2026,ROMA,Salida,N,8,FCO. LAZACORTA Y JOSE MARIANO MICHELENA,H2,16:35,,,,
04/05/2026,ROMA,Salida,N,8,FCO. LAZACORTA Y JOSE MARIANO MICHELENA,H3,19:20,19:24,-4,1,0
04/05/2026,SALTILLO 2000,Entrada,N,1,PALACIO DE JUSTICIA,H1,04:30,04:33,-3,1,0
04/05/2026,SALTILLO 2000,Entrada,N,1,PALACIO DE JUSTICIA,H2,16:30,16:33,-3,1,0
04/05/2026,SALTILLO 2000,Entrada,N,1,PALACIO DE JUSTICIA,H3,20:00,,,,
04/05/2026,SALTILLO 2000,Entrada,N,1,PALACIO DE JUSTICIA,H4,20:30,,,,
04/05/2026,SALTILLO 2000,Entrada,N,2,ROTONDA SALTILLO 2000,H1,04:35,04:36,-1,1,0
04/05/2026,SALTILLO 2000,Entrada,N,2,ROTONDA SALTILLO 2000,H2,16:35,16:34,1,1,0
04/05/2026,SALTILLO 2000,Entrada,N,2,ROTONDA SALTILLO 2000,H3,20:05,,,,
04/05/2026,SALTILLO 2000,Entrada,N,2,ROTONDA SALTILLO 2000,H4,20:35,,,,
04/05/2026,SALTILLO 2000,Entrada,N,3,CUQUITA DE CEPEDA DAVILA  (OXXO),H1,04:45,04:43,2,1,0
04/05/2026,SALTILLO 2000,Entrada,N,3,CUQUITA DE CEPEDA DAVILA  (OXXO),H2,16:45,16:46,-1,1,0
04/05/2026,SALTILLO 2000,Entrada,N,3,CUQUITA DE CEPEDA DAVILA  (OXXO),H3,20:15,,,,
04/05/2026,SALTILLO 2000,Entrada,N,3,CUQUITA DE CEPEDA DAVILA  (OXXO),H4,20:45,,,,
04/05/2026,SALTILLO 2000,Entrada,N,4,FCO I MADERO Y  PEDRO AMPUDIA,H1,04:50,04:52,-2,1,0
04/05/2026,SALTILLO 2000,Entrada,N,4,FCO I MADERO Y  PEDRO AMPUDIA,H2,16:50,16:57,-7,1,0
04/05/2026,SALTILLO 2000,Entrada,N,4,FCO I MADERO Y  PEDRO AMPUDIA,H3,20:20,,,,
04/05/2026,SALTILLO 2000,Entrada,N,4,FCO I MADERO Y  PEDRO AMPUDIA,H4,20:50,,,,
04/05/2026,SALTILLO 2000,Entrada,N,5,PERIF. L.E.A. Y CALZ. ANTONIO NARRO,H1,05:08,05:07,1,1,0
04/05/2026,SALTILLO 2000,Entrada,N,5,PERIF. L.E.A. Y CALZ. ANTONIO NARRO,H2,17:08,17:12,-4,1,0
04/05/2026,SALTILLO 2000,Entrada,N,5,PERIF. L.E.A. Y CALZ. ANTONIO NARRO,H3,20:38,,,,
04/05/2026,SALTILLO 2000,Entrada,N,5,PERIF. L.E.A. Y CALZ. ANTONIO NARRO,H4,21:08,,,,
04/05/2026,SALTILLO 2000,Entrada,N,6,BLVD. HACIENDA NARRO,H1,05:20,05:18,2,1,0
04/05/2026,SALTILLO 2000,Entrada,N,6,BLVD. HACIENDA NARRO,H2,17:20,17:25,-5,1,0
04/05/2026,SALTILLO 2000,Entrada,N,6,BLVD. HACIENDA NARRO,H3,20:50,,,,
04/05/2026,SALTILLO 2000,Entrada,N,6,BLVD. HACIENDA NARRO,H4,21:20,,,,
04/05/2026,SALTILLO 2000,Entrada,N,7,METALSA,H1,05:50,05:42,8,1,0
04/05/2026,SALTILLO 2000,Entrada,N,7,METALSA,H2,17:50,17:43,7,1,0
04/05/2026,SALTILLO 2000,Entrada,N,7,METALSA,H3,21:20,,,,
04/05/2026,SALTILLO 2000,Entrada,N,7,METALSA,H4,21:50,,,,
04/05/2026,SALTILLO 2000,Salida,N,1,METALSA,H1,06:15,,,,
04/05/2026,SALTILLO 2000,Salida,N,1,METALSA,H2,15:30,,,,
04/05/2026,SALTILLO 2000,Salida,N,1,METALSA,H3,18:15,18:15,0,1,0
04/05/2026,SALTILLO 2000,Salida,N,2,BLVD. HACIENDA NARRO,H1,06:45,,,,
04/05/2026,SALTILLO 2000,Salida,N,2,BLVD. HACIENDA NARRO,H2,16:00,,,,
04/05/2026,SALTILLO 2000,Salida,N,2,BLVD. HACIENDA NARRO,H3,18:45,18:52,-7,1,0
04/05/2026,SALTILLO 2000,Salida,N,3,PERIF. L.E.A. Y CALZ. ANTONIO NARRO,H1,06:57,,,,
04/05/2026,SALTILLO 2000,Salida,N,3,PERIF. L.E.A. Y CALZ. ANTONIO NARRO,H2,16:12,,,,
04/05/2026,SALTILLO 2000,Salida,N,3,PERIF. L.E.A. Y CALZ. ANTONIO NARRO,H3,18:57,19:06,-9,1,0
04/05/2026,SALTILLO 2000,Salida,N,4,FCO I MADERO Y  PEDRO AMPUDIA,H1,07:15,,,,
04/05/2026,SALTILLO 2000,Salida,N,4,FCO I MADERO Y  PEDRO AMPUDIA,H2,16:30,,,,
04/05/2026,SALTILLO 2000,Salida,N,4,FCO I MADERO Y  PEDRO AMPUDIA,H3,19:15,19:21,-6,1,0
04/05/2026,SALTILLO 2000,Salida,N,5,CUQUITA DE CEPEDA DAVILA  (OXXO),H1,07:20,,,,
04/05/2026,SALTILLO 2000,Salida,N,5,CUQUITA DE CEPEDA DAVILA  (OXXO),H2,16:35,,,,
04/05/2026,SALTILLO 2000,Salida,N,5,CUQUITA DE CEPEDA DAVILA  (OXXO),H3,19:20,19:30,-10,1,0
04/05/2026,SALTILLO 2000,Salida,N,6,ROTONDA SALTILLO 2000,H1,07:30,,,,
04/05/2026,SALTILLO 2000,Salida,N,6,ROTONDA SALTILLO 2000,H2,16:45,,,,
04/05/2026,SALTILLO 2000,Salida,N,6,ROTONDA SALTILLO 2000,H3,19:30,,,,
04/05/2026,SALTILLO 2000,Salida,N,7,PALACIO DE JUSTICIA,H1,07:35,,,,
04/05/2026,SALTILLO 2000,Salida,N,7,PALACIO DE JUSTICIA,H2,16:50,,,,
04/05/2026,SALTILLO 2000,Salida,N,7,PALACIO DE JUSTICIA,H3,19:35,19:33,2,1,0
04/05/2026,SAN FRANCISCO,Entrada,A,1,LA CUCHILLA,H1,19:35,,,,
04/05/2026,SAN FRANCISCO,Entrada,A,1,LA CUCHILLA,H2,04:05,,,,
04/05/2026,SAN FRANCISCO,Entrada,A,1,LA CUCHILLA,H3,16:05,,,,
04/05/2026,SAN FRANCISCO,Entrada,A,1,LA CUCHILLA,H4,20:05,,,,
04/05/2026,SAN FRANCISCO,Entrada,A,2,SAN JUAN RETIRO,H1,19:44,,,,
04/05/2026,SAN FRANCISCO,Entrada,A,2,SAN JUAN RETIRO,H2,04:14,,,,
04/05/2026,SAN FRANCISCO,Entrada,A,2,SAN JUAN RETIRO,H3,16:14,16:17,-3,1,0
04/05/2026,SAN FRANCISCO,Entrada,A,2,SAN JUAN RETIRO,H4,20:14,,,,
04/05/2026,SAN FRANCISCO,Entrada,A,3,NUEVO GOMEZ,H1,19:54,,,,
04/05/2026,SAN FRANCISCO,Entrada,A,3,NUEVO GOMEZ,H2,04:24,,,,
04/05/2026,SAN FRANCISCO,Entrada,A,3,NUEVO GOMEZ,H3,16:24,,,,
04/05/2026,SAN FRANCISCO,Entrada,A,3,NUEVO GOMEZ,H4,20:24,,,,
04/05/2026,SAN FRANCISCO,Entrada,A,4,SAN FRANCISCO,H1,20:06,,,,
04/05/2026,SAN FRANCISCO,Entrada,A,4,SAN FRANCISCO,H2,04:36,,,,
04/05/2026,SAN FRANCISCO,Entrada,A,4,SAN FRANCISCO,H3,16:36,16:33,3,1,0
04/05/2026,SAN FRANCISCO,Entrada,A,4,SAN FRANCISCO,H4,20:36,,,,
04/05/2026,SAN FRANCISCO,Entrada,A,5,MANGAS,H1,20:16,,,,
04/05/2026,SAN FRANCISCO,Entrada,A,5,MANGAS,H2,04:46,,,,
04/05/2026,SAN FRANCISCO,Entrada,A,5,MANGAS,H3,16:46,,,,
04/05/2026,SAN FRANCISCO,Entrada,A,5,MANGAS,H4,20:46,,,,
04/05/2026,SAN FRANCISCO,Entrada,A,6,COLONIAS,H1,20:52,,,,
04/05/2026,SAN FRANCISCO,Entrada,A,6,COLONIAS,H2,05:22,,,,
04/05/2026,SAN FRANCISCO,Entrada,A,6,COLONIAS,H3,17:22,17:00,22,1,0
04/05/2026,SAN FRANCISCO,Entrada,A,6,COLONIAS,H4,21:22,,,,
04/05/2026,SAN FRANCISCO,Entrada,A,7,AGUA NUEVA,H1,21:00,,,,
04/05/2026,SAN FRANCISCO,Entrada,A,7,AGUA NUEVA,H2,05:30,,,,
04/05/2026,SAN FRANCISCO,Entrada,A,7,AGUA NUEVA,H3,17:30,17:14,16,1,0
04/05/2026,SAN FRANCISCO,Entrada,A,7,AGUA NUEVA,H4,21:25,,,,
04/05/2026,SAN FRANCISCO,Entrada,A,8,METALSA,H1,21:20,,,,
04/05/2026,SAN FRANCISCO,Entrada,A,8,METALSA,H2,05:50,,,,
04/05/2026,SAN FRANCISCO,Entrada,A,8,METALSA,H3,17:50,,,,
04/05/2026,SAN FRANCISCO,Entrada,A,8,METALSA,H4,21:50,,,,
04/05/2026,SAN FRANCISCO,Salida,N,1,METALSA,H1,15:30,,,,
04/05/2026,SAN FRANCISCO,Salida,N,1,METALSA,H2,18:15,18:17,-2,1,0
04/05/2026,SAN FRANCISCO,Salida,N,1,METALSA,H3,06:15,06:18,-3,1,0
04/05/2026,SAN FRANCISCO,Salida,N,2,AGUA NUEVA,H1,15:59,,,,
04/05/2026,SAN FRANCISCO,Salida,N,2,AGUA NUEVA,H2,18:44,,,,
04/05/2026,SAN FRANCISCO,Salida,N,2,AGUA NUEVA,H3,06:44,,,,
04/05/2026,SAN FRANCISCO,Salida,N,3,COLONIAS,H1,16:10,,,,
04/05/2026,SAN FRANCISCO,Salida,N,3,COLONIAS,H2,18:55,18:37,18,1,0
04/05/2026,SAN FRANCISCO,Salida,N,3,COLONIAS,H3,06:55,,,,
04/05/2026,SAN FRANCISCO,Salida,N,4,MANGAS,H1,16:34,,,,
04/05/2026,SAN FRANCISCO,Salida,N,4,MANGAS,H2,19:19,19:01,18,1,0
04/05/2026,SAN FRANCISCO,Salida,N,4,MANGAS,H3,07:19,,,,
04/05/2026,SAN FRANCISCO,Salida,N,5,SAN FRANCISCO,H1,16:46,,,,
04/05/2026,SAN FRANCISCO,Salida,N,5,SAN FRANCISCO,H2,19:31,19:13,18,1,0
04/05/2026,SAN FRANCISCO,Salida,N,5,SAN FRANCISCO,H3,07:31,,,,
04/05/2026,SAN FRANCISCO,Salida,N,6,NUEVO GOMEZ,H1,16:56,,,,
04/05/2026,SAN FRANCISCO,Salida,N,6,NUEVO GOMEZ,H2,19:41,,,,
04/05/2026,SAN FRANCISCO,Salida,N,6,NUEVO GOMEZ,H3,07:41,,,,
04/05/2026,SAN FRANCISCO,Salida,N,7,SAN JUAN RETIRO,H1,17:06,,,,
04/05/2026,SAN FRANCISCO,Salida,N,7,SAN JUAN RETIRO,H2,19:51,,,,
04/05/2026,SAN FRANCISCO,Salida,N,7,SAN JUAN RETIRO,H3,07:51,,,,
04/05/2026,SAN FRANCISCO,Salida,N,8,LA CUCHILLA,H1,17:15,,,,
04/05/2026,SAN FRANCISCO,Salida,N,8,LA CUCHILLA,H2,20:00,19:27,33,1,0
04/05/2026,SAN FRANCISCO,Salida,N,8,LA CUCHILLA,H3,08:00,,,,
04/05/2026,SAN MIGUEL,Entrada,A,1,SAN MIGUEL,H1,19:50,,,,
04/05/2026,SAN MIGUEL,Entrada,A,1,SAN MIGUEL,H2,04:20,,,,
04/05/2026,SAN MIGUEL,Entrada,A,1,SAN MIGUEL,H3,16:20,,,,
04/05/2026,SAN MIGUEL,Entrada,A,1,SAN MIGUEL,H4,20:20,,,,
04/05/2026,SAN MIGUEL,Entrada,A,2,ZACATERA,H1,19:53,,,,
04/05/2026,SAN MIGUEL,Entrada,A,2,ZACATERA,H2,04:23,,,,
04/05/2026,SAN MIGUEL,Entrada,A,2,ZACATERA,H3,16:23,,,,
04/05/2026,SAN MIGUEL,Entrada,A,2,ZACATERA,H4,20:23,,,,
04/05/2026,SAN MIGUEL,Entrada,A,3,GOMEZ FARIAS,H1,20:00,,,,
04/05/2026,SAN MIGUEL,Entrada,A,3,GOMEZ FARIAS,H2,04:30,,,,
04/05/2026,SAN MIGUEL,Entrada,A,3,GOMEZ FARIAS,H3,16:30,,,,
04/05/2026,SAN MIGUEL,Entrada,A,3,GOMEZ FARIAS,H4,20:30,,,,
04/05/2026,SAN MIGUEL,Entrada,A,4,GUADALUPE VICTORIA,H1,20:25,,,,
04/05/2026,SAN MIGUEL,Entrada,A,4,GUADALUPE VICTORIA,H2,04:55,,,,
04/05/2026,SAN MIGUEL,Entrada,A,4,GUADALUPE VICTORIA,H3,16:55,,,,
04/05/2026,SAN MIGUEL,Entrada,A,4,GUADALUPE VICTORIA,H4,20:55,,,,
04/05/2026,SAN MIGUEL,Entrada,A,5,COLONIAS,H1,20:35,,,,
04/05/2026,SAN MIGUEL,Entrada,A,5,COLONIAS,H2,05:05,,,,
04/05/2026,SAN MIGUEL,Entrada,A,5,COLONIAS,H3,17:05,,,,
04/05/2026,SAN MIGUEL,Entrada,A,5,COLONIAS,H4,21:05,,,,
04/05/2026,SAN MIGUEL,Entrada,A,6,AGUA NUEVA,H1,20:50,,,,
04/05/2026,SAN MIGUEL,Entrada,A,6,AGUA NUEVA,H2,05:20,,,,
04/05/2026,SAN MIGUEL,Entrada,A,6,AGUA NUEVA,H3,17:20,,,,
04/05/2026,SAN MIGUEL,Entrada,A,6,AGUA NUEVA,H4,21:20,,,,
04/05/2026,SAN MIGUEL,Entrada,A,7,METALSA,H1,21:20,,,,
04/05/2026,SAN MIGUEL,Entrada,A,7,METALSA,H2,05:50,,,,
04/05/2026,SAN MIGUEL,Entrada,A,7,METALSA,H3,17:50,,,,
04/05/2026,SAN MIGUEL,Entrada,A,7,METALSA,H4,21:50,,,,
04/05/2026,SAN MIGUEL,Salida,N,1,METALSA,H1,15:30,,,,
04/05/2026,SAN MIGUEL,Salida,N,1,METALSA,H2,06:15,,,,
04/05/2026,SAN MIGUEL,Salida,N,1,METALSA,H3,18:15,,,,
04/05/2026,SAN MIGUEL,Salida,N,2,AGUA NUEVA,H1,16:10,,,,
04/05/2026,SAN MIGUEL,Salida,N,2,AGUA NUEVA,H2,06:55,,,,
04/05/2026,SAN MIGUEL,Salida,N,2,AGUA NUEVA,H3,18:55,,,,
04/05/2026,SAN MIGUEL,Salida,N,3,COLONIAS,H1,16:20,,,,
04/05/2026,SAN MIGUEL,Salida,N,3,COLONIAS,H2,07:05,,,,
04/05/2026,SAN MIGUEL,Salida,N,3,COLONIAS,H3,19:05,,,,
04/05/2026,SAN MIGUEL,Salida,N,4,GUADALUPE VICTORIA,H1,16:30,,,,
04/05/2026,SAN MIGUEL,Salida,N,4,GUADALUPE VICTORIA,H2,07:15,,,,
04/05/2026,SAN MIGUEL,Salida,N,4,GUADALUPE VICTORIA,H3,19:15,,,,
04/05/2026,SAN MIGUEL,Salida,N,5,GOMEZ FARIAS,H1,17:05,,,,
04/05/2026,SAN MIGUEL,Salida,N,5,GOMEZ FARIAS,H2,07:50,,,,
04/05/2026,SAN MIGUEL,Salida,N,5,GOMEZ FARIAS,H3,19:50,,,,
04/05/2026,SAN MIGUEL,Salida,N,6,SAN MIGUEL,H1,17:30,,,,
04/05/2026,SAN MIGUEL,Salida,N,6,SAN MIGUEL,H2,08:15,,,,
04/05/2026,SAN MIGUEL,Salida,N,6,SAN MIGUEL,H3,20:15,,,,
04/05/2026,SAN MIGUEL,Salida,N,7,ZACATERA,H1,18:05,,,,
04/05/2026,SAN MIGUEL,Salida,N,7,ZACATERA,H2,08:45,,,,
04/05/2026,SAN MIGUEL,Salida,N,7,ZACATERA,H3,20:45,,,,
04/05/2026,SANTA MARIA - SAN RAFAEL,Entrada,N,1,SAN JOSE ALAMITO,H1,19:00,,,,
04/05/2026,SANTA MARIA - SAN RAFAEL,Entrada,N,1,SAN JOSE ALAMITO,H2,03:30,03:56,-26,1,0
04/05/2026,SANTA MARIA - SAN RAFAEL,Entrada,N,1,SAN JOSE ALAMITO,H3,15:30,16:02,-32,1,0
04/05/2026,SANTA MARIA - SAN RAFAEL,Entrada,N,1,SAN JOSE ALAMITO,H4,19:30,,,,
04/05/2026,SANTA MARIA - SAN RAFAEL,Entrada,N,2,LA HEDIONDA,H1,19:25,,,,
04/05/2026,SANTA MARIA - SAN RAFAEL,Entrada,N,2,LA HEDIONDA,H2,03:55,03:58,-3,1,0
04/05/2026,SANTA MARIA - SAN RAFAEL,Entrada,N,2,LA HEDIONDA,H3,15:55,16:04,-9,1,0
04/05/2026,SANTA MARIA - SAN RAFAEL,Entrada,N,2,LA HEDIONDA,H4,19:55,,,,
04/05/2026,SANTA MARIA - SAN RAFAEL,Entrada,N,3,LA CONCHA,H1,19:40,,,,
04/05/2026,SANTA MARIA - SAN RAFAEL,Entrada,N,3,LA CONCHA,H2,04:10,04:10,0,1,0
04/05/2026,SANTA MARIA - SAN RAFAEL,Entrada,N,3,LA CONCHA,H3,16:10,16:13,-3,1,0
04/05/2026,SANTA MARIA - SAN RAFAEL,Entrada,N,3,LA CONCHA,H4,20:10,,,,
04/05/2026,SANTA MARIA - SAN RAFAEL,Entrada,N,4,STA MARIA DE RAMOS,H1,19:50,,,,
04/05/2026,SANTA MARIA - SAN RAFAEL,Entrada,N,4,STA MARIA DE RAMOS,H2,04:20,04:17,3,1,0
04/05/2026,SANTA MARIA - SAN RAFAEL,Entrada,N,4,STA MARIA DE RAMOS,H3,16:20,16:18,2,1,0
04/05/2026,SANTA MARIA - SAN RAFAEL,Entrada,N,4,STA MARIA DE RAMOS,H4,20:20,,,,
04/05/2026,SANTA MARIA - SAN RAFAEL,Entrada,N,5,SAN RAFAEL,H1,20:05,,,,
04/05/2026,SANTA MARIA - SAN RAFAEL,Entrada,N,5,SAN RAFAEL,H2,04:35,04:28,7,1,0
04/05/2026,SANTA MARIA - SAN RAFAEL,Entrada,N,5,SAN RAFAEL,H3,16:35,16:28,7,1,0
04/05/2026,SANTA MARIA - SAN RAFAEL,Entrada,N,5,SAN RAFAEL,H4,20:35,,,,
04/05/2026,SANTA MARIA - SAN RAFAEL,Entrada,N,6,NAVIDAD,H1,20:10,,,,
04/05/2026,SANTA MARIA - SAN RAFAEL,Entrada,N,6,NAVIDAD,H2,04:40,,,,
04/05/2026,SANTA MARIA - SAN RAFAEL,Entrada,N,6,NAVIDAD,H3,16:40,16:40,0,1,0
04/05/2026,SANTA MARIA - SAN RAFAEL,Entrada,N,6,NAVIDAD,H4,20:40,,,,
04/05/2026,SANTA MARIA - SAN RAFAEL,Entrada,N,7,ENTRONQUE HUACHICHIL,H1,20:40,,,,
04/05/2026,SANTA MARIA - SAN RAFAEL,Entrada,N,7,ENTRONQUE HUACHICHIL,H2,05:10,05:11,-1,1,0
04/05/2026,SANTA MARIA - SAN RAFAEL,Entrada,N,7,ENTRONQUE HUACHICHIL,H3,17:10,17:02,8,1,0
04/05/2026,SANTA MARIA - SAN RAFAEL,Entrada,N,7,ENTRONQUE HUACHICHIL,H4,21:10,,,,
04/05/2026,SANTA MARIA - SAN RAFAEL,Entrada,N,8,METALSA,H1,21:20,,,,
04/05/2026,SANTA MARIA - SAN RAFAEL,Entrada,N,8,METALSA,H2,05:50,05:41,9,1,0
04/05/2026,SANTA MARIA - SAN RAFAEL,Entrada,N,8,METALSA,H3,17:50,17:34,16,1,0
04/05/2026,SANTA MARIA - SAN RAFAEL,Entrada,N,8,METALSA,H4,21:50,,,,
04/05/2026,SANTA MARIA - SAN RAFAEL,Salida,N,1,METALSA,H1,15:30,,,,
04/05/2026,SANTA MARIA - SAN RAFAEL,Salida,N,1,METALSA,H2,06:15,,,,
04/05/2026,SANTA MARIA - SAN RAFAEL,Salida,N,1,METALSA,H3,18:15,18:12,3,1,0
04/05/2026,SANTA MARIA - SAN RAFAEL,Salida,N,2,ENTRONQUE HUACHICHIL,H1,15:31,,,,
04/05/2026,SANTA MARIA - SAN RAFAEL,Salida,N,2,ENTRONQUE HUACHICHIL,H2,06:16,,,,
04/05/2026,SANTA MARIA - SAN RAFAEL,Salida,N,2,ENTRONQUE HUACHICHIL,H3,18:16,18:46,-30,1,0
04/05/2026,SANTA MARIA - SAN RAFAEL,Salida,N,3,NAVIDAD,H1,15:32,,,,
04/05/2026,SANTA MARIA - SAN RAFAEL,Salida,N,3,NAVIDAD,H2,06:17,,,,
04/05/2026,SANTA MARIA - SAN RAFAEL,Salida,N,3,NAVIDAD,H3,18:17,19:10,-53,1,0
04/05/2026,SANTA MARIA - SAN RAFAEL,Salida,N,4,SAN RAFAEL,H1,15:33,,,,
04/05/2026,SANTA MARIA - SAN RAFAEL,Salida,N,4,SAN RAFAEL,H2,06:18,,,,
04/05/2026,SANTA MARIA - SAN RAFAEL,Salida,N,4,SAN RAFAEL,H3,18:18,,,,
04/05/2026,SANTA MARIA - SAN RAFAEL,Salida,N,5,STA MARIA DE RAMOS,H1,16:50,,,,
04/05/2026,SANTA MARIA - SAN RAFAEL,Salida,N,5,STA MARIA DE RAMOS,H2,07:35,,,,
04/05/2026,SANTA MARIA - SAN RAFAEL,Salida,N,5,STA MARIA DE RAMOS,H3,19:35,19:29,6,1,0
04/05/2026,SANTA MARIA - SAN RAFAEL,Salida,N,6,LA CONCHA,H1,16:55,,,,
04/05/2026,SANTA MARIA - SAN RAFAEL,Salida,N,6,LA CONCHA,H2,07:45,,,,
04/05/2026,SANTA MARIA - SAN RAFAEL,Salida,N,6,LA CONCHA,H3,19:40,19:38,2,1,0
04/05/2026,SANTA MARIA - SAN RAFAEL,Salida,N,7,LA HEDIONDA,H1,17:30,,,,
04/05/2026,SANTA MARIA - SAN RAFAEL,Salida,N,7,LA HEDIONDA,H2,08:00,,,,
04/05/2026,SANTA MARIA - SAN RAFAEL,Salida,N,7,LA HEDIONDA,H3,20:15,19:48,27,1,0
04/05/2026,SANTA MARIA - SAN RAFAEL,Salida,N,8,SAN JOSE ALAMITO,H1,17:55,,,,
04/05/2026,SANTA MARIA - SAN RAFAEL,Salida,N,8,SAN JOSE ALAMITO,H2,08:25,,,,
04/05/2026,SANTA MARIA - SAN RAFAEL,Salida,N,8,SAN JOSE ALAMITO,H3,20:35,20:02,33,1,0
04/05/2026,SECUENCIADOS,Entrada,A,1,CARR. SALTILLO-ZACATECAS,H1,05:45,,,,
04/05/2026,SECUENCIADOS,Entrada,A,1,CARR. SALTILLO-ZACATECAS,H2,17:45,,,,
04/05/2026,SECUENCIADOS,Entrada,A,1,CARR. SALTILLO-ZACATECAS,H3,21:15,,,,
04/05/2026,SECUENCIADOS,Entrada,A,1,CARR. SALTILLO-ZACATECAS,H4,21:45,,,,
04/05/2026,SECUENCIADOS,Entrada,A,2,METALSA,H1,05:50,,,,
04/05/2026,SECUENCIADOS,Entrada,A,2,METALSA,H2,17:50,,,,
04/05/2026,SECUENCIADOS,Entrada,A,2,METALSA,H3,21:20,,,,
04/05/2026,SECUENCIADOS,Entrada,A,2,METALSA,H4,21:50,,,,
04/05/2026,SECUENCIADOS,Salida,A,1,METALSA,H1,05:50,,,,
04/05/2026,SECUENCIADOS,Salida,A,1,METALSA,H2,17:50,,,,
04/05/2026,SECUENCIADOS,Salida,A,1,METALSA,H3,21:20,,,,
04/05/2026,SECUENCIADOS,Salida,A,2,CARR. SALTILLO-ZACATECAS,H1,05:45,,,,
04/05/2026,SECUENCIADOS,Salida,A,2,CARR. SALTILLO-ZACATECAS,H2,17:45,,,,
04/05/2026,SECUENCIADOS,Salida,A,2,CARR. SALTILLO-ZACATECAS,H3,21:15,,,,
04/05/2026,TANQUE DEL CERRO - LA VENTURA,Entrada,A,1,TANQUE DEL CERRO,H1,19:15,,,,
04/05/2026,TANQUE DEL CERRO - LA VENTURA,Entrada,A,1,TANQUE DEL CERRO,H2,03:45,,,,
04/05/2026,TANQUE DEL CERRO - LA VENTURA,Entrada,A,1,TANQUE DEL CERRO,H3,15:45,,,,
04/05/2026,TANQUE DEL CERRO - LA VENTURA,Entrada,A,1,TANQUE DEL CERRO,H4,19:45,,,,
04/05/2026,TANQUE DEL CERRO - LA VENTURA,Entrada,A,2,LA VENTURA,H1,19:35,,,,
04/05/2026,TANQUE DEL CERRO - LA VENTURA,Entrada,A,2,LA VENTURA,H2,04:05,,,,
04/05/2026,TANQUE DEL CERRO - LA VENTURA,Entrada,A,2,LA VENTURA,H3,16:05,,,,
04/05/2026,TANQUE DEL CERRO - LA VENTURA,Entrada,A,2,LA VENTURA,H4,20:05,,,,
04/05/2026,TANQUE DEL CERRO - LA VENTURA,Entrada,A,3,PURISIMA,H1,19:45,,,,
04/05/2026,TANQUE DEL CERRO - LA VENTURA,Entrada,A,3,PURISIMA,H2,04:15,,,,
04/05/2026,TANQUE DEL CERRO - LA VENTURA,Entrada,A,3,PURISIMA,H3,16:15,,,,
04/05/2026,TANQUE DEL CERRO - LA VENTURA,Entrada,A,3,PURISIMA,H4,20:15,,,,
04/05/2026,TANQUE DEL CERRO - LA VENTURA,Entrada,A,4,PRESA SAN PEDRO,H1,19:55,,,,
04/05/2026,TANQUE DEL CERRO - LA VENTURA,Entrada,A,4,PRESA SAN PEDRO,H2,04:25,,,,
04/05/2026,TANQUE DEL CERRO - LA VENTURA,Entrada,A,4,PRESA SAN PEDRO,H3,16:25,,,,
04/05/2026,TANQUE DEL CERRO - LA VENTURA,Entrada,A,4,PRESA SAN PEDRO,H4,20:25,,,,
04/05/2026,TANQUE DEL CERRO - LA VENTURA,Entrada,A,5,TANQUE ESCONDIDO,H1,20:10,,,,
04/05/2026,TANQUE DEL CERRO - LA VENTURA,Entrada,A,5,TANQUE ESCONDIDO,H2,04:40,,,,
04/05/2026,TANQUE DEL CERRO - LA VENTURA,Entrada,A,5,TANQUE ESCONDIDO,H3,16:40,,,,
04/05/2026,TANQUE DEL CERRO - LA VENTURA,Entrada,A,5,TANQUE ESCONDIDO,H4,20:40,,,,
04/05/2026,TANQUE DEL CERRO - LA VENTURA,Entrada,A,6,GUADALUPE VICTORIA,H1,20:38,,,,
04/05/2026,TANQUE DEL CERRO - LA VENTURA,Entrada,A,6,GUADALUPE VICTORIA,H2,05:08,,,,
04/05/2026,TANQUE DEL CERRO - LA VENTURA,Entrada,A,6,GUADALUPE VICTORIA,H3,17:08,,,,
04/05/2026,TANQUE DEL CERRO - LA VENTURA,Entrada,A,6,GUADALUPE VICTORIA,H4,21:08,,,,
04/05/2026,TANQUE DEL CERRO - LA VENTURA,Entrada,A,7,METALSA,H1,21:20,,,,
04/05/2026,TANQUE DEL CERRO - LA VENTURA,Entrada,A,7,METALSA,H2,05:50,,,,
04/05/2026,TANQUE DEL CERRO - LA VENTURA,Entrada,A,7,METALSA,H3,17:50,,,,
04/05/2026,TANQUE DEL CERRO - LA VENTURA,Entrada,A,7,METALSA,H4,21:50,,,,
04/05/2026,TANQUE DEL CERRO - LA VENTURA,Salida,N,1,METALSA,H1,15:30,,,,
04/05/2026,TANQUE DEL CERRO - LA VENTURA,Salida,N,1,METALSA,H2,06:15,,,,
04/05/2026,TANQUE DEL CERRO - LA VENTURA,Salida,N,1,METALSA,H3,18:15,18:17,-2,1,0
04/05/2026,TANQUE DEL CERRO - LA VENTURA,Salida,N,2,GUADALUPE VICTORIA,H1,16:00,,,,
04/05/2026,TANQUE DEL CERRO - LA VENTURA,Salida,N,2,GUADALUPE VICTORIA,H2,06:40,,,,
04/05/2026,TANQUE DEL CERRO - LA VENTURA,Salida,N,2,GUADALUPE VICTORIA,H3,18:40,,,,
04/05/2026,TANQUE DEL CERRO - LA VENTURA,Salida,N,3,TANQUE ESCONDIDO,H1,16:01,,,,
04/05/2026,TANQUE DEL CERRO - LA VENTURA,Salida,N,3,TANQUE ESCONDIDO,H2,06:41,,,,
04/05/2026,TANQUE DEL CERRO - LA VENTURA,Salida,N,3,TANQUE ESCONDIDO,H3,18:41,19:25,-44,1,0
04/05/2026,TANQUE DEL CERRO - LA VENTURA,Salida,N,4,PRESA SAN PEDRO,H1,16:02,,,,
04/05/2026,TANQUE DEL CERRO - LA VENTURA,Salida,N,4,PRESA SAN PEDRO,H2,06:42,,,,
04/05/2026,TANQUE DEL CERRO - LA VENTURA,Salida,N,4,PRESA SAN PEDRO,H3,18:42,19:32,-50,1,0
04/05/2026,TANQUE DEL CERRO - LA VENTURA,Salida,N,5,PURISIMA,H1,16:03,,,,
04/05/2026,TANQUE DEL CERRO - LA VENTURA,Salida,N,5,PURISIMA,H2,06:43,,,,
04/05/2026,TANQUE DEL CERRO - LA VENTURA,Salida,N,5,PURISIMA,H3,18:43,19:45,-62,1,0
04/05/2026,TANQUE DEL CERRO - LA VENTURA,Salida,N,6,LA VENTURA,H1,17:00,,,,
04/05/2026,TANQUE DEL CERRO - LA VENTURA,Salida,N,6,LA VENTURA,H2,06:44,,,,
04/05/2026,TANQUE DEL CERRO - LA VENTURA,Salida,N,6,LA VENTURA,H3,19:45,19:59,-14,1,0
04/05/2026,TANQUE DEL CERRO - LA VENTURA,Salida,N,7,TANQUE DEL CERRO,H1,17:20,,,,
04/05/2026,TANQUE DEL CERRO - LA VENTURA,Salida,N,7,TANQUE DEL CERRO,H2,08:05,,,,
04/05/2026,TANQUE DEL CERRO - LA VENTURA,Salida,N,7,TANQUE DEL CERRO,H3,20:05,,,,
04/05/2026,TANQUE NUEVO,Entrada,A,1,MATEHUAPIL,H1,18:20,,,,
04/05/2026,TANQUE NUEVO,Entrada,A,1,MATEHUAPIL,H2,02:50,,,,
04/05/2026,TANQUE NUEVO,Entrada,A,1,MATEHUAPIL,H3,02:50,,,,
04/05/2026,TANQUE NUEVO,Entrada,A,1,MATEHUAPIL,H4,14:50,,,,
04/05/2026,TANQUE NUEVO,Entrada,A,1,MATEHUAPIL,H5,14:50,,,,
04/05/2026,TANQUE NUEVO,Entrada,A,1,MATEHUAPIL,H6,18:50,,,,
04/05/2026,TANQUE NUEVO,Entrada,A,2,TANQUE NUEVO,H1,18:30,,,,
04/05/2026,TANQUE NUEVO,Entrada,A,2,TANQUE NUEVO,H2,03:00,,,,
04/05/2026,TANQUE NUEVO,Entrada,A,2,TANQUE NUEVO,H3,03:00,,,,
04/05/2026,TANQUE NUEVO,Entrada,A,2,TANQUE NUEVO,H4,15:00,,,,
04/05/2026,TANQUE NUEVO,Entrada,A,2,TANQUE NUEVO,H5,15:00,,,,
04/05/2026,TANQUE NUEVO,Entrada,A,2,TANQUE NUEVO,H6,19:00,,,,
04/05/2026,TANQUE NUEVO,Entrada,A,3,CLAVELLINAS,H1,18:50,,,,
04/05/2026,TANQUE NUEVO,Entrada,A,3,CLAVELLINAS,H2,03:20,,,,
04/05/2026,TANQUE NUEVO,Entrada,A,3,CLAVELLINAS,H3,03:20,,,,
04/05/2026,TANQUE NUEVO,Entrada,A,3,CLAVELLINAS,H4,15:20,,,,
04/05/2026,TANQUE NUEVO,Entrada,A,3,CLAVELLINAS,H5,15:20,,,,
04/05/2026,TANQUE NUEVO,Entrada,A,3,CLAVELLINAS,H6,19:20,,,,
04/05/2026,TANQUE NUEVO,Entrada,A,4,EL SALVADOR,H1,19:10,,,,
04/05/2026,TANQUE NUEVO,Entrada,A,4,EL SALVADOR,H2,03:40,,,,
04/05/2026,TANQUE NUEVO,Entrada,A,4,EL SALVADOR,H3,03:40,,,,
04/05/2026,TANQUE NUEVO,Entrada,A,4,EL SALVADOR,H4,15:40,,,,
04/05/2026,TANQUE NUEVO,Entrada,A,4,EL SALVADOR,H5,15:40,,,,
04/05/2026,TANQUE NUEVO,Entrada,A,4,EL SALVADOR,H6,19:40,,,,
04/05/2026,TANQUE NUEVO,Entrada,A,5,LA VENTURA,H1,19:30,,,,
04/05/2026,TANQUE NUEVO,Entrada,A,5,LA VENTURA,H2,04:00,00:04,236,1,0
04/05/2026,TANQUE NUEVO,Entrada,A,5,LA VENTURA,H3,04:00,00:16,224,1,0
04/05/2026,TANQUE NUEVO,Entrada,A,5,LA VENTURA,H4,16:00,,,,
04/05/2026,TANQUE NUEVO,Entrada,A,5,LA VENTURA,H5,16:00,,,,
04/05/2026,TANQUE NUEVO,Entrada,A,5,LA VENTURA,H6,20:10,,,,
04/05/2026,TANQUE NUEVO,Entrada,A,6,PRESA SAN PEDRO,H1,19:45,,,,
04/05/2026,TANQUE NUEVO,Entrada,A,6,PRESA SAN PEDRO,H2,04:15,,,,
04/05/2026,TANQUE NUEVO,Entrada,A,6,PRESA SAN PEDRO,H3,04:15,,,,
04/05/2026,TANQUE NUEVO,Entrada,A,6,PRESA SAN PEDRO,H4,16:15,,,,
04/05/2026,TANQUE NUEVO,Entrada,A,6,PRESA SAN PEDRO,H5,16:15,,,,
04/05/2026,TANQUE NUEVO,Entrada,A,6,PRESA SAN PEDRO,H6,20:35,,,,
04/05/2026,TANQUE NUEVO,Entrada,A,7,TANQUE ESCONDIDO,H1,19:55,,,,
04/05/2026,TANQUE NUEVO,Entrada,A,7,TANQUE ESCONDIDO,H2,04:25,,,,
04/05/2026,TANQUE NUEVO,Entrada,A,7,TANQUE ESCONDIDO,H3,04:25,00:16,249,1,0
04/05/2026,TANQUE NUEVO,Entrada,A,7,TANQUE ESCONDIDO,H4,16:25,,,,
04/05/2026,TANQUE NUEVO,Entrada,A,7,TANQUE ESCONDIDO,H5,16:25,,,,
04/05/2026,TANQUE NUEVO,Entrada,A,7,TANQUE ESCONDIDO,H6,20:45,,,,
04/05/2026,TANQUE NUEVO,Entrada,A,8,METALSA,H1,21:20,,,,
04/05/2026,TANQUE NUEVO,Entrada,A,8,METALSA,H2,05:50,00:05,345,1,0
04/05/2026,TANQUE NUEVO,Entrada,A,8,METALSA,H3,05:50,00:17,333,1,0
04/05/2026,TANQUE NUEVO,Entrada,A,8,METALSA,H4,17:50,,,,
04/05/2026,TANQUE NUEVO,Entrada,A,8,METALSA,H5,17:50,,,,
04/05/2026,TANQUE NUEVO,Entrada,A,8,METALSA,H6,21:50,,,,
04/05/2026,TANQUE NUEVO,Salida,N,1,METALSA,H1,15:30,,,,
04/05/2026,TANQUE NUEVO,Salida,N,1,METALSA,H2,06:15,,,,
04/05/2026,TANQUE NUEVO,Salida,N,1,METALSA,H3,06:15,,,,
04/05/2026,TANQUE NUEVO,Salida,N,1,METALSA,H4,18:15,,,,
04/05/2026,TANQUE NUEVO,Salida,N,1,METALSA,H5,18:15,,,,
04/05/2026,TANQUE NUEVO,Salida,N,2,TANQUE ESCONDIDO,H1,16:55,,,,
04/05/2026,TANQUE NUEVO,Salida,N,2,TANQUE ESCONDIDO,H2,07:40,,,,
04/05/2026,TANQUE NUEVO,Salida,N,2,TANQUE ESCONDIDO,H3,07:40,00:19,441,1,0
04/05/2026,TANQUE NUEVO,Salida,N,2,TANQUE ESCONDIDO,H4,19:40,00:19,441,,0
04/05/2026,TANQUE NUEVO,Salida,N,2,TANQUE ESCONDIDO,H5,19:40,00:19,441,,0
04/05/2026,TANQUE NUEVO,Salida,N,3,PRESA SAN PEDRO,H1,17:05,,,,
04/05/2026,TANQUE NUEVO,Salida,N,3,PRESA SAN PEDRO,H2,07:50,,,,
04/05/2026,TANQUE NUEVO,Salida,N,3,PRESA SAN PEDRO,H3,07:50,00:19,451,1,0
04/05/2026,TANQUE NUEVO,Salida,N,3,PRESA SAN PEDRO,H4,19:50,00:19,451,,0
04/05/2026,TANQUE NUEVO,Salida,N,3,PRESA SAN PEDRO,H5,19:50,00:19,451,,0
04/05/2026,TANQUE NUEVO,Salida,N,4,LA VENTURA,H1,17:20,,,,
04/05/2026,TANQUE NUEVO,Salida,N,4,LA VENTURA,H2,08:05,,,,
04/05/2026,TANQUE NUEVO,Salida,N,4,LA VENTURA,H3,08:05,00:19,466,1,0
04/05/2026,TANQUE NUEVO,Salida,N,4,LA VENTURA,H4,20:05,00:19,466,,0
04/05/2026,TANQUE NUEVO,Salida,N,4,LA VENTURA,H5,20:05,00:19,466,,0
04/05/2026,TANQUE NUEVO,Salida,N,5,EL SALVADOR,H1,17:40,,,,
04/05/2026,TANQUE NUEVO,Salida,N,5,EL SALVADOR,H2,08:25,,,,
04/05/2026,TANQUE NUEVO,Salida,N,5,EL SALVADOR,H3,08:25,,,,
04/05/2026,TANQUE NUEVO,Salida,N,5,EL SALVADOR,H4,20:25,,,,
04/05/2026,TANQUE NUEVO,Salida,N,5,EL SALVADOR,H5,20:25,,,,
04/05/2026,TANQUE NUEVO,Salida,N,6,CLAVELLINAS,H1,18:00,,,,
04/05/2026,TANQUE NUEVO,Salida,N,6,CLAVELLINAS,H2,08:45,,,,
04/05/2026,TANQUE NUEVO,Salida,N,6,CLAVELLINAS,H3,08:45,,,,
04/05/2026,TANQUE NUEVO,Salida,N,6,CLAVELLINAS,H4,20:45,,,,
04/05/2026,TANQUE NUEVO,Salida,N,6,CLAVELLINAS,H5,20:45,,,,
04/05/2026,TANQUE NUEVO,Salida,N,7,TANQUE NUEVO,H1,18:20,,,,
04/05/2026,TANQUE NUEVO,Salida,N,7,TANQUE NUEVO,H2,09:05,,,,
04/05/2026,TANQUE NUEVO,Salida,N,7,TANQUE NUEVO,H3,09:05,,,,
04/05/2026,TANQUE NUEVO,Salida,N,7,TANQUE NUEVO,H4,21:05,,,,
04/05/2026,TANQUE NUEVO,Salida,N,7,TANQUE NUEVO,H5,21:05,,,,
04/05/2026,TANQUE NUEVO,Salida,N,8,MATEHUAPIL,H1,18:30,,,,
04/05/2026,TANQUE NUEVO,Salida,N,8,MATEHUAPIL,H2,09:15,,,,
04/05/2026,TANQUE NUEVO,Salida,N,8,MATEHUAPIL,H3,09:15,,,,
04/05/2026,TANQUE NUEVO,Salida,N,8,MATEHUAPIL,H4,21:15,,,,
04/05/2026,TANQUE NUEVO,Salida,N,8,MATEHUAPIL,H5,21:15,,,,
04/05/2026,TERESITAS,Entrada,N,1,BLVD ANTONIO CARDENAS Y HUACHICHILES,H1,05:05,05:03,2,1,0
04/05/2026,TERESITAS,Entrada,N,1,BLVD ANTONIO CARDENAS Y HUACHICHILES,H2,17:05,,,,
04/05/2026,TERESITAS,Entrada,N,1,BLVD ANTONIO CARDENAS Y HUACHICHILES,H3,20:35,,,,
04/05/2026,TERESITAS,Entrada,N,1,BLVD ANTONIO CARDENAS Y HUACHICHILES,H4,21:05,,,,
04/05/2026,TERESITAS,Entrada,N,2,RAYADOS Y HUACHICHILES,H1,05:10,05:09,1,1,0
04/05/2026,TERESITAS,Entrada,N,2,RAYADOS Y HUACHICHILES,H2,17:10,,,,
04/05/2026,TERESITAS,Entrada,N,2,RAYADOS Y HUACHICHILES,H3,20:40,,,,
04/05/2026,TERESITAS,Entrada,N,2,RAYADOS Y HUACHICHILES,H4,21:10,,,,
04/05/2026,TERESITAS,Entrada,N,3,SIERRA DE ZAPALINAME Y AV TERESITAS,H1,05:15,05:13,2,1,0
04/05/2026,TERESITAS,Entrada,N,3,SIERRA DE ZAPALINAME Y AV TERESITAS,H2,17:15,,,,
04/05/2026,TERESITAS,Entrada,N,3,SIERRA DE ZAPALINAME Y AV TERESITAS,H3,20:45,,,,
04/05/2026,TERESITAS,Entrada,N,3,SIERRA DE ZAPALINAME Y AV TERESITAS,H4,21:15,,,,
04/05/2026,TERESITAS,Entrada,N,4,AV TERESITAS Y BLVD ANTONIO CARDENAS,H1,05:22,05:20,2,1,0
04/05/2026,TERESITAS,Entrada,N,4,AV TERESITAS Y BLVD ANTONIO CARDENAS,H2,17:22,,,,
04/05/2026,TERESITAS,Entrada,N,4,AV TERESITAS Y BLVD ANTONIO CARDENAS,H3,20:52,,,,
04/05/2026,TERESITAS,Entrada,N,4,AV TERESITAS Y BLVD ANTONIO CARDENAS,H4,21:22,,,,
04/05/2026,TERESITAS,Entrada,N,5,LA ENCANTADA,H1,05:28,05:22,6,1,0
04/05/2026,TERESITAS,Entrada,N,5,LA ENCANTADA,H2,17:28,,,,
04/05/2026,TERESITAS,Entrada,N,5,LA ENCANTADA,H3,20:58,,,,
04/05/2026,TERESITAS,Entrada,N,5,LA ENCANTADA,H4,21:28,,,,
04/05/2026,TERESITAS,Entrada,N,6,CAAR. SALTILLO-ZACATECAS,H1,05:32,05:24,8,1,0
04/05/2026,TERESITAS,Entrada,N,6,CAAR. SALTILLO-ZACATECAS,H2,17:32,,,,
04/05/2026,TERESITAS,Entrada,N,6,CAAR. SALTILLO-ZACATECAS,H3,21:02,,,,
04/05/2026,TERESITAS,Entrada,N,6,CAAR. SALTILLO-ZACATECAS,H4,21:30,,,,
04/05/2026,TERESITAS,Entrada,N,7,METALSA,H1,05:50,05:44,6,1,0
04/05/2026,TERESITAS,Entrada,N,7,METALSA,H2,17:50,17:34,16,1,0
04/05/2026,TERESITAS,Entrada,N,7,METALSA,H3,21:20,,,,
04/05/2026,TERESITAS,Entrada,N,7,METALSA,H4,21:50,,,,
04/05/2026,TERESITAS,Salida,N,1,METALSA,H1,06:15,,,,
04/05/2026,TERESITAS,Salida,N,1,METALSA,H2,15:30,,,,
04/05/2026,TERESITAS,Salida,N,1,METALSA,H3,18:15,18:15,0,1,0
04/05/2026,TERESITAS,Salida,N,2,CARR. SALTILLO-ZACATECAS,H1,06:33,,,,
04/05/2026,TERESITAS,Salida,N,2,CARR. SALTILLO-ZACATECAS,H2,15:48,,,,
04/05/2026,TERESITAS,Salida,N,2,CARR. SALTILLO-ZACATECAS,H3,18:33,,,,
04/05/2026,TERESITAS,Salida,N,3,LA ENCANTADA,H1,06:37,,,,
04/05/2026,TERESITAS,Salida,N,3,LA ENCANTADA,H2,15:52,,,,
04/05/2026,TERESITAS,Salida,N,3,LA ENCANTADA,H3,18:37,,,,
04/05/2026,TERESITAS,Salida,N,4,AV TERESITAS Y BLVD ANTONIO CARDENAS,H1,06:43,,,,
04/05/2026,TERESITAS,Salida,N,4,AV TERESITAS Y BLVD ANTONIO CARDENAS,H2,15:58,,,,
04/05/2026,TERESITAS,Salida,N,4,AV TERESITAS Y BLVD ANTONIO CARDENAS,H3,18:43,,,,
04/05/2026,TERESITAS,Salida,N,5,SIERRA DE ZAPALINAME Y AV TERESITAS,H1,06:50,,,,
04/05/2026,TERESITAS,Salida,N,5,SIERRA DE ZAPALINAME Y AV TERESITAS,H2,16:05,,,,
04/05/2026,TERESITAS,Salida,N,5,SIERRA DE ZAPALINAME Y AV TERESITAS,H3,18:50,,,,
04/05/2026,TERESITAS,Salida,N,6,RAYADOS Y HUACHICHILES,H1,06:55,,,,
04/05/2026,TERESITAS,Salida,N,6,RAYADOS Y HUACHICHILES,H2,16:10,,,,
04/05/2026,TERESITAS,Salida,N,6,RAYADOS Y HUACHICHILES,H3,18:55,,,,
04/05/2026,TERESITAS,Salida,N,7,BLVD ANTONIO CARDENAS Y HUACHICHILES,H1,07:00,,,,
04/05/2026,TERESITAS,Salida,N,7,BLVD ANTONIO CARDENAS Y HUACHICHILES,H2,16:15,,,,
04/05/2026,TERESITAS,Salida,N,7,BLVD ANTONIO CARDENAS Y HUACHICHILES,H3,19:00,,,,
04/05/2026,VALENCIA,Entrada,N,1,LA RIOJA Y JEREZ,H1,04:30,04:30,0,1,0
04/05/2026,VALENCIA,Entrada,N,1,LA RIOJA Y JEREZ,H2,16:30,16:29,1,1,0
04/05/2026,VALENCIA,Entrada,N,1,LA RIOJA Y JEREZ,H3,20:00,,,,
04/05/2026,VALENCIA,Entrada,N,1,LA RIOJA Y JEREZ,H4,20:30,,,,
04/05/2026,VALENCIA,Entrada,N,2,PERIFERICO LEA Y VITO ALESSIO,H1,04:40,04:45,-5,1,0
04/05/2026,VALENCIA,Entrada,N,2,PERIFERICO LEA Y VITO ALESSIO,H2,16:40,16:43,-3,1,0
04/05/2026,VALENCIA,Entrada,N,2,PERIFERICO LEA Y VITO ALESSIO,H3,20:10,,,,
04/05/2026,VALENCIA,Entrada,N,2,PERIFERICO LEA Y VITO ALESSIO,H4,20:40,,,,
04/05/2026,VALENCIA,Entrada,N,3,CARLOS S. Y RANCHO DE PEÑA,H1,04:45,04:51,-6,1,0
04/05/2026,VALENCIA,Entrada,N,3,CARLOS S. Y RANCHO DE PEÑA,H2,16:45,,,,
04/05/2026,VALENCIA,Entrada,N,3,CARLOS S. Y RANCHO DE PEÑA,H3,20:15,,,,
04/05/2026,VALENCIA,Entrada,N,3,CARLOS S. Y RANCHO DE PEÑA,H4,20:45,,,,
04/05/2026,VALENCIA,Entrada,N,4,ALVARO OBREGON,H1,04:55,04:58,-3,1,0
04/05/2026,VALENCIA,Entrada,N,4,ALVARO OBREGON,H2,16:55,17:00,-5,1,0
04/05/2026,VALENCIA,Entrada,N,4,ALVARO OBREGON,H3,20:25,,,,
04/05/2026,VALENCIA,Entrada,N,4,ALVARO OBREGON,H4,20:55,,,,
04/05/2026,VALENCIA,Entrada,N,5,MIGUEL HIDALGO Y PEDRO ARANDA,H1,05:00,05:10,-10,1,0
04/05/2026,VALENCIA,Entrada,N,5,MIGUEL HIDALGO Y PEDRO ARANDA,H2,17:00,17:16,-16,1,0
04/05/2026,VALENCIA,Entrada,N,5,MIGUEL HIDALGO Y PEDRO ARANDA,H3,20:30,,,,
04/05/2026,VALENCIA,Entrada,N,5,MIGUEL HIDALGO Y PEDRO ARANDA,H4,21:00,,,,
04/05/2026,VALENCIA,Entrada,N,6,PERIFERICO LEA Y W. GONZALEZ,H1,05:05,05:14,-9,1,0
04/05/2026,VALENCIA,Entrada,N,6,PERIFERICO LEA Y W. GONZALEZ,H2,17:05,17:21,-16,1,0
04/05/2026,VALENCIA,Entrada,N,6,PERIFERICO LEA Y W. GONZALEZ,H3,20:35,,,,
04/05/2026,VALENCIA,Entrada,N,6,PERIFERICO LEA Y W. GONZALEZ,H4,21:05,,,,
04/05/2026,VALENCIA,Entrada,N,7,CTO DE LA CAÑADA Y BLVD CARDENAS,H1,05:15,05:21,-6,1,0
04/05/2026,VALENCIA,Entrada,N,7,CTO DE LA CAÑADA Y BLVD CARDENAS,H2,17:15,17:28,-13,1,0
04/05/2026,VALENCIA,Entrada,N,7,CTO DE LA CAÑADA Y BLVD CARDENAS,H3,20:45,,,,
04/05/2026,VALENCIA,Entrada,N,7,CTO DE LA CAÑADA Y BLVD CARDENAS,H4,21:15,,,,
04/05/2026,VALENCIA,Entrada,N,8,METALSA,H1,05:50,05:49,1,1,0
04/05/2026,VALENCIA,Entrada,N,8,METALSA,H2,17:50,17:50,0,1,0
04/05/2026,VALENCIA,Entrada,N,8,METALSA,H3,21:20,,,,
04/05/2026,VALENCIA,Entrada,N,8,METALSA,H4,21:50,,,,
04/05/2026,VALENCIA,Salida,N,1,METALSA,H1,06:15,,,,
04/05/2026,VALENCIA,Salida,N,1,METALSA,H2,15:30,,,,
04/05/2026,VALENCIA,Salida,N,1,METALSA,H3,18:15,18:18,-3,1,0
04/05/2026,VALENCIA,Salida,N,2,CTO DE LA CAÑADA Y BLVD CARDENAS,H1,06:50,,,,
04/05/2026,VALENCIA,Salida,N,2,CTO DE LA CAÑADA Y BLVD CARDENAS,H2,16:05,,,,
04/05/2026,VALENCIA,Salida,N,2,CTO DE LA CAÑADA Y BLVD CARDENAS,H3,18:50,,,,
04/05/2026,VALENCIA,Salida,N,3,PERIFERICO LEA Y W. GONZALEZ,H1,07:00,,,,
04/05/2026,VALENCIA,Salida,N,3,PERIFERICO LEA Y W. GONZALEZ,H2,16:15,,,,
04/05/2026,VALENCIA,Salida,N,3,PERIFERICO LEA Y W. GONZALEZ,H3,19:00,,,,
04/05/2026,VALENCIA,Salida,N,4,MIGUEL HIDALGO Y PEDRO ARANDA,H1,07:05,,,,
04/05/2026,VALENCIA,Salida,N,4,MIGUEL HIDALGO Y PEDRO ARANDA,H2,16:20,,,,
04/05/2026,VALENCIA,Salida,N,4,MIGUEL HIDALGO Y PEDRO ARANDA,H3,19:05,,,,
04/05/2026,VALENCIA,Salida,N,5,ALVARO OBREGON,H1,07:10,,,,
04/05/2026,VALENCIA,Salida,N,5,ALVARO OBREGON,H2,16:25,,,,
04/05/2026,VALENCIA,Salida,N,5,ALVARO OBREGON,H3,19:10,,,,
04/05/2026,VALENCIA,Salida,N,6,CARLOS S. Y RANCHO DE PEÑA,H1,07:20,,,,
04/05/2026,VALENCIA,Salida,N,6,CARLOS S. Y RANCHO DE PEÑA,H2,16:35,,,,
04/05/2026,VALENCIA,Salida,N,6,CARLOS S. Y RANCHO DE PEÑA,H3,19:20,,,,
04/05/2026,VALENCIA,Salida,N,7,PERIFERICO LEA Y VITO ALESSIO,H1,07:25,,,,
04/05/2026,VALENCIA,Salida,N,7,PERIFERICO LEA Y VITO ALESSIO,H2,16:40,,,,
04/05/2026,VALENCIA,Salida,N,7,PERIFERICO LEA Y VITO ALESSIO,H3,19:25,,,,
04/05/2026,VALENCIA,Salida,N,8,LA RIOJA Y JEREZ,H1,07:35,,,,
04/05/2026,VALENCIA,Salida,N,8,LA RIOJA Y JEREZ,H2,16:50,,,,
04/05/2026,VALENCIA,Salida,N,8,LA RIOJA Y JEREZ,H3,19:35,,,,
04/05/2026,ZARAGOZA,Entrada,N,1,FCO. EALY ORTIZ Y EUCALIPTO,H1,04:25,04:26,-1,1,0
04/05/2026,ZARAGOZA,Entrada,N,1,FCO. EALY ORTIZ Y EUCALIPTO,H2,16:25,16:26,-1,1,0
04/05/2026,ZARAGOZA,Entrada,N,1,FCO. EALY ORTIZ Y EUCALIPTO,H3,19:55,,,,
04/05/2026,ZARAGOZA,Entrada,N,1,FCO. EALY ORTIZ Y EUCALIPTO,H4,20:25,,,,
04/05/2026,ZARAGOZA,Entrada,N,2,CHOPO Y EUCALIPTO,H1,04:26,04:27,-1,1,0
04/05/2026,ZARAGOZA,Entrada,N,2,CHOPO Y EUCALIPTO,H2,16:26,16:28,-2,1,0
04/05/2026,ZARAGOZA,Entrada,N,2,CHOPO Y EUCALIPTO,H3,19:56,,,,
04/05/2026,ZARAGOZA,Entrada,N,2,CHOPO Y EUCALIPTO,H4,20:26,,,,
04/05/2026,ZARAGOZA,Entrada,N,3,FUNDADORES Y BLVD. MIRASIERRA,H1,04:36,04:40,-4,1,0
04/05/2026,ZARAGOZA,Entrada,N,3,FUNDADORES Y BLVD. MIRASIERRA,H2,16:36,16:41,-5,1,0
04/05/2026,ZARAGOZA,Entrada,N,3,FUNDADORES Y BLVD. MIRASIERRA,H3,20:06,,,,
04/05/2026,ZARAGOZA,Entrada,N,3,FUNDADORES Y BLVD. MIRASIERRA,H4,20:36,,,,
04/05/2026,ZARAGOZA,Entrada,N,4,CALLE 34 Y JUAN NAVARRO,H1,04:51,04:55,-4,1,0
04/05/2026,ZARAGOZA,Entrada,N,4,CALLE 34 Y JUAN NAVARRO,H2,16:51,16:57,-6,1,0
04/05/2026,ZARAGOZA,Entrada,N,4,CALLE 34 Y JUAN NAVARRO,H3,20:21,,,,
04/05/2026,ZARAGOZA,Entrada,N,4,CALLE 34 Y JUAN NAVARRO,H4,20:51,,,,
04/05/2026,ZARAGOZA,Entrada,N,5,PERIF LEA Y 12 DE OCTUBRE (FIRST CASH),H1,05:03,05:08,-5,1,0
04/05/2026,ZARAGOZA,Entrada,N,5,PERIF LEA Y 12 DE OCTUBRE (FIRST CASH),H2,17:03,17:13,-10,1,0
04/05/2026,ZARAGOZA,Entrada,N,5,PERIF LEA Y 12 DE OCTUBRE (FIRST CASH),H3,20:33,,,,
04/05/2026,ZARAGOZA,Entrada,N,5,PERIF LEA Y 12 DE OCTUBRE (FIRST CASH),H4,21:03,,,,
04/05/2026,ZARAGOZA,Entrada,N,6,GIMNACIO MUNICIPAL,H1,05:05,05:10,-5,1,0
04/05/2026,ZARAGOZA,Entrada,N,6,GIMNACIO MUNICIPAL,H2,17:05,17:15,-10,1,0
04/05/2026,ZARAGOZA,Entrada,N,6,GIMNACIO MUNICIPAL,H3,20:35,,,,
04/05/2026,ZARAGOZA,Entrada,N,6,GIMNACIO MUNICIPAL,H4,21:05,,,,
04/05/2026,ZARAGOZA,Entrada,N,7,L.E.A. Y J. MERY,H1,05:07,05:12,-5,1,0
04/05/2026,ZARAGOZA,Entrada,N,7,L.E.A. Y J. MERY,H2,17:07,17:16,-9,1,0
04/05/2026,ZARAGOZA,Entrada,N,7,L.E.A. Y J. MERY,H3,20:37,,,,
04/05/2026,ZARAGOZA,Entrada,N,7,L.E.A. Y J. MERY,H4,21:07,,,,
04/05/2026,ZARAGOZA,Entrada,N,8,VILLA UNIVERSIDAD,H1,05:09,05:14,-5,1,0
04/05/2026,ZARAGOZA,Entrada,N,8,VILLA UNIVERSIDAD,H2,17:09,17:19,-10,1,0
04/05/2026,ZARAGOZA,Entrada,N,8,VILLA UNIVERSIDAD,H3,20:39,,,,
04/05/2026,ZARAGOZA,Entrada,N,8,VILLA UNIVERSIDAD,H4,21:09,,,,
04/05/2026,ZARAGOZA,Entrada,N,9,ARIZPE DE LA MAZA Y CARR. 54,H1,05:15,,,,
04/05/2026,ZARAGOZA,Entrada,N,9,ARIZPE DE LA MAZA Y CARR. 54,H2,17:15,,,,
04/05/2026,ZARAGOZA,Entrada,N,9,ARIZPE DE LA MAZA Y CARR. 54,H3,20:45,,,,
04/05/2026,ZARAGOZA,Entrada,N,9,ARIZPE DE LA MAZA Y CARR. 54,H4,21:15,,,,
04/05/2026,ZARAGOZA,Entrada,N,10,METALSA,H1,05:50,05:42,8,1,0
04/05/2026,ZARAGOZA,Entrada,N,10,METALSA,H2,17:50,17:41,9,1,0
04/05/2026,ZARAGOZA,Entrada,N,10,METALSA,H3,21:20,,,,
04/05/2026,ZARAGOZA,Entrada,N,10,METALSA,H4,21:50,,,,
04/05/2026,ZARAGOZA,Salida,N,1,METALSA,H1,06:15,,,,
04/05/2026,ZARAGOZA,Salida,N,1,METALSA,H2,15:30,,,,
04/05/2026,ZARAGOZA,Salida,N,1,METALSA,H3,18:15,18:16,-1,1,0
04/05/2026,ZARAGOZA,Salida,N,2,ARIZPE DE LA MAZA Y CARR. 54,H1,06:44,,,,
04/05/2026,ZARAGOZA,Salida,N,2,ARIZPE DE LA MAZA Y CARR. 54,H2,15:59,,,,
04/05/2026,ZARAGOZA,Salida,N,2,ARIZPE DE LA MAZA Y CARR. 54,H3,18:44,,,,
04/05/2026,ZARAGOZA,Salida,N,3,VILLA UNIVERSIDAD,H1,06:46,,,,
04/05/2026,ZARAGOZA,Salida,N,3,VILLA UNIVERSIDAD,H2,16:01,,,,
04/05/2026,ZARAGOZA,Salida,N,3,VILLA UNIVERSIDAD,H3,18:45,,,,
04/05/2026,ZARAGOZA,Salida,N,4,L.E.A. Y J. MERY,H1,06:49,,,,
04/05/2026,ZARAGOZA,Salida,N,4,L.E.A. Y J. MERY,H2,16:04,,,,
04/05/2026,ZARAGOZA,Salida,N,4,L.E.A. Y J. MERY,H3,18:49,,,,
04/05/2026,ZARAGOZA,Salida,N,5,GIMNACIO MUNICIPAL,H1,06:51,,,,
04/05/2026,ZARAGOZA,Salida,N,5,GIMNACIO MUNICIPAL,H2,16:06,,,,
04/05/2026,ZARAGOZA,Salida,N,5,GIMNACIO MUNICIPAL,H3,18:51,18:58,-7,1,0
04/05/2026,ZARAGOZA,Salida,N,6,PERIF LEA Y 12 DE OCTUBRE (FIRST CASH),H1,07:00,,,,
04/05/2026,ZARAGOZA,Salida,N,6,PERIF LEA Y 12 DE OCTUBRE (FIRST CASH),H2,16:10,,,,
04/05/2026,ZARAGOZA,Salida,N,6,PERIF LEA Y 12 DE OCTUBRE (FIRST CASH),H3,19:00,19:01,-1,1,0
04/05/2026,ZARAGOZA,Salida,N,7,CALLE 34 Y JUAN NAVARRO,H1,07:04,,,,
04/05/2026,ZARAGOZA,Salida,N,7,CALLE 34 Y JUAN NAVARRO,H2,16:19,,,,
04/05/2026,ZARAGOZA,Salida,N,7,CALLE 34 Y JUAN NAVARRO,H3,19:04,,,,
04/05/2026,ZARAGOZA,Salida,N,8,FUNDADORES Y BLVD. MIRASIERRA,H1,07:19,,,,
04/05/2026,ZARAGOZA,Salida,N,8,FUNDADORES Y BLVD. MIRASIERRA,H2,16:34,,,,
04/05/2026,ZARAGOZA,Salida,N,8,FUNDADORES Y BLVD. MIRASIERRA,H3,19:19,,,,
04/05/2026,ZARAGOZA,Salida,N,9,CHOPO Y EUCALIPTO,H1,07:29,,,,
04/05/2026,ZARAGOZA,Salida,N,9,CHOPO Y EUCALIPTO,H2,16:44,,,,
04/05/2026,ZARAGOZA,Salida,N,9,CHOPO Y EUCALIPTO,H3,19:29,,,,
04/05/2026,ZARAGOZA,Salida,N,10,FCO. EALY ORTIZ Y EUCALIPTO,H1,07:30,,,,
04/05/2026,ZARAGOZA,Salida,N,10,FCO. EALY ORTIZ Y EUCALIPTO,H2,16:45,,,,
04/05/2026,ZARAGOZA,Salida,N,10,FCO. EALY ORTIZ Y EUCALIPTO,H3,19:30,,,,
05/05/2026,EL PEÑUELO,Entrada,A,1,LA VENTURA,H1,19:00,,,,
05/05/2026,EL PEÑUELO,Entrada,A,1,LA VENTURA,H2,03:30,,,,
05/05/2026,EL PEÑUELO,Entrada,A,1,LA VENTURA,H3,15:30,,,,
05/05/2026,EL PEÑUELO,Entrada,A,1,LA VENTURA,H4,19:30,,,,
05/05/2026,EL PEÑUELO,Entrada,A,2,METALSA,H1,21:20,,,,
05/05/2026,EL PEÑUELO,Entrada,A,2,METALSA,H2,05:50,,,,
05/05/2026,EL PEÑUELO,Entrada,A,2,METALSA,H3,17:50,,,,
05/05/2026,EL PEÑUELO,Entrada,A,2,METALSA,H4,21:50,,,,
05/05/2026,EL PEÑUELO,Salida,N,1,METALSA,H1,15:30,,,,
05/05/2026,EL PEÑUELO,Salida,N,1,METALSA,H2,06:15,06:17,-2,1,0
05/05/2026,EL PEÑUELO,Salida,N,1,METALSA,H3,18:15,18:17,-2,1,0
05/05/2026,EL PEÑUELO,Salida,N,2,LA VENTURA,H1,17:50,,,,
05/05/2026,EL PEÑUELO,Salida,N,2,LA VENTURA,H2,08:35,,,,
05/05/2026,EL PEÑUELO,Salida,N,2,LA VENTURA,H3,20:35,,,,
05/05/2026,EL SALITRE,Entrada,A,1,SALITRE,H1,19:20,,,,
05/05/2026,EL SALITRE,Entrada,A,1,SALITRE,H2,03:50,,,,
05/05/2026,EL SALITRE,Entrada,A,1,SALITRE,H3,15:50,,,,
05/05/2026,EL SALITRE,Entrada,A,1,SALITRE,H4,19:50,,,,
05/05/2026,EL SALITRE,Entrada,A,2,BENITO JUAREZ,H1,19:25,,,,
05/05/2026,EL SALITRE,Entrada,A,2,BENITO JUAREZ,H2,03:55,,,,
05/05/2026,EL SALITRE,Entrada,A,2,BENITO JUAREZ,H3,15:55,,,,
05/05/2026,EL SALITRE,Entrada,A,2,BENITO JUAREZ,H4,19:55,,,,
05/05/2026,EL SALITRE,Entrada,A,3,EL MEZQUITE,H1,19:40,,,,
05/05/2026,EL SALITRE,Entrada,A,3,EL MEZQUITE,H2,04:10,,,,
05/05/2026,EL SALITRE,Entrada,A,3,EL MEZQUITE,H3,16:10,16:11,-1,1,0
05/05/2026,EL SALITRE,Entrada,A,3,EL MEZQUITE,H4,20:10,,,,
05/05/2026,EL SALITRE,Entrada,A,4,PRESA DE LOS MUCHAHCOS,H1,19:55,,,,
05/05/2026,EL SALITRE,Entrada,A,4,PRESA DE LOS MUCHAHCOS,H2,04:25,,,,
05/05/2026,EL SALITRE,Entrada,A,4,PRESA DE LOS MUCHAHCOS,H3,16:25,16:24,1,1,0
05/05/2026,EL SALITRE,Entrada,A,4,PRESA DE LOS MUCHAHCOS,H4,20:25,,,,
05/05/2026,EL SALITRE,Entrada,A,5,AGUA NUEVA,H1,20:43,,,,
05/05/2026,EL SALITRE,Entrada,A,5,AGUA NUEVA,H2,05:13,,,,
05/05/2026,EL SALITRE,Entrada,A,5,AGUA NUEVA,H3,17:13,,,,
05/05/2026,EL SALITRE,Entrada,A,5,AGUA NUEVA,H4,21:13,,,,
05/05/2026,EL SALITRE,Entrada,A,6,METALSA,H1,21:20,,,,
05/05/2026,EL SALITRE,Entrada,A,6,METALSA,H2,05:50,,,,
05/05/2026,EL SALITRE,Entrada,A,6,METALSA,H3,17:50,17:40,10,1,0
05/05/2026,EL SALITRE,Entrada,A,6,METALSA,H4,21:50,,,,
05/05/2026,EL SALITRE,Salida,N,1,METALSA,H1,15:30,,,,
05/05/2026,EL SALITRE,Salida,N,1,METALSA,H2,06:15,06:17,-2,1,0
05/05/2026,EL SALITRE,Salida,N,1,METALSA,H3,18:15,,,,
05/05/2026,EL SALITRE,Salida,N,2,AGUA NUEVA,H1,15:31,,,,
05/05/2026,EL SALITRE,Salida,N,2,AGUA NUEVA,H2,06:16,,,,
05/05/2026,EL SALITRE,Salida,N,2,AGUA NUEVA,H3,18:16,,,,
05/05/2026,EL SALITRE,Salida,N,3,PRESA DE LOS MUCHAHCOS,H1,16:55,,,,
05/05/2026,EL SALITRE,Salida,N,3,PRESA DE LOS MUCHAHCOS,H2,07:40,,,,
05/05/2026,EL SALITRE,Salida,N,3,PRESA DE LOS MUCHAHCOS,H3,19:40,,,,
05/05/2026,EL SALITRE,Salida,N,4,EL MEZQUITE,H1,17:10,,,,
05/05/2026,EL SALITRE,Salida,N,4,EL MEZQUITE,H2,07:55,,,,
05/05/2026,EL SALITRE,Salida,N,4,EL MEZQUITE,H3,19:55,,,,
05/05/2026,EL SALITRE,Salida,N,5,BENITO JUAREZ,H1,17:25,,,,
05/05/2026,EL SALITRE,Salida,N,5,BENITO JUAREZ,H2,08:10,,,,
05/05/2026,EL SALITRE,Salida,N,5,BENITO JUAREZ,H3,20:10,,,,
05/05/2026,EL SALITRE,Salida,N,6,SALITRE,H1,17:30,,,,
05/05/2026,EL SALITRE,Salida,N,6,SALITRE,H2,08:15,,,,
05/05/2026,EL SALITRE,Salida,N,6,SALITRE,H3,20:15,,,,
05/05/2026,LA HEDIONDA,Entrada,N,1,LAS ESPERANZAS,H1,20:00,,,,
05/05/2026,LA HEDIONDA,Entrada,N,1,LAS ESPERANZAS,H2,04:30,04:32,-2,1,0
05/05/2026,LA HEDIONDA,Entrada,N,1,LAS ESPERANZAS,H3,16:30,,,,
05/05/2026,LA HEDIONDA,Entrada,N,1,LAS ESPERANZAS,H4,20:30,,,,
05/05/2026,LA HEDIONDA,Entrada,N,2,HEDIONDA,H1,20:20,,,,
05/05/2026,LA HEDIONDA,Entrada,N,2,HEDIONDA,H2,04:50,,,,
05/05/2026,LA HEDIONDA,Entrada,N,2,HEDIONDA,H3,16:50,,,,
05/05/2026,LA HEDIONDA,Entrada,N,2,HEDIONDA,H4,20:50,,,,
05/05/2026,LA HEDIONDA,Entrada,N,3,METALSA,H1,21:20,,,,
05/05/2026,LA HEDIONDA,Entrada,N,3,METALSA,H2,05:50,05:42,8,1,0
05/05/2026,LA HEDIONDA,Entrada,N,3,METALSA,H3,17:50,,,,
05/05/2026,LA HEDIONDA,Entrada,N,3,METALSA,H4,21:50,,,,
05/05/2026,LA HEDIONDA,Salida,N,1,METALSA,H1,15:30,,,,
05/05/2026,LA HEDIONDA,Salida,N,1,METALSA,H2,06:15,,,,
05/05/2026,LA HEDIONDA,Salida,N,1,METALSA,H3,18:15,18:16,-1,1,0
05/05/2026,LA HEDIONDA,Salida,N,2,HEDIONDA,H1,16:30,,,,
05/05/2026,LA HEDIONDA,Salida,N,2,HEDIONDA,H2,07:15,,,,
05/05/2026,LA HEDIONDA,Salida,N,2,HEDIONDA,H3,19:15,,,,
05/05/2026,LA HEDIONDA,Salida,N,3,LAS ESPERANZAS,H1,16:50,,,,
05/05/2026,LA HEDIONDA,Salida,N,3,LAS ESPERANZAS,H2,07:35,,,,
05/05/2026,LA HEDIONDA,Salida,N,3,LAS ESPERANZAS,H3,19:35,,,,
05/05/2026,LA SAUCEDA,Entrada,N,1,LA SAUCEDA,H1,04:00,04:02,-2,1,0
05/05/2026,LA SAUCEDA,Entrada,N,1,LA SAUCEDA,H2,16:00,16:02,-2,1,0
05/05/2026,LA SAUCEDA,Entrada,N,1,LA SAUCEDA,H3,19:30,,,,
05/05/2026,LA SAUCEDA,Entrada,N,1,LA SAUCEDA,H4,20:00,,,,
05/05/2026,LA SAUCEDA,Entrada,N,2,HIPOLITO,H1,04:15,04:18,-3,1,0
05/05/2026,LA SAUCEDA,Entrada,N,2,HIPOLITO,H2,16:15,16:19,-4,1,0
05/05/2026,LA SAUCEDA,Entrada,N,2,HIPOLITO,H3,19:45,,,,
05/05/2026,LA SAUCEDA,Entrada,N,2,HIPOLITO,H4,20:15,,,,
05/05/2026,LA SAUCEDA,Entrada,N,3,SAN ANTONIO DEL JARAL,H1,04:32,04:39,-7,1,0
05/05/2026,LA SAUCEDA,Entrada,N,3,SAN ANTONIO DEL JARAL,H2,16:32,,,,
05/05/2026,LA SAUCEDA,Entrada,N,3,SAN ANTONIO DEL JARAL,H3,20:02,,,,
05/05/2026,LA SAUCEDA,Entrada,N,3,SAN ANTONIO DEL JARAL,H4,20:32,,,,
05/05/2026,LA SAUCEDA,Entrada,N,4,CASETA DE PLAN DE AYALA,H1,04:50,,,,
05/05/2026,LA SAUCEDA,Entrada,N,4,CASETA DE PLAN DE AYALA,H2,16:50,16:56,-6,1,0
05/05/2026,LA SAUCEDA,Entrada,N,4,CASETA DE PLAN DE AYALA,H3,20:20,,,,
05/05/2026,LA SAUCEDA,Entrada,N,4,CASETA DE PLAN DE AYALA,H4,20:42,,,,
05/05/2026,LA SAUCEDA,Entrada,N,5,METALSA,H1,05:50,05:41,9,1,0
05/05/2026,LA SAUCEDA,Entrada,N,5,METALSA,H2,17:50,17:56,-6,1,0
05/05/2026,LA SAUCEDA,Entrada,N,5,METALSA,H3,21:20,,,,
05/05/2026,LA SAUCEDA,Entrada,N,5,METALSA,H4,21:50,,,,
05/05/2026,LA SAUCEDA,Salida,N,1,METALSA,H1,06:15,06:17,-2,1,0
05/05/2026,LA SAUCEDA,Salida,N,1,METALSA,H2,15:30,,,,
05/05/2026,LA SAUCEDA,Salida,N,1,METALSA,H3,18:15,18:18,-3,1,0
05/05/2026,LA SAUCEDA,Salida,N,2,CASETA DE PLAN DE AYALA,H1,07:15,,,,
05/05/2026,LA SAUCEDA,Salida,N,2,CASETA DE PLAN DE AYALA,H2,16:30,,,,
05/05/2026,LA SAUCEDA,Salida,N,2,CASETA DE PLAN DE AYALA,H3,19:15,,,,
05/05/2026,LA SAUCEDA,Salida,N,3,SAN ANTONIO DEL JARAL,H1,07:33,,,,
05/05/2026,LA SAUCEDA,Salida,N,3,SAN ANTONIO DEL JARAL,H2,16:48,,,,
05/05/2026,LA SAUCEDA,Salida,N,3,SAN ANTONIO DEL JARAL,H3,19:33,,,,
05/05/2026,LA SAUCEDA,Salida,N,4,HIPOLITO,H1,07:50,07:34,16,1,0
05/05/2026,LA SAUCEDA,Salida,N,4,HIPOLITO,H2,17:05,,,,
05/05/2026,LA SAUCEDA,Salida,N,4,HIPOLITO,H3,19:50,,,,
05/05/2026,LA SAUCEDA,Salida,N,5,LA SAUCEDA,H1,08:05,,,,
05/05/2026,LA SAUCEDA,Salida,N,5,LA SAUCEDA,H2,17:20,,,,
05/05/2026,LA SAUCEDA,Salida,N,5,LA SAUCEDA,H3,20:05,20:00,5,1,0
05/05/2026,LOMA LINDA - URDIÑOLA,Entrada,N,1,MEZQUITE Y GORDOLOBO,H1,04:05,04:10,-5,1,0
05/05/2026,LOMA LINDA - URDIÑOLA,Entrada,N,1,MEZQUITE Y GORDOLOBO,H2,16:05,16:05,0,1,0
05/05/2026,LOMA LINDA - URDIÑOLA,Entrada,N,1,MEZQUITE Y GORDOLOBO,H3,19:35,,,,
05/05/2026,LOMA LINDA - URDIÑOLA,Entrada,N,1,MEZQUITE Y GORDOLOBO,H4,20:05,,,,
05/05/2026,LOMA LINDA - URDIÑOLA,Entrada,N,2,MEZQUITE Y NUECES,H1,04:10,04:10,0,1,0
05/05/2026,LOMA LINDA - URDIÑOLA,Entrada,N,2,MEZQUITE Y NUECES,H2,16:10,16:08,2,1,0
05/05/2026,LOMA LINDA - URDIÑOLA,Entrada,N,2,MEZQUITE Y NUECES,H3,19:40,,,,
05/05/2026,LOMA LINDA - URDIÑOLA,Entrada,N,2,MEZQUITE Y NUECES,H4,20:10,,,,
05/05/2026,LOMA LINDA - URDIÑOLA,Entrada,N,3,BLVD SANTA LUCIA Y CALLE 7,H1,04:20,04:20,0,1,0
05/05/2026,LOMA LINDA - URDIÑOLA,Entrada,N,3,BLVD SANTA LUCIA Y CALLE 7,H2,16:20,16:00,20,1,0
05/05/2026,LOMA LINDA - URDIÑOLA,Entrada,N,3,BLVD SANTA LUCIA Y CALLE 7,H3,19:50,,,,
05/05/2026,LOMA LINDA - URDIÑOLA,Entrada,N,3,BLVD SANTA LUCIA Y CALLE 7,H4,20:20,,,,
05/05/2026,LOMA LINDA - URDIÑOLA,Entrada,N,4,BLVD VALDES SANCHEZ Y (PLANTA LEAR),H1,04:30,04:32,-2,1,0
05/05/2026,LOMA LINDA - URDIÑOLA,Entrada,N,4,BLVD VALDES SANCHEZ Y (PLANTA LEAR),H2,16:30,16:31,-1,1,0
05/05/2026,LOMA LINDA - URDIÑOLA,Entrada,N,4,BLVD VALDES SANCHEZ Y (PLANTA LEAR),H3,20:00,,,,
05/05/2026,LOMA LINDA - URDIÑOLA,Entrada,N,4,BLVD VALDES SANCHEZ Y (PLANTA LEAR),H4,20:30,,,,
05/05/2026,LOMA LINDA - URDIÑOLA,Entrada,N,5,STA. GERTRUDIS Y STA. CECILIA (DEL ACUEDUCTO),H1,04:32,04:29,3,1,0
05/05/2026,LOMA LINDA - URDIÑOLA,Entrada,N,5,STA. GERTRUDIS Y STA. CECILIA (DEL ACUEDUCTO),H2,16:32,16:28,4,1,0
05/05/2026,LOMA LINDA - URDIÑOLA,Entrada,N,5,STA. GERTRUDIS Y STA. CECILIA (DEL ACUEDUCTO),H3,20:02,,,,
05/05/2026,LOMA LINDA - URDIÑOLA,Entrada,N,5,STA. GERTRUDIS Y STA. CECILIA (DEL ACUEDUCTO),H4,20:32,,,,
05/05/2026,LOMA LINDA - URDIÑOLA,Entrada,N,6,DEPOSITO DE AGUA FRACC PLAZA,H1,04:35,04:38,-3,1,0
05/05/2026,LOMA LINDA - URDIÑOLA,Entrada,N,6,DEPOSITO DE AGUA FRACC PLAZA,H2,16:35,16:36,-1,1,0
05/05/2026,LOMA LINDA - URDIÑOLA,Entrada,N,6,DEPOSITO DE AGUA FRACC PLAZA,H3,20:05,,,,
05/05/2026,LOMA LINDA - URDIÑOLA,Entrada,N,6,DEPOSITO DE AGUA FRACC PLAZA,H4,20:35,,,,
05/05/2026,LOMA LINDA - URDIÑOLA,Entrada,N,7,BLVD VALDES SANCHEZ Y BLVD MINERIA,H1,04:40,04:41,-1,1,0
05/05/2026,LOMA LINDA - URDIÑOLA,Entrada,N,7,BLVD VALDES SANCHEZ Y BLVD MINERIA,H2,16:40,16:40,0,1,0
05/05/2026,LOMA LINDA - URDIÑOLA,Entrada,N,7,BLVD VALDES SANCHEZ Y BLVD MINERIA,H3,20:10,,,,
05/05/2026,LOMA LINDA - URDIÑOLA,Entrada,N,7,BLVD VALDES SANCHEZ Y BLVD MINERIA,H4,20:40,,,,
05/05/2026,LOMA LINDA - URDIÑOLA,Entrada,N,8,REFORMA Y URDIÑOLA,H1,04:50,04:49,1,1,0
05/05/2026,LOMA LINDA - URDIÑOLA,Entrada,N,8,REFORMA Y URDIÑOLA,H2,16:50,16:48,2,1,0
05/05/2026,LOMA LINDA - URDIÑOLA,Entrada,N,8,REFORMA Y URDIÑOLA,H3,20:20,,,,
05/05/2026,LOMA LINDA - URDIÑOLA,Entrada,N,8,REFORMA Y URDIÑOLA,H4,20:50,,,,
05/05/2026,LOMA LINDA - URDIÑOLA,Entrada,N,9,PROL. URDIÑOLA Y J. MERY,H1,04:55,04:57,-2,1,0
05/05/2026,LOMA LINDA - URDIÑOLA,Entrada,N,9,PROL. URDIÑOLA Y J. MERY,H2,16:55,16:55,0,1,0
05/05/2026,LOMA LINDA - URDIÑOLA,Entrada,N,9,PROL. URDIÑOLA Y J. MERY,H3,20:25,,,,
05/05/2026,LOMA LINDA - URDIÑOLA,Entrada,N,9,PROL. URDIÑOLA Y J. MERY,H4,20:55,,,,
05/05/2026,LOMA LINDA - URDIÑOLA,Entrada,N,10,PROL URDIÑOLA Y PERIFERICO LEA,H1,05:00,05:01,-1,1,0
05/05/2026,LOMA LINDA - URDIÑOLA,Entrada,N,10,PROL URDIÑOLA Y PERIFERICO LEA,H2,17:00,17:03,-3,1,0
05/05/2026,LOMA LINDA - URDIÑOLA,Entrada,N,10,PROL URDIÑOLA Y PERIFERICO LEA,H3,20:30,,,,
05/05/2026,LOMA LINDA - URDIÑOLA,Entrada,N,10,PROL URDIÑOLA Y PERIFERICO LEA,H4,21:00,,,,
05/05/2026,LOMA LINDA - URDIÑOLA,Entrada,N,11,BLVD ANTONIO CARDENAS Y TEODORO SANCHEZ,H1,05:10,05:14,-4,1,0
05/05/2026,LOMA LINDA - URDIÑOLA,Entrada,N,11,BLVD ANTONIO CARDENAS Y TEODORO SANCHEZ,H2,17:10,17:17,-7,1,0
05/05/2026,LOMA LINDA - URDIÑOLA,Entrada,N,11,BLVD ANTONIO CARDENAS Y TEODORO SANCHEZ,H3,20:40,,,,
05/05/2026,LOMA LINDA - URDIÑOLA,Entrada,N,11,BLVD ANTONIO CARDENAS Y TEODORO SANCHEZ,H4,21:10,,,,
05/05/2026,LOMA LINDA - URDIÑOLA,Entrada,N,12,BLVD SANTA ELENA Y GUACALI,H1,05:20,05:23,-3,1,0
05/05/2026,LOMA LINDA - URDIÑOLA,Entrada,N,12,BLVD SANTA ELENA Y GUACALI,H2,17:20,17:25,-5,1,0
05/05/2026,LOMA LINDA - URDIÑOLA,Entrada,N,12,BLVD SANTA ELENA Y GUACALI,H3,20:50,,,,
05/05/2026,LOMA LINDA - URDIÑOLA,Entrada,N,12,BLVD SANTA ELENA Y GUACALI,H4,21:20,,,,
05/05/2026,LOMA LINDA - URDIÑOLA,Entrada,N,13,CARR. SALTILLO-ZACATECAS,H1,05:25,05:24,1,1,0
05/05/2026,LOMA LINDA - URDIÑOLA,Entrada,N,13,CARR. SALTILLO-ZACATECAS,H2,17:25,17:27,-2,1,0
05/05/2026,LOMA LINDA - URDIÑOLA,Entrada,N,13,CARR. SALTILLO-ZACATECAS,H3,20:55,,,,
05/05/2026,LOMA LINDA - URDIÑOLA,Entrada,N,13,CARR. SALTILLO-ZACATECAS,H4,21:25,,,,
05/05/2026,LOMA LINDA - URDIÑOLA,Entrada,N,14,METALSA,H1,05:50,05:44,6,1,0
05/05/2026,LOMA LINDA - URDIÑOLA,Entrada,N,14,METALSA,H2,17:50,17:41,9,1,0
05/05/2026,LOMA LINDA - URDIÑOLA,Entrada,N,14,METALSA,H3,21:20,,,,
05/05/2026,LOMA LINDA - URDIÑOLA,Entrada,N,14,METALSA,H4,21:50,,,,
05/05/2026,LOMA LINDA - URDIÑOLA,Salida,N,1,METALSA,H1,06:15,06:15,0,1,0
05/05/2026,LOMA LINDA - URDIÑOLA,Salida,N,1,METALSA,H2,15:30,,,,
05/05/2026,LOMA LINDA - URDIÑOLA,Salida,N,1,METALSA,H3,18:15,,,,
05/05/2026,LOMA LINDA - URDIÑOLA,Salida,N,2,CARR. SALTILLO-ZACATECAS,H1,06:29,,,,
05/05/2026,LOMA LINDA - URDIÑOLA,Salida,N,2,CARR. SALTILLO-ZACATECAS,H2,15:59,,,,
05/05/2026,LOMA LINDA - URDIÑOLA,Salida,N,2,CARR. SALTILLO-ZACATECAS,H3,18:29,,,,
05/05/2026,LOMA LINDA - URDIÑOLA,Salida,N,3,BLVD SANTA ELENA Y GUACALI,H1,06:30,06:30,0,1,0
05/05/2026,LOMA LINDA - URDIÑOLA,Salida,N,3,BLVD SANTA ELENA Y GUACALI,H2,16:00,,,,
05/05/2026,LOMA LINDA - URDIÑOLA,Salida,N,3,BLVD SANTA ELENA Y GUACALI,H3,18:30,18:31,-1,1,0
05/05/2026,LOMA LINDA - URDIÑOLA,Salida,N,4,BLVD ANTONIO CARDENAS Y TEODORO SANCHEZ,H1,06:31,,,,
05/05/2026,LOMA LINDA - URDIÑOLA,Salida,N,4,BLVD ANTONIO CARDENAS Y TEODORO SANCHEZ,H2,16:01,,,,
05/05/2026,LOMA LINDA - URDIÑOLA,Salida,N,4,BLVD ANTONIO CARDENAS Y TEODORO SANCHEZ,H3,18:31,,,,
05/05/2026,LOMA LINDA - URDIÑOLA,Salida,N,5,PROL URDIÑOLA Y PERIFERICO LEA,H1,06:32,,,,
05/05/2026,LOMA LINDA - URDIÑOLA,Salida,N,5,PROL URDIÑOLA Y PERIFERICO LEA,H2,16:02,,,,
05/05/2026,LOMA LINDA - URDIÑOLA,Salida,N,5,PROL URDIÑOLA Y PERIFERICO LEA,H3,18:32,,,,
05/05/2026,LOMA LINDA - URDIÑOLA,Salida,N,6,PROL. URDIÑOLA Y J. MERY,H1,06:33,,,,
05/05/2026,LOMA LINDA - URDIÑOLA,Salida,N,6,PROL. URDIÑOLA Y J. MERY,H2,16:03,,,,
05/05/2026,LOMA LINDA - URDIÑOLA,Salida,N,6,PROL. URDIÑOLA Y J. MERY,H3,18:33,,,,
05/05/2026,LOMA LINDA - URDIÑOLA,Salida,N,7,REFORMA Y URDIÑOLA,H1,06:34,,,,
05/05/2026,LOMA LINDA - URDIÑOLA,Salida,N,7,REFORMA Y URDIÑOLA,H2,16:04,,,,
05/05/2026,LOMA LINDA - URDIÑOLA,Salida,N,7,REFORMA Y URDIÑOLA,H3,18:34,19:03,-29,1,0
05/05/2026,LOMA LINDA - URDIÑOLA,Salida,N,8,BLVD VALDES SANCHEZ Y BLVD MINERIA,H1,06:55,,,,
05/05/2026,LOMA LINDA - URDIÑOLA,Salida,N,8,BLVD VALDES SANCHEZ Y BLVD MINERIA,H2,16:10,,,,
05/05/2026,LOMA LINDA - URDIÑOLA,Salida,N,8,BLVD VALDES SANCHEZ Y BLVD MINERIA,H3,18:55,,,,
05/05/2026,LOMA LINDA - URDIÑOLA,Salida,N,9,DEPOSITO DE AGUA FRACC PLAZA,H1,07:00,,,,
05/05/2026,LOMA LINDA - URDIÑOLA,Salida,N,9,DEPOSITO DE AGUA FRACC PLAZA,H2,16:15,,,,
05/05/2026,LOMA LINDA - URDIÑOLA,Salida,N,9,DEPOSITO DE AGUA FRACC PLAZA,H3,19:00,,,,
05/05/2026,LOMA LINDA - URDIÑOLA,Salida,N,10,BLVD VALDES SANCHEZ Y (PLANTA LEAR),H1,07:05,,,,
05/05/2026,LOMA LINDA - URDIÑOLA,Salida,N,10,BLVD VALDES SANCHEZ Y (PLANTA LEAR),H2,16:20,,,,
05/05/2026,LOMA LINDA - URDIÑOLA,Salida,N,10,BLVD VALDES SANCHEZ Y (PLANTA LEAR),H3,19:05,,,,
05/05/2026,LOMA LINDA - URDIÑOLA,Salida,N,11,BLVD SANTA LUCIA Y BLVD FUNDADORES,H1,07:15,,,,
05/05/2026,LOMA LINDA - URDIÑOLA,Salida,N,11,BLVD SANTA LUCIA Y BLVD FUNDADORES,H2,16:30,,,,
05/05/2026,LOMA LINDA - URDIÑOLA,Salida,N,11,BLVD SANTA LUCIA Y BLVD FUNDADORES,H3,19:15,,,,
05/05/2026,LOMA LINDA - URDIÑOLA,Salida,N,12,BLVD SANTA LUCIA Y CALLE 7,H1,07:16,,,,
05/05/2026,LOMA LINDA - URDIÑOLA,Salida,N,12,BLVD SANTA LUCIA Y CALLE 7,H2,16:31,,,,
05/05/2026,LOMA LINDA - URDIÑOLA,Salida,N,12,BLVD SANTA LUCIA Y CALLE 7,H3,19:16,,,,
05/05/2026,LOMA LINDA - URDIÑOLA,Salida,N,13,MEZQUITE Y NUECES,H1,07:25,,,,
05/05/2026,LOMA LINDA - URDIÑOLA,Salida,N,13,MEZQUITE Y NUECES,H2,16:40,,,,
05/05/2026,LOMA LINDA - URDIÑOLA,Salida,N,13,MEZQUITE Y NUECES,H3,19:25,,,,
05/05/2026,LOMA LINDA - URDIÑOLA,Salida,N,14,MEZQUITE Y GORDOLOBO,H1,07:30,07:13,17,1,0
05/05/2026,LOMA LINDA - URDIÑOLA,Salida,N,14,MEZQUITE Y GORDOLOBO,H2,16:45,,,,
05/05/2026,LOMA LINDA - URDIÑOLA,Salida,N,14,MEZQUITE Y GORDOLOBO,H3,19:30,19:36,-6,1,0
05/05/2026,LOS HOYOS - MACUYU,Entrada,A,1,LOS HOYOS,H1,03:20,,,,
05/05/2026,LOS HOYOS - MACUYU,Entrada,A,1,LOS HOYOS,H2,15:20,,,,
05/05/2026,LOS HOYOS - MACUYU,Entrada,A,1,LOS HOYOS,H3,18:50,,,,
05/05/2026,LOS HOYOS - MACUYU,Entrada,A,1,LOS HOYOS,H4,19:20,,,,
05/05/2026,LOS HOYOS - MACUYU,Entrada,A,2,HUARICHE,H1,03:38,,,,
05/05/2026,LOS HOYOS - MACUYU,Entrada,A,2,HUARICHE,H2,15:38,,,,
05/05/2026,LOS HOYOS - MACUYU,Entrada,A,2,HUARICHE,H3,19:08,,,,
05/05/2026,LOS HOYOS - MACUYU,Entrada,A,2,HUARICHE,H4,19:38,,,,
05/05/2026,LOS HOYOS - MACUYU,Entrada,A,3,PRESA DE GUADALUPE,H1,04:08,04:07,1,1,0
05/05/2026,LOS HOYOS - MACUYU,Entrada,A,3,PRESA DE GUADALUPE,H2,16:08,16:07,1,1,0
05/05/2026,LOS HOYOS - MACUYU,Entrada,A,3,PRESA DE GUADALUPE,H3,19:38,,,,
05/05/2026,LOS HOYOS - MACUYU,Entrada,A,3,PRESA DE GUADALUPE,H4,20:08,,,,
05/05/2026,LOS HOYOS - MACUYU,Entrada,A,4,MACUYU,H1,04:14,04:19,-5,1,0
05/05/2026,LOS HOYOS - MACUYU,Entrada,A,4,MACUYU,H2,16:14,,,,
05/05/2026,LOS HOYOS - MACUYU,Entrada,A,4,MACUYU,H3,19:44,,,,
05/05/2026,LOS HOYOS - MACUYU,Entrada,A,4,MACUYU,H4,20:14,,,,
05/05/2026,LOS HOYOS - MACUYU,Entrada,A,5,DOS DE ABRIL,H1,04:24,04:30,-6,1,0
05/05/2026,LOS HOYOS - MACUYU,Entrada,A,5,DOS DE ABRIL,H2,16:24,16:27,-3,1,0
05/05/2026,LOS HOYOS - MACUYU,Entrada,A,5,DOS DE ABRIL,H3,19:54,,,,
05/05/2026,LOS HOYOS - MACUYU,Entrada,A,5,DOS DE ABRIL,H4,20:24,,,,
05/05/2026,LOS HOYOS - MACUYU,Entrada,A,6,LA PAZ,H1,04:50,05:00,-10,1,0
05/05/2026,LOS HOYOS - MACUYU,Entrada,A,6,LA PAZ,H2,16:50,16:57,-7,1,0
05/05/2026,LOS HOYOS - MACUYU,Entrada,A,6,LA PAZ,H3,20:20,,,,
05/05/2026,LOS HOYOS - MACUYU,Entrada,A,6,LA PAZ,H4,20:50,,,,
05/05/2026,LOS HOYOS - MACUYU,Entrada,A,7,DERRAMADERO,H1,05:08,05:19,-11,1,0
05/05/2026,LOS HOYOS - MACUYU,Entrada,A,7,DERRAMADERO,H2,17:08,17:16,-8,1,0
05/05/2026,LOS HOYOS - MACUYU,Entrada,A,7,DERRAMADERO,H3,20:38,,,,
05/05/2026,LOS HOYOS - MACUYU,Entrada,A,7,DERRAMADERO,H4,21:08,,,,
05/05/2026,LOS HOYOS - MACUYU,Entrada,A,8,METALSA,H1,05:50,05:47,3,1,0
05/05/2026,LOS HOYOS - MACUYU,Entrada,A,8,METALSA,H2,17:50,17:42,8,1,0
05/05/2026,LOS HOYOS - MACUYU,Entrada,A,8,METALSA,H3,21:20,,,,
05/05/2026,LOS HOYOS - MACUYU,Entrada,A,8,METALSA,H4,21:50,,,,
05/05/2026,LOS HOYOS - MACUYU,Salida,N,1,METALSA,H1,15:30,,,,
05/05/2026,LOS HOYOS - MACUYU,Salida,N,1,METALSA,H2,06:15,06:16,-1,1,0
05/05/2026,LOS HOYOS - MACUYU,Salida,N,1,METALSA,H3,18:15,,,,
05/05/2026,LOS HOYOS - MACUYU,Salida,N,2,DERRAMADERO,H1,15:41,,,,
05/05/2026,LOS HOYOS - MACUYU,Salida,N,2,DERRAMADERO,H2,06:26,06:41,-15,1,0
05/05/2026,LOS HOYOS - MACUYU,Salida,N,2,DERRAMADERO,H3,18:26,18:41,-15,1,0
05/05/2026,LOS HOYOS - MACUYU,Salida,N,3,LA PAZ,H1,15:42,,,,
05/05/2026,LOS HOYOS - MACUYU,Salida,N,3,LA PAZ,H2,06:27,06:55,-28,1,0
05/05/2026,LOS HOYOS - MACUYU,Salida,N,3,LA PAZ,H3,18:27,18:57,-30,1,0
05/05/2026,LOS HOYOS - MACUYU,Salida,N,4,DOS DE ABRIL,H1,15:44,,,,
05/05/2026,LOS HOYOS - MACUYU,Salida,N,4,DOS DE ABRIL,H2,06:29,07:27,-58,1,0
05/05/2026,LOS HOYOS - MACUYU,Salida,N,4,DOS DE ABRIL,H3,18:29,19:29,-60,1,0
05/05/2026,LOS HOYOS - MACUYU,Salida,N,5,MACUYU,H1,15:45,,,,
05/05/2026,LOS HOYOS - MACUYU,Salida,N,5,MACUYU,H2,06:30,07:50,-80,1,0
05/05/2026,LOS HOYOS - MACUYU,Salida,N,5,MACUYU,H3,18:30,19:41,-71,1,0
05/05/2026,LOS HOYOS - MACUYU,Salida,N,6,PRESA DE GUADALUPE,H1,16:00,,,,
05/05/2026,LOS HOYOS - MACUYU,Salida,N,6,PRESA DE GUADALUPE,H2,06:31,07:43,-72,1,0
05/05/2026,LOS HOYOS - MACUYU,Salida,N,6,PRESA DE GUADALUPE,H3,18:35,19:39,-64,1,0
05/05/2026,LOS HOYOS - MACUYU,Salida,N,7,HUARICHE,H1,17:18,,,,
05/05/2026,LOS HOYOS - MACUYU,Salida,N,7,HUARICHE,H2,08:03,,,,
05/05/2026,LOS HOYOS - MACUYU,Salida,N,7,HUARICHE,H3,20:03,,,,
05/05/2026,LOS HOYOS - MACUYU,Salida,N,8,LOS HOYOS,H1,17:30,,,,
05/05/2026,LOS HOYOS - MACUYU,Salida,N,8,LOS HOYOS,H2,08:15,,,,
05/05/2026,LOS HOYOS - MACUYU,Salida,N,8,LOS HOYOS,H3,20:15,,,,
05/05/2026,OTILIO,Entrada,N,1,CALLE 23 Y CALLE 16,H1,04:25,04:37,-12,1,0
05/05/2026,OTILIO,Entrada,N,1,CALLE 23 Y CALLE 16,H2,16:25,16:27,-2,1,0
05/05/2026,OTILIO,Entrada,N,1,CALLE 23 Y CALLE 16,H3,19:55,,,,
05/05/2026,OTILIO,Entrada,N,1,CALLE 23 Y CALLE 16,H4,20:25,,,,
05/05/2026,OTILIO,Entrada,N,2,MARMOL Y EMILIANO ZAPATA,H1,04:27,04:27,0,1,0
05/05/2026,OTILIO,Entrada,N,2,MARMOL Y EMILIANO ZAPATA,H2,16:27,16:30,-3,1,0
05/05/2026,OTILIO,Entrada,N,2,MARMOL Y EMILIANO ZAPATA,H3,19:57,,,,
05/05/2026,OTILIO,Entrada,N,2,MARMOL Y EMILIANO ZAPATA,H4,20:27,,,,
05/05/2026,OTILIO,Entrada,N,3,LIBERTAD Y OTILIO,H1,04:31,04:31,0,1,0
05/05/2026,OTILIO,Entrada,N,3,LIBERTAD Y OTILIO,H2,16:31,16:33,-2,1,0
05/05/2026,OTILIO,Entrada,N,3,LIBERTAD Y OTILIO,H3,20:01,,,,
05/05/2026,OTILIO,Entrada,N,3,LIBERTAD Y OTILIO,H4,20:31,,,,
05/05/2026,OTILIO,Entrada,N,4,ONCEAVA Y ESCUADRON DE LA AVIACION,H1,04:42,04:48,-6,1,0
05/05/2026,OTILIO,Entrada,N,4,ONCEAVA Y ESCUADRON DE LA AVIACION,H2,16:42,16:43,-1,1,0
05/05/2026,OTILIO,Entrada,N,4,ONCEAVA Y ESCUADRON DE LA AVIACION,H3,20:12,,,,
05/05/2026,OTILIO,Entrada,N,4,ONCEAVA Y ESCUADRON DE LA AVIACION,H4,20:42,,,,
05/05/2026,OTILIO,Entrada,N,5,BLVD JUAREZ Y MIGUEL HIDALGO,H1,04:52,04:56,-4,1,0
05/05/2026,OTILIO,Entrada,N,5,BLVD JUAREZ Y MIGUEL HIDALGO,H2,16:52,,,,
05/05/2026,OTILIO,Entrada,N,5,BLVD JUAREZ Y MIGUEL HIDALGO,H3,20:22,,,,
05/05/2026,OTILIO,Entrada,N,5,BLVD JUAREZ Y MIGUEL HIDALGO,H4,20:52,,,,
05/05/2026,OTILIO,Entrada,N,6,IGNACIO ALLENDE Y CALLE 13,H1,04:58,04:59,-1,1,0
05/05/2026,OTILIO,Entrada,N,6,IGNACIO ALLENDE Y CALLE 13,H2,16:58,,,,
05/05/2026,OTILIO,Entrada,N,6,IGNACIO ALLENDE Y CALLE 13,H3,20:28,,,,
05/05/2026,OTILIO,Entrada,N,6,IGNACIO ALLENDE Y CALLE 13,H4,20:58,,,,
05/05/2026,OTILIO,Entrada,N,7,LOMAS DE LOURDES Y LUIS PASTEUR,H1,05:06,05:06,0,1,0
05/05/2026,OTILIO,Entrada,N,7,LOMAS DE LOURDES Y LUIS PASTEUR,H2,17:06,17:05,1,1,0
05/05/2026,OTILIO,Entrada,N,7,LOMAS DE LOURDES Y LUIS PASTEUR,H3,20:36,,,,
05/05/2026,OTILIO,Entrada,N,7,LOMAS DE LOURDES Y LUIS PASTEUR,H4,21:06,,,,
05/05/2026,OTILIO,Entrada,N,8,CARR. SALTILLO-ZACATECAS,H1,05:15,05:17,-2,1,0
05/05/2026,OTILIO,Entrada,N,8,CARR. SALTILLO-ZACATECAS,H2,17:15,17:21,-6,1,0
05/05/2026,OTILIO,Entrada,N,8,CARR. SALTILLO-ZACATECAS,H3,20:45,,,,
05/05/2026,OTILIO,Entrada,N,8,CARR. SALTILLO-ZACATECAS,H4,21:15,,,,
05/05/2026,OTILIO,Entrada,N,9,METALSA,H1,05:50,05:34,16,1,0
05/05/2026,OTILIO,Entrada,N,9,METALSA,H2,17:50,17:37,13,1,0
05/05/2026,OTILIO,Entrada,N,9,METALSA,H3,21:20,,,,
05/05/2026,OTILIO,Entrada,N,9,METALSA,H4,21:50,,,,
05/05/2026,OTILIO,Salida,N,1,METALSA,H1,06:15,,,,
05/05/2026,OTILIO,Salida,N,1,METALSA,H2,15:30,,,,
05/05/2026,OTILIO,Salida,N,1,METALSA,H3,18:15,,,,
05/05/2026,OTILIO,Salida,N,2,CARR. SALTILLO-ZACATECAS,H1,06:50,,,,
05/05/2026,OTILIO,Salida,N,2,CARR. SALTILLO-ZACATECAS,H2,16:05,,,,
05/05/2026,OTILIO,Salida,N,2,CARR. SALTILLO-ZACATECAS,H3,18:50,,,,
05/05/2026,OTILIO,Salida,N,3,LOMAS DE LOURDES Y LUIS PASTEUR,H1,06:59,,,,
05/05/2026,OTILIO,Salida,N,3,LOMAS DE LOURDES Y LUIS PASTEUR,H2,16:14,,,,
05/05/2026,OTILIO,Salida,N,3,LOMAS DE LOURDES Y LUIS PASTEUR,H3,18:59,,,,
05/05/2026,OTILIO,Salida,N,4,IGNACIO ALLENDE Y CALLE 13,H1,07:07,,,,
05/05/2026,OTILIO,Salida,N,4,IGNACIO ALLENDE Y CALLE 13,H2,16:22,,,,
05/05/2026,OTILIO,Salida,N,4,IGNACIO ALLENDE Y CALLE 13,H3,19:07,,,,
05/05/2026,OTILIO,Salida,N,5,BLVD JUAREZ Y MIGUEL HIDALGO,H1,07:13,,,,
05/05/2026,OTILIO,Salida,N,5,BLVD JUAREZ Y MIGUEL HIDALGO,H2,16:28,,,,
05/05/2026,OTILIO,Salida,N,5,BLVD JUAREZ Y MIGUEL HIDALGO,H3,19:13,,,,
05/05/2026,OTILIO,Salida,N,6,ONCEAVA Y ESCUADRON DE LA AVIACION,H1,07:23,,,,
05/05/2026,OTILIO,Salida,N,6,ONCEAVA Y ESCUADRON DE LA AVIACION,H2,16:38,,,,
05/05/2026,OTILIO,Salida,N,6,ONCEAVA Y ESCUADRON DE LA AVIACION,H3,19:23,,,,
05/05/2026,OTILIO,Salida,N,7,LIBERTAD Y OTILIO,H1,07:34,,,,
05/05/2026,OTILIO,Salida,N,7,LIBERTAD Y OTILIO,H2,16:49,,,,
05/05/2026,OTILIO,Salida,N,7,LIBERTAD Y OTILIO,H3,19:34,,,,
05/05/2026,OTILIO,Salida,N,8,MARMOL Y EMILIANO ZAPATA,H1,07:38,,,,
05/05/2026,OTILIO,Salida,N,8,MARMOL Y EMILIANO ZAPATA,H2,16:53,,,,
05/05/2026,OTILIO,Salida,N,8,MARMOL Y EMILIANO ZAPATA,H3,19:38,,,,
05/05/2026,OTILIO,Salida,N,9,CALLE 23 Y CALLE 16,H1,07:40,,,,
05/05/2026,OTILIO,Salida,N,9,CALLE 23 Y CALLE 16,H2,16:55,,,,
05/05/2026,OTILIO,Salida,N,9,CALLE 23 Y CALLE 16,H3,19:40,,,,
05/05/2026,PARRAS CASETA,Entrada,A,1,RAMOS ARIZPE (PLAZA DEL RELOJ),H1,18:30,,,,
05/05/2026,PARRAS CASETA,Entrada,A,1,RAMOS ARIZPE (PLAZA DEL RELOJ),H2,03:00,,,,
05/05/2026,PARRAS CASETA,Entrada,A,1,RAMOS ARIZPE (PLAZA DEL RELOJ),H3,15:00,,,,
05/05/2026,PARRAS CASETA,Entrada,A,1,RAMOS ARIZPE (PLAZA DEL RELOJ),H4,19:00,,,,
05/05/2026,PARRAS CASETA,Entrada,A,2,HEROICO COLEGIO MILITAR Y MELCHOR OCAMPO (ALAMEDA),H1,18:32,,,,
05/05/2026,PARRAS CASETA,Entrada,A,2,HEROICO COLEGIO MILITAR Y MELCHOR OCAMPO (ALAMEDA),H2,03:02,,,,
05/05/2026,PARRAS CASETA,Entrada,A,2,HEROICO COLEGIO MILITAR Y MELCHOR OCAMPO (ALAMEDA),H3,15:02,,,,
05/05/2026,PARRAS CASETA,Entrada,A,2,HEROICO COLEGIO MILITAR Y MELCHOR OCAMPO (ALAMEDA),H4,19:02,,,,
05/05/2026,PARRAS CASETA,Entrada,A,3,FALCON Y FCO SARABIA (TORTILLERIA 4 CAMINO),H1,18:40,,,,
05/05/2026,PARRAS CASETA,Entrada,A,3,FALCON Y FCO SARABIA (TORTILLERIA 4 CAMINO),H2,03:10,,,,
05/05/2026,PARRAS CASETA,Entrada,A,3,FALCON Y FCO SARABIA (TORTILLERIA 4 CAMINO),H3,15:10,,,,
05/05/2026,PARRAS CASETA,Entrada,A,3,FALCON Y FCO SARABIA (TORTILLERIA 4 CAMINO),H4,19:10,,,,
05/05/2026,PARRAS CASETA,Entrada,A,4,OSCAR FLORES TAPIA y JAVIER MINA,H1,18:45,,,,
05/05/2026,PARRAS CASETA,Entrada,A,4,OSCAR FLORES TAPIA y JAVIER MINA,H2,03:15,,,,
05/05/2026,PARRAS CASETA,Entrada,A,4,OSCAR FLORES TAPIA y JAVIER MINA,H3,15:15,,,,
05/05/2026,PARRAS CASETA,Entrada,A,4,OSCAR FLORES TAPIA y JAVIER MINA,H4,19:15,,,,
05/05/2026,PARRAS CASETA,Entrada,A,5,CALZADA DEL MARQUEZ (OXXO GAS),H1,18:50,,,,
05/05/2026,PARRAS CASETA,Entrada,A,5,CALZADA DEL MARQUEZ (OXXO GAS),H2,03:20,,,,
05/05/2026,PARRAS CASETA,Entrada,A,5,CALZADA DEL MARQUEZ (OXXO GAS),H3,15:20,,,,
05/05/2026,PARRAS CASETA,Entrada,A,5,CALZADA DEL MARQUEZ (OXXO GAS),H4,19:20,,,,
05/05/2026,PARRAS CASETA,Entrada,A,6,16 DE SEPTIEMBRE (FABRICA DICKIES),H1,18:57,,,,
05/05/2026,PARRAS CASETA,Entrada,A,6,16 DE SEPTIEMBRE (FABRICA DICKIES),H2,03:27,,,,
05/05/2026,PARRAS CASETA,Entrada,A,6,16 DE SEPTIEMBRE (FABRICA DICKIES),H3,15:27,,,,
05/05/2026,PARRAS CASETA,Entrada,A,6,16 DE SEPTIEMBRE (FABRICA DICKIES),H4,19:27,,,,
05/05/2026,PARRAS CASETA,Entrada,A,7,EJIDO 28 AGOSTO,H1,19:25,,,,
05/05/2026,PARRAS CASETA,Entrada,A,7,EJIDO 28 AGOSTO,H2,03:55,,,,
05/05/2026,PARRAS CASETA,Entrada,A,7,EJIDO 28 AGOSTO,H3,15:55,,,,
05/05/2026,PARRAS CASETA,Entrada,A,7,EJIDO 28 AGOSTO,H4,19:55,,,,
05/05/2026,PARRAS CASETA,Entrada,A,8,KM 42,H1,19:45,,,,
05/05/2026,PARRAS CASETA,Entrada,A,8,KM 42,H2,04:15,,,,
05/05/2026,PARRAS CASETA,Entrada,A,8,KM 42,H3,16:15,,,,
05/05/2026,PARRAS CASETA,Entrada,A,8,KM 42,H4,20:15,,,,
05/05/2026,PARRAS CASETA,Entrada,A,9,EJIDO JALPA,H1,19:50,,,,
05/05/2026,PARRAS CASETA,Entrada,A,9,EJIDO JALPA,H2,04:20,,,,
05/05/2026,PARRAS CASETA,Entrada,A,9,EJIDO JALPA,H3,16:20,,,,
05/05/2026,PARRAS CASETA,Entrada,A,9,EJIDO JALPA,H4,20:20,,,,
05/05/2026,PARRAS CASETA,Entrada,A,10,METALSA,H1,21:20,,,,
05/05/2026,PARRAS CASETA,Entrada,A,10,METALSA,H2,05:50,,,,
05/05/2026,PARRAS CASETA,Entrada,A,10,METALSA,H3,17:50,,,,
05/05/2026,PARRAS CASETA,Entrada,A,10,METALSA,H4,21:50,,,,
05/05/2026,PARRAS CASETA,Salida,N,1,METALSA,H1,15:30,,,,
05/05/2026,PARRAS CASETA,Salida,N,1,METALSA,H2,06:15,06:22,-7,1,0
05/05/2026,PARRAS CASETA,Salida,N,1,METALSA,H3,18:15,,,,
05/05/2026,PARRAS CASETA,Salida,N,2,EJIDO PAILA,H1,15:45,,,,
05/05/2026,PARRAS CASETA,Salida,N,2,EJIDO PAILA,H2,06:30,,,,
05/05/2026,PARRAS CASETA,Salida,N,2,EJIDO PAILA,H3,18:30,,,,
05/05/2026,PARRAS CASETA,Salida,N,3,KM 42,H1,15:50,,,,
05/05/2026,PARRAS CASETA,Salida,N,3,KM 42,H2,06:35,,,,
05/05/2026,PARRAS CASETA,Salida,N,3,KM 42,H3,18:35,,,,
05/05/2026,PARRAS CASETA,Salida,N,4,EJIDO 28 AGOSTO,H1,17:10,,,,
05/05/2026,PARRAS CASETA,Salida,N,4,EJIDO 28 AGOSTO,H2,07:55,,,,
05/05/2026,PARRAS CASETA,Salida,N,4,EJIDO 28 AGOSTO,H3,19:55,,,,
05/05/2026,PARRAS CASETA,Salida,N,5,16 DE SEPTIEMBRE (FABRICA DICKIES),H1,17:45,,,,
05/05/2026,PARRAS CASETA,Salida,N,5,16 DE SEPTIEMBRE (FABRICA DICKIES),H2,08:30,,,,
05/05/2026,PARRAS CASETA,Salida,N,5,16 DE SEPTIEMBRE (FABRICA DICKIES),H3,20:30,,,,
05/05/2026,PARRAS CASETA,Salida,N,6,CALZADA DEL MARQUEZ (OXXO GAS),H1,17:55,,,,
05/05/2026,PARRAS CASETA,Salida,N,6,CALZADA DEL MARQUEZ (OXXO GAS),H2,08:40,,,,
05/05/2026,PARRAS CASETA,Salida,N,6,CALZADA DEL MARQUEZ (OXXO GAS),H3,20:40,,,,
05/05/2026,PARRAS CASETA,Salida,N,7,OSCAR FLORES TAPIA y JAVIER MINA,H1,18:00,,,,
05/05/2026,PARRAS CASETA,Salida,N,7,OSCAR FLORES TAPIA y JAVIER MINA,H2,08:45,,,,
05/05/2026,PARRAS CASETA,Salida,N,7,OSCAR FLORES TAPIA y JAVIER MINA,H3,20:45,,,,
05/05/2026,PARRAS CASETA,Salida,N,8,FALCON Y FCO SARABIA (TORTILLERIA 4 CAMINO),H1,18:05,,,,
05/05/2026,PARRAS CASETA,Salida,N,8,FALCON Y FCO SARABIA (TORTILLERIA 4 CAMINO),H2,08:50,,,,
05/05/2026,PARRAS CASETA,Salida,N,8,FALCON Y FCO SARABIA (TORTILLERIA 4 CAMINO),H3,20:50,,,,
05/05/2026,PARRAS CASETA,Salida,N,9,HEROICO COLEGIO MILITAR Y MELCHOR OCAMPO (ALAMEDA),H1,18:18,,,,
05/05/2026,PARRAS CASETA,Salida,N,9,HEROICO COLEGIO MILITAR Y MELCHOR OCAMPO (ALAMEDA),H2,09:03,,,,
05/05/2026,PARRAS CASETA,Salida,N,9,HEROICO COLEGIO MILITAR Y MELCHOR OCAMPO (ALAMEDA),H3,21:03,,,,
05/05/2026,PARRAS CASETA,Salida,N,10,RAMOS ARIZPE (PLAZA DEL RELOJ),H1,18:20,,,,
05/05/2026,PARRAS CASETA,Salida,N,10,RAMOS ARIZPE (PLAZA DEL RELOJ),H2,09:05,,,,
05/05/2026,PARRAS CASETA,Salida,N,10,RAMOS ARIZPE (PLAZA DEL RELOJ),H3,21:05,,,,
05/05/2026,PARRAS LIBRE,Entrada,A,1,TACUBATA Y FRANCISCO I MADERO,H1,18:30,,,,
05/05/2026,PARRAS LIBRE,Entrada,A,1,TACUBATA Y FRANCISCO I MADERO,H2,03:00,,,,
05/05/2026,PARRAS LIBRE,Entrada,A,1,TACUBATA Y FRANCISCO I MADERO,H3,03:00,,,,
05/05/2026,PARRAS LIBRE,Entrada,A,1,TACUBATA Y FRANCISCO I MADERO,H4,15:00,,,,
05/05/2026,PARRAS LIBRE,Entrada,A,1,TACUBATA Y FRANCISCO I MADERO,H5,15:00,,,,
05/05/2026,PARRAS LIBRE,Entrada,A,1,TACUBATA Y FRANCISCO I MADERO,H6,19:05,,,,
05/05/2026,PARRAS LIBRE,Entrada,A,2,SANTA CATARINA Y VIESCA,H1,18:36,,,,
05/05/2026,PARRAS LIBRE,Entrada,A,2,SANTA CATARINA Y VIESCA,H2,03:06,,,,
05/05/2026,PARRAS LIBRE,Entrada,A,2,SANTA CATARINA Y VIESCA,H3,03:06,,,,
05/05/2026,PARRAS LIBRE,Entrada,A,2,SANTA CATARINA Y VIESCA,H4,15:06,,,,
05/05/2026,PARRAS LIBRE,Entrada,A,2,SANTA CATARINA Y VIESCA,H5,15:06,,,,
05/05/2026,PARRAS LIBRE,Entrada,A,2,SANTA CATARINA Y VIESCA,H6,19:09,,,,
05/05/2026,PARRAS LIBRE,Entrada,A,3,MANUEL ZAVALA Y MAR DE GALILEA,H1,18:50,,,,
05/05/2026,PARRAS LIBRE,Entrada,A,3,MANUEL ZAVALA Y MAR DE GALILEA,H2,03:20,,,,
05/05/2026,PARRAS LIBRE,Entrada,A,3,MANUEL ZAVALA Y MAR DE GALILEA,H3,03:20,,,,
05/05/2026,PARRAS LIBRE,Entrada,A,3,MANUEL ZAVALA Y MAR DE GALILEA,H4,15:20,,,,
05/05/2026,PARRAS LIBRE,Entrada,A,3,MANUEL ZAVALA Y MAR DE GALILEA,H5,15:20,,,,
05/05/2026,PARRAS LIBRE,Entrada,A,3,MANUEL ZAVALA Y MAR DE GALILEA,H6,19:11,,,,
05/05/2026,PARRAS LIBRE,Entrada,A,4,GENERAL CEPEDA Y RAMOS ARIZPE,H1,18:55,,,,
05/05/2026,PARRAS LIBRE,Entrada,A,4,GENERAL CEPEDA Y RAMOS ARIZPE,H2,03:25,,,,
05/05/2026,PARRAS LIBRE,Entrada,A,4,GENERAL CEPEDA Y RAMOS ARIZPE,H3,03:25,,,,
05/05/2026,PARRAS LIBRE,Entrada,A,4,GENERAL CEPEDA Y RAMOS ARIZPE,H4,15:25,,,,
05/05/2026,PARRAS LIBRE,Entrada,A,4,GENERAL CEPEDA Y RAMOS ARIZPE,H5,15:25,,,,
05/05/2026,PARRAS LIBRE,Entrada,A,4,GENERAL CEPEDA Y RAMOS ARIZPE,H6,19:14,,,,
05/05/2026,PARRAS LIBRE,Entrada,A,5,GENERAL CEPEDA Y COLIMA,H1,19:03,,,,
05/05/2026,PARRAS LIBRE,Entrada,A,5,GENERAL CEPEDA Y COLIMA,H2,03:33,,,,
05/05/2026,PARRAS LIBRE,Entrada,A,5,GENERAL CEPEDA Y COLIMA,H3,03:33,,,,
05/05/2026,PARRAS LIBRE,Entrada,A,5,GENERAL CEPEDA Y COLIMA,H4,15:33,,,,
05/05/2026,PARRAS LIBRE,Entrada,A,5,GENERAL CEPEDA Y COLIMA,H5,15:33,,,,
05/05/2026,PARRAS LIBRE,Entrada,A,5,GENERAL CEPEDA Y COLIMA,H6,19:15,,,,
05/05/2026,PARRAS LIBRE,Entrada,A,6,CAMINO GRAL. CEPEDA Y EJIDO PARRAS,H1,19:05,,,,
05/05/2026,PARRAS LIBRE,Entrada,A,6,CAMINO GRAL. CEPEDA Y EJIDO PARRAS,H2,03:35,,,,
05/05/2026,PARRAS LIBRE,Entrada,A,6,CAMINO GRAL. CEPEDA Y EJIDO PARRAS,H3,03:35,,,,
05/05/2026,PARRAS LIBRE,Entrada,A,6,CAMINO GRAL. CEPEDA Y EJIDO PARRAS,H4,15:35,,,,
05/05/2026,PARRAS LIBRE,Entrada,A,6,CAMINO GRAL. CEPEDA Y EJIDO PARRAS,H5,15:35,,,,
05/05/2026,PARRAS LIBRE,Entrada,A,6,CAMINO GRAL. CEPEDA Y EJIDO PARRAS,H6,19:17,,,,
05/05/2026,PARRAS LIBRE,Entrada,A,7,METALSA,H1,21:20,,,,
05/05/2026,PARRAS LIBRE,Entrada,A,7,METALSA,H2,05:50,,,,
05/05/2026,PARRAS LIBRE,Entrada,A,7,METALSA,H3,05:50,,,,
05/05/2026,PARRAS LIBRE,Entrada,A,7,METALSA,H4,17:50,,,,
05/05/2026,PARRAS LIBRE,Entrada,A,7,METALSA,H5,17:50,,,,
05/05/2026,PARRAS LIBRE,Entrada,A,7,METALSA,H6,21:50,,,,
05/05/2026,PARRAS LIBRE,Salida,N,1,METALSA,H1,15:30,,,,
05/05/2026,PARRAS LIBRE,Salida,N,1,METALSA,H2,06:15,,,,
05/05/2026,PARRAS LIBRE,Salida,N,1,METALSA,H3,06:15,,,,
05/05/2026,PARRAS LIBRE,Salida,N,1,METALSA,H4,18:15,,,,
05/05/2026,PARRAS LIBRE,Salida,N,1,METALSA,H5,18:15,,,,
05/05/2026,PARRAS LIBRE,Salida,N,2,CAMINO GRAL. CEPEDA Y EJIDO PARRAS,H1,17:45,,,,
05/05/2026,PARRAS LIBRE,Salida,N,2,CAMINO GRAL. CEPEDA Y EJIDO PARRAS,H2,08:30,,,,
05/05/2026,PARRAS LIBRE,Salida,N,2,CAMINO GRAL. CEPEDA Y EJIDO PARRAS,H3,08:30,,,,
05/05/2026,PARRAS LIBRE,Salida,N,2,CAMINO GRAL. CEPEDA Y EJIDO PARRAS,H4,20:30,,,,
05/05/2026,PARRAS LIBRE,Salida,N,2,CAMINO GRAL. CEPEDA Y EJIDO PARRAS,H5,20:30,,,,
05/05/2026,PARRAS LIBRE,Salida,N,3,GENERAL CEPEDA Y COLIMA,H1,17:47,,,,
05/05/2026,PARRAS LIBRE,Salida,N,3,GENERAL CEPEDA Y COLIMA,H2,08:32,,,,
05/05/2026,PARRAS LIBRE,Salida,N,3,GENERAL CEPEDA Y COLIMA,H3,08:32,,,,
05/05/2026,PARRAS LIBRE,Salida,N,3,GENERAL CEPEDA Y COLIMA,H4,20:32,,,,
05/05/2026,PARRAS LIBRE,Salida,N,3,GENERAL CEPEDA Y COLIMA,H5,20:32,,,,
05/05/2026,PARRAS LIBRE,Salida,N,4,GENERAL CEPEDA Y RAMOS ARIZPE,H1,17:55,,,,
05/05/2026,PARRAS LIBRE,Salida,N,4,GENERAL CEPEDA Y RAMOS ARIZPE,H2,08:40,,,,
05/05/2026,PARRAS LIBRE,Salida,N,4,GENERAL CEPEDA Y RAMOS ARIZPE,H3,08:40,,,,
05/05/2026,PARRAS LIBRE,Salida,N,4,GENERAL CEPEDA Y RAMOS ARIZPE,H4,20:40,,,,
05/05/2026,PARRAS LIBRE,Salida,N,4,GENERAL CEPEDA Y RAMOS ARIZPE,H5,20:40,,,,
05/05/2026,PARRAS LIBRE,Salida,N,5,MANUEL ZAVALA Y MAR DE GALILEA,H1,18:00,,,,
05/05/2026,PARRAS LIBRE,Salida,N,5,MANUEL ZAVALA Y MAR DE GALILEA,H2,08:45,,,,
05/05/2026,PARRAS LIBRE,Salida,N,5,MANUEL ZAVALA Y MAR DE GALILEA,H3,08:45,,,,
05/05/2026,PARRAS LIBRE,Salida,N,5,MANUEL ZAVALA Y MAR DE GALILEA,H4,20:45,,,,
05/05/2026,PARRAS LIBRE,Salida,N,5,MANUEL ZAVALA Y MAR DE GALILEA,H5,20:45,,,,
05/05/2026,PARRAS LIBRE,Salida,N,6,SANTA CATARINA Y VIESCA,H1,18:14,,,,
05/05/2026,PARRAS LIBRE,Salida,N,6,SANTA CATARINA Y VIESCA,H2,08:59,,,,
05/05/2026,PARRAS LIBRE,Salida,N,6,SANTA CATARINA Y VIESCA,H3,08:59,,,,
05/05/2026,PARRAS LIBRE,Salida,N,6,SANTA CATARINA Y VIESCA,H4,20:59,,,,
05/05/2026,PARRAS LIBRE,Salida,N,6,SANTA CATARINA Y VIESCA,H5,20:59,,,,
05/05/2026,PARRAS LIBRE,Salida,N,7,TACUBATA Y FRANCISCO I MADERO,H1,18:20,,,,
05/05/2026,PARRAS LIBRE,Salida,N,7,TACUBATA Y FRANCISCO I MADERO,H2,09:05,,,,
05/05/2026,PARRAS LIBRE,Salida,N,7,TACUBATA Y FRANCISCO I MADERO,H3,09:05,,,,
05/05/2026,PARRAS LIBRE,Salida,N,7,TACUBATA Y FRANCISCO I MADERO,H4,21:05,,,,
05/05/2026,PARRAS LIBRE,Salida,N,7,TACUBATA Y FRANCISCO I MADERO,H5,21:05,,,,
05/05/2026,PORVENIR - GENERAL CEPEDA,Entrada,A,1,PORVENIR,H1,03:45,,,,
05/05/2026,PORVENIR - GENERAL CEPEDA,Entrada,A,1,PORVENIR,H2,15:45,,,,
05/05/2026,PORVENIR - GENERAL CEPEDA,Entrada,A,1,PORVENIR,H3,19:15,,,,
05/05/2026,PORVENIR - GENERAL CEPEDA,Entrada,A,1,PORVENIR,H4,19:45,,,,
05/05/2026,PORVENIR - GENERAL CEPEDA,Entrada,A,2,GUELATAO,H1,03:50,04:06,-16,1,0
05/05/2026,PORVENIR - GENERAL CEPEDA,Entrada,A,2,GUELATAO,H2,15:50,16:10,-20,1,0
05/05/2026,PORVENIR - GENERAL CEPEDA,Entrada,A,2,GUELATAO,H3,19:20,,,,
05/05/2026,PORVENIR - GENERAL CEPEDA,Entrada,A,2,GUELATAO,H4,19:50,,,,
05/05/2026,PORVENIR - GENERAL CEPEDA,Entrada,A,3,BLVD; DIANA LAURA,H1,04:06,,,,
05/05/2026,PORVENIR - GENERAL CEPEDA,Entrada,A,3,BLVD; DIANA LAURA,H2,16:06,,,,
05/05/2026,PORVENIR - GENERAL CEPEDA,Entrada,A,3,BLVD; DIANA LAURA,H3,19:36,,,,
05/05/2026,PORVENIR - GENERAL CEPEDA,Entrada,A,3,BLVD; DIANA LAURA,H4,20:06,,,,
05/05/2026,PORVENIR - GENERAL CEPEDA,Entrada,A,4,MARIANO MATAMOROS,H1,04:09,04:23,-14,1,0
05/05/2026,PORVENIR - GENERAL CEPEDA,Entrada,A,4,MARIANO MATAMOROS,H2,16:09,16:32,-23,1,0
05/05/2026,PORVENIR - GENERAL CEPEDA,Entrada,A,4,MARIANO MATAMOROS,H3,19:39,,,,
05/05/2026,PORVENIR - GENERAL CEPEDA,Entrada,A,4,MARIANO MATAMOROS,H4,20:09,,,,
05/05/2026,PORVENIR - GENERAL CEPEDA,Entrada,A,5,LOS PRESIDENTES,H1,04:11,04:24,-13,1,0
05/05/2026,PORVENIR - GENERAL CEPEDA,Entrada,A,5,LOS PRESIDENTES,H2,16:11,16:32,-21,1,0
05/05/2026,PORVENIR - GENERAL CEPEDA,Entrada,A,5,LOS PRESIDENTES,H3,19:41,,,,
05/05/2026,PORVENIR - GENERAL CEPEDA,Entrada,A,5,LOS PRESIDENTES,H4,20:11,,,,
05/05/2026,PORVENIR - GENERAL CEPEDA,Entrada,A,6,MIGUEL HIDALGO,H1,04:16,04:24,-8,1,0
05/05/2026,PORVENIR - GENERAL CEPEDA,Entrada,A,6,MIGUEL HIDALGO,H2,16:16,16:33,-17,1,0
05/05/2026,PORVENIR - GENERAL CEPEDA,Entrada,A,6,MIGUEL HIDALGO,H3,19:46,,,,
05/05/2026,PORVENIR - GENERAL CEPEDA,Entrada,A,6,MIGUEL HIDALGO,H4,20:16,,,,
05/05/2026,PORVENIR - GENERAL CEPEDA,Entrada,A,7,BENITO JUAREZ,H1,04:19,04:26,-7,1,0
05/05/2026,PORVENIR - GENERAL CEPEDA,Entrada,A,7,BENITO JUAREZ,H2,16:19,16:35,-16,1,0
05/05/2026,PORVENIR - GENERAL CEPEDA,Entrada,A,7,BENITO JUAREZ,H3,19:49,,,,
05/05/2026,PORVENIR - GENERAL CEPEDA,Entrada,A,7,BENITO JUAREZ,H4,20:19,,,,
05/05/2026,PORVENIR - GENERAL CEPEDA,Entrada,A,8,SAN JOSE,H1,04:50,,,,
05/05/2026,PORVENIR - GENERAL CEPEDA,Entrada,A,8,SAN JOSE,H2,16:50,,,,
05/05/2026,PORVENIR - GENERAL CEPEDA,Entrada,A,8,SAN JOSE,H3,20:20,,,,
05/05/2026,PORVENIR - GENERAL CEPEDA,Entrada,A,8,SAN JOSE,H4,20:50,,,,
05/05/2026,PORVENIR - GENERAL CEPEDA,Entrada,A,9,RANCHO NUEVO,H1,05:00,05:03,-3,1,0
05/05/2026,PORVENIR - GENERAL CEPEDA,Entrada,A,9,RANCHO NUEVO,H2,17:00,,,,
05/05/2026,PORVENIR - GENERAL CEPEDA,Entrada,A,9,RANCHO NUEVO,H3,20:30,,,,
05/05/2026,PORVENIR - GENERAL CEPEDA,Entrada,A,9,RANCHO NUEVO,H4,21:00,,,,
05/05/2026,PORVENIR - GENERAL CEPEDA,Entrada,A,10,SANTA TERESA,H1,05:06,05:07,-1,1,0
05/05/2026,PORVENIR - GENERAL CEPEDA,Entrada,A,10,SANTA TERESA,H2,17:06,17:04,2,1,0
05/05/2026,PORVENIR - GENERAL CEPEDA,Entrada,A,10,SANTA TERESA,H3,20:36,,,,
05/05/2026,PORVENIR - GENERAL CEPEDA,Entrada,A,10,SANTA TERESA,H4,21:06,,,,
05/05/2026,PORVENIR - GENERAL CEPEDA,Entrada,A,11,CHAPULA,H1,05:15,05:16,-1,1,0
05/05/2026,PORVENIR - GENERAL CEPEDA,Entrada,A,11,CHAPULA,H2,17:15,17:13,2,1,0
05/05/2026,PORVENIR - GENERAL CEPEDA,Entrada,A,11,CHAPULA,H3,20:45,,,,
05/05/2026,PORVENIR - GENERAL CEPEDA,Entrada,A,11,CHAPULA,H4,21:15,,,,
05/05/2026,PORVENIR - GENERAL CEPEDA,Entrada,A,12,DERRAMADERO,H1,05:20,05:19,1,1,0
05/05/2026,PORVENIR - GENERAL CEPEDA,Entrada,A,12,DERRAMADERO,H2,17:20,17:17,3,1,0
05/05/2026,PORVENIR - GENERAL CEPEDA,Entrada,A,12,DERRAMADERO,H3,20:50,,,,
05/05/2026,PORVENIR - GENERAL CEPEDA,Entrada,A,12,DERRAMADERO,H4,21:20,,,,
05/05/2026,PORVENIR - GENERAL CEPEDA,Entrada,A,13,SAN JUAN DE LA VAQUERIA,H1,05:28,05:30,-2,1,0
05/05/2026,PORVENIR - GENERAL CEPEDA,Entrada,A,13,SAN JUAN DE LA VAQUERIA,H2,17:28,17:27,1,1,0
05/05/2026,PORVENIR - GENERAL CEPEDA,Entrada,A,13,SAN JUAN DE LA VAQUERIA,H3,20:58,,,,
05/05/2026,PORVENIR - GENERAL CEPEDA,Entrada,A,13,SAN JUAN DE LA VAQUERIA,H4,21:28,,,,
05/05/2026,PORVENIR - GENERAL CEPEDA,Entrada,A,14,METALSA,H1,05:50,05:47,3,1,0
05/05/2026,PORVENIR - GENERAL CEPEDA,Entrada,A,14,METALSA,H2,17:50,17:45,5,1,0
05/05/2026,PORVENIR - GENERAL CEPEDA,Entrada,A,14,METALSA,H3,21:20,,,,
05/05/2026,PORVENIR - GENERAL CEPEDA,Entrada,A,14,METALSA,H4,21:50,,,,
05/05/2026,PORVENIR - GENERAL CEPEDA,Salida,N,1,METALSA,H1,06:15,06:18,-3,1,0
05/05/2026,PORVENIR - GENERAL CEPEDA,Salida,N,1,METALSA,H2,15:30,,,,
05/05/2026,PORVENIR - GENERAL CEPEDA,Salida,N,1,METALSA,H3,18:15,18:18,-3,1,0
05/05/2026,PORVENIR - GENERAL CEPEDA,Salida,N,2,SAN JUAN DE LA VAQUERIA,H1,06:50,06:33,17,1,0
05/05/2026,PORVENIR - GENERAL CEPEDA,Salida,N,2,SAN JUAN DE LA VAQUERIA,H2,16:05,,,,
05/05/2026,PORVENIR - GENERAL CEPEDA,Salida,N,2,SAN JUAN DE LA VAQUERIA,H3,18:50,18:34,16,1,0
05/05/2026,PORVENIR - GENERAL CEPEDA,Salida,N,3,DERRAMADERO,H1,06:55,06:43,12,1,0
05/05/2026,PORVENIR - GENERAL CEPEDA,Salida,N,3,DERRAMADERO,H2,16:10,,,,
05/05/2026,PORVENIR - GENERAL CEPEDA,Salida,N,3,DERRAMADERO,H3,18:55,18:43,12,1,0
05/05/2026,PORVENIR - GENERAL CEPEDA,Salida,N,4,CHAPULA,H1,06:56,06:42,14,1,0
05/05/2026,PORVENIR - GENERAL CEPEDA,Salida,N,4,CHAPULA,H2,16:15,,,,
05/05/2026,PORVENIR - GENERAL CEPEDA,Salida,N,4,CHAPULA,H3,19:00,18:48,12,1,0
05/05/2026,PORVENIR - GENERAL CEPEDA,Salida,N,5,SANTA TERESA,H1,06:57,06:54,3,1,0
05/05/2026,PORVENIR - GENERAL CEPEDA,Salida,N,5,SANTA TERESA,H2,16:18,,,,
05/05/2026,PORVENIR - GENERAL CEPEDA,Salida,N,5,SANTA TERESA,H3,19:03,18:55,8,1,0
05/05/2026,PORVENIR - GENERAL CEPEDA,Salida,N,6,RANCHO NUEVO,H1,07:10,06:58,12,1,0
05/05/2026,PORVENIR - GENERAL CEPEDA,Salida,N,6,RANCHO NUEVO,H2,16:25,,,,
05/05/2026,PORVENIR - GENERAL CEPEDA,Salida,N,6,RANCHO NUEVO,H3,19:10,19:00,10,1,0
05/05/2026,PORVENIR - GENERAL CEPEDA,Salida,N,7,SAN JOSE,H1,07:11,,,,
05/05/2026,PORVENIR - GENERAL CEPEDA,Salida,N,7,SAN JOSE,H2,16:26,,,,
05/05/2026,PORVENIR - GENERAL CEPEDA,Salida,N,7,SAN JOSE,H3,19:11,19:11,0,1,0
05/05/2026,PORVENIR - GENERAL CEPEDA,Salida,N,8,BENITO JUAREZ,H1,07:12,,,,
05/05/2026,PORVENIR - GENERAL CEPEDA,Salida,N,8,BENITO JUAREZ,H2,16:27,,,,
05/05/2026,PORVENIR - GENERAL CEPEDA,Salida,N,8,BENITO JUAREZ,H3,19:12,,,,
05/05/2026,PORVENIR - GENERAL CEPEDA,Salida,N,9,MIGUEL HIDALGO,H1,07:13,07:27,-14,1,0
05/05/2026,PORVENIR - GENERAL CEPEDA,Salida,N,9,MIGUEL HIDALGO,H2,16:28,,,,
05/05/2026,PORVENIR - GENERAL CEPEDA,Salida,N,9,MIGUEL HIDALGO,H3,19:13,19:43,-30,1,0
05/05/2026,PORVENIR - GENERAL CEPEDA,Salida,N,10,LOS PRESIDENTES,H1,07:14,07:25,-11,1,0
05/05/2026,PORVENIR - GENERAL CEPEDA,Salida,N,10,LOS PRESIDENTES,H2,16:29,,,,
05/05/2026,PORVENIR - GENERAL CEPEDA,Salida,N,10,LOS PRESIDENTES,H3,19:14,19:42,-28,1,0
05/05/2026,PORVENIR - GENERAL CEPEDA,Salida,N,11,MARIANO MATAMOROS,H1,07:30,07:25,5,1,0
05/05/2026,PORVENIR - GENERAL CEPEDA,Salida,N,11,MARIANO MATAMOROS,H2,16:45,,,,
05/05/2026,PORVENIR - GENERAL CEPEDA,Salida,N,11,MARIANO MATAMOROS,H3,19:30,19:42,-12,1,0
05/05/2026,PORVENIR - GENERAL CEPEDA,Salida,N,12,BLVD; DIANA LAURA,H1,07:31,07:23,8,1,0
05/05/2026,PORVENIR - GENERAL CEPEDA,Salida,N,12,BLVD; DIANA LAURA,H2,16:46,,,,
05/05/2026,PORVENIR - GENERAL CEPEDA,Salida,N,12,BLVD; DIANA LAURA,H3,19:31,19:40,-9,1,0
05/05/2026,PORVENIR - GENERAL CEPEDA,Salida,N,13,GUELATAO,H1,07:40,,,,
05/05/2026,PORVENIR - GENERAL CEPEDA,Salida,N,13,GUELATAO,H2,16:55,,,,
05/05/2026,PORVENIR - GENERAL CEPEDA,Salida,N,13,GUELATAO,H3,19:40,,,,
05/05/2026,PORVENIR - GENERAL CEPEDA,Salida,N,14,PORVENIR,H1,07:45,07:47,-2,1,0
05/05/2026,PORVENIR - GENERAL CEPEDA,Salida,N,14,PORVENIR,H2,17:00,,,,
05/05/2026,PORVENIR - GENERAL CEPEDA,Salida,N,14,PORVENIR,H3,19:45,,,,
05/05/2026,PUERTO MEXICO,Entrada,A,1,PUERTO MEXICO,H1,20:10,,,,
05/05/2026,PUERTO MEXICO,Entrada,A,1,PUERTO MEXICO,H2,04:40,,,,
05/05/2026,PUERTO MEXICO,Entrada,A,1,PUERTO MEXICO,H3,04:40,,,,
05/05/2026,PUERTO MEXICO,Entrada,A,1,PUERTO MEXICO,H4,16:40,,,,
05/05/2026,PUERTO MEXICO,Entrada,A,1,PUERTO MEXICO,H5,16:40,,,,
05/05/2026,PUERTO MEXICO,Entrada,A,1,PUERTO MEXICO,H6,20:40,,,,
05/05/2026,PUERTO MEXICO,Entrada,A,2,CUIJE,H1,20:22,,,,
05/05/2026,PUERTO MEXICO,Entrada,A,2,CUIJE,H2,04:52,,,,
05/05/2026,PUERTO MEXICO,Entrada,A,2,CUIJE,H3,04:52,,,,
05/05/2026,PUERTO MEXICO,Entrada,A,2,CUIJE,H4,16:52,,,,
05/05/2026,PUERTO MEXICO,Entrada,A,2,CUIJE,H5,16:52,,,,
05/05/2026,PUERTO MEXICO,Entrada,A,2,CUIJE,H6,20:52,,,,
05/05/2026,PUERTO MEXICO,Entrada,A,3,NAVIDAD,H1,20:32,,,,
05/05/2026,PUERTO MEXICO,Entrada,A,3,NAVIDAD,H2,05:02,,,,
05/05/2026,PUERTO MEXICO,Entrada,A,3,NAVIDAD,H3,05:02,,,,
05/05/2026,PUERTO MEXICO,Entrada,A,3,NAVIDAD,H4,17:02,,,,
05/05/2026,PUERTO MEXICO,Entrada,A,3,NAVIDAD,H5,17:02,,,,
05/05/2026,PUERTO MEXICO,Entrada,A,3,NAVIDAD,H6,21:02,,,,
05/05/2026,PUERTO MEXICO,Entrada,A,4,CHAPULTEPEC,H1,20:45,,,,
05/05/2026,PUERTO MEXICO,Entrada,A,4,CHAPULTEPEC,H2,05:15,,,,
05/05/2026,PUERTO MEXICO,Entrada,A,4,CHAPULTEPEC,H3,05:15,,,,
05/05/2026,PUERTO MEXICO,Entrada,A,4,CHAPULTEPEC,H4,17:15,,,,
05/05/2026,PUERTO MEXICO,Entrada,A,4,CHAPULTEPEC,H5,17:15,,,,
05/05/2026,PUERTO MEXICO,Entrada,A,4,CHAPULTEPEC,H6,21:15,,,,
05/05/2026,PUERTO MEXICO,Entrada,A,5,JAHUEY,H1,21:00,,,,
05/05/2026,PUERTO MEXICO,Entrada,A,5,JAHUEY,H2,05:30,,,,
05/05/2026,PUERTO MEXICO,Entrada,A,5,JAHUEY,H3,05:30,,,,
05/05/2026,PUERTO MEXICO,Entrada,A,5,JAHUEY,H4,17:30,,,,
05/05/2026,PUERTO MEXICO,Entrada,A,5,JAHUEY,H5,17:30,,,,
05/05/2026,PUERTO MEXICO,Entrada,A,5,JAHUEY,H6,21:30,,,,
05/05/2026,PUERTO MEXICO,Entrada,A,6,METALSA,H1,21:20,,,,
05/05/2026,PUERTO MEXICO,Entrada,A,6,METALSA,H2,05:50,,,,
05/05/2026,PUERTO MEXICO,Entrada,A,6,METALSA,H3,05:50,,,,
05/05/2026,PUERTO MEXICO,Entrada,A,6,METALSA,H4,17:50,,,,
05/05/2026,PUERTO MEXICO,Entrada,A,6,METALSA,H5,17:50,,,,
05/05/2026,PUERTO MEXICO,Entrada,A,6,METALSA,H6,21:50,,,,
05/05/2026,PUERTO MEXICO,Salida,A,1,METALSA,H1,15:30,,,,
05/05/2026,PUERTO MEXICO,Salida,A,1,METALSA,H2,06:15,,,,
05/05/2026,PUERTO MEXICO,Salida,A,1,METALSA,H3,06:15,,,,
05/05/2026,PUERTO MEXICO,Salida,A,1,METALSA,H4,18:15,,,,
05/05/2026,PUERTO MEXICO,Salida,A,1,METALSA,H5,18:15,,,,
05/05/2026,PUERTO MEXICO,Salida,A,2,JAHUEY,H1,15:50,,,,
05/05/2026,PUERTO MEXICO,Salida,A,2,JAHUEY,H2,06:35,,,,
05/05/2026,PUERTO MEXICO,Salida,A,2,JAHUEY,H3,06:35,,,,
05/05/2026,PUERTO MEXICO,Salida,A,2,JAHUEY,H4,18:35,,,,
05/05/2026,PUERTO MEXICO,Salida,A,2,JAHUEY,H5,18:35,,,,
05/05/2026,PUERTO MEXICO,Salida,A,3,CHAPULTEPEC,H1,16:05,,,,
05/05/2026,PUERTO MEXICO,Salida,A,3,CHAPULTEPEC,H2,06:50,,,,
05/05/2026,PUERTO MEXICO,Salida,A,3,CHAPULTEPEC,H3,06:50,,,,
05/05/2026,PUERTO MEXICO,Salida,A,3,CHAPULTEPEC,H4,18:50,,,,
05/05/2026,PUERTO MEXICO,Salida,A,3,CHAPULTEPEC,H5,18:50,,,,
05/05/2026,PUERTO MEXICO,Salida,A,4,NAVIDAD,H1,16:18,,,,
05/05/2026,PUERTO MEXICO,Salida,A,4,NAVIDAD,H2,07:03,,,,
05/05/2026,PUERTO MEXICO,Salida,A,4,NAVIDAD,H3,07:03,,,,
05/05/2026,PUERTO MEXICO,Salida,A,4,NAVIDAD,H4,19:03,,,,
05/05/2026,PUERTO MEXICO,Salida,A,4,NAVIDAD,H5,19:03,,,,
05/05/2026,PUERTO MEXICO,Salida,A,5,CUIJE,H1,16:28,,,,
05/05/2026,PUERTO MEXICO,Salida,A,5,CUIJE,H2,07:13,,,,
05/05/2026,PUERTO MEXICO,Salida,A,5,CUIJE,H3,07:13,,,,
05/05/2026,PUERTO MEXICO,Salida,A,5,CUIJE,H4,19:13,,,,
05/05/2026,PUERTO MEXICO,Salida,A,5,CUIJE,H5,19:13,,,,
05/05/2026,PUERTO MEXICO,Salida,A,6,PUERTO MEXICO,H1,16:40,,,,
05/05/2026,PUERTO MEXICO,Salida,A,6,PUERTO MEXICO,H2,07:25,,,,
05/05/2026,PUERTO MEXICO,Salida,A,6,PUERTO MEXICO,H3,07:25,,,,
05/05/2026,PUERTO MEXICO,Salida,A,6,PUERTO MEXICO,H4,19:25,,,,
05/05/2026,PUERTO MEXICO,Salida,A,6,PUERTO MEXICO,H5,19:25,,,,
05/05/2026,ROMA,Entrada,N,1,FCO. LAZACORTA Y JOSE MARIANO MICHELENA,H1,04:45,04:46,-1,1,0
05/05/2026,ROMA,Entrada,N,1,FCO. LAZACORTA Y JOSE MARIANO MICHELENA,H2,16:45,16:48,-3,1,0
05/05/2026,ROMA,Entrada,N,1,FCO. LAZACORTA Y JOSE MARIANO MICHELENA,H3,20:15,,,,
05/05/2026,ROMA,Entrada,N,1,FCO. LAZACORTA Y JOSE MARIANO MICHELENA,H4,20:45,,,,
05/05/2026,ROMA,Entrada,N,2,SIERRA DE LOS PINOS Y PRINCIPAL,H1,04:48,04:48,0,1,0
05/05/2026,ROMA,Entrada,N,2,SIERRA DE LOS PINOS Y PRINCIPAL,H2,16:48,16:49,-1,1,0
05/05/2026,ROMA,Entrada,N,2,SIERRA DE LOS PINOS Y PRINCIPAL,H3,20:18,,,,
05/05/2026,ROMA,Entrada,N,2,SIERRA DE LOS PINOS Y PRINCIPAL,H4,20:48,,,,
05/05/2026,ROMA,Entrada,N,3,OSA MAYOR Y BUSTAMANTE,H1,04:53,04:54,-1,1,0
05/05/2026,ROMA,Entrada,N,3,OSA MAYOR Y BUSTAMANTE,H2,16:53,16:57,-4,1,0
05/05/2026,ROMA,Entrada,N,3,OSA MAYOR Y BUSTAMANTE,H3,20:23,,,,
05/05/2026,ROMA,Entrada,N,3,OSA MAYOR Y BUSTAMANTE,H4,20:53,,,,
05/05/2026,ROMA,Entrada,N,4,EUGENIO REYES Y PEDRO AMPUDIA,H1,05:01,05:05,-4,1,0
05/05/2026,ROMA,Entrada,N,4,EUGENIO REYES Y PEDRO AMPUDIA,H2,17:01,17:08,-7,1,0
05/05/2026,ROMA,Entrada,N,4,EUGENIO REYES Y PEDRO AMPUDIA,H3,20:31,,,,
05/05/2026,ROMA,Entrada,N,4,EUGENIO REYES Y PEDRO AMPUDIA,H4,21:01,,,,
05/05/2026,ROMA,Entrada,N,5,FELIPE BERRIOZABAL Y MARAVILLAS,H1,05:06,05:08,-2,1,0
05/05/2026,ROMA,Entrada,N,5,FELIPE BERRIOZABAL Y MARAVILLAS,H2,17:06,17:11,-5,1,0
05/05/2026,ROMA,Entrada,N,5,FELIPE BERRIOZABAL Y MARAVILLAS,H3,20:36,,,,
05/05/2026,ROMA,Entrada,N,5,FELIPE BERRIOZABAL Y MARAVILLAS,H4,21:06,,,,
05/05/2026,ROMA,Entrada,N,6,FCO I MADERO Y CALZ ANTONIO NARRO,H1,05:15,05:19,-4,1,0
05/05/2026,ROMA,Entrada,N,6,FCO I MADERO Y CALZ ANTONIO NARRO,H2,17:15,17:23,-8,1,0
05/05/2026,ROMA,Entrada,N,6,FCO I MADERO Y CALZ ANTONIO NARRO,H3,20:45,,,,
05/05/2026,ROMA,Entrada,N,6,FCO I MADERO Y CALZ ANTONIO NARRO,H4,21:15,,,,
05/05/2026,ROMA,Entrada,N,7,CARR. SALTILLO-ZACATECAS,H1,05:20,05:26,-6,1,0
05/05/2026,ROMA,Entrada,N,7,CARR. SALTILLO-ZACATECAS,H2,17:20,17:31,-11,1,0
05/05/2026,ROMA,Entrada,N,7,CARR. SALTILLO-ZACATECAS,H3,20:50,,,,
05/05/2026,ROMA,Entrada,N,7,CARR. SALTILLO-ZACATECAS,H4,21:20,,,,
05/05/2026,ROMA,Entrada,N,8,METALSA,H1,05:50,05:44,6,1,0
05/05/2026,ROMA,Entrada,N,8,METALSA,H2,17:50,17:45,5,1,0
05/05/2026,ROMA,Entrada,N,8,METALSA,H3,21:20,,,,
05/05/2026,ROMA,Entrada,N,8,METALSA,H4,21:50,,,,
05/05/2026,ROMA,Salida,N,1,METALSA,H1,06:15,,,,
05/05/2026,ROMA,Salida,N,1,METALSA,H2,15:30,,,,
05/05/2026,ROMA,Salida,N,1,METALSA,H3,18:15,18:16,-1,1,0
05/05/2026,ROMA,Salida,N,2,CARR. SALTILLO-ZACATECAS,H1,06:45,06:26,19,1,0
05/05/2026,ROMA,Salida,N,2,CARR. SALTILLO-ZACATECAS,H2,16:00,,,,
05/05/2026,ROMA,Salida,N,2,CARR. SALTILLO-ZACATECAS,H3,18:45,18:33,12,1,0
05/05/2026,ROMA,Salida,N,3,FCO I MADERO Y CALZ ANTONIO NARRO,H1,06:50,06:33,17,1,0
05/05/2026,ROMA,Salida,N,3,FCO I MADERO Y CALZ ANTONIO NARRO,H2,16:05,,,,
05/05/2026,ROMA,Salida,N,3,FCO I MADERO Y CALZ ANTONIO NARRO,H3,18:50,18:40,10,1,0
05/05/2026,ROMA,Salida,N,4,FELIPE BERRIOZABAL Y MARAVILLAS,H1,06:59,06:42,17,1,0
05/05/2026,ROMA,Salida,N,4,FELIPE BERRIOZABAL Y MARAVILLAS,H2,16:14,,,,
05/05/2026,ROMA,Salida,N,4,FELIPE BERRIOZABAL Y MARAVILLAS,H3,18:59,18:49,10,1,0
05/05/2026,ROMA,Salida,N,5,EUGENIO REYES Y PEDRO AMPUDIA,H1,07:04,06:45,19,1,0
05/05/2026,ROMA,Salida,N,5,EUGENIO REYES Y PEDRO AMPUDIA,H2,16:19,,,,
05/05/2026,ROMA,Salida,N,5,EUGENIO REYES Y PEDRO AMPUDIA,H3,19:04,18:52,12,1,0
05/05/2026,ROMA,Salida,N,6,OSA MAYOR Y BUSTAMANTE,H1,07:12,06:54,18,1,0
05/05/2026,ROMA,Salida,N,6,OSA MAYOR Y BUSTAMANTE,H2,16:27,,,,
05/05/2026,ROMA,Salida,N,6,OSA MAYOR Y BUSTAMANTE,H3,19:12,19:01,11,1,0
05/05/2026,ROMA,Salida,N,7,SIERRA DE LOS PINOS Y PRINCIPAL,H1,07:17,,,,
05/05/2026,ROMA,Salida,N,7,SIERRA DE LOS PINOS Y PRINCIPAL,H2,16:32,,,,
05/05/2026,ROMA,Salida,N,7,SIERRA DE LOS PINOS Y PRINCIPAL,H3,19:17,19:09,8,1,0
05/05/2026,ROMA,Salida,N,8,FCO. LAZACORTA Y JOSE MARIANO MICHELENA,H1,07:20,07:00,20,1,0
05/05/2026,ROMA,Salida,N,8,FCO. LAZACORTA Y JOSE MARIANO MICHELENA,H2,16:35,,,,
05/05/2026,ROMA,Salida,N,8,FCO. LAZACORTA Y JOSE MARIANO MICHELENA,H3,19:20,19:09,11,1,0
05/05/2026,SALTILLO 2000,Entrada,N,1,PALACIO DE JUSTICIA,H1,04:30,04:33,-3,1,0
05/05/2026,SALTILLO 2000,Entrada,N,1,PALACIO DE JUSTICIA,H2,16:30,16:33,-3,1,0
05/05/2026,SALTILLO 2000,Entrada,N,1,PALACIO DE JUSTICIA,H3,20:00,,,,
05/05/2026,SALTILLO 2000,Entrada,N,1,PALACIO DE JUSTICIA,H4,20:30,,,,
05/05/2026,SALTILLO 2000,Entrada,N,2,ROTONDA SALTILLO 2000,H1,04:35,04:36,-1,1,0
05/05/2026,SALTILLO 2000,Entrada,N,2,ROTONDA SALTILLO 2000,H2,16:35,16:36,-1,1,0
05/05/2026,SALTILLO 2000,Entrada,N,2,ROTONDA SALTILLO 2000,H3,20:05,,,,
05/05/2026,SALTILLO 2000,Entrada,N,2,ROTONDA SALTILLO 2000,H4,20:35,,,,
05/05/2026,SALTILLO 2000,Entrada,N,3,CUQUITA DE CEPEDA DAVILA  (OXXO),H1,04:45,04:44,1,1,0
05/05/2026,SALTILLO 2000,Entrada,N,3,CUQUITA DE CEPEDA DAVILA  (OXXO),H2,16:45,16:46,-1,1,0
05/05/2026,SALTILLO 2000,Entrada,N,3,CUQUITA DE CEPEDA DAVILA  (OXXO),H3,20:15,,,,
05/05/2026,SALTILLO 2000,Entrada,N,3,CUQUITA DE CEPEDA DAVILA  (OXXO),H4,20:45,,,,
05/05/2026,SALTILLO 2000,Entrada,N,4,FCO I MADERO Y  PEDRO AMPUDIA,H1,04:50,04:54,-4,1,0
05/05/2026,SALTILLO 2000,Entrada,N,4,FCO I MADERO Y  PEDRO AMPUDIA,H2,16:50,16:56,-6,1,0
05/05/2026,SALTILLO 2000,Entrada,N,4,FCO I MADERO Y  PEDRO AMPUDIA,H3,20:20,,,,
05/05/2026,SALTILLO 2000,Entrada,N,4,FCO I MADERO Y  PEDRO AMPUDIA,H4,20:50,,,,
05/05/2026,SALTILLO 2000,Entrada,N,5,PERIF. L.E.A. Y CALZ. ANTONIO NARRO,H1,05:08,05:07,1,1,0
05/05/2026,SALTILLO 2000,Entrada,N,5,PERIF. L.E.A. Y CALZ. ANTONIO NARRO,H2,17:08,17:10,-2,1,0
05/05/2026,SALTILLO 2000,Entrada,N,5,PERIF. L.E.A. Y CALZ. ANTONIO NARRO,H3,20:38,,,,
05/05/2026,SALTILLO 2000,Entrada,N,5,PERIF. L.E.A. Y CALZ. ANTONIO NARRO,H4,21:08,,,,
05/05/2026,SALTILLO 2000,Entrada,N,6,BLVD. HACIENDA NARRO,H1,05:20,05:18,2,1,0
05/05/2026,SALTILLO 2000,Entrada,N,6,BLVD. HACIENDA NARRO,H2,17:20,17:22,-2,1,0
05/05/2026,SALTILLO 2000,Entrada,N,6,BLVD. HACIENDA NARRO,H3,20:50,,,,
05/05/2026,SALTILLO 2000,Entrada,N,6,BLVD. HACIENDA NARRO,H4,21:20,,,,
05/05/2026,SALTILLO 2000,Entrada,N,7,METALSA,H1,05:50,05:43,7,1,0
05/05/2026,SALTILLO 2000,Entrada,N,7,METALSA,H2,17:50,17:45,5,1,0
05/05/2026,SALTILLO 2000,Entrada,N,7,METALSA,H3,21:20,,,,
05/05/2026,SALTILLO 2000,Entrada,N,7,METALSA,H4,21:50,,,,
05/05/2026,SALTILLO 2000,Salida,N,1,METALSA,H1,06:15,06:16,-1,1,0
05/05/2026,SALTILLO 2000,Salida,N,1,METALSA,H2,15:30,,,,
05/05/2026,SALTILLO 2000,Salida,N,1,METALSA,H3,18:15,18:15,0,1,0
05/05/2026,SALTILLO 2000,Salida,N,2,BLVD. HACIENDA NARRO,H1,06:45,06:35,10,1,0
05/05/2026,SALTILLO 2000,Salida,N,2,BLVD. HACIENDA NARRO,H2,16:00,,,,
05/05/2026,SALTILLO 2000,Salida,N,2,BLVD. HACIENDA NARRO,H3,18:45,18:34,11,1,0
05/05/2026,SALTILLO 2000,Salida,N,3,PERIF. L.E.A. Y CALZ. ANTONIO NARRO,H1,06:57,06:49,8,1,0
05/05/2026,SALTILLO 2000,Salida,N,3,PERIF. L.E.A. Y CALZ. ANTONIO NARRO,H2,16:12,,,,
05/05/2026,SALTILLO 2000,Salida,N,3,PERIF. L.E.A. Y CALZ. ANTONIO NARRO,H3,18:57,18:50,7,1,0
05/05/2026,SALTILLO 2000,Salida,N,4,FCO I MADERO Y  PEDRO AMPUDIA,H1,07:15,07:01,14,1,0
05/05/2026,SALTILLO 2000,Salida,N,4,FCO I MADERO Y  PEDRO AMPUDIA,H2,16:30,,,,
05/05/2026,SALTILLO 2000,Salida,N,4,FCO I MADERO Y  PEDRO AMPUDIA,H3,19:15,19:03,12,1,0
05/05/2026,SALTILLO 2000,Salida,N,5,CUQUITA DE CEPEDA DAVILA  (OXXO),H1,07:20,07:09,11,1,0
05/05/2026,SALTILLO 2000,Salida,N,5,CUQUITA DE CEPEDA DAVILA  (OXXO),H2,16:35,,,,
05/05/2026,SALTILLO 2000,Salida,N,5,CUQUITA DE CEPEDA DAVILA  (OXXO),H3,19:20,19:12,8,1,0
05/05/2026,SALTILLO 2000,Salida,N,6,ROTONDA SALTILLO 2000,H1,07:30,,,,
05/05/2026,SALTILLO 2000,Salida,N,6,ROTONDA SALTILLO 2000,H2,16:45,,,,
05/05/2026,SALTILLO 2000,Salida,N,6,ROTONDA SALTILLO 2000,H3,19:30,,,,
05/05/2026,SALTILLO 2000,Salida,N,7,PALACIO DE JUSTICIA,H1,07:35,07:15,20,1,0
05/05/2026,SALTILLO 2000,Salida,N,7,PALACIO DE JUSTICIA,H2,16:50,,,,
05/05/2026,SALTILLO 2000,Salida,N,7,PALACIO DE JUSTICIA,H3,19:35,,,,
05/05/2026,SAN FRANCISCO,Entrada,A,1,LA CUCHILLA,H1,19:35,,,,
05/05/2026,SAN FRANCISCO,Entrada,A,1,LA CUCHILLA,H2,04:05,04:05,0,1,0
05/05/2026,SAN FRANCISCO,Entrada,A,1,LA CUCHILLA,H3,16:05,,,,
05/05/2026,SAN FRANCISCO,Entrada,A,1,LA CUCHILLA,H4,20:05,,,,
05/05/2026,SAN FRANCISCO,Entrada,A,2,SAN JUAN RETIRO,H1,19:44,,,,
05/05/2026,SAN FRANCISCO,Entrada,A,2,SAN JUAN RETIRO,H2,04:14,,,,
05/05/2026,SAN FRANCISCO,Entrada,A,2,SAN JUAN RETIRO,H3,16:14,,,,
05/05/2026,SAN FRANCISCO,Entrada,A,2,SAN JUAN RETIRO,H4,20:14,,,,
05/05/2026,SAN FRANCISCO,Entrada,A,3,NUEVO GOMEZ,H1,19:54,,,,
05/05/2026,SAN FRANCISCO,Entrada,A,3,NUEVO GOMEZ,H2,04:24,04:28,-4,1,0
05/05/2026,SAN FRANCISCO,Entrada,A,3,NUEVO GOMEZ,H3,16:24,,,,
05/05/2026,SAN FRANCISCO,Entrada,A,3,NUEVO GOMEZ,H4,20:24,,,,
05/05/2026,SAN FRANCISCO,Entrada,A,4,SAN FRANCISCO,H1,20:06,,,,
05/05/2026,SAN FRANCISCO,Entrada,A,4,SAN FRANCISCO,H2,04:36,04:37,-1,1,0
05/05/2026,SAN FRANCISCO,Entrada,A,4,SAN FRANCISCO,H3,16:36,16:35,1,1,0
05/05/2026,SAN FRANCISCO,Entrada,A,4,SAN FRANCISCO,H4,20:36,,,,
05/05/2026,SAN FRANCISCO,Entrada,A,5,MANGAS,H1,20:16,,,,
05/05/2026,SAN FRANCISCO,Entrada,A,5,MANGAS,H2,04:46,04:49,-3,1,0
05/05/2026,SAN FRANCISCO,Entrada,A,5,MANGAS,H3,16:46,,,,
05/05/2026,SAN FRANCISCO,Entrada,A,5,MANGAS,H4,20:46,,,,
05/05/2026,SAN FRANCISCO,Entrada,A,6,COLONIAS,H1,20:52,,,,
05/05/2026,SAN FRANCISCO,Entrada,A,6,COLONIAS,H2,05:22,,,,
05/05/2026,SAN FRANCISCO,Entrada,A,6,COLONIAS,H3,17:22,,,,
05/05/2026,SAN FRANCISCO,Entrada,A,6,COLONIAS,H4,21:22,,,,
05/05/2026,SAN FRANCISCO,Entrada,A,7,AGUA NUEVA,H1,21:00,,,,
05/05/2026,SAN FRANCISCO,Entrada,A,7,AGUA NUEVA,H2,05:30,05:28,2,1,0
05/05/2026,SAN FRANCISCO,Entrada,A,7,AGUA NUEVA,H3,17:30,17:20,10,1,0
05/05/2026,SAN FRANCISCO,Entrada,A,7,AGUA NUEVA,H4,21:25,,,,
05/05/2026,SAN FRANCISCO,Entrada,A,8,METALSA,H1,21:20,,,,
05/05/2026,SAN FRANCISCO,Entrada,A,8,METALSA,H2,05:50,,,,
05/05/2026,SAN FRANCISCO,Entrada,A,8,METALSA,H3,17:50,,,,
05/05/2026,SAN FRANCISCO,Entrada,A,8,METALSA,H4,21:50,,,,
05/05/2026,SAN FRANCISCO,Salida,N,1,METALSA,H1,15:30,,,,
05/05/2026,SAN FRANCISCO,Salida,N,1,METALSA,H2,18:15,18:17,-2,1,0
05/05/2026,SAN FRANCISCO,Salida,N,1,METALSA,H3,06:15,06:20,-5,1,0
05/05/2026,SAN FRANCISCO,Salida,N,2,AGUA NUEVA,H1,15:59,,,,
05/05/2026,SAN FRANCISCO,Salida,N,2,AGUA NUEVA,H2,18:44,18:27,17,1,0
05/05/2026,SAN FRANCISCO,Salida,N,2,AGUA NUEVA,H3,06:44,,,,
05/05/2026,SAN FRANCISCO,Salida,N,3,COLONIAS,H1,16:10,,,,
05/05/2026,SAN FRANCISCO,Salida,N,3,COLONIAS,H2,18:55,18:44,11,1,0
05/05/2026,SAN FRANCISCO,Salida,N,3,COLONIAS,H3,06:55,,,,
05/05/2026,SAN FRANCISCO,Salida,N,4,MANGAS,H1,16:34,,,,
05/05/2026,SAN FRANCISCO,Salida,N,4,MANGAS,H2,19:19,,,,
05/05/2026,SAN FRANCISCO,Salida,N,4,MANGAS,H3,07:19,,,,
05/05/2026,SAN FRANCISCO,Salida,N,5,SAN FRANCISCO,H1,16:46,,,,
05/05/2026,SAN FRANCISCO,Salida,N,5,SAN FRANCISCO,H2,19:31,,,,
05/05/2026,SAN FRANCISCO,Salida,N,5,SAN FRANCISCO,H3,07:31,07:05,26,1,0
05/05/2026,SAN FRANCISCO,Salida,N,6,NUEVO GOMEZ,H1,16:56,,,,
05/05/2026,SAN FRANCISCO,Salida,N,6,NUEVO GOMEZ,H2,19:41,,,,
05/05/2026,SAN FRANCISCO,Salida,N,6,NUEVO GOMEZ,H3,07:41,,,,
05/05/2026,SAN FRANCISCO,Salida,N,7,SAN JUAN RETIRO,H1,17:06,,,,
05/05/2026,SAN FRANCISCO,Salida,N,7,SAN JUAN RETIRO,H2,19:51,,,,
05/05/2026,SAN FRANCISCO,Salida,N,7,SAN JUAN RETIRO,H3,07:51,07:22,29,1,0
05/05/2026,SAN FRANCISCO,Salida,N,8,LA CUCHILLA,H1,17:15,,,,
05/05/2026,SAN FRANCISCO,Salida,N,8,LA CUCHILLA,H2,20:00,,,,
05/05/2026,SAN FRANCISCO,Salida,N,8,LA CUCHILLA,H3,08:00,,,,
05/05/2026,SAN MIGUEL,Entrada,A,1,SAN MIGUEL,H1,19:50,,,,
05/05/2026,SAN MIGUEL,Entrada,A,1,SAN MIGUEL,H2,04:20,,,,
05/05/2026,SAN MIGUEL,Entrada,A,1,SAN MIGUEL,H3,16:20,,,,
05/05/2026,SAN MIGUEL,Entrada,A,1,SAN MIGUEL,H4,20:20,,,,
05/05/2026,SAN MIGUEL,Entrada,A,2,ZACATERA,H1,19:53,,,,
05/05/2026,SAN MIGUEL,Entrada,A,2,ZACATERA,H2,04:23,,,,
05/05/2026,SAN MIGUEL,Entrada,A,2,ZACATERA,H3,16:23,,,,
05/05/2026,SAN MIGUEL,Entrada,A,2,ZACATERA,H4,20:23,,,,
05/05/2026,SAN MIGUEL,Entrada,A,3,GOMEZ FARIAS,H1,20:00,,,,
05/05/2026,SAN MIGUEL,Entrada,A,3,GOMEZ FARIAS,H2,04:30,,,,
05/05/2026,SAN MIGUEL,Entrada,A,3,GOMEZ FARIAS,H3,16:30,,,,
05/05/2026,SAN MIGUEL,Entrada,A,3,GOMEZ FARIAS,H4,20:30,,,,
05/05/2026,SAN MIGUEL,Entrada,A,4,GUADALUPE VICTORIA,H1,20:25,,,,
05/05/2026,SAN MIGUEL,Entrada,A,4,GUADALUPE VICTORIA,H2,04:55,,,,
05/05/2026,SAN MIGUEL,Entrada,A,4,GUADALUPE VICTORIA,H3,16:55,,,,
05/05/2026,SAN MIGUEL,Entrada,A,4,GUADALUPE VICTORIA,H4,20:55,,,,
05/05/2026,SAN MIGUEL,Entrada,A,5,COLONIAS,H1,20:35,,,,
05/05/2026,SAN MIGUEL,Entrada,A,5,COLONIAS,H2,05:05,,,,
05/05/2026,SAN MIGUEL,Entrada,A,5,COLONIAS,H3,17:05,,,,
05/05/2026,SAN MIGUEL,Entrada,A,5,COLONIAS,H4,21:05,,,,
05/05/2026,SAN MIGUEL,Entrada,A,6,AGUA NUEVA,H1,20:50,,,,
05/05/2026,SAN MIGUEL,Entrada,A,6,AGUA NUEVA,H2,05:20,,,,
05/05/2026,SAN MIGUEL,Entrada,A,6,AGUA NUEVA,H3,17:20,,,,
05/05/2026,SAN MIGUEL,Entrada,A,6,AGUA NUEVA,H4,21:20,,,,
05/05/2026,SAN MIGUEL,Entrada,A,7,METALSA,H1,21:20,,,,
05/05/2026,SAN MIGUEL,Entrada,A,7,METALSA,H2,05:50,,,,
05/05/2026,SAN MIGUEL,Entrada,A,7,METALSA,H3,17:50,,,,
05/05/2026,SAN MIGUEL,Entrada,A,7,METALSA,H4,21:50,,,,
05/05/2026,SAN MIGUEL,Salida,N,1,METALSA,H1,15:30,,,,
05/05/2026,SAN MIGUEL,Salida,N,1,METALSA,H2,06:15,,,,
05/05/2026,SAN MIGUEL,Salida,N,1,METALSA,H3,18:15,18:17,-2,1,0
05/05/2026,SAN MIGUEL,Salida,N,2,AGUA NUEVA,H1,16:10,,,,
05/05/2026,SAN MIGUEL,Salida,N,2,AGUA NUEVA,H2,06:55,,,,
05/05/2026,SAN MIGUEL,Salida,N,2,AGUA NUEVA,H3,18:55,,,,
05/05/2026,SAN MIGUEL,Salida,N,3,COLONIAS,H1,16:20,,,,
05/05/2026,SAN MIGUEL,Salida,N,3,COLONIAS,H2,07:05,,,,
05/05/2026,SAN MIGUEL,Salida,N,3,COLONIAS,H3,19:05,,,,
05/05/2026,SAN MIGUEL,Salida,N,4,GUADALUPE VICTORIA,H1,16:30,,,,
05/05/2026,SAN MIGUEL,Salida,N,4,GUADALUPE VICTORIA,H2,07:15,,,,
05/05/2026,SAN MIGUEL,Salida,N,4,GUADALUPE VICTORIA,H3,19:15,,,,
05/05/2026,SAN MIGUEL,Salida,N,5,GOMEZ FARIAS,H1,17:05,,,,
05/05/2026,SAN MIGUEL,Salida,N,5,GOMEZ FARIAS,H2,07:50,,,,
05/05/2026,SAN MIGUEL,Salida,N,5,GOMEZ FARIAS,H3,19:50,,,,
05/05/2026,SAN MIGUEL,Salida,N,6,SAN MIGUEL,H1,17:30,,,,
05/05/2026,SAN MIGUEL,Salida,N,6,SAN MIGUEL,H2,08:15,,,,
05/05/2026,SAN MIGUEL,Salida,N,6,SAN MIGUEL,H3,20:15,,,,
05/05/2026,SAN MIGUEL,Salida,N,7,ZACATERA,H1,18:05,,,,
05/05/2026,SAN MIGUEL,Salida,N,7,ZACATERA,H2,08:45,,,,
05/05/2026,SAN MIGUEL,Salida,N,7,ZACATERA,H3,20:45,,,,
05/05/2026,SANTA MARIA - SAN RAFAEL,Entrada,N,1,SAN JOSE ALAMITO,H1,19:00,,,,
05/05/2026,SANTA MARIA - SAN RAFAEL,Entrada,N,1,SAN JOSE ALAMITO,H2,03:30,03:53,-23,1,0
05/05/2026,SANTA MARIA - SAN RAFAEL,Entrada,N,1,SAN JOSE ALAMITO,H3,15:30,16:05,-35,1,0
05/05/2026,SANTA MARIA - SAN RAFAEL,Entrada,N,1,SAN JOSE ALAMITO,H4,19:30,,,,
05/05/2026,SANTA MARIA - SAN RAFAEL,Entrada,N,2,LA HEDIONDA,H1,19:25,,,,
05/05/2026,SANTA MARIA - SAN RAFAEL,Entrada,N,2,LA HEDIONDA,H2,03:55,03:55,0,1,0
05/05/2026,SANTA MARIA - SAN RAFAEL,Entrada,N,2,LA HEDIONDA,H3,15:55,16:07,-12,1,0
05/05/2026,SANTA MARIA - SAN RAFAEL,Entrada,N,2,LA HEDIONDA,H4,19:55,,,,
05/05/2026,SANTA MARIA - SAN RAFAEL,Entrada,N,3,LA CONCHA,H1,19:40,,,,
05/05/2026,SANTA MARIA - SAN RAFAEL,Entrada,N,3,LA CONCHA,H2,04:10,04:08,2,1,0
05/05/2026,SANTA MARIA - SAN RAFAEL,Entrada,N,3,LA CONCHA,H3,16:10,,,,
05/05/2026,SANTA MARIA - SAN RAFAEL,Entrada,N,3,LA CONCHA,H4,20:10,,,,
05/05/2026,SANTA MARIA - SAN RAFAEL,Entrada,N,4,STA MARIA DE RAMOS,H1,19:50,,,,
05/05/2026,SANTA MARIA - SAN RAFAEL,Entrada,N,4,STA MARIA DE RAMOS,H2,04:20,04:15,5,1,0
05/05/2026,SANTA MARIA - SAN RAFAEL,Entrada,N,4,STA MARIA DE RAMOS,H3,16:20,16:23,-3,1,0
05/05/2026,SANTA MARIA - SAN RAFAEL,Entrada,N,4,STA MARIA DE RAMOS,H4,20:20,,,,
05/05/2026,SANTA MARIA - SAN RAFAEL,Entrada,N,5,SAN RAFAEL,H1,20:05,,,,
05/05/2026,SANTA MARIA - SAN RAFAEL,Entrada,N,5,SAN RAFAEL,H2,04:35,04:25,10,1,0
05/05/2026,SANTA MARIA - SAN RAFAEL,Entrada,N,5,SAN RAFAEL,H3,16:35,16:32,3,1,0
05/05/2026,SANTA MARIA - SAN RAFAEL,Entrada,N,5,SAN RAFAEL,H4,20:35,,,,
05/05/2026,SANTA MARIA - SAN RAFAEL,Entrada,N,6,NAVIDAD,H1,20:10,,,,
05/05/2026,SANTA MARIA - SAN RAFAEL,Entrada,N,6,NAVIDAD,H2,04:40,,,,
05/05/2026,SANTA MARIA - SAN RAFAEL,Entrada,N,6,NAVIDAD,H3,16:40,,,,
05/05/2026,SANTA MARIA - SAN RAFAEL,Entrada,N,6,NAVIDAD,H4,20:40,,,,
05/05/2026,SANTA MARIA - SAN RAFAEL,Entrada,N,7,ENTRONQUE HUACHICHIL,H1,20:40,,,,
05/05/2026,SANTA MARIA - SAN RAFAEL,Entrada,N,7,ENTRONQUE HUACHICHIL,H2,05:10,05:03,7,1,0
05/05/2026,SANTA MARIA - SAN RAFAEL,Entrada,N,7,ENTRONQUE HUACHICHIL,H3,17:10,17:07,3,1,0
05/05/2026,SANTA MARIA - SAN RAFAEL,Entrada,N,7,ENTRONQUE HUACHICHIL,H4,21:10,,,,
05/05/2026,SANTA MARIA - SAN RAFAEL,Entrada,N,8,METALSA,H1,21:20,,,,
05/05/2026,SANTA MARIA - SAN RAFAEL,Entrada,N,8,METALSA,H2,05:50,05:35,15,1,0
05/05/2026,SANTA MARIA - SAN RAFAEL,Entrada,N,8,METALSA,H3,17:50,17:36,14,1,0
05/05/2026,SANTA MARIA - SAN RAFAEL,Entrada,N,8,METALSA,H4,21:50,,,,
05/05/2026,SANTA MARIA - SAN RAFAEL,Salida,N,1,METALSA,H1,15:30,,,,
05/05/2026,SANTA MARIA - SAN RAFAEL,Salida,N,1,METALSA,H2,06:15,06:17,-2,1,0
05/05/2026,SANTA MARIA - SAN RAFAEL,Salida,N,1,METALSA,H3,18:15,18:17,-2,1,0
05/05/2026,SANTA MARIA - SAN RAFAEL,Salida,N,2,ENTRONQUE HUACHICHIL,H1,15:31,,,,
05/05/2026,SANTA MARIA - SAN RAFAEL,Salida,N,2,ENTRONQUE HUACHICHIL,H2,06:16,06:48,-32,1,0
05/05/2026,SANTA MARIA - SAN RAFAEL,Salida,N,2,ENTRONQUE HUACHICHIL,H3,18:16,18:46,-30,1,0
05/05/2026,SANTA MARIA - SAN RAFAEL,Salida,N,3,NAVIDAD,H1,15:32,,,,
05/05/2026,SANTA MARIA - SAN RAFAEL,Salida,N,3,NAVIDAD,H2,06:17,07:18,-61,1,0
05/05/2026,SANTA MARIA - SAN RAFAEL,Salida,N,3,NAVIDAD,H3,18:17,,,,
05/05/2026,SANTA MARIA - SAN RAFAEL,Salida,N,4,SAN RAFAEL,H1,15:33,,,,
05/05/2026,SANTA MARIA - SAN RAFAEL,Salida,N,4,SAN RAFAEL,H2,06:18,,,,
05/05/2026,SANTA MARIA - SAN RAFAEL,Salida,N,4,SAN RAFAEL,H3,18:18,,,,
05/05/2026,SANTA MARIA - SAN RAFAEL,Salida,N,5,STA MARIA DE RAMOS,H1,16:50,,,,
05/05/2026,SANTA MARIA - SAN RAFAEL,Salida,N,5,STA MARIA DE RAMOS,H2,07:35,07:36,-1,1,0
05/05/2026,SANTA MARIA - SAN RAFAEL,Salida,N,5,STA MARIA DE RAMOS,H3,19:35,19:31,4,1,0
05/05/2026,SANTA MARIA - SAN RAFAEL,Salida,N,6,LA CONCHA,H1,16:55,,,,
05/05/2026,SANTA MARIA - SAN RAFAEL,Salida,N,6,LA CONCHA,H2,07:45,,,,
05/05/2026,SANTA MARIA - SAN RAFAEL,Salida,N,6,LA CONCHA,H3,19:40,19:36,4,1,0
05/05/2026,SANTA MARIA - SAN RAFAEL,Salida,N,7,LA HEDIONDA,H1,17:30,,,,
05/05/2026,SANTA MARIA - SAN RAFAEL,Salida,N,7,LA HEDIONDA,H2,08:00,,,,
05/05/2026,SANTA MARIA - SAN RAFAEL,Salida,N,7,LA HEDIONDA,H3,20:15,19:48,27,1,0
05/05/2026,SANTA MARIA - SAN RAFAEL,Salida,N,8,SAN JOSE ALAMITO,H1,17:55,,,,
05/05/2026,SANTA MARIA - SAN RAFAEL,Salida,N,8,SAN JOSE ALAMITO,H2,08:25,,,,
05/05/2026,SANTA MARIA - SAN RAFAEL,Salida,N,8,SAN JOSE ALAMITO,H3,20:35,20:06,29,1,0
05/05/2026,SECUENCIADOS,Entrada,A,1,CARR. SALTILLO-ZACATECAS,H1,05:45,,,,
05/05/2026,SECUENCIADOS,Entrada,A,1,CARR. SALTILLO-ZACATECAS,H2,17:45,,,,
05/05/2026,SECUENCIADOS,Entrada,A,1,CARR. SALTILLO-ZACATECAS,H3,21:15,,,,
05/05/2026,SECUENCIADOS,Entrada,A,1,CARR. SALTILLO-ZACATECAS,H4,21:45,,,,
05/05/2026,SECUENCIADOS,Entrada,A,2,METALSA,H1,05:50,,,,
05/05/2026,SECUENCIADOS,Entrada,A,2,METALSA,H2,17:50,,,,
05/05/2026,SECUENCIADOS,Entrada,A,2,METALSA,H3,21:20,,,,
05/05/2026,SECUENCIADOS,Entrada,A,2,METALSA,H4,21:50,,,,
05/05/2026,SECUENCIADOS,Salida,A,1,METALSA,H1,05:50,,,,
05/05/2026,SECUENCIADOS,Salida,A,1,METALSA,H2,17:50,,,,
05/05/2026,SECUENCIADOS,Salida,A,1,METALSA,H3,21:20,,,,
05/05/2026,SECUENCIADOS,Salida,A,2,CARR. SALTILLO-ZACATECAS,H1,05:45,,,,
05/05/2026,SECUENCIADOS,Salida,A,2,CARR. SALTILLO-ZACATECAS,H2,17:45,,,,
05/05/2026,SECUENCIADOS,Salida,A,2,CARR. SALTILLO-ZACATECAS,H3,21:15,,,,
05/05/2026,TANQUE DEL CERRO - LA VENTURA,Entrada,A,1,TANQUE DEL CERRO,H1,19:15,,,,
05/05/2026,TANQUE DEL CERRO - LA VENTURA,Entrada,A,1,TANQUE DEL CERRO,H2,03:45,,,,
05/05/2026,TANQUE DEL CERRO - LA VENTURA,Entrada,A,1,TANQUE DEL CERRO,H3,15:45,,,,
05/05/2026,TANQUE DEL CERRO - LA VENTURA,Entrada,A,1,TANQUE DEL CERRO,H4,19:45,,,,
05/05/2026,TANQUE DEL CERRO - LA VENTURA,Entrada,A,2,LA VENTURA,H1,19:35,,,,
05/05/2026,TANQUE DEL CERRO - LA VENTURA,Entrada,A,2,LA VENTURA,H2,04:05,,,,
05/05/2026,TANQUE DEL CERRO - LA VENTURA,Entrada,A,2,LA VENTURA,H3,16:05,,,,
05/05/2026,TANQUE DEL CERRO - LA VENTURA,Entrada,A,2,LA VENTURA,H4,20:05,,,,
05/05/2026,TANQUE DEL CERRO - LA VENTURA,Entrada,A,3,PURISIMA,H1,19:45,,,,
05/05/2026,TANQUE DEL CERRO - LA VENTURA,Entrada,A,3,PURISIMA,H2,04:15,,,,
05/05/2026,TANQUE DEL CERRO - LA VENTURA,Entrada,A,3,PURISIMA,H3,16:15,,,,
05/05/2026,TANQUE DEL CERRO - LA VENTURA,Entrada,A,3,PURISIMA,H4,20:15,,,,
05/05/2026,TANQUE DEL CERRO - LA VENTURA,Entrada,A,4,PRESA SAN PEDRO,H1,19:55,,,,
05/05/2026,TANQUE DEL CERRO - LA VENTURA,Entrada,A,4,PRESA SAN PEDRO,H2,04:25,,,,
05/05/2026,TANQUE DEL CERRO - LA VENTURA,Entrada,A,4,PRESA SAN PEDRO,H3,16:25,,,,
05/05/2026,TANQUE DEL CERRO - LA VENTURA,Entrada,A,4,PRESA SAN PEDRO,H4,20:25,,,,
05/05/2026,TANQUE DEL CERRO - LA VENTURA,Entrada,A,5,TANQUE ESCONDIDO,H1,20:10,,,,
05/05/2026,TANQUE DEL CERRO - LA VENTURA,Entrada,A,5,TANQUE ESCONDIDO,H2,04:40,,,,
05/05/2026,TANQUE DEL CERRO - LA VENTURA,Entrada,A,5,TANQUE ESCONDIDO,H3,16:40,,,,
05/05/2026,TANQUE DEL CERRO - LA VENTURA,Entrada,A,5,TANQUE ESCONDIDO,H4,20:40,,,,
05/05/2026,TANQUE DEL CERRO - LA VENTURA,Entrada,A,6,GUADALUPE VICTORIA,H1,20:38,,,,
05/05/2026,TANQUE DEL CERRO - LA VENTURA,Entrada,A,6,GUADALUPE VICTORIA,H2,05:08,,,,
05/05/2026,TANQUE DEL CERRO - LA VENTURA,Entrada,A,6,GUADALUPE VICTORIA,H3,17:08,,,,
05/05/2026,TANQUE DEL CERRO - LA VENTURA,Entrada,A,6,GUADALUPE VICTORIA,H4,21:08,,,,
05/05/2026,TANQUE DEL CERRO - LA VENTURA,Entrada,A,7,METALSA,H1,21:20,,,,
05/05/2026,TANQUE DEL CERRO - LA VENTURA,Entrada,A,7,METALSA,H2,05:50,,,,
05/05/2026,TANQUE DEL CERRO - LA VENTURA,Entrada,A,7,METALSA,H3,17:50,,,,
05/05/2026,TANQUE DEL CERRO - LA VENTURA,Entrada,A,7,METALSA,H4,21:50,,,,
05/05/2026,TANQUE DEL CERRO - LA VENTURA,Salida,N,1,METALSA,H1,15:30,,,,
05/05/2026,TANQUE DEL CERRO - LA VENTURA,Salida,N,1,METALSA,H2,06:15,06:18,-3,1,0
05/05/2026,TANQUE DEL CERRO - LA VENTURA,Salida,N,1,METALSA,H3,18:15,18:08,7,1,0
05/05/2026,TANQUE DEL CERRO - LA VENTURA,Salida,N,2,GUADALUPE VICTORIA,H1,16:00,,,,
05/05/2026,TANQUE DEL CERRO - LA VENTURA,Salida,N,2,GUADALUPE VICTORIA,H2,06:40,,,,
05/05/2026,TANQUE DEL CERRO - LA VENTURA,Salida,N,2,GUADALUPE VICTORIA,H3,18:40,,,,
05/05/2026,TANQUE DEL CERRO - LA VENTURA,Salida,N,3,TANQUE ESCONDIDO,H1,16:01,,,,
05/05/2026,TANQUE DEL CERRO - LA VENTURA,Salida,N,3,TANQUE ESCONDIDO,H2,06:41,07:29,-48,1,0
05/05/2026,TANQUE DEL CERRO - LA VENTURA,Salida,N,3,TANQUE ESCONDIDO,H3,18:41,19:23,-42,1,0
05/05/2026,TANQUE DEL CERRO - LA VENTURA,Salida,N,4,PRESA SAN PEDRO,H1,16:02,,,,
05/05/2026,TANQUE DEL CERRO - LA VENTURA,Salida,N,4,PRESA SAN PEDRO,H2,06:42,07:38,-56,1,0
05/05/2026,TANQUE DEL CERRO - LA VENTURA,Salida,N,4,PRESA SAN PEDRO,H3,18:42,19:30,-48,1,0
05/05/2026,TANQUE DEL CERRO - LA VENTURA,Salida,N,5,PURISIMA,H1,16:03,,,,
05/05/2026,TANQUE DEL CERRO - LA VENTURA,Salida,N,5,PURISIMA,H2,06:43,07:48,-65,1,0
05/05/2026,TANQUE DEL CERRO - LA VENTURA,Salida,N,5,PURISIMA,H3,18:43,19:42,-59,1,0
05/05/2026,TANQUE DEL CERRO - LA VENTURA,Salida,N,6,LA VENTURA,H1,17:00,,,,
05/05/2026,TANQUE DEL CERRO - LA VENTURA,Salida,N,6,LA VENTURA,H2,06:44,08:01,-77,1,0
05/05/2026,TANQUE DEL CERRO - LA VENTURA,Salida,N,6,LA VENTURA,H3,19:45,19:55,-10,1,0
05/05/2026,TANQUE DEL CERRO - LA VENTURA,Salida,N,7,TANQUE DEL CERRO,H1,17:20,,,,
05/05/2026,TANQUE DEL CERRO - LA VENTURA,Salida,N,7,TANQUE DEL CERRO,H2,08:05,08:12,-7,1,0
05/05/2026,TANQUE DEL CERRO - LA VENTURA,Salida,N,7,TANQUE DEL CERRO,H3,20:05,,,,
05/05/2026,TANQUE NUEVO,Entrada,A,1,MATEHUAPIL,H1,18:20,,,,
05/05/2026,TANQUE NUEVO,Entrada,A,1,MATEHUAPIL,H2,02:50,,,,
05/05/2026,TANQUE NUEVO,Entrada,A,1,MATEHUAPIL,H3,02:50,,,,
05/05/2026,TANQUE NUEVO,Entrada,A,1,MATEHUAPIL,H4,14:50,,,,
05/05/2026,TANQUE NUEVO,Entrada,A,1,MATEHUAPIL,H5,14:50,,,,
05/05/2026,TANQUE NUEVO,Entrada,A,1,MATEHUAPIL,H6,18:50,,,,
05/05/2026,TANQUE NUEVO,Entrada,A,2,TANQUE NUEVO,H1,18:30,,,,
05/05/2026,TANQUE NUEVO,Entrada,A,2,TANQUE NUEVO,H2,03:00,,,,
05/05/2026,TANQUE NUEVO,Entrada,A,2,TANQUE NUEVO,H3,03:00,,,,
05/05/2026,TANQUE NUEVO,Entrada,A,2,TANQUE NUEVO,H4,15:00,,,,
05/05/2026,TANQUE NUEVO,Entrada,A,2,TANQUE NUEVO,H5,15:00,,,,
05/05/2026,TANQUE NUEVO,Entrada,A,2,TANQUE NUEVO,H6,19:00,,,,
05/05/2026,TANQUE NUEVO,Entrada,A,3,CLAVELLINAS,H1,18:50,,,,
05/05/2026,TANQUE NUEVO,Entrada,A,3,CLAVELLINAS,H2,03:20,,,,
05/05/2026,TANQUE NUEVO,Entrada,A,3,CLAVELLINAS,H3,03:20,,,,
05/05/2026,TANQUE NUEVO,Entrada,A,3,CLAVELLINAS,H4,15:20,,,,
05/05/2026,TANQUE NUEVO,Entrada,A,3,CLAVELLINAS,H5,15:20,,,,
05/05/2026,TANQUE NUEVO,Entrada,A,3,CLAVELLINAS,H6,19:20,,,,
05/05/2026,TANQUE NUEVO,Entrada,A,4,EL SALVADOR,H1,19:10,,,,
05/05/2026,TANQUE NUEVO,Entrada,A,4,EL SALVADOR,H2,03:40,00:03,217,1,0
05/05/2026,TANQUE NUEVO,Entrada,A,4,EL SALVADOR,H3,03:40,,,,
05/05/2026,TANQUE NUEVO,Entrada,A,4,EL SALVADOR,H4,15:40,,,,
05/05/2026,TANQUE NUEVO,Entrada,A,4,EL SALVADOR,H5,15:40,,,,
05/05/2026,TANQUE NUEVO,Entrada,A,4,EL SALVADOR,H6,19:40,,,,
05/05/2026,TANQUE NUEVO,Entrada,A,5,LA VENTURA,H1,19:30,,,,
05/05/2026,TANQUE NUEVO,Entrada,A,5,LA VENTURA,H2,04:00,,,,
05/05/2026,TANQUE NUEVO,Entrada,A,5,LA VENTURA,H3,04:00,00:15,225,1,0
05/05/2026,TANQUE NUEVO,Entrada,A,5,LA VENTURA,H4,16:00,,,,
05/05/2026,TANQUE NUEVO,Entrada,A,5,LA VENTURA,H5,16:00,,,,
05/05/2026,TANQUE NUEVO,Entrada,A,5,LA VENTURA,H6,20:10,,,,
05/05/2026,TANQUE NUEVO,Entrada,A,6,PRESA SAN PEDRO,H1,19:45,,,,
05/05/2026,TANQUE NUEVO,Entrada,A,6,PRESA SAN PEDRO,H2,04:15,00:04,251,1,0
05/05/2026,TANQUE NUEVO,Entrada,A,6,PRESA SAN PEDRO,H3,04:15,,,,
05/05/2026,TANQUE NUEVO,Entrada,A,6,PRESA SAN PEDRO,H4,16:15,,,,
05/05/2026,TANQUE NUEVO,Entrada,A,6,PRESA SAN PEDRO,H5,16:15,,,,
05/05/2026,TANQUE NUEVO,Entrada,A,6,PRESA SAN PEDRO,H6,20:35,,,,
05/05/2026,TANQUE NUEVO,Entrada,A,7,TANQUE ESCONDIDO,H1,19:55,,,,
05/05/2026,TANQUE NUEVO,Entrada,A,7,TANQUE ESCONDIDO,H2,04:25,00:04,261,1,0
05/05/2026,TANQUE NUEVO,Entrada,A,7,TANQUE ESCONDIDO,H3,04:25,00:16,249,1,0
05/05/2026,TANQUE NUEVO,Entrada,A,7,TANQUE ESCONDIDO,H4,16:25,,,,
05/05/2026,TANQUE NUEVO,Entrada,A,7,TANQUE ESCONDIDO,H5,16:25,,,,
05/05/2026,TANQUE NUEVO,Entrada,A,7,TANQUE ESCONDIDO,H6,20:45,,,,
05/05/2026,TANQUE NUEVO,Entrada,A,8,METALSA,H1,21:20,,,,
05/05/2026,TANQUE NUEVO,Entrada,A,8,METALSA,H2,05:50,00:05,345,1,0
05/05/2026,TANQUE NUEVO,Entrada,A,8,METALSA,H3,05:50,00:18,332,1,0
05/05/2026,TANQUE NUEVO,Entrada,A,8,METALSA,H4,17:50,,,,
05/05/2026,TANQUE NUEVO,Entrada,A,8,METALSA,H5,17:50,,,,
05/05/2026,TANQUE NUEVO,Entrada,A,8,METALSA,H6,21:50,,,,
05/05/2026,TANQUE NUEVO,Salida,N,1,METALSA,H1,15:30,,,,
05/05/2026,TANQUE NUEVO,Salida,N,1,METALSA,H2,06:15,00:06,369,1,0
05/05/2026,TANQUE NUEVO,Salida,N,1,METALSA,H3,06:15,00:18,357,1,0
05/05/2026,TANQUE NUEVO,Salida,N,1,METALSA,H4,18:15,00:18,357,,0
05/05/2026,TANQUE NUEVO,Salida,N,1,METALSA,H5,18:15,00:18,357,,0
05/05/2026,TANQUE NUEVO,Salida,N,2,TANQUE ESCONDIDO,H1,16:55,,,,
05/05/2026,TANQUE NUEVO,Salida,N,2,TANQUE ESCONDIDO,H2,07:40,00:07,453,1,0
05/05/2026,TANQUE NUEVO,Salida,N,2,TANQUE ESCONDIDO,H3,07:40,00:19,441,1,0
05/05/2026,TANQUE NUEVO,Salida,N,2,TANQUE ESCONDIDO,H4,19:40,00:19,441,,0
05/05/2026,TANQUE NUEVO,Salida,N,2,TANQUE ESCONDIDO,H5,19:40,00:19,441,,0
05/05/2026,TANQUE NUEVO,Salida,N,3,PRESA SAN PEDRO,H1,17:05,,,,
05/05/2026,TANQUE NUEVO,Salida,N,3,PRESA SAN PEDRO,H2,07:50,00:07,463,1,0
05/05/2026,TANQUE NUEVO,Salida,N,3,PRESA SAN PEDRO,H3,07:50,00:19,451,1,0
05/05/2026,TANQUE NUEVO,Salida,N,3,PRESA SAN PEDRO,H4,19:50,00:19,451,,0
05/05/2026,TANQUE NUEVO,Salida,N,3,PRESA SAN PEDRO,H5,19:50,00:19,451,,0
05/05/2026,TANQUE NUEVO,Salida,N,4,LA VENTURA,H1,17:20,,,,
05/05/2026,TANQUE NUEVO,Salida,N,4,LA VENTURA,H2,08:05,00:07,478,1,0
05/05/2026,TANQUE NUEVO,Salida,N,4,LA VENTURA,H3,08:05,00:19,466,1,0
05/05/2026,TANQUE NUEVO,Salida,N,4,LA VENTURA,H4,20:05,00:19,466,,0
05/05/2026,TANQUE NUEVO,Salida,N,4,LA VENTURA,H5,20:05,00:19,466,,0
05/05/2026,TANQUE NUEVO,Salida,N,5,EL SALVADOR,H1,17:40,,,,
05/05/2026,TANQUE NUEVO,Salida,N,5,EL SALVADOR,H2,08:25,,,,
05/05/2026,TANQUE NUEVO,Salida,N,5,EL SALVADOR,H3,08:25,,,,
05/05/2026,TANQUE NUEVO,Salida,N,5,EL SALVADOR,H4,20:25,,,,
05/05/2026,TANQUE NUEVO,Salida,N,5,EL SALVADOR,H5,20:25,,,,
05/05/2026,TANQUE NUEVO,Salida,N,6,CLAVELLINAS,H1,18:00,,,,
05/05/2026,TANQUE NUEVO,Salida,N,6,CLAVELLINAS,H2,08:45,,,,
05/05/2026,TANQUE NUEVO,Salida,N,6,CLAVELLINAS,H3,08:45,,,,
05/05/2026,TANQUE NUEVO,Salida,N,6,CLAVELLINAS,H4,20:45,,,,
05/05/2026,TANQUE NUEVO,Salida,N,6,CLAVELLINAS,H5,20:45,,,,
05/05/2026,TANQUE NUEVO,Salida,N,7,TANQUE NUEVO,H1,18:20,,,,
05/05/2026,TANQUE NUEVO,Salida,N,7,TANQUE NUEVO,H2,09:05,,,,
05/05/2026,TANQUE NUEVO,Salida,N,7,TANQUE NUEVO,H3,09:05,,,,
05/05/2026,TANQUE NUEVO,Salida,N,7,TANQUE NUEVO,H4,21:05,,,,
05/05/2026,TANQUE NUEVO,Salida,N,7,TANQUE NUEVO,H5,21:05,,,,
05/05/2026,TANQUE NUEVO,Salida,N,8,MATEHUAPIL,H1,18:30,,,,
05/05/2026,TANQUE NUEVO,Salida,N,8,MATEHUAPIL,H2,09:15,,,,
05/05/2026,TANQUE NUEVO,Salida,N,8,MATEHUAPIL,H3,09:15,,,,
05/05/2026,TANQUE NUEVO,Salida,N,8,MATEHUAPIL,H4,21:15,,,,
05/05/2026,TANQUE NUEVO,Salida,N,8,MATEHUAPIL,H5,21:15,,,,
05/05/2026,TERESITAS,Entrada,N,1,BLVD ANTONIO CARDENAS Y HUACHICHILES,H1,05:05,05:04,1,1,0
05/05/2026,TERESITAS,Entrada,N,1,BLVD ANTONIO CARDENAS Y HUACHICHILES,H2,17:05,17:06,-1,1,0
05/05/2026,TERESITAS,Entrada,N,1,BLVD ANTONIO CARDENAS Y HUACHICHILES,H3,20:35,,,,
05/05/2026,TERESITAS,Entrada,N,1,BLVD ANTONIO CARDENAS Y HUACHICHILES,H4,21:05,,,,
05/05/2026,TERESITAS,Entrada,N,2,RAYADOS Y HUACHICHILES,H1,05:10,05:08,2,1,0
05/05/2026,TERESITAS,Entrada,N,2,RAYADOS Y HUACHICHILES,H2,17:10,17:09,1,1,0
05/05/2026,TERESITAS,Entrada,N,2,RAYADOS Y HUACHICHILES,H3,20:40,,,,
05/05/2026,TERESITAS,Entrada,N,2,RAYADOS Y HUACHICHILES,H4,21:10,,,,
05/05/2026,TERESITAS,Entrada,N,3,SIERRA DE ZAPALINAME Y AV TERESITAS,H1,05:15,05:12,3,1,0
05/05/2026,TERESITAS,Entrada,N,3,SIERRA DE ZAPALINAME Y AV TERESITAS,H2,17:15,17:14,1,1,0
05/05/2026,TERESITAS,Entrada,N,3,SIERRA DE ZAPALINAME Y AV TERESITAS,H3,20:45,,,,
05/05/2026,TERESITAS,Entrada,N,3,SIERRA DE ZAPALINAME Y AV TERESITAS,H4,21:15,,,,
05/05/2026,TERESITAS,Entrada,N,4,AV TERESITAS Y BLVD ANTONIO CARDENAS,H1,05:22,05:20,2,1,0
05/05/2026,TERESITAS,Entrada,N,4,AV TERESITAS Y BLVD ANTONIO CARDENAS,H2,17:22,17:20,2,1,0
05/05/2026,TERESITAS,Entrada,N,4,AV TERESITAS Y BLVD ANTONIO CARDENAS,H3,20:52,,,,
05/05/2026,TERESITAS,Entrada,N,4,AV TERESITAS Y BLVD ANTONIO CARDENAS,H4,21:22,,,,
05/05/2026,TERESITAS,Entrada,N,5,LA ENCANTADA,H1,05:28,05:21,7,1,0
05/05/2026,TERESITAS,Entrada,N,5,LA ENCANTADA,H2,17:28,17:22,6,1,0
05/05/2026,TERESITAS,Entrada,N,5,LA ENCANTADA,H3,20:58,,,,
05/05/2026,TERESITAS,Entrada,N,5,LA ENCANTADA,H4,21:28,,,,
05/05/2026,TERESITAS,Entrada,N,6,CAAR. SALTILLO-ZACATECAS,H1,05:32,05:24,8,1,0
05/05/2026,TERESITAS,Entrada,N,6,CAAR. SALTILLO-ZACATECAS,H2,17:32,17:24,8,1,0
05/05/2026,TERESITAS,Entrada,N,6,CAAR. SALTILLO-ZACATECAS,H3,21:02,,,,
05/05/2026,TERESITAS,Entrada,N,6,CAAR. SALTILLO-ZACATECAS,H4,21:30,,,,
05/05/2026,TERESITAS,Entrada,N,7,METALSA,H1,05:50,05:41,9,1,0
05/05/2026,TERESITAS,Entrada,N,7,METALSA,H2,17:50,17:38,12,1,0
05/05/2026,TERESITAS,Entrada,N,7,METALSA,H3,21:20,,,,
05/05/2026,TERESITAS,Entrada,N,7,METALSA,H4,21:50,,,,
05/05/2026,TERESITAS,Salida,N,1,METALSA,H1,06:15,06:16,-1,1,0
05/05/2026,TERESITAS,Salida,N,1,METALSA,H2,15:30,,,,
05/05/2026,TERESITAS,Salida,N,1,METALSA,H3,18:15,18:14,1,1,0
05/05/2026,TERESITAS,Salida,N,2,CARR. SALTILLO-ZACATECAS,H1,06:33,,,,
05/05/2026,TERESITAS,Salida,N,2,CARR. SALTILLO-ZACATECAS,H2,15:48,,,,
05/05/2026,TERESITAS,Salida,N,2,CARR. SALTILLO-ZACATECAS,H3,18:33,,,,
05/05/2026,TERESITAS,Salida,N,3,LA ENCANTADA,H1,06:37,,,,
05/05/2026,TERESITAS,Salida,N,3,LA ENCANTADA,H2,15:52,,,,
05/05/2026,TERESITAS,Salida,N,3,LA ENCANTADA,H3,18:37,,,,
05/05/2026,TERESITAS,Salida,N,4,AV TERESITAS Y BLVD ANTONIO CARDENAS,H1,06:43,,,,
05/05/2026,TERESITAS,Salida,N,4,AV TERESITAS Y BLVD ANTONIO CARDENAS,H2,15:58,,,,
05/05/2026,TERESITAS,Salida,N,4,AV TERESITAS Y BLVD ANTONIO CARDENAS,H3,18:43,,,,
05/05/2026,TERESITAS,Salida,N,5,SIERRA DE ZAPALINAME Y AV TERESITAS,H1,06:50,,,,
05/05/2026,TERESITAS,Salida,N,5,SIERRA DE ZAPALINAME Y AV TERESITAS,H2,16:05,,,,
05/05/2026,TERESITAS,Salida,N,5,SIERRA DE ZAPALINAME Y AV TERESITAS,H3,18:50,,,,
05/05/2026,TERESITAS,Salida,N,6,RAYADOS Y HUACHICHILES,H1,06:55,,,,
05/05/2026,TERESITAS,Salida,N,6,RAYADOS Y HUACHICHILES,H2,16:10,,,,
05/05/2026,TERESITAS,Salida,N,6,RAYADOS Y HUACHICHILES,H3,18:55,,,,
05/05/2026,TERESITAS,Salida,N,7,BLVD ANTONIO CARDENAS Y HUACHICHILES,H1,07:00,,,,
05/05/2026,TERESITAS,Salida,N,7,BLVD ANTONIO CARDENAS Y HUACHICHILES,H2,16:15,,,,
05/05/2026,TERESITAS,Salida,N,7,BLVD ANTONIO CARDENAS Y HUACHICHILES,H3,19:00,,,,
05/05/2026,VALENCIA,Entrada,N,1,LA RIOJA Y JEREZ,H1,04:30,04:30,0,1,0
05/05/2026,VALENCIA,Entrada,N,1,LA RIOJA Y JEREZ,H2,16:30,16:29,1,1,0
05/05/2026,VALENCIA,Entrada,N,1,LA RIOJA Y JEREZ,H3,20:00,,,,
05/05/2026,VALENCIA,Entrada,N,1,LA RIOJA Y JEREZ,H4,20:30,,,,
05/05/2026,VALENCIA,Entrada,N,2,PERIFERICO LEA Y VITO ALESSIO,H1,04:40,04:44,-4,1,0
05/05/2026,VALENCIA,Entrada,N,2,PERIFERICO LEA Y VITO ALESSIO,H2,16:40,16:43,-3,1,0
05/05/2026,VALENCIA,Entrada,N,2,PERIFERICO LEA Y VITO ALESSIO,H3,20:10,,,,
05/05/2026,VALENCIA,Entrada,N,2,PERIFERICO LEA Y VITO ALESSIO,H4,20:40,,,,
05/05/2026,VALENCIA,Entrada,N,3,CARLOS S. Y RANCHO DE PEÑA,H1,04:45,04:51,-6,1,0
05/05/2026,VALENCIA,Entrada,N,3,CARLOS S. Y RANCHO DE PEÑA,H2,16:45,16:49,-4,1,0
05/05/2026,VALENCIA,Entrada,N,3,CARLOS S. Y RANCHO DE PEÑA,H3,20:15,,,,
05/05/2026,VALENCIA,Entrada,N,3,CARLOS S. Y RANCHO DE PEÑA,H4,20:45,,,,
05/05/2026,VALENCIA,Entrada,N,4,ALVARO OBREGON,H1,04:55,04:56,-1,1,0
05/05/2026,VALENCIA,Entrada,N,4,ALVARO OBREGON,H2,16:55,16:56,-1,1,0
05/05/2026,VALENCIA,Entrada,N,4,ALVARO OBREGON,H3,20:25,,,,
05/05/2026,VALENCIA,Entrada,N,4,ALVARO OBREGON,H4,20:55,,,,
05/05/2026,VALENCIA,Entrada,N,5,MIGUEL HIDALGO Y PEDRO ARANDA,H1,05:00,05:08,-8,1,0
05/05/2026,VALENCIA,Entrada,N,5,MIGUEL HIDALGO Y PEDRO ARANDA,H2,17:00,17:09,-9,1,0
05/05/2026,VALENCIA,Entrada,N,5,MIGUEL HIDALGO Y PEDRO ARANDA,H3,20:30,,,,
05/05/2026,VALENCIA,Entrada,N,5,MIGUEL HIDALGO Y PEDRO ARANDA,H4,21:00,,,,
05/05/2026,VALENCIA,Entrada,N,6,PERIFERICO LEA Y W. GONZALEZ,H1,05:05,05:13,-8,1,0
05/05/2026,VALENCIA,Entrada,N,6,PERIFERICO LEA Y W. GONZALEZ,H2,17:05,17:16,-11,1,0
05/05/2026,VALENCIA,Entrada,N,6,PERIFERICO LEA Y W. GONZALEZ,H3,20:35,,,,
05/05/2026,VALENCIA,Entrada,N,6,PERIFERICO LEA Y W. GONZALEZ,H4,21:05,,,,
05/05/2026,VALENCIA,Entrada,N,7,CTO DE LA CAÑADA Y BLVD CARDENAS,H1,05:15,05:19,-4,1,0
05/05/2026,VALENCIA,Entrada,N,7,CTO DE LA CAÑADA Y BLVD CARDENAS,H2,17:15,17:22,-7,1,0
05/05/2026,VALENCIA,Entrada,N,7,CTO DE LA CAÑADA Y BLVD CARDENAS,H3,20:45,,,,
05/05/2026,VALENCIA,Entrada,N,7,CTO DE LA CAÑADA Y BLVD CARDENAS,H4,21:15,,,,
05/05/2026,VALENCIA,Entrada,N,8,METALSA,H1,05:50,05:44,6,1,0
05/05/2026,VALENCIA,Entrada,N,8,METALSA,H2,17:50,17:41,9,1,0
05/05/2026,VALENCIA,Entrada,N,8,METALSA,H3,21:20,,,,
05/05/2026,VALENCIA,Entrada,N,8,METALSA,H4,21:50,,,,
05/05/2026,VALENCIA,Salida,N,1,METALSA,H1,06:15,06:16,-1,1,0
05/05/2026,VALENCIA,Salida,N,1,METALSA,H2,15:30,,,,
05/05/2026,VALENCIA,Salida,N,1,METALSA,H3,18:15,18:16,-1,1,0
05/05/2026,VALENCIA,Salida,N,2,CTO DE LA CAÑADA Y BLVD CARDENAS,H1,06:50,06:40,10,1,0
05/05/2026,VALENCIA,Salida,N,2,CTO DE LA CAÑADA Y BLVD CARDENAS,H2,16:05,,,,
05/05/2026,VALENCIA,Salida,N,2,CTO DE LA CAÑADA Y BLVD CARDENAS,H3,18:50,18:41,9,1,0
05/05/2026,VALENCIA,Salida,N,3,PERIFERICO LEA Y W. GONZALEZ,H1,07:00,06:45,15,1,0
05/05/2026,VALENCIA,Salida,N,3,PERIFERICO LEA Y W. GONZALEZ,H2,16:15,,,,
05/05/2026,VALENCIA,Salida,N,3,PERIFERICO LEA Y W. GONZALEZ,H3,19:00,18:47,13,1,0
05/05/2026,VALENCIA,Salida,N,4,MIGUEL HIDALGO Y PEDRO ARANDA,H1,07:05,06:51,14,1,0
05/05/2026,VALENCIA,Salida,N,4,MIGUEL HIDALGO Y PEDRO ARANDA,H2,16:20,,,,
05/05/2026,VALENCIA,Salida,N,4,MIGUEL HIDALGO Y PEDRO ARANDA,H3,19:05,18:50,15,1,0
05/05/2026,VALENCIA,Salida,N,5,ALVARO OBREGON,H1,07:10,07:04,6,1,0
05/05/2026,VALENCIA,Salida,N,5,ALVARO OBREGON,H2,16:25,,,,
05/05/2026,VALENCIA,Salida,N,5,ALVARO OBREGON,H3,19:10,19:03,7,1,0
05/05/2026,VALENCIA,Salida,N,6,CARLOS S. Y RANCHO DE PEÑA,H1,07:20,07:10,10,1,0
05/05/2026,VALENCIA,Salida,N,6,CARLOS S. Y RANCHO DE PEÑA,H2,16:35,,,,
05/05/2026,VALENCIA,Salida,N,6,CARLOS S. Y RANCHO DE PEÑA,H3,19:20,19:13,7,1,0
05/05/2026,VALENCIA,Salida,N,7,PERIFERICO LEA Y VITO ALESSIO,H1,07:25,07:13,12,1,0
05/05/2026,VALENCIA,Salida,N,7,PERIFERICO LEA Y VITO ALESSIO,H2,16:40,,,,
05/05/2026,VALENCIA,Salida,N,7,PERIFERICO LEA Y VITO ALESSIO,H3,19:25,,,,
05/05/2026,VALENCIA,Salida,N,8,LA RIOJA Y JEREZ,H1,07:35,07:28,7,1,0
05/05/2026,VALENCIA,Salida,N,8,LA RIOJA Y JEREZ,H2,16:50,,,,
05/05/2026,VALENCIA,Salida,N,8,LA RIOJA Y JEREZ,H3,19:35,19:32,3,1,0
05/05/2026,ZARAGOZA,Entrada,N,1,FCO. EALY ORTIZ Y EUCALIPTO,H1,04:25,04:28,-3,1,0
05/05/2026,ZARAGOZA,Entrada,N,1,FCO. EALY ORTIZ Y EUCALIPTO,H2,16:25,,,,
05/05/2026,ZARAGOZA,Entrada,N,1,FCO. EALY ORTIZ Y EUCALIPTO,H3,19:55,,,,
05/05/2026,ZARAGOZA,Entrada,N,1,FCO. EALY ORTIZ Y EUCALIPTO,H4,20:25,,,,
05/05/2026,ZARAGOZA,Entrada,N,2,CHOPO Y EUCALIPTO,H1,04:26,04:29,-3,1,0
05/05/2026,ZARAGOZA,Entrada,N,2,CHOPO Y EUCALIPTO,H2,16:26,,,,
05/05/2026,ZARAGOZA,Entrada,N,2,CHOPO Y EUCALIPTO,H3,19:56,,,,
05/05/2026,ZARAGOZA,Entrada,N,2,CHOPO Y EUCALIPTO,H4,20:26,,,,
05/05/2026,ZARAGOZA,Entrada,N,3,FUNDADORES Y BLVD. MIRASIERRA,H1,04:36,04:40,-4,1,0
05/05/2026,ZARAGOZA,Entrada,N,3,FUNDADORES Y BLVD. MIRASIERRA,H2,16:36,16:39,-3,1,0
05/05/2026,ZARAGOZA,Entrada,N,3,FUNDADORES Y BLVD. MIRASIERRA,H3,20:06,,,,
05/05/2026,ZARAGOZA,Entrada,N,3,FUNDADORES Y BLVD. MIRASIERRA,H4,20:36,,,,
05/05/2026,ZARAGOZA,Entrada,N,4,CALLE 34 Y JUAN NAVARRO,H1,04:51,04:54,-3,1,0
05/05/2026,ZARAGOZA,Entrada,N,4,CALLE 34 Y JUAN NAVARRO,H2,16:51,16:55,-4,1,0
05/05/2026,ZARAGOZA,Entrada,N,4,CALLE 34 Y JUAN NAVARRO,H3,20:21,,,,
05/05/2026,ZARAGOZA,Entrada,N,4,CALLE 34 Y JUAN NAVARRO,H4,20:51,,,,
05/05/2026,ZARAGOZA,Entrada,N,5,PERIF LEA Y 12 DE OCTUBRE (FIRST CASH),H1,05:03,05:07,-4,1,0
05/05/2026,ZARAGOZA,Entrada,N,5,PERIF LEA Y 12 DE OCTUBRE (FIRST CASH),H2,17:03,17:10,-7,1,0
05/05/2026,ZARAGOZA,Entrada,N,5,PERIF LEA Y 12 DE OCTUBRE (FIRST CASH),H3,20:33,,,,
05/05/2026,ZARAGOZA,Entrada,N,5,PERIF LEA Y 12 DE OCTUBRE (FIRST CASH),H4,21:03,,,,
05/05/2026,ZARAGOZA,Entrada,N,6,GIMNACIO MUNICIPAL,H1,05:05,05:10,-5,1,0
05/05/2026,ZARAGOZA,Entrada,N,6,GIMNACIO MUNICIPAL,H2,17:05,17:11,-6,1,0
05/05/2026,ZARAGOZA,Entrada,N,6,GIMNACIO MUNICIPAL,H3,20:35,,,,
05/05/2026,ZARAGOZA,Entrada,N,6,GIMNACIO MUNICIPAL,H4,21:05,,,,
05/05/2026,ZARAGOZA,Entrada,N,7,L.E.A. Y J. MERY,H1,05:07,05:12,-5,1,0
05/05/2026,ZARAGOZA,Entrada,N,7,L.E.A. Y J. MERY,H2,17:07,17:12,-5,1,0
05/05/2026,ZARAGOZA,Entrada,N,7,L.E.A. Y J. MERY,H3,20:37,,,,
05/05/2026,ZARAGOZA,Entrada,N,7,L.E.A. Y J. MERY,H4,21:07,,,,
05/05/2026,ZARAGOZA,Entrada,N,8,VILLA UNIVERSIDAD,H1,05:09,05:14,-5,1,0
05/05/2026,ZARAGOZA,Entrada,N,8,VILLA UNIVERSIDAD,H2,17:09,17:15,-6,1,0
05/05/2026,ZARAGOZA,Entrada,N,8,VILLA UNIVERSIDAD,H3,20:39,,,,
05/05/2026,ZARAGOZA,Entrada,N,8,VILLA UNIVERSIDAD,H4,21:09,,,,
05/05/2026,ZARAGOZA,Entrada,N,9,ARIZPE DE LA MAZA Y CARR. 54,H1,05:15,,,,
05/05/2026,ZARAGOZA,Entrada,N,9,ARIZPE DE LA MAZA Y CARR. 54,H2,17:15,17:17,-2,1,0
05/05/2026,ZARAGOZA,Entrada,N,9,ARIZPE DE LA MAZA Y CARR. 54,H3,20:45,,,,
05/05/2026,ZARAGOZA,Entrada,N,9,ARIZPE DE LA MAZA Y CARR. 54,H4,21:15,,,,
05/05/2026,ZARAGOZA,Entrada,N,10,METALSA,H1,05:50,05:43,7,1,0
05/05/2026,ZARAGOZA,Entrada,N,10,METALSA,H2,17:50,17:38,12,1,0
05/05/2026,ZARAGOZA,Entrada,N,10,METALSA,H3,21:20,,,,
05/05/2026,ZARAGOZA,Entrada,N,10,METALSA,H4,21:50,,,,
05/05/2026,ZARAGOZA,Salida,N,1,METALSA,H1,06:15,06:16,-1,1,0
05/05/2026,ZARAGOZA,Salida,N,1,METALSA,H2,15:30,,,,
05/05/2026,ZARAGOZA,Salida,N,1,METALSA,H3,18:15,,,,
05/05/2026,ZARAGOZA,Salida,N,2,ARIZPE DE LA MAZA Y CARR. 54,H1,06:44,,,,
05/05/2026,ZARAGOZA,Salida,N,2,ARIZPE DE LA MAZA Y CARR. 54,H2,15:59,,,,
05/05/2026,ZARAGOZA,Salida,N,2,ARIZPE DE LA MAZA Y CARR. 54,H3,18:44,,,,
05/05/2026,ZARAGOZA,Salida,N,3,VILLA UNIVERSIDAD,H1,06:46,,,,
05/05/2026,ZARAGOZA,Salida,N,3,VILLA UNIVERSIDAD,H2,16:01,,,,
05/05/2026,ZARAGOZA,Salida,N,3,VILLA UNIVERSIDAD,H3,18:45,,,,
05/05/2026,ZARAGOZA,Salida,N,4,L.E.A. Y J. MERY,H1,06:49,,,,
05/05/2026,ZARAGOZA,Salida,N,4,L.E.A. Y J. MERY,H2,16:04,,,,
05/05/2026,ZARAGOZA,Salida,N,4,L.E.A. Y J. MERY,H3,18:49,,,,
05/05/2026,ZARAGOZA,Salida,N,5,GIMNACIO MUNICIPAL,H1,06:51,06:41,10,1,0
05/05/2026,ZARAGOZA,Salida,N,5,GIMNACIO MUNICIPAL,H2,16:06,,,,
05/05/2026,ZARAGOZA,Salida,N,5,GIMNACIO MUNICIPAL,H3,18:51,18:44,7,1,0
05/05/2026,ZARAGOZA,Salida,N,6,PERIF LEA Y 12 DE OCTUBRE (FIRST CASH),H1,07:00,,,,
05/05/2026,ZARAGOZA,Salida,N,6,PERIF LEA Y 12 DE OCTUBRE (FIRST CASH),H2,16:10,,,,
05/05/2026,ZARAGOZA,Salida,N,6,PERIF LEA Y 12 DE OCTUBRE (FIRST CASH),H3,19:00,18:46,14,1,0
05/05/2026,ZARAGOZA,Salida,N,7,CALLE 34 Y JUAN NAVARRO,H1,07:04,,,,
05/05/2026,ZARAGOZA,Salida,N,7,CALLE 34 Y JUAN NAVARRO,H2,16:19,,,,
05/05/2026,ZARAGOZA,Salida,N,7,CALLE 34 Y JUAN NAVARRO,H3,19:04,,,,
05/05/2026,ZARAGOZA,Salida,N,8,FUNDADORES Y BLVD. MIRASIERRA,H1,07:19,,,,
05/05/2026,ZARAGOZA,Salida,N,8,FUNDADORES Y BLVD. MIRASIERRA,H2,16:34,,,,
05/05/2026,ZARAGOZA,Salida,N,8,FUNDADORES Y BLVD. MIRASIERRA,H3,19:19,,,,
05/05/2026,ZARAGOZA,Salida,N,9,CHOPO Y EUCALIPTO,H1,07:29,,,,
05/05/2026,ZARAGOZA,Salida,N,9,CHOPO Y EUCALIPTO,H2,16:44,,,,
05/05/2026,ZARAGOZA,Salida,N,9,CHOPO Y EUCALIPTO,H3,19:29,,,,
05/05/2026,ZARAGOZA,Salida,N,10,FCO. EALY ORTIZ Y EUCALIPTO,H1,07:30,,,,
05/05/2026,ZARAGOZA,Salida,N,10,FCO. EALY ORTIZ Y EUCALIPTO,H2,16:45,,,,
05/05/2026,ZARAGOZA,Salida,N,10,FCO. EALY ORTIZ Y EUCALIPTO,H3,19:30,19:11,19,1,0
06/05/2026,EL PEÑUELO,Entrada,A,1,LA VENTURA,H1,19:00,,,,
06/05/2026,EL PEÑUELO,Entrada,A,1,LA VENTURA,H2,03:30,,,,
06/05/2026,EL PEÑUELO,Entrada,A,1,LA VENTURA,H3,15:30,,,,
06/05/2026,EL PEÑUELO,Entrada,A,1,LA VENTURA,H4,19:30,,,,
06/05/2026,EL PEÑUELO,Entrada,A,2,METALSA,H1,21:20,,,,
06/05/2026,EL PEÑUELO,Entrada,A,2,METALSA,H2,05:50,,,,
06/05/2026,EL PEÑUELO,Entrada,A,2,METALSA,H3,17:50,,,,
06/05/2026,EL PEÑUELO,Entrada,A,2,METALSA,H4,21:50,,,,
06/05/2026,EL PEÑUELO,Salida,N,1,METALSA,H1,15:30,,,,
06/05/2026,EL PEÑUELO,Salida,N,1,METALSA,H2,06:15,06:17,-2,1,0
06/05/2026,EL PEÑUELO,Salida,N,1,METALSA,H3,18:15,,,,
06/05/2026,EL PEÑUELO,Salida,N,2,LA VENTURA,H1,17:50,,,,
06/05/2026,EL PEÑUELO,Salida,N,2,LA VENTURA,H2,08:35,,,,
06/05/2026,EL PEÑUELO,Salida,N,2,LA VENTURA,H3,20:35,,,,
06/05/2026,EL SALITRE,Entrada,A,1,SALITRE,H1,19:20,,,,
06/05/2026,EL SALITRE,Entrada,A,1,SALITRE,H2,03:50,,,,
06/05/2026,EL SALITRE,Entrada,A,1,SALITRE,H3,15:50,,,,
06/05/2026,EL SALITRE,Entrada,A,1,SALITRE,H4,19:50,,,,
06/05/2026,EL SALITRE,Entrada,A,2,BENITO JUAREZ,H1,19:25,,,,
06/05/2026,EL SALITRE,Entrada,A,2,BENITO JUAREZ,H2,03:55,,,,
06/05/2026,EL SALITRE,Entrada,A,2,BENITO JUAREZ,H3,15:55,,,,
06/05/2026,EL SALITRE,Entrada,A,2,BENITO JUAREZ,H4,19:55,,,,
06/05/2026,EL SALITRE,Entrada,A,3,EL MEZQUITE,H1,19:40,,,,
06/05/2026,EL SALITRE,Entrada,A,3,EL MEZQUITE,H2,04:10,,,,
06/05/2026,EL SALITRE,Entrada,A,3,EL MEZQUITE,H3,16:10,,,,
06/05/2026,EL SALITRE,Entrada,A,3,EL MEZQUITE,H4,20:10,,,,
06/05/2026,EL SALITRE,Entrada,A,4,PRESA DE LOS MUCHAHCOS,H1,19:55,,,,
06/05/2026,EL SALITRE,Entrada,A,4,PRESA DE LOS MUCHAHCOS,H2,04:25,,,,
06/05/2026,EL SALITRE,Entrada,A,4,PRESA DE LOS MUCHAHCOS,H3,16:25,16:20,5,1,0
06/05/2026,EL SALITRE,Entrada,A,4,PRESA DE LOS MUCHAHCOS,H4,20:25,,,,
06/05/2026,EL SALITRE,Entrada,A,5,AGUA NUEVA,H1,20:43,,,,
06/05/2026,EL SALITRE,Entrada,A,5,AGUA NUEVA,H2,05:13,,,,
06/05/2026,EL SALITRE,Entrada,A,5,AGUA NUEVA,H3,17:13,17:09,4,1,0
06/05/2026,EL SALITRE,Entrada,A,5,AGUA NUEVA,H4,21:13,,,,
06/05/2026,EL SALITRE,Entrada,A,6,METALSA,H1,21:20,,,,
06/05/2026,EL SALITRE,Entrada,A,6,METALSA,H2,05:50,,,,
06/05/2026,EL SALITRE,Entrada,A,6,METALSA,H3,17:50,17:36,14,1,0
06/05/2026,EL SALITRE,Entrada,A,6,METALSA,H4,21:50,,,,
06/05/2026,EL SALITRE,Salida,N,1,METALSA,H1,15:30,,,,
06/05/2026,EL SALITRE,Salida,N,1,METALSA,H2,06:15,06:18,-3,1,0
06/05/2026,EL SALITRE,Salida,N,1,METALSA,H3,18:15,,,,
06/05/2026,EL SALITRE,Salida,N,2,AGUA NUEVA,H1,15:31,,,,
06/05/2026,EL SALITRE,Salida,N,2,AGUA NUEVA,H2,06:16,,,,
06/05/2026,EL SALITRE,Salida,N,2,AGUA NUEVA,H3,18:16,,,,
06/05/2026,EL SALITRE,Salida,N,3,PRESA DE LOS MUCHAHCOS,H1,16:55,,,,
06/05/2026,EL SALITRE,Salida,N,3,PRESA DE LOS MUCHAHCOS,H2,07:40,07:24,16,1,0
06/05/2026,EL SALITRE,Salida,N,3,PRESA DE LOS MUCHAHCOS,H3,19:40,,,,
06/05/2026,EL SALITRE,Salida,N,4,EL MEZQUITE,H1,17:10,,,,
06/05/2026,EL SALITRE,Salida,N,4,EL MEZQUITE,H2,07:55,,,,
06/05/2026,EL SALITRE,Salida,N,4,EL MEZQUITE,H3,19:55,,,,
06/05/2026,EL SALITRE,Salida,N,5,BENITO JUAREZ,H1,17:25,,,,
06/05/2026,EL SALITRE,Salida,N,5,BENITO JUAREZ,H2,08:10,,,,
06/05/2026,EL SALITRE,Salida,N,5,BENITO JUAREZ,H3,20:10,,,,
06/05/2026,EL SALITRE,Salida,N,6,SALITRE,H1,17:30,,,,
06/05/2026,EL SALITRE,Salida,N,6,SALITRE,H2,08:15,,,,
06/05/2026,EL SALITRE,Salida,N,6,SALITRE,H3,20:15,,,,
06/05/2026,LA HEDIONDA,Entrada,N,1,LAS ESPERANZAS,H1,20:00,,,,
06/05/2026,LA HEDIONDA,Entrada,N,1,LAS ESPERANZAS,H2,04:30,04:30,0,1,0
06/05/2026,LA HEDIONDA,Entrada,N,1,LAS ESPERANZAS,H3,16:30,,,,
06/05/2026,LA HEDIONDA,Entrada,N,1,LAS ESPERANZAS,H4,20:30,,,,
06/05/2026,LA HEDIONDA,Entrada,N,2,HEDIONDA,H1,20:20,,,,
06/05/2026,LA HEDIONDA,Entrada,N,2,HEDIONDA,H2,04:50,04:55,-5,1,0
06/05/2026,LA HEDIONDA,Entrada,N,2,HEDIONDA,H3,16:50,,,,
06/05/2026,LA HEDIONDA,Entrada,N,2,HEDIONDA,H4,20:50,,,,
06/05/2026,LA HEDIONDA,Entrada,N,3,METALSA,H1,21:20,,,,
06/05/2026,LA HEDIONDA,Entrada,N,3,METALSA,H2,05:50,05:41,9,1,0
06/05/2026,LA HEDIONDA,Entrada,N,3,METALSA,H3,17:50,,,,
06/05/2026,LA HEDIONDA,Entrada,N,3,METALSA,H4,21:50,,,,
06/05/2026,LA HEDIONDA,Salida,N,1,METALSA,H1,15:30,,,,
06/05/2026,LA HEDIONDA,Salida,N,1,METALSA,H2,06:15,,,,
06/05/2026,LA HEDIONDA,Salida,N,1,METALSA,H3,18:15,18:17,-2,1,0
06/05/2026,LA HEDIONDA,Salida,N,2,HEDIONDA,H1,16:30,,,,
06/05/2026,LA HEDIONDA,Salida,N,2,HEDIONDA,H2,07:15,,,,
06/05/2026,LA HEDIONDA,Salida,N,2,HEDIONDA,H3,19:15,,,,
06/05/2026,LA HEDIONDA,Salida,N,3,LAS ESPERANZAS,H1,16:50,,,,
06/05/2026,LA HEDIONDA,Salida,N,3,LAS ESPERANZAS,H2,07:35,,,,
06/05/2026,LA HEDIONDA,Salida,N,3,LAS ESPERANZAS,H3,19:35,,,,
06/05/2026,LA SAUCEDA,Entrada,N,1,LA SAUCEDA,H1,04:00,04:02,-2,1,0
06/05/2026,LA SAUCEDA,Entrada,N,1,LA SAUCEDA,H2,16:00,,,,
06/05/2026,LA SAUCEDA,Entrada,N,1,LA SAUCEDA,H3,19:30,,,,
06/05/2026,LA SAUCEDA,Entrada,N,1,LA SAUCEDA,H4,20:00,,,,
06/05/2026,LA SAUCEDA,Entrada,N,2,HIPOLITO,H1,04:15,04:18,-3,1,0
06/05/2026,LA SAUCEDA,Entrada,N,2,HIPOLITO,H2,16:15,16:04,11,1,0
06/05/2026,LA SAUCEDA,Entrada,N,2,HIPOLITO,H3,19:45,,,,
06/05/2026,LA SAUCEDA,Entrada,N,2,HIPOLITO,H4,20:15,,,,
06/05/2026,LA SAUCEDA,Entrada,N,3,SAN ANTONIO DEL JARAL,H1,04:32,04:40,-8,1,0
06/05/2026,LA SAUCEDA,Entrada,N,3,SAN ANTONIO DEL JARAL,H2,16:32,16:25,7,1,0
06/05/2026,LA SAUCEDA,Entrada,N,3,SAN ANTONIO DEL JARAL,H3,20:02,,,,
06/05/2026,LA SAUCEDA,Entrada,N,3,SAN ANTONIO DEL JARAL,H4,20:32,,,,
06/05/2026,LA SAUCEDA,Entrada,N,4,CASETA DE PLAN DE AYALA,H1,04:50,04:58,-8,1,0
06/05/2026,LA SAUCEDA,Entrada,N,4,CASETA DE PLAN DE AYALA,H2,16:50,,,,
06/05/2026,LA SAUCEDA,Entrada,N,4,CASETA DE PLAN DE AYALA,H3,20:20,,,,
06/05/2026,LA SAUCEDA,Entrada,N,4,CASETA DE PLAN DE AYALA,H4,20:42,,,,
06/05/2026,LA SAUCEDA,Entrada,N,5,METALSA,H1,05:50,05:42,8,1,0
06/05/2026,LA SAUCEDA,Entrada,N,5,METALSA,H2,17:50,17:47,3,1,0
06/05/2026,LA SAUCEDA,Entrada,N,5,METALSA,H3,21:20,,,,
06/05/2026,LA SAUCEDA,Entrada,N,5,METALSA,H4,21:50,,,,
06/05/2026,LA SAUCEDA,Salida,N,1,METALSA,H1,06:15,06:17,-2,1,0
06/05/2026,LA SAUCEDA,Salida,N,1,METALSA,H2,15:30,,,,
06/05/2026,LA SAUCEDA,Salida,N,1,METALSA,H3,18:15,18:17,-2,1,0
06/05/2026,LA SAUCEDA,Salida,N,2,CASETA DE PLAN DE AYALA,H1,07:15,,,,
06/05/2026,LA SAUCEDA,Salida,N,2,CASETA DE PLAN DE AYALA,H2,16:30,,,,
06/05/2026,LA SAUCEDA,Salida,N,2,CASETA DE PLAN DE AYALA,H3,19:15,,,,
06/05/2026,LA SAUCEDA,Salida,N,3,SAN ANTONIO DEL JARAL,H1,07:33,,,,
06/05/2026,LA SAUCEDA,Salida,N,3,SAN ANTONIO DEL JARAL,H2,16:48,,,,
06/05/2026,LA SAUCEDA,Salida,N,3,SAN ANTONIO DEL JARAL,H3,19:33,,,,
06/05/2026,LA SAUCEDA,Salida,N,4,HIPOLITO,H1,07:50,,,,
06/05/2026,LA SAUCEDA,Salida,N,4,HIPOLITO,H2,17:05,,,,
06/05/2026,LA SAUCEDA,Salida,N,4,HIPOLITO,H3,19:50,,,,
06/05/2026,LA SAUCEDA,Salida,N,5,LA SAUCEDA,H1,08:05,,,,
06/05/2026,LA SAUCEDA,Salida,N,5,LA SAUCEDA,H2,17:20,,,,
06/05/2026,LA SAUCEDA,Salida,N,5,LA SAUCEDA,H3,20:05,19:53,12,1,0
06/05/2026,LOMA LINDA - URDIÑOLA,Entrada,N,1,MEZQUITE Y GORDOLOBO,H1,04:05,04:06,-1,1,0
06/05/2026,LOMA LINDA - URDIÑOLA,Entrada,N,1,MEZQUITE Y GORDOLOBO,H2,16:05,16:20,-15,1,0
06/05/2026,LOMA LINDA - URDIÑOLA,Entrada,N,1,MEZQUITE Y GORDOLOBO,H3,19:35,,,,
06/05/2026,LOMA LINDA - URDIÑOLA,Entrada,N,1,MEZQUITE Y GORDOLOBO,H4,20:05,,,,
06/05/2026,LOMA LINDA - URDIÑOLA,Entrada,N,2,MEZQUITE Y NUECES,H1,04:10,04:11,-1,1,0
06/05/2026,LOMA LINDA - URDIÑOLA,Entrada,N,2,MEZQUITE Y NUECES,H2,16:10,16:04,6,1,0
06/05/2026,LOMA LINDA - URDIÑOLA,Entrada,N,2,MEZQUITE Y NUECES,H3,19:40,,,,
06/05/2026,LOMA LINDA - URDIÑOLA,Entrada,N,2,MEZQUITE Y NUECES,H4,20:10,,,,
06/05/2026,LOMA LINDA - URDIÑOLA,Entrada,N,3,BLVD SANTA LUCIA Y CALLE 7,H1,04:20,04:21,-1,1,0
06/05/2026,LOMA LINDA - URDIÑOLA,Entrada,N,3,BLVD SANTA LUCIA Y CALLE 7,H2,16:20,16:21,-1,1,0
06/05/2026,LOMA LINDA - URDIÑOLA,Entrada,N,3,BLVD SANTA LUCIA Y CALLE 7,H3,19:50,,,,
06/05/2026,LOMA LINDA - URDIÑOLA,Entrada,N,3,BLVD SANTA LUCIA Y CALLE 7,H4,20:20,,,,
06/05/2026,LOMA LINDA - URDIÑOLA,Entrada,N,4,BLVD VALDES SANCHEZ Y (PLANTA LEAR),H1,04:30,04:33,-3,1,0
06/05/2026,LOMA LINDA - URDIÑOLA,Entrada,N,4,BLVD VALDES SANCHEZ Y (PLANTA LEAR),H2,16:30,16:36,-6,1,0
06/05/2026,LOMA LINDA - URDIÑOLA,Entrada,N,4,BLVD VALDES SANCHEZ Y (PLANTA LEAR),H3,20:00,,,,
06/05/2026,LOMA LINDA - URDIÑOLA,Entrada,N,4,BLVD VALDES SANCHEZ Y (PLANTA LEAR),H4,20:30,,,,
06/05/2026,LOMA LINDA - URDIÑOLA,Entrada,N,5,STA. GERTRUDIS Y STA. CECILIA (DEL ACUEDUCTO),H1,04:32,04:29,3,1,0
06/05/2026,LOMA LINDA - URDIÑOLA,Entrada,N,5,STA. GERTRUDIS Y STA. CECILIA (DEL ACUEDUCTO),H2,16:32,16:32,0,1,0
06/05/2026,LOMA LINDA - URDIÑOLA,Entrada,N,5,STA. GERTRUDIS Y STA. CECILIA (DEL ACUEDUCTO),H3,20:02,,,,
06/05/2026,LOMA LINDA - URDIÑOLA,Entrada,N,5,STA. GERTRUDIS Y STA. CECILIA (DEL ACUEDUCTO),H4,20:32,,,,
06/05/2026,LOMA LINDA - URDIÑOLA,Entrada,N,6,DEPOSITO DE AGUA FRACC PLAZA,H1,04:35,04:37,-2,1,0
06/05/2026,LOMA LINDA - URDIÑOLA,Entrada,N,6,DEPOSITO DE AGUA FRACC PLAZA,H2,16:35,16:40,-5,1,0
06/05/2026,LOMA LINDA - URDIÑOLA,Entrada,N,6,DEPOSITO DE AGUA FRACC PLAZA,H3,20:05,,,,
06/05/2026,LOMA LINDA - URDIÑOLA,Entrada,N,6,DEPOSITO DE AGUA FRACC PLAZA,H4,20:35,,,,
06/05/2026,LOMA LINDA - URDIÑOLA,Entrada,N,7,BLVD VALDES SANCHEZ Y BLVD MINERIA,H1,04:40,04:41,-1,1,0
06/05/2026,LOMA LINDA - URDIÑOLA,Entrada,N,7,BLVD VALDES SANCHEZ Y BLVD MINERIA,H2,16:40,16:44,-4,1,0
06/05/2026,LOMA LINDA - URDIÑOLA,Entrada,N,7,BLVD VALDES SANCHEZ Y BLVD MINERIA,H3,20:10,,,,
06/05/2026,LOMA LINDA - URDIÑOLA,Entrada,N,7,BLVD VALDES SANCHEZ Y BLVD MINERIA,H4,20:40,,,,
06/05/2026,LOMA LINDA - URDIÑOLA,Entrada,N,8,REFORMA Y URDIÑOLA,H1,04:50,04:50,0,1,0
06/05/2026,LOMA LINDA - URDIÑOLA,Entrada,N,8,REFORMA Y URDIÑOLA,H2,16:50,16:52,-2,1,0
06/05/2026,LOMA LINDA - URDIÑOLA,Entrada,N,8,REFORMA Y URDIÑOLA,H3,20:20,,,,
06/05/2026,LOMA LINDA - URDIÑOLA,Entrada,N,8,REFORMA Y URDIÑOLA,H4,20:50,,,,
06/05/2026,LOMA LINDA - URDIÑOLA,Entrada,N,9,PROL. URDIÑOLA Y J. MERY,H1,04:55,04:56,-1,1,0
06/05/2026,LOMA LINDA - URDIÑOLA,Entrada,N,9,PROL. URDIÑOLA Y J. MERY,H2,16:55,17:01,-6,1,0
06/05/2026,LOMA LINDA - URDIÑOLA,Entrada,N,9,PROL. URDIÑOLA Y J. MERY,H3,20:25,,,,
06/05/2026,LOMA LINDA - URDIÑOLA,Entrada,N,9,PROL. URDIÑOLA Y J. MERY,H4,20:55,,,,
06/05/2026,LOMA LINDA - URDIÑOLA,Entrada,N,10,PROL URDIÑOLA Y PERIFERICO LEA,H1,05:00,05:00,0,1,0
06/05/2026,LOMA LINDA - URDIÑOLA,Entrada,N,10,PROL URDIÑOLA Y PERIFERICO LEA,H2,17:00,17:08,-8,1,0
06/05/2026,LOMA LINDA - URDIÑOLA,Entrada,N,10,PROL URDIÑOLA Y PERIFERICO LEA,H3,20:30,,,,
06/05/2026,LOMA LINDA - URDIÑOLA,Entrada,N,10,PROL URDIÑOLA Y PERIFERICO LEA,H4,21:00,,,,
06/05/2026,LOMA LINDA - URDIÑOLA,Entrada,N,11,BLVD ANTONIO CARDENAS Y TEODORO SANCHEZ,H1,05:10,05:13,-3,1,0
06/05/2026,LOMA LINDA - URDIÑOLA,Entrada,N,11,BLVD ANTONIO CARDENAS Y TEODORO SANCHEZ,H2,17:10,17:21,-11,1,0
06/05/2026,LOMA LINDA - URDIÑOLA,Entrada,N,11,BLVD ANTONIO CARDENAS Y TEODORO SANCHEZ,H3,20:40,,,,
06/05/2026,LOMA LINDA - URDIÑOLA,Entrada,N,11,BLVD ANTONIO CARDENAS Y TEODORO SANCHEZ,H4,21:10,,,,
06/05/2026,LOMA LINDA - URDIÑOLA,Entrada,N,12,BLVD SANTA ELENA Y GUACALI,H1,05:20,05:23,-3,1,0
06/05/2026,LOMA LINDA - URDIÑOLA,Entrada,N,12,BLVD SANTA ELENA Y GUACALI,H2,17:20,17:30,-10,1,0
06/05/2026,LOMA LINDA - URDIÑOLA,Entrada,N,12,BLVD SANTA ELENA Y GUACALI,H3,20:50,,,,
06/05/2026,LOMA LINDA - URDIÑOLA,Entrada,N,12,BLVD SANTA ELENA Y GUACALI,H4,21:20,,,,
06/05/2026,LOMA LINDA - URDIÑOLA,Entrada,N,13,CARR. SALTILLO-ZACATECAS,H1,05:25,05:24,1,1,0
06/05/2026,LOMA LINDA - URDIÑOLA,Entrada,N,13,CARR. SALTILLO-ZACATECAS,H2,17:25,17:30,-5,1,0
06/05/2026,LOMA LINDA - URDIÑOLA,Entrada,N,13,CARR. SALTILLO-ZACATECAS,H3,20:55,,,,
06/05/2026,LOMA LINDA - URDIÑOLA,Entrada,N,13,CARR. SALTILLO-ZACATECAS,H4,21:25,,,,
06/05/2026,LOMA LINDA - URDIÑOLA,Entrada,N,14,METALSA,H1,05:50,05:45,5,1,0
06/05/2026,LOMA LINDA - URDIÑOLA,Entrada,N,14,METALSA,H2,17:50,17:44,6,1,0
06/05/2026,LOMA LINDA - URDIÑOLA,Entrada,N,14,METALSA,H3,21:20,,,,
06/05/2026,LOMA LINDA - URDIÑOLA,Entrada,N,14,METALSA,H4,21:50,,,,
06/05/2026,LOMA LINDA - URDIÑOLA,Salida,N,1,METALSA,H1,06:15,06:15,0,1,0
06/05/2026,LOMA LINDA - URDIÑOLA,Salida,N,1,METALSA,H2,15:30,,,,
06/05/2026,LOMA LINDA - URDIÑOLA,Salida,N,1,METALSA,H3,18:15,,,,
06/05/2026,LOMA LINDA - URDIÑOLA,Salida,N,2,CARR. SALTILLO-ZACATECAS,H1,06:29,,,,
06/05/2026,LOMA LINDA - URDIÑOLA,Salida,N,2,CARR. SALTILLO-ZACATECAS,H2,15:59,,,,
06/05/2026,LOMA LINDA - URDIÑOLA,Salida,N,2,CARR. SALTILLO-ZACATECAS,H3,18:29,,,,
06/05/2026,LOMA LINDA - URDIÑOLA,Salida,N,3,BLVD SANTA ELENA Y GUACALI,H1,06:30,06:29,1,1,0
06/05/2026,LOMA LINDA - URDIÑOLA,Salida,N,3,BLVD SANTA ELENA Y GUACALI,H2,16:00,,,,
06/05/2026,LOMA LINDA - URDIÑOLA,Salida,N,3,BLVD SANTA ELENA Y GUACALI,H3,18:30,18:41,-11,1,0
06/05/2026,LOMA LINDA - URDIÑOLA,Salida,N,4,BLVD ANTONIO CARDENAS Y TEODORO SANCHEZ,H1,06:31,,,,
06/05/2026,LOMA LINDA - URDIÑOLA,Salida,N,4,BLVD ANTONIO CARDENAS Y TEODORO SANCHEZ,H2,16:01,,,,
06/05/2026,LOMA LINDA - URDIÑOLA,Salida,N,4,BLVD ANTONIO CARDENAS Y TEODORO SANCHEZ,H3,18:31,,,,
06/05/2026,LOMA LINDA - URDIÑOLA,Salida,N,5,PROL URDIÑOLA Y PERIFERICO LEA,H1,06:32,,,,
06/05/2026,LOMA LINDA - URDIÑOLA,Salida,N,5,PROL URDIÑOLA Y PERIFERICO LEA,H2,16:02,,,,
06/05/2026,LOMA LINDA - URDIÑOLA,Salida,N,5,PROL URDIÑOLA Y PERIFERICO LEA,H3,18:32,,,,
06/05/2026,LOMA LINDA - URDIÑOLA,Salida,N,6,PROL. URDIÑOLA Y J. MERY,H1,06:33,,,,
06/05/2026,LOMA LINDA - URDIÑOLA,Salida,N,6,PROL. URDIÑOLA Y J. MERY,H2,16:03,,,,
06/05/2026,LOMA LINDA - URDIÑOLA,Salida,N,6,PROL. URDIÑOLA Y J. MERY,H3,18:33,,,,
06/05/2026,LOMA LINDA - URDIÑOLA,Salida,N,7,REFORMA Y URDIÑOLA,H1,06:34,,,,
06/05/2026,LOMA LINDA - URDIÑOLA,Salida,N,7,REFORMA Y URDIÑOLA,H2,16:04,,,,
06/05/2026,LOMA LINDA - URDIÑOLA,Salida,N,7,REFORMA Y URDIÑOLA,H3,18:34,19:15,-41,1,0
06/05/2026,LOMA LINDA - URDIÑOLA,Salida,N,8,BLVD VALDES SANCHEZ Y BLVD MINERIA,H1,06:55,,,,
06/05/2026,LOMA LINDA - URDIÑOLA,Salida,N,8,BLVD VALDES SANCHEZ Y BLVD MINERIA,H2,16:10,,,,
06/05/2026,LOMA LINDA - URDIÑOLA,Salida,N,8,BLVD VALDES SANCHEZ Y BLVD MINERIA,H3,18:55,,,,
06/05/2026,LOMA LINDA - URDIÑOLA,Salida,N,9,DEPOSITO DE AGUA FRACC PLAZA,H1,07:00,,,,
06/05/2026,LOMA LINDA - URDIÑOLA,Salida,N,9,DEPOSITO DE AGUA FRACC PLAZA,H2,16:15,,,,
06/05/2026,LOMA LINDA - URDIÑOLA,Salida,N,9,DEPOSITO DE AGUA FRACC PLAZA,H3,19:00,,,,
06/05/2026,LOMA LINDA - URDIÑOLA,Salida,N,10,BLVD VALDES SANCHEZ Y (PLANTA LEAR),H1,07:05,,,,
06/05/2026,LOMA LINDA - URDIÑOLA,Salida,N,10,BLVD VALDES SANCHEZ Y (PLANTA LEAR),H2,16:20,,,,
06/05/2026,LOMA LINDA - URDIÑOLA,Salida,N,10,BLVD VALDES SANCHEZ Y (PLANTA LEAR),H3,19:05,,,,
06/05/2026,LOMA LINDA - URDIÑOLA,Salida,N,11,BLVD SANTA LUCIA Y BLVD FUNDADORES,H1,07:15,07:10,5,1,0
06/05/2026,LOMA LINDA - URDIÑOLA,Salida,N,11,BLVD SANTA LUCIA Y BLVD FUNDADORES,H2,16:30,,,,
06/05/2026,LOMA LINDA - URDIÑOLA,Salida,N,11,BLVD SANTA LUCIA Y BLVD FUNDADORES,H3,19:15,,,,
06/05/2026,LOMA LINDA - URDIÑOLA,Salida,N,12,BLVD SANTA LUCIA Y CALLE 7,H1,07:16,,,,
06/05/2026,LOMA LINDA - URDIÑOLA,Salida,N,12,BLVD SANTA LUCIA Y CALLE 7,H2,16:31,,,,
06/05/2026,LOMA LINDA - URDIÑOLA,Salida,N,12,BLVD SANTA LUCIA Y CALLE 7,H3,19:16,,,,
06/05/2026,LOMA LINDA - URDIÑOLA,Salida,N,13,MEZQUITE Y NUECES,H1,07:25,,,,
06/05/2026,LOMA LINDA - URDIÑOLA,Salida,N,13,MEZQUITE Y NUECES,H2,16:40,,,,
06/05/2026,LOMA LINDA - URDIÑOLA,Salida,N,13,MEZQUITE Y NUECES,H3,19:25,,,,
06/05/2026,LOMA LINDA - URDIÑOLA,Salida,N,14,MEZQUITE Y GORDOLOBO,H1,07:30,07:07,23,1,0
06/05/2026,LOMA LINDA - URDIÑOLA,Salida,N,14,MEZQUITE Y GORDOLOBO,H2,16:45,,,,
06/05/2026,LOMA LINDA - URDIÑOLA,Salida,N,14,MEZQUITE Y GORDOLOBO,H3,19:30,19:46,-16,1,0
06/05/2026,LOS HOYOS - MACUYU,Entrada,A,1,LOS HOYOS,H1,03:20,,,,
06/05/2026,LOS HOYOS - MACUYU,Entrada,A,1,LOS HOYOS,H2,15:20,,,,
06/05/2026,LOS HOYOS - MACUYU,Entrada,A,1,LOS HOYOS,H3,18:50,,,,
06/05/2026,LOS HOYOS - MACUYU,Entrada,A,1,LOS HOYOS,H4,19:20,,,,
06/05/2026,LOS HOYOS - MACUYU,Entrada,A,2,HUARICHE,H1,03:38,,,,
06/05/2026,LOS HOYOS - MACUYU,Entrada,A,2,HUARICHE,H2,15:38,,,,
06/05/2026,LOS HOYOS - MACUYU,Entrada,A,2,HUARICHE,H3,19:08,,,,
06/05/2026,LOS HOYOS - MACUYU,Entrada,A,2,HUARICHE,H4,19:38,,,,
06/05/2026,LOS HOYOS - MACUYU,Entrada,A,3,PRESA DE GUADALUPE,H1,04:08,04:09,-1,1,0
06/05/2026,LOS HOYOS - MACUYU,Entrada,A,3,PRESA DE GUADALUPE,H2,16:08,16:10,-2,1,0
06/05/2026,LOS HOYOS - MACUYU,Entrada,A,3,PRESA DE GUADALUPE,H3,19:38,,,,
06/05/2026,LOS HOYOS - MACUYU,Entrada,A,3,PRESA DE GUADALUPE,H4,20:08,,,,
06/05/2026,LOS HOYOS - MACUYU,Entrada,A,4,MACUYU,H1,04:14,,,,
06/05/2026,LOS HOYOS - MACUYU,Entrada,A,4,MACUYU,H2,16:14,16:21,-7,1,0
06/05/2026,LOS HOYOS - MACUYU,Entrada,A,4,MACUYU,H3,19:44,,,,
06/05/2026,LOS HOYOS - MACUYU,Entrada,A,4,MACUYU,H4,20:14,,,,
06/05/2026,LOS HOYOS - MACUYU,Entrada,A,5,DOS DE ABRIL,H1,04:24,04:32,-8,1,0
06/05/2026,LOS HOYOS - MACUYU,Entrada,A,5,DOS DE ABRIL,H2,16:24,16:32,-8,1,0
06/05/2026,LOS HOYOS - MACUYU,Entrada,A,5,DOS DE ABRIL,H3,19:54,,,,
06/05/2026,LOS HOYOS - MACUYU,Entrada,A,5,DOS DE ABRIL,H4,20:24,,,,
06/05/2026,LOS HOYOS - MACUYU,Entrada,A,6,LA PAZ,H1,04:50,04:59,-9,1,0
06/05/2026,LOS HOYOS - MACUYU,Entrada,A,6,LA PAZ,H2,16:50,,,,
06/05/2026,LOS HOYOS - MACUYU,Entrada,A,6,LA PAZ,H3,20:20,,,,
06/05/2026,LOS HOYOS - MACUYU,Entrada,A,6,LA PAZ,H4,20:50,,,,
06/05/2026,LOS HOYOS - MACUYU,Entrada,A,7,DERRAMADERO,H1,05:08,05:17,-9,1,0
06/05/2026,LOS HOYOS - MACUYU,Entrada,A,7,DERRAMADERO,H2,17:08,17:17,-9,1,0
06/05/2026,LOS HOYOS - MACUYU,Entrada,A,7,DERRAMADERO,H3,20:38,,,,
06/05/2026,LOS HOYOS - MACUYU,Entrada,A,7,DERRAMADERO,H4,21:08,,,,
06/05/2026,LOS HOYOS - MACUYU,Entrada,A,8,METALSA,H1,05:50,05:44,6,1,0
06/05/2026,LOS HOYOS - MACUYU,Entrada,A,8,METALSA,H2,17:50,17:44,6,1,0
06/05/2026,LOS HOYOS - MACUYU,Entrada,A,8,METALSA,H3,21:20,,,,
06/05/2026,LOS HOYOS - MACUYU,Entrada,A,8,METALSA,H4,21:50,,,,
06/05/2026,LOS HOYOS - MACUYU,Salida,N,1,METALSA,H1,15:30,,,,
06/05/2026,LOS HOYOS - MACUYU,Salida,N,1,METALSA,H2,06:15,06:15,0,1,0
06/05/2026,LOS HOYOS - MACUYU,Salida,N,1,METALSA,H3,18:15,,,,
06/05/2026,LOS HOYOS - MACUYU,Salida,N,2,DERRAMADERO,H1,15:41,,,,
06/05/2026,LOS HOYOS - MACUYU,Salida,N,2,DERRAMADERO,H2,06:26,06:42,-16,1,0
06/05/2026,LOS HOYOS - MACUYU,Salida,N,2,DERRAMADERO,H3,18:26,18:41,-15,1,0
06/05/2026,LOS HOYOS - MACUYU,Salida,N,3,LA PAZ,H1,15:42,,,,
06/05/2026,LOS HOYOS - MACUYU,Salida,N,3,LA PAZ,H2,06:27,07:02,-35,1,0
06/05/2026,LOS HOYOS - MACUYU,Salida,N,3,LA PAZ,H3,18:27,19:02,-35,1,0
06/05/2026,LOS HOYOS - MACUYU,Salida,N,4,DOS DE ABRIL,H1,15:44,,,,
06/05/2026,LOS HOYOS - MACUYU,Salida,N,4,DOS DE ABRIL,H2,06:29,07:26,-57,1,0
06/05/2026,LOS HOYOS - MACUYU,Salida,N,4,DOS DE ABRIL,H3,18:29,19:32,-63,1,0
06/05/2026,LOS HOYOS - MACUYU,Salida,N,5,MACUYU,H1,15:45,,,,
06/05/2026,LOS HOYOS - MACUYU,Salida,N,5,MACUYU,H2,06:30,07:49,-79,1,0
06/05/2026,LOS HOYOS - MACUYU,Salida,N,5,MACUYU,H3,18:30,19:54,-84,1,0
06/05/2026,LOS HOYOS - MACUYU,Salida,N,6,PRESA DE GUADALUPE,H1,16:00,,,,
06/05/2026,LOS HOYOS - MACUYU,Salida,N,6,PRESA DE GUADALUPE,H2,06:31,07:43,-72,1,0
06/05/2026,LOS HOYOS - MACUYU,Salida,N,6,PRESA DE GUADALUPE,H3,18:35,19:53,-78,1,0
06/05/2026,LOS HOYOS - MACUYU,Salida,N,7,HUARICHE,H1,17:18,,,,
06/05/2026,LOS HOYOS - MACUYU,Salida,N,7,HUARICHE,H2,08:03,,,,
06/05/2026,LOS HOYOS - MACUYU,Salida,N,7,HUARICHE,H3,20:03,,,,
06/05/2026,LOS HOYOS - MACUYU,Salida,N,8,LOS HOYOS,H1,17:30,,,,
06/05/2026,LOS HOYOS - MACUYU,Salida,N,8,LOS HOYOS,H2,08:15,,,,
06/05/2026,LOS HOYOS - MACUYU,Salida,N,8,LOS HOYOS,H3,20:15,,,,
06/05/2026,OTILIO,Entrada,N,1,CALLE 23 Y CALLE 16,H1,04:25,04:28,-3,1,0
06/05/2026,OTILIO,Entrada,N,1,CALLE 23 Y CALLE 16,H2,16:25,16:26,-1,1,0
06/05/2026,OTILIO,Entrada,N,1,CALLE 23 Y CALLE 16,H3,19:55,,,,
06/05/2026,OTILIO,Entrada,N,1,CALLE 23 Y CALLE 16,H4,20:25,,,,
06/05/2026,OTILIO,Entrada,N,2,MARMOL Y EMILIANO ZAPATA,H1,04:27,04:33,-6,1,0
06/05/2026,OTILIO,Entrada,N,2,MARMOL Y EMILIANO ZAPATA,H2,16:27,16:32,-5,1,0
06/05/2026,OTILIO,Entrada,N,2,MARMOL Y EMILIANO ZAPATA,H3,19:57,,,,
06/05/2026,OTILIO,Entrada,N,2,MARMOL Y EMILIANO ZAPATA,H4,20:27,,,,
06/05/2026,OTILIO,Entrada,N,3,LIBERTAD Y OTILIO,H1,04:31,04:38,-7,1,0
06/05/2026,OTILIO,Entrada,N,3,LIBERTAD Y OTILIO,H2,16:31,16:36,-5,1,0
06/05/2026,OTILIO,Entrada,N,3,LIBERTAD Y OTILIO,H3,20:01,,,,
06/05/2026,OTILIO,Entrada,N,3,LIBERTAD Y OTILIO,H4,20:31,,,,
06/05/2026,OTILIO,Entrada,N,4,ONCEAVA Y ESCUADRON DE LA AVIACION,H1,04:42,04:46,-4,1,0
06/05/2026,OTILIO,Entrada,N,4,ONCEAVA Y ESCUADRON DE LA AVIACION,H2,16:42,16:43,-1,1,0
06/05/2026,OTILIO,Entrada,N,4,ONCEAVA Y ESCUADRON DE LA AVIACION,H3,20:12,,,,
06/05/2026,OTILIO,Entrada,N,4,ONCEAVA Y ESCUADRON DE LA AVIACION,H4,20:42,,,,
06/05/2026,OTILIO,Entrada,N,5,BLVD JUAREZ Y MIGUEL HIDALGO,H1,04:52,04:55,-3,1,0
06/05/2026,OTILIO,Entrada,N,5,BLVD JUAREZ Y MIGUEL HIDALGO,H2,16:52,16:52,0,1,0
06/05/2026,OTILIO,Entrada,N,5,BLVD JUAREZ Y MIGUEL HIDALGO,H3,20:22,,,,
06/05/2026,OTILIO,Entrada,N,5,BLVD JUAREZ Y MIGUEL HIDALGO,H4,20:52,,,,
06/05/2026,OTILIO,Entrada,N,6,IGNACIO ALLENDE Y CALLE 13,H1,04:58,04:58,0,1,0
06/05/2026,OTILIO,Entrada,N,6,IGNACIO ALLENDE Y CALLE 13,H2,16:58,16:57,1,1,0
06/05/2026,OTILIO,Entrada,N,6,IGNACIO ALLENDE Y CALLE 13,H3,20:28,,,,
06/05/2026,OTILIO,Entrada,N,6,IGNACIO ALLENDE Y CALLE 13,H4,20:58,,,,
06/05/2026,OTILIO,Entrada,N,7,LOMAS DE LOURDES Y LUIS PASTEUR,H1,05:06,05:07,-1,1,0
06/05/2026,OTILIO,Entrada,N,7,LOMAS DE LOURDES Y LUIS PASTEUR,H2,17:06,17:04,2,1,0
06/05/2026,OTILIO,Entrada,N,7,LOMAS DE LOURDES Y LUIS PASTEUR,H3,20:36,,,,
06/05/2026,OTILIO,Entrada,N,7,LOMAS DE LOURDES Y LUIS PASTEUR,H4,21:06,,,,
06/05/2026,OTILIO,Entrada,N,8,CARR. SALTILLO-ZACATECAS,H1,05:15,05:20,-5,1,0
06/05/2026,OTILIO,Entrada,N,8,CARR. SALTILLO-ZACATECAS,H2,17:15,17:16,-1,1,0
06/05/2026,OTILIO,Entrada,N,8,CARR. SALTILLO-ZACATECAS,H3,20:45,,,,
06/05/2026,OTILIO,Entrada,N,8,CARR. SALTILLO-ZACATECAS,H4,21:15,,,,
06/05/2026,OTILIO,Entrada,N,9,METALSA,H1,05:50,05:39,11,1,0
06/05/2026,OTILIO,Entrada,N,9,METALSA,H2,17:50,17:51,-1,1,0
06/05/2026,OTILIO,Entrada,N,9,METALSA,H3,21:20,,,,
06/05/2026,OTILIO,Entrada,N,9,METALSA,H4,21:50,,,,
06/05/2026,OTILIO,Salida,N,1,METALSA,H1,06:15,,,,
06/05/2026,OTILIO,Salida,N,1,METALSA,H2,15:30,,,,
06/05/2026,OTILIO,Salida,N,1,METALSA,H3,18:15,,,,
06/05/2026,OTILIO,Salida,N,2,CARR. SALTILLO-ZACATECAS,H1,06:50,,,,
06/05/2026,OTILIO,Salida,N,2,CARR. SALTILLO-ZACATECAS,H2,16:05,,,,
06/05/2026,OTILIO,Salida,N,2,CARR. SALTILLO-ZACATECAS,H3,18:50,,,,
06/05/2026,OTILIO,Salida,N,3,LOMAS DE LOURDES Y LUIS PASTEUR,H1,06:59,,,,
06/05/2026,OTILIO,Salida,N,3,LOMAS DE LOURDES Y LUIS PASTEUR,H2,16:14,,,,
06/05/2026,OTILIO,Salida,N,3,LOMAS DE LOURDES Y LUIS PASTEUR,H3,18:59,,,,
06/05/2026,OTILIO,Salida,N,4,IGNACIO ALLENDE Y CALLE 13,H1,07:07,,,,
06/05/2026,OTILIO,Salida,N,4,IGNACIO ALLENDE Y CALLE 13,H2,16:22,,,,
06/05/2026,OTILIO,Salida,N,4,IGNACIO ALLENDE Y CALLE 13,H3,19:07,,,,
06/05/2026,OTILIO,Salida,N,5,BLVD JUAREZ Y MIGUEL HIDALGO,H1,07:13,,,,
06/05/2026,OTILIO,Salida,N,5,BLVD JUAREZ Y MIGUEL HIDALGO,H2,16:28,,,,
06/05/2026,OTILIO,Salida,N,5,BLVD JUAREZ Y MIGUEL HIDALGO,H3,19:13,,,,
06/05/2026,OTILIO,Salida,N,6,ONCEAVA Y ESCUADRON DE LA AVIACION,H1,07:23,,,,
06/05/2026,OTILIO,Salida,N,6,ONCEAVA Y ESCUADRON DE LA AVIACION,H2,16:38,,,,
06/05/2026,OTILIO,Salida,N,6,ONCEAVA Y ESCUADRON DE LA AVIACION,H3,19:23,,,,
06/05/2026,OTILIO,Salida,N,7,LIBERTAD Y OTILIO,H1,07:34,,,,
06/05/2026,OTILIO,Salida,N,7,LIBERTAD Y OTILIO,H2,16:49,,,,
06/05/2026,OTILIO,Salida,N,7,LIBERTAD Y OTILIO,H3,19:34,,,,
06/05/2026,OTILIO,Salida,N,8,MARMOL Y EMILIANO ZAPATA,H1,07:38,,,,
06/05/2026,OTILIO,Salida,N,8,MARMOL Y EMILIANO ZAPATA,H2,16:53,,,,
06/05/2026,OTILIO,Salida,N,8,MARMOL Y EMILIANO ZAPATA,H3,19:38,,,,
06/05/2026,OTILIO,Salida,N,9,CALLE 23 Y CALLE 16,H1,07:40,,,,
06/05/2026,OTILIO,Salida,N,9,CALLE 23 Y CALLE 16,H2,16:55,,,,
06/05/2026,OTILIO,Salida,N,9,CALLE 23 Y CALLE 16,H3,19:40,,,,
06/05/2026,PARRAS CASETA,Entrada,A,1,RAMOS ARIZPE (PLAZA DEL RELOJ),H1,18:30,,,,
06/05/2026,PARRAS CASETA,Entrada,A,1,RAMOS ARIZPE (PLAZA DEL RELOJ),H2,03:00,,,,
06/05/2026,PARRAS CASETA,Entrada,A,1,RAMOS ARIZPE (PLAZA DEL RELOJ),H3,15:00,,,,
06/05/2026,PARRAS CASETA,Entrada,A,1,RAMOS ARIZPE (PLAZA DEL RELOJ),H4,19:00,,,,
06/05/2026,PARRAS CASETA,Entrada,A,2,HEROICO COLEGIO MILITAR Y MELCHOR OCAMPO (ALAMEDA),H1,18:32,,,,
06/05/2026,PARRAS CASETA,Entrada,A,2,HEROICO COLEGIO MILITAR Y MELCHOR OCAMPO (ALAMEDA),H2,03:02,,,,
06/05/2026,PARRAS CASETA,Entrada,A,2,HEROICO COLEGIO MILITAR Y MELCHOR OCAMPO (ALAMEDA),H3,15:02,,,,
06/05/2026,PARRAS CASETA,Entrada,A,2,HEROICO COLEGIO MILITAR Y MELCHOR OCAMPO (ALAMEDA),H4,19:02,,,,
06/05/2026,PARRAS CASETA,Entrada,A,3,FALCON Y FCO SARABIA (TORTILLERIA 4 CAMINO),H1,18:40,,,,
06/05/2026,PARRAS CASETA,Entrada,A,3,FALCON Y FCO SARABIA (TORTILLERIA 4 CAMINO),H2,03:10,,,,
06/05/2026,PARRAS CASETA,Entrada,A,3,FALCON Y FCO SARABIA (TORTILLERIA 4 CAMINO),H3,15:10,,,,
06/05/2026,PARRAS CASETA,Entrada,A,3,FALCON Y FCO SARABIA (TORTILLERIA 4 CAMINO),H4,19:10,,,,
06/05/2026,PARRAS CASETA,Entrada,A,4,OSCAR FLORES TAPIA y JAVIER MINA,H1,18:45,,,,
06/05/2026,PARRAS CASETA,Entrada,A,4,OSCAR FLORES TAPIA y JAVIER MINA,H2,03:15,,,,
06/05/2026,PARRAS CASETA,Entrada,A,4,OSCAR FLORES TAPIA y JAVIER MINA,H3,15:15,,,,
06/05/2026,PARRAS CASETA,Entrada,A,4,OSCAR FLORES TAPIA y JAVIER MINA,H4,19:15,,,,
06/05/2026,PARRAS CASETA,Entrada,A,5,CALZADA DEL MARQUEZ (OXXO GAS),H1,18:50,,,,
06/05/2026,PARRAS CASETA,Entrada,A,5,CALZADA DEL MARQUEZ (OXXO GAS),H2,03:20,,,,
06/05/2026,PARRAS CASETA,Entrada,A,5,CALZADA DEL MARQUEZ (OXXO GAS),H3,15:20,,,,
06/05/2026,PARRAS CASETA,Entrada,A,5,CALZADA DEL MARQUEZ (OXXO GAS),H4,19:20,,,,
06/05/2026,PARRAS CASETA,Entrada,A,6,16 DE SEPTIEMBRE (FABRICA DICKIES),H1,18:57,,,,
06/05/2026,PARRAS CASETA,Entrada,A,6,16 DE SEPTIEMBRE (FABRICA DICKIES),H2,03:27,,,,
06/05/2026,PARRAS CASETA,Entrada,A,6,16 DE SEPTIEMBRE (FABRICA DICKIES),H3,15:27,,,,
06/05/2026,PARRAS CASETA,Entrada,A,6,16 DE SEPTIEMBRE (FABRICA DICKIES),H4,19:27,,,,
06/05/2026,PARRAS CASETA,Entrada,A,7,EJIDO 28 AGOSTO,H1,19:25,,,,
06/05/2026,PARRAS CASETA,Entrada,A,7,EJIDO 28 AGOSTO,H2,03:55,,,,
06/05/2026,PARRAS CASETA,Entrada,A,7,EJIDO 28 AGOSTO,H3,15:55,,,,
06/05/2026,PARRAS CASETA,Entrada,A,7,EJIDO 28 AGOSTO,H4,19:55,,,,
06/05/2026,PARRAS CASETA,Entrada,A,8,KM 42,H1,19:45,,,,
06/05/2026,PARRAS CASETA,Entrada,A,8,KM 42,H2,04:15,,,,
06/05/2026,PARRAS CASETA,Entrada,A,8,KM 42,H3,16:15,,,,
06/05/2026,PARRAS CASETA,Entrada,A,8,KM 42,H4,20:15,,,,
06/05/2026,PARRAS CASETA,Entrada,A,9,EJIDO JALPA,H1,19:50,,,,
06/05/2026,PARRAS CASETA,Entrada,A,9,EJIDO JALPA,H2,04:20,,,,
06/05/2026,PARRAS CASETA,Entrada,A,9,EJIDO JALPA,H3,16:20,,,,
06/05/2026,PARRAS CASETA,Entrada,A,9,EJIDO JALPA,H4,20:20,,,,
06/05/2026,PARRAS CASETA,Entrada,A,10,METALSA,H1,21:20,,,,
06/05/2026,PARRAS CASETA,Entrada,A,10,METALSA,H2,05:50,,,,
06/05/2026,PARRAS CASETA,Entrada,A,10,METALSA,H3,17:50,,,,
06/05/2026,PARRAS CASETA,Entrada,A,10,METALSA,H4,21:50,,,,
06/05/2026,PARRAS CASETA,Salida,N,1,METALSA,H1,15:30,,,,
06/05/2026,PARRAS CASETA,Salida,N,1,METALSA,H2,06:15,06:21,-6,1,0
06/05/2026,PARRAS CASETA,Salida,N,1,METALSA,H3,18:15,,,,
06/05/2026,PARRAS CASETA,Salida,N,2,EJIDO PAILA,H1,15:45,,,,
06/05/2026,PARRAS CASETA,Salida,N,2,EJIDO PAILA,H2,06:30,,,,
06/05/2026,PARRAS CASETA,Salida,N,2,EJIDO PAILA,H3,18:30,,,,
06/05/2026,PARRAS CASETA,Salida,N,3,KM 42,H1,15:50,,,,
06/05/2026,PARRAS CASETA,Salida,N,3,KM 42,H2,06:35,,,,
06/05/2026,PARRAS CASETA,Salida,N,3,KM 42,H3,18:35,,,,
06/05/2026,PARRAS CASETA,Salida,N,4,EJIDO 28 AGOSTO,H1,17:10,,,,
06/05/2026,PARRAS CASETA,Salida,N,4,EJIDO 28 AGOSTO,H2,07:55,,,,
06/05/2026,PARRAS CASETA,Salida,N,4,EJIDO 28 AGOSTO,H3,19:55,,,,
06/05/2026,PARRAS CASETA,Salida,N,5,16 DE SEPTIEMBRE (FABRICA DICKIES),H1,17:45,,,,
06/05/2026,PARRAS CASETA,Salida,N,5,16 DE SEPTIEMBRE (FABRICA DICKIES),H2,08:30,,,,
06/05/2026,PARRAS CASETA,Salida,N,5,16 DE SEPTIEMBRE (FABRICA DICKIES),H3,20:30,20:32,-2,1,0
06/05/2026,PARRAS CASETA,Salida,N,6,CALZADA DEL MARQUEZ (OXXO GAS),H1,17:55,,,,
06/05/2026,PARRAS CASETA,Salida,N,6,CALZADA DEL MARQUEZ (OXXO GAS),H2,08:40,08:16,24,1,0
06/05/2026,PARRAS CASETA,Salida,N,6,CALZADA DEL MARQUEZ (OXXO GAS),H3,20:40,,,,
06/05/2026,PARRAS CASETA,Salida,N,7,OSCAR FLORES TAPIA y JAVIER MINA,H1,18:00,,,,
06/05/2026,PARRAS CASETA,Salida,N,7,OSCAR FLORES TAPIA y JAVIER MINA,H2,08:45,08:14,31,1,0
06/05/2026,PARRAS CASETA,Salida,N,7,OSCAR FLORES TAPIA y JAVIER MINA,H3,20:45,,,,
06/05/2026,PARRAS CASETA,Salida,N,8,FALCON Y FCO SARABIA (TORTILLERIA 4 CAMINO),H1,18:05,,,,
06/05/2026,PARRAS CASETA,Salida,N,8,FALCON Y FCO SARABIA (TORTILLERIA 4 CAMINO),H2,08:50,08:10,40,1,0
06/05/2026,PARRAS CASETA,Salida,N,8,FALCON Y FCO SARABIA (TORTILLERIA 4 CAMINO),H3,20:50,,,,
06/05/2026,PARRAS CASETA,Salida,N,9,HEROICO COLEGIO MILITAR Y MELCHOR OCAMPO (ALAMEDA),H1,18:18,,,,
06/05/2026,PARRAS CASETA,Salida,N,9,HEROICO COLEGIO MILITAR Y MELCHOR OCAMPO (ALAMEDA),H2,09:03,08:46,17,1,0
06/05/2026,PARRAS CASETA,Salida,N,9,HEROICO COLEGIO MILITAR Y MELCHOR OCAMPO (ALAMEDA),H3,21:03,,,,
06/05/2026,PARRAS CASETA,Salida,N,10,RAMOS ARIZPE (PLAZA DEL RELOJ),H1,18:20,,,,
06/05/2026,PARRAS CASETA,Salida,N,10,RAMOS ARIZPE (PLAZA DEL RELOJ),H2,09:05,,,,
06/05/2026,PARRAS CASETA,Salida,N,10,RAMOS ARIZPE (PLAZA DEL RELOJ),H3,21:05,,,,
06/05/2026,PARRAS LIBRE,Entrada,A,1,TACUBATA Y FRANCISCO I MADERO,H1,18:30,,,,
06/05/2026,PARRAS LIBRE,Entrada,A,1,TACUBATA Y FRANCISCO I MADERO,H2,03:00,,,,
06/05/2026,PARRAS LIBRE,Entrada,A,1,TACUBATA Y FRANCISCO I MADERO,H3,03:00,,,,
06/05/2026,PARRAS LIBRE,Entrada,A,1,TACUBATA Y FRANCISCO I MADERO,H4,15:00,,,,
06/05/2026,PARRAS LIBRE,Entrada,A,1,TACUBATA Y FRANCISCO I MADERO,H5,15:00,,,,
06/05/2026,PARRAS LIBRE,Entrada,A,1,TACUBATA Y FRANCISCO I MADERO,H6,19:05,,,,
06/05/2026,PARRAS LIBRE,Entrada,A,2,SANTA CATARINA Y VIESCA,H1,18:36,,,,
06/05/2026,PARRAS LIBRE,Entrada,A,2,SANTA CATARINA Y VIESCA,H2,03:06,,,,
06/05/2026,PARRAS LIBRE,Entrada,A,2,SANTA CATARINA Y VIESCA,H3,03:06,,,,
06/05/2026,PARRAS LIBRE,Entrada,A,2,SANTA CATARINA Y VIESCA,H4,15:06,,,,
06/05/2026,PARRAS LIBRE,Entrada,A,2,SANTA CATARINA Y VIESCA,H5,15:06,,,,
06/05/2026,PARRAS LIBRE,Entrada,A,2,SANTA CATARINA Y VIESCA,H6,19:09,,,,
06/05/2026,PARRAS LIBRE,Entrada,A,3,MANUEL ZAVALA Y MAR DE GALILEA,H1,18:50,,,,
06/05/2026,PARRAS LIBRE,Entrada,A,3,MANUEL ZAVALA Y MAR DE GALILEA,H2,03:20,,,,
06/05/2026,PARRAS LIBRE,Entrada,A,3,MANUEL ZAVALA Y MAR DE GALILEA,H3,03:20,,,,
06/05/2026,PARRAS LIBRE,Entrada,A,3,MANUEL ZAVALA Y MAR DE GALILEA,H4,15:20,,,,
06/05/2026,PARRAS LIBRE,Entrada,A,3,MANUEL ZAVALA Y MAR DE GALILEA,H5,15:20,,,,
06/05/2026,PARRAS LIBRE,Entrada,A,3,MANUEL ZAVALA Y MAR DE GALILEA,H6,19:11,,,,
06/05/2026,PARRAS LIBRE,Entrada,A,4,GENERAL CEPEDA Y RAMOS ARIZPE,H1,18:55,,,,
06/05/2026,PARRAS LIBRE,Entrada,A,4,GENERAL CEPEDA Y RAMOS ARIZPE,H2,03:25,,,,
06/05/2026,PARRAS LIBRE,Entrada,A,4,GENERAL CEPEDA Y RAMOS ARIZPE,H3,03:25,,,,
06/05/2026,PARRAS LIBRE,Entrada,A,4,GENERAL CEPEDA Y RAMOS ARIZPE,H4,15:25,,,,
06/05/2026,PARRAS LIBRE,Entrada,A,4,GENERAL CEPEDA Y RAMOS ARIZPE,H5,15:25,,,,
06/05/2026,PARRAS LIBRE,Entrada,A,4,GENERAL CEPEDA Y RAMOS ARIZPE,H6,19:14,,,,
06/05/2026,PARRAS LIBRE,Entrada,A,5,GENERAL CEPEDA Y COLIMA,H1,19:03,,,,
06/05/2026,PARRAS LIBRE,Entrada,A,5,GENERAL CEPEDA Y COLIMA,H2,03:33,,,,
06/05/2026,PARRAS LIBRE,Entrada,A,5,GENERAL CEPEDA Y COLIMA,H3,03:33,,,,
06/05/2026,PARRAS LIBRE,Entrada,A,5,GENERAL CEPEDA Y COLIMA,H4,15:33,,,,
06/05/2026,PARRAS LIBRE,Entrada,A,5,GENERAL CEPEDA Y COLIMA,H5,15:33,,,,
06/05/2026,PARRAS LIBRE,Entrada,A,5,GENERAL CEPEDA Y COLIMA,H6,19:15,,,,
06/05/2026,PARRAS LIBRE,Entrada,A,6,CAMINO GRAL. CEPEDA Y EJIDO PARRAS,H1,19:05,,,,
06/05/2026,PARRAS LIBRE,Entrada,A,6,CAMINO GRAL. CEPEDA Y EJIDO PARRAS,H2,03:35,,,,
06/05/2026,PARRAS LIBRE,Entrada,A,6,CAMINO GRAL. CEPEDA Y EJIDO PARRAS,H3,03:35,,,,
06/05/2026,PARRAS LIBRE,Entrada,A,6,CAMINO GRAL. CEPEDA Y EJIDO PARRAS,H4,15:35,,,,
06/05/2026,PARRAS LIBRE,Entrada,A,6,CAMINO GRAL. CEPEDA Y EJIDO PARRAS,H5,15:35,,,,
06/05/2026,PARRAS LIBRE,Entrada,A,6,CAMINO GRAL. CEPEDA Y EJIDO PARRAS,H6,19:17,,,,
06/05/2026,PARRAS LIBRE,Entrada,A,7,METALSA,H1,21:20,,,,
06/05/2026,PARRAS LIBRE,Entrada,A,7,METALSA,H2,05:50,,,,
06/05/2026,PARRAS LIBRE,Entrada,A,7,METALSA,H3,05:50,,,,
06/05/2026,PARRAS LIBRE,Entrada,A,7,METALSA,H4,17:50,,,,
06/05/2026,PARRAS LIBRE,Entrada,A,7,METALSA,H5,17:50,,,,
06/05/2026,PARRAS LIBRE,Entrada,A,7,METALSA,H6,21:50,,,,
06/05/2026,PARRAS LIBRE,Salida,N,1,METALSA,H1,15:30,,,,
06/05/2026,PARRAS LIBRE,Salida,N,1,METALSA,H2,06:15,,,,
06/05/2026,PARRAS LIBRE,Salida,N,1,METALSA,H3,06:15,,,,
06/05/2026,PARRAS LIBRE,Salida,N,1,METALSA,H4,18:15,,,,
06/05/2026,PARRAS LIBRE,Salida,N,1,METALSA,H5,18:15,,,,
06/05/2026,PARRAS LIBRE,Salida,N,2,CAMINO GRAL. CEPEDA Y EJIDO PARRAS,H1,17:45,,,,
06/05/2026,PARRAS LIBRE,Salida,N,2,CAMINO GRAL. CEPEDA Y EJIDO PARRAS,H2,08:30,,,,
06/05/2026,PARRAS LIBRE,Salida,N,2,CAMINO GRAL. CEPEDA Y EJIDO PARRAS,H3,08:30,,,,
06/05/2026,PARRAS LIBRE,Salida,N,2,CAMINO GRAL. CEPEDA Y EJIDO PARRAS,H4,20:30,,,,
06/05/2026,PARRAS LIBRE,Salida,N,2,CAMINO GRAL. CEPEDA Y EJIDO PARRAS,H5,20:30,,,,
06/05/2026,PARRAS LIBRE,Salida,N,3,GENERAL CEPEDA Y COLIMA,H1,17:47,,,,
06/05/2026,PARRAS LIBRE,Salida,N,3,GENERAL CEPEDA Y COLIMA,H2,08:32,,,,
06/05/2026,PARRAS LIBRE,Salida,N,3,GENERAL CEPEDA Y COLIMA,H3,08:32,,,,
06/05/2026,PARRAS LIBRE,Salida,N,3,GENERAL CEPEDA Y COLIMA,H4,20:32,,,,
06/05/2026,PARRAS LIBRE,Salida,N,3,GENERAL CEPEDA Y COLIMA,H5,20:32,,,,
06/05/2026,PARRAS LIBRE,Salida,N,4,GENERAL CEPEDA Y RAMOS ARIZPE,H1,17:55,,,,
06/05/2026,PARRAS LIBRE,Salida,N,4,GENERAL CEPEDA Y RAMOS ARIZPE,H2,08:40,,,,
06/05/2026,PARRAS LIBRE,Salida,N,4,GENERAL CEPEDA Y RAMOS ARIZPE,H3,08:40,,,,
06/05/2026,PARRAS LIBRE,Salida,N,4,GENERAL CEPEDA Y RAMOS ARIZPE,H4,20:40,,,,
06/05/2026,PARRAS LIBRE,Salida,N,4,GENERAL CEPEDA Y RAMOS ARIZPE,H5,20:40,,,,
06/05/2026,PARRAS LIBRE,Salida,N,5,MANUEL ZAVALA Y MAR DE GALILEA,H1,18:00,,,,
06/05/2026,PARRAS LIBRE,Salida,N,5,MANUEL ZAVALA Y MAR DE GALILEA,H2,08:45,,,,
06/05/2026,PARRAS LIBRE,Salida,N,5,MANUEL ZAVALA Y MAR DE GALILEA,H3,08:45,,,,
06/05/2026,PARRAS LIBRE,Salida,N,5,MANUEL ZAVALA Y MAR DE GALILEA,H4,20:45,,,,
06/05/2026,PARRAS LIBRE,Salida,N,5,MANUEL ZAVALA Y MAR DE GALILEA,H5,20:45,,,,
06/05/2026,PARRAS LIBRE,Salida,N,6,SANTA CATARINA Y VIESCA,H1,18:14,,,,
06/05/2026,PARRAS LIBRE,Salida,N,6,SANTA CATARINA Y VIESCA,H2,08:59,,,,
06/05/2026,PARRAS LIBRE,Salida,N,6,SANTA CATARINA Y VIESCA,H3,08:59,,,,
06/05/2026,PARRAS LIBRE,Salida,N,6,SANTA CATARINA Y VIESCA,H4,20:59,,,,
06/05/2026,PARRAS LIBRE,Salida,N,6,SANTA CATARINA Y VIESCA,H5,20:59,,,,
06/05/2026,PARRAS LIBRE,Salida,N,7,TACUBATA Y FRANCISCO I MADERO,H1,18:20,,,,
06/05/2026,PARRAS LIBRE,Salida,N,7,TACUBATA Y FRANCISCO I MADERO,H2,09:05,,,,
06/05/2026,PARRAS LIBRE,Salida,N,7,TACUBATA Y FRANCISCO I MADERO,H3,09:05,,,,
06/05/2026,PARRAS LIBRE,Salida,N,7,TACUBATA Y FRANCISCO I MADERO,H4,21:05,,,,
06/05/2026,PARRAS LIBRE,Salida,N,7,TACUBATA Y FRANCISCO I MADERO,H5,21:05,,,,
06/05/2026,PORVENIR - GENERAL CEPEDA,Entrada,A,1,PORVENIR,H1,03:45,03:57,-12,1,0
06/05/2026,PORVENIR - GENERAL CEPEDA,Entrada,A,1,PORVENIR,H2,15:45,,,,
06/05/2026,PORVENIR - GENERAL CEPEDA,Entrada,A,1,PORVENIR,H3,19:15,,,,
06/05/2026,PORVENIR - GENERAL CEPEDA,Entrada,A,1,PORVENIR,H4,19:45,,,,
06/05/2026,PORVENIR - GENERAL CEPEDA,Entrada,A,2,GUELATAO,H1,03:50,,,,
06/05/2026,PORVENIR - GENERAL CEPEDA,Entrada,A,2,GUELATAO,H2,15:50,16:10,-20,1,0
06/05/2026,PORVENIR - GENERAL CEPEDA,Entrada,A,2,GUELATAO,H3,19:20,,,,
06/05/2026,PORVENIR - GENERAL CEPEDA,Entrada,A,2,GUELATAO,H4,19:50,,,,
06/05/2026,PORVENIR - GENERAL CEPEDA,Entrada,A,3,BLVD; DIANA LAURA,H1,04:06,,,,
06/05/2026,PORVENIR - GENERAL CEPEDA,Entrada,A,3,BLVD; DIANA LAURA,H2,16:06,,,,
06/05/2026,PORVENIR - GENERAL CEPEDA,Entrada,A,3,BLVD; DIANA LAURA,H3,19:36,,,,
06/05/2026,PORVENIR - GENERAL CEPEDA,Entrada,A,3,BLVD; DIANA LAURA,H4,20:06,,,,
06/05/2026,PORVENIR - GENERAL CEPEDA,Entrada,A,4,MARIANO MATAMOROS,H1,04:09,04:22,-13,1,0
06/05/2026,PORVENIR - GENERAL CEPEDA,Entrada,A,4,MARIANO MATAMOROS,H2,16:09,16:31,-22,1,0
06/05/2026,PORVENIR - GENERAL CEPEDA,Entrada,A,4,MARIANO MATAMOROS,H3,19:39,,,,
06/05/2026,PORVENIR - GENERAL CEPEDA,Entrada,A,4,MARIANO MATAMOROS,H4,20:09,,,,
06/05/2026,PORVENIR - GENERAL CEPEDA,Entrada,A,5,LOS PRESIDENTES,H1,04:11,04:22,-11,1,0
06/05/2026,PORVENIR - GENERAL CEPEDA,Entrada,A,5,LOS PRESIDENTES,H2,16:11,16:32,-21,1,0
06/05/2026,PORVENIR - GENERAL CEPEDA,Entrada,A,5,LOS PRESIDENTES,H3,19:41,,,,
06/05/2026,PORVENIR - GENERAL CEPEDA,Entrada,A,5,LOS PRESIDENTES,H4,20:11,,,,
06/05/2026,PORVENIR - GENERAL CEPEDA,Entrada,A,6,MIGUEL HIDALGO,H1,04:16,04:23,-7,1,0
06/05/2026,PORVENIR - GENERAL CEPEDA,Entrada,A,6,MIGUEL HIDALGO,H2,16:16,16:33,-17,1,0
06/05/2026,PORVENIR - GENERAL CEPEDA,Entrada,A,6,MIGUEL HIDALGO,H3,19:46,,,,
06/05/2026,PORVENIR - GENERAL CEPEDA,Entrada,A,6,MIGUEL HIDALGO,H4,20:16,,,,
06/05/2026,PORVENIR - GENERAL CEPEDA,Entrada,A,7,BENITO JUAREZ,H1,04:19,04:26,-7,1,0
06/05/2026,PORVENIR - GENERAL CEPEDA,Entrada,A,7,BENITO JUAREZ,H2,16:19,16:36,-17,1,0
06/05/2026,PORVENIR - GENERAL CEPEDA,Entrada,A,7,BENITO JUAREZ,H3,19:49,,,,
06/05/2026,PORVENIR - GENERAL CEPEDA,Entrada,A,7,BENITO JUAREZ,H4,20:19,,,,
06/05/2026,PORVENIR - GENERAL CEPEDA,Entrada,A,8,SAN JOSE,H1,04:50,,,,
06/05/2026,PORVENIR - GENERAL CEPEDA,Entrada,A,8,SAN JOSE,H2,16:50,,,,
06/05/2026,PORVENIR - GENERAL CEPEDA,Entrada,A,8,SAN JOSE,H3,20:20,,,,
06/05/2026,PORVENIR - GENERAL CEPEDA,Entrada,A,8,SAN JOSE,H4,20:50,,,,
06/05/2026,PORVENIR - GENERAL CEPEDA,Entrada,A,9,RANCHO NUEVO,H1,05:00,05:05,-5,1,0
06/05/2026,PORVENIR - GENERAL CEPEDA,Entrada,A,9,RANCHO NUEVO,H2,17:00,17:00,0,1,0
06/05/2026,PORVENIR - GENERAL CEPEDA,Entrada,A,9,RANCHO NUEVO,H3,20:30,,,,
06/05/2026,PORVENIR - GENERAL CEPEDA,Entrada,A,9,RANCHO NUEVO,H4,21:00,,,,
06/05/2026,PORVENIR - GENERAL CEPEDA,Entrada,A,10,SANTA TERESA,H1,05:06,05:08,-2,1,0
06/05/2026,PORVENIR - GENERAL CEPEDA,Entrada,A,10,SANTA TERESA,H2,17:06,17:04,2,1,0
06/05/2026,PORVENIR - GENERAL CEPEDA,Entrada,A,10,SANTA TERESA,H3,20:36,,,,
06/05/2026,PORVENIR - GENERAL CEPEDA,Entrada,A,10,SANTA TERESA,H4,21:06,,,,
06/05/2026,PORVENIR - GENERAL CEPEDA,Entrada,A,11,CHAPULA,H1,05:15,05:17,-2,1,0
06/05/2026,PORVENIR - GENERAL CEPEDA,Entrada,A,11,CHAPULA,H2,17:15,17:12,3,1,0
06/05/2026,PORVENIR - GENERAL CEPEDA,Entrada,A,11,CHAPULA,H3,20:45,,,,
06/05/2026,PORVENIR - GENERAL CEPEDA,Entrada,A,11,CHAPULA,H4,21:15,,,,
06/05/2026,PORVENIR - GENERAL CEPEDA,Entrada,A,12,DERRAMADERO,H1,05:20,05:21,-1,1,0
06/05/2026,PORVENIR - GENERAL CEPEDA,Entrada,A,12,DERRAMADERO,H2,17:20,17:17,3,1,0
06/05/2026,PORVENIR - GENERAL CEPEDA,Entrada,A,12,DERRAMADERO,H3,20:50,,,,
06/05/2026,PORVENIR - GENERAL CEPEDA,Entrada,A,12,DERRAMADERO,H4,21:20,,,,
06/05/2026,PORVENIR - GENERAL CEPEDA,Entrada,A,13,SAN JUAN DE LA VAQUERIA,H1,05:28,05:31,-3,1,0
06/05/2026,PORVENIR - GENERAL CEPEDA,Entrada,A,13,SAN JUAN DE LA VAQUERIA,H2,17:28,17:27,1,1,0
06/05/2026,PORVENIR - GENERAL CEPEDA,Entrada,A,13,SAN JUAN DE LA VAQUERIA,H3,20:58,,,,
06/05/2026,PORVENIR - GENERAL CEPEDA,Entrada,A,13,SAN JUAN DE LA VAQUERIA,H4,21:28,,,,
06/05/2026,PORVENIR - GENERAL CEPEDA,Entrada,A,14,METALSA,H1,05:50,05:47,3,1,0
06/05/2026,PORVENIR - GENERAL CEPEDA,Entrada,A,14,METALSA,H2,17:50,17:44,6,1,0
06/05/2026,PORVENIR - GENERAL CEPEDA,Entrada,A,14,METALSA,H3,21:20,,,,
06/05/2026,PORVENIR - GENERAL CEPEDA,Entrada,A,14,METALSA,H4,21:50,,,,
06/05/2026,PORVENIR - GENERAL CEPEDA,Salida,N,1,METALSA,H1,06:15,06:18,-3,1,0
06/05/2026,PORVENIR - GENERAL CEPEDA,Salida,N,1,METALSA,H2,15:30,,,,
06/05/2026,PORVENIR - GENERAL CEPEDA,Salida,N,1,METALSA,H3,18:15,18:18,-3,1,0
06/05/2026,PORVENIR - GENERAL CEPEDA,Salida,N,2,SAN JUAN DE LA VAQUERIA,H1,06:50,06:35,15,1,0
06/05/2026,PORVENIR - GENERAL CEPEDA,Salida,N,2,SAN JUAN DE LA VAQUERIA,H2,16:05,,,,
06/05/2026,PORVENIR - GENERAL CEPEDA,Salida,N,2,SAN JUAN DE LA VAQUERIA,H3,18:50,18:33,17,1,0
06/05/2026,PORVENIR - GENERAL CEPEDA,Salida,N,3,DERRAMADERO,H1,06:55,06:44,11,1,0
06/05/2026,PORVENIR - GENERAL CEPEDA,Salida,N,3,DERRAMADERO,H2,16:10,,,,
06/05/2026,PORVENIR - GENERAL CEPEDA,Salida,N,3,DERRAMADERO,H3,18:55,18:42,13,1,0
06/05/2026,PORVENIR - GENERAL CEPEDA,Salida,N,4,CHAPULA,H1,06:56,06:49,7,1,0
06/05/2026,PORVENIR - GENERAL CEPEDA,Salida,N,4,CHAPULA,H2,16:15,,,,
06/05/2026,PORVENIR - GENERAL CEPEDA,Salida,N,4,CHAPULA,H3,19:00,,,,
06/05/2026,PORVENIR - GENERAL CEPEDA,Salida,N,5,SANTA TERESA,H1,06:57,06:56,1,1,0
06/05/2026,PORVENIR - GENERAL CEPEDA,Salida,N,5,SANTA TERESA,H2,16:18,,,,
06/05/2026,PORVENIR - GENERAL CEPEDA,Salida,N,5,SANTA TERESA,H3,19:03,,,,
06/05/2026,PORVENIR - GENERAL CEPEDA,Salida,N,6,RANCHO NUEVO,H1,07:10,07:00,10,1,0
06/05/2026,PORVENIR - GENERAL CEPEDA,Salida,N,6,RANCHO NUEVO,H2,16:25,,,,
06/05/2026,PORVENIR - GENERAL CEPEDA,Salida,N,6,RANCHO NUEVO,H3,19:10,18:59,11,1,0
06/05/2026,PORVENIR - GENERAL CEPEDA,Salida,N,7,SAN JOSE,H1,07:11,,,,
06/05/2026,PORVENIR - GENERAL CEPEDA,Salida,N,7,SAN JOSE,H2,16:26,,,,
06/05/2026,PORVENIR - GENERAL CEPEDA,Salida,N,7,SAN JOSE,H3,19:11,19:10,1,1,0
06/05/2026,PORVENIR - GENERAL CEPEDA,Salida,N,8,BENITO JUAREZ,H1,07:12,,,,
06/05/2026,PORVENIR - GENERAL CEPEDA,Salida,N,8,BENITO JUAREZ,H2,16:27,,,,
06/05/2026,PORVENIR - GENERAL CEPEDA,Salida,N,8,BENITO JUAREZ,H3,19:12,,,,
06/05/2026,PORVENIR - GENERAL CEPEDA,Salida,N,9,MIGUEL HIDALGO,H1,07:13,07:30,-17,1,0
06/05/2026,PORVENIR - GENERAL CEPEDA,Salida,N,9,MIGUEL HIDALGO,H2,16:28,,,,
06/05/2026,PORVENIR - GENERAL CEPEDA,Salida,N,9,MIGUEL HIDALGO,H3,19:13,19:43,-30,1,0
06/05/2026,PORVENIR - GENERAL CEPEDA,Salida,N,10,LOS PRESIDENTES,H1,07:14,07:28,-14,1,0
06/05/2026,PORVENIR - GENERAL CEPEDA,Salida,N,10,LOS PRESIDENTES,H2,16:29,,,,
06/05/2026,PORVENIR - GENERAL CEPEDA,Salida,N,10,LOS PRESIDENTES,H3,19:14,19:41,-27,1,0
06/05/2026,PORVENIR - GENERAL CEPEDA,Salida,N,11,MARIANO MATAMOROS,H1,07:30,07:28,2,1,0
06/05/2026,PORVENIR - GENERAL CEPEDA,Salida,N,11,MARIANO MATAMOROS,H2,16:45,,,,
06/05/2026,PORVENIR - GENERAL CEPEDA,Salida,N,11,MARIANO MATAMOROS,H3,19:30,19:41,-11,1,0
06/05/2026,PORVENIR - GENERAL CEPEDA,Salida,N,12,BLVD; DIANA LAURA,H1,07:31,07:26,5,1,0
06/05/2026,PORVENIR - GENERAL CEPEDA,Salida,N,12,BLVD; DIANA LAURA,H2,16:46,,,,
06/05/2026,PORVENIR - GENERAL CEPEDA,Salida,N,12,BLVD; DIANA LAURA,H3,19:31,19:39,-8,1,0
06/05/2026,PORVENIR - GENERAL CEPEDA,Salida,N,13,GUELATAO,H1,07:40,07:38,2,1,0
06/05/2026,PORVENIR - GENERAL CEPEDA,Salida,N,13,GUELATAO,H2,16:55,,,,
06/05/2026,PORVENIR - GENERAL CEPEDA,Salida,N,13,GUELATAO,H3,19:40,19:57,-17,1,0
06/05/2026,PORVENIR - GENERAL CEPEDA,Salida,N,14,PORVENIR,H1,07:45,,,,
06/05/2026,PORVENIR - GENERAL CEPEDA,Salida,N,14,PORVENIR,H2,17:00,,,,
06/05/2026,PORVENIR - GENERAL CEPEDA,Salida,N,14,PORVENIR,H3,19:45,20:09,-24,1,0
06/05/2026,PUERTO MEXICO,Entrada,A,1,PUERTO MEXICO,H1,20:10,,,,
06/05/2026,PUERTO MEXICO,Entrada,A,1,PUERTO MEXICO,H2,04:40,,,,
06/05/2026,PUERTO MEXICO,Entrada,A,1,PUERTO MEXICO,H3,04:40,,,,
06/05/2026,PUERTO MEXICO,Entrada,A,1,PUERTO MEXICO,H4,16:40,,,,
06/05/2026,PUERTO MEXICO,Entrada,A,1,PUERTO MEXICO,H5,16:40,,,,
06/05/2026,PUERTO MEXICO,Entrada,A,1,PUERTO MEXICO,H6,20:40,,,,
06/05/2026,PUERTO MEXICO,Entrada,A,2,CUIJE,H1,20:22,,,,
06/05/2026,PUERTO MEXICO,Entrada,A,2,CUIJE,H2,04:52,,,,
06/05/2026,PUERTO MEXICO,Entrada,A,2,CUIJE,H3,04:52,,,,
06/05/2026,PUERTO MEXICO,Entrada,A,2,CUIJE,H4,16:52,,,,
06/05/2026,PUERTO MEXICO,Entrada,A,2,CUIJE,H5,16:52,,,,
06/05/2026,PUERTO MEXICO,Entrada,A,2,CUIJE,H6,20:52,,,,
06/05/2026,PUERTO MEXICO,Entrada,A,3,NAVIDAD,H1,20:32,,,,
06/05/2026,PUERTO MEXICO,Entrada,A,3,NAVIDAD,H2,05:02,,,,
06/05/2026,PUERTO MEXICO,Entrada,A,3,NAVIDAD,H3,05:02,,,,
06/05/2026,PUERTO MEXICO,Entrada,A,3,NAVIDAD,H4,17:02,,,,
06/05/2026,PUERTO MEXICO,Entrada,A,3,NAVIDAD,H5,17:02,,,,
06/05/2026,PUERTO MEXICO,Entrada,A,3,NAVIDAD,H6,21:02,,,,
06/05/2026,PUERTO MEXICO,Entrada,A,4,CHAPULTEPEC,H1,20:45,,,,
06/05/2026,PUERTO MEXICO,Entrada,A,4,CHAPULTEPEC,H2,05:15,,,,
06/05/2026,PUERTO MEXICO,Entrada,A,4,CHAPULTEPEC,H3,05:15,,,,
06/05/2026,PUERTO MEXICO,Entrada,A,4,CHAPULTEPEC,H4,17:15,,,,
06/05/2026,PUERTO MEXICO,Entrada,A,4,CHAPULTEPEC,H5,17:15,,,,
06/05/2026,PUERTO MEXICO,Entrada,A,4,CHAPULTEPEC,H6,21:15,,,,
06/05/2026,PUERTO MEXICO,Entrada,A,5,JAHUEY,H1,21:00,,,,
06/05/2026,PUERTO MEXICO,Entrada,A,5,JAHUEY,H2,05:30,,,,
06/05/2026,PUERTO MEXICO,Entrada,A,5,JAHUEY,H3,05:30,,,,
06/05/2026,PUERTO MEXICO,Entrada,A,5,JAHUEY,H4,17:30,,,,
06/05/2026,PUERTO MEXICO,Entrada,A,5,JAHUEY,H5,17:30,,,,
06/05/2026,PUERTO MEXICO,Entrada,A,5,JAHUEY,H6,21:30,,,,
06/05/2026,PUERTO MEXICO,Entrada,A,6,METALSA,H1,21:20,,,,
06/05/2026,PUERTO MEXICO,Entrada,A,6,METALSA,H2,05:50,,,,
06/05/2026,PUERTO MEXICO,Entrada,A,6,METALSA,H3,05:50,,,,
06/05/2026,PUERTO MEXICO,Entrada,A,6,METALSA,H4,17:50,,,,
06/05/2026,PUERTO MEXICO,Entrada,A,6,METALSA,H5,17:50,,,,
06/05/2026,PUERTO MEXICO,Entrada,A,6,METALSA,H6,21:50,,,,
06/05/2026,PUERTO MEXICO,Salida,A,1,METALSA,H1,15:30,,,,
06/05/2026,PUERTO MEXICO,Salida,A,1,METALSA,H2,06:15,,,,
06/05/2026,PUERTO MEXICO,Salida,A,1,METALSA,H3,06:15,,,,
06/05/2026,PUERTO MEXICO,Salida,A,1,METALSA,H4,18:15,,,,
06/05/2026,PUERTO MEXICO,Salida,A,1,METALSA,H5,18:15,,,,
06/05/2026,PUERTO MEXICO,Salida,A,2,JAHUEY,H1,15:50,,,,
06/05/2026,PUERTO MEXICO,Salida,A,2,JAHUEY,H2,06:35,,,,
06/05/2026,PUERTO MEXICO,Salida,A,2,JAHUEY,H3,06:35,,,,
06/05/2026,PUERTO MEXICO,Salida,A,2,JAHUEY,H4,18:35,,,,
06/05/2026,PUERTO MEXICO,Salida,A,2,JAHUEY,H5,18:35,,,,
06/05/2026,PUERTO MEXICO,Salida,A,3,CHAPULTEPEC,H1,16:05,,,,
06/05/2026,PUERTO MEXICO,Salida,A,3,CHAPULTEPEC,H2,06:50,,,,
06/05/2026,PUERTO MEXICO,Salida,A,3,CHAPULTEPEC,H3,06:50,,,,
06/05/2026,PUERTO MEXICO,Salida,A,3,CHAPULTEPEC,H4,18:50,,,,
06/05/2026,PUERTO MEXICO,Salida,A,3,CHAPULTEPEC,H5,18:50,,,,
06/05/2026,PUERTO MEXICO,Salida,A,4,NAVIDAD,H1,16:18,,,,
06/05/2026,PUERTO MEXICO,Salida,A,4,NAVIDAD,H2,07:03,,,,
06/05/2026,PUERTO MEXICO,Salida,A,4,NAVIDAD,H3,07:03,,,,
06/05/2026,PUERTO MEXICO,Salida,A,4,NAVIDAD,H4,19:03,,,,
06/05/2026,PUERTO MEXICO,Salida,A,4,NAVIDAD,H5,19:03,,,,
06/05/2026,PUERTO MEXICO,Salida,A,5,CUIJE,H1,16:28,,,,
06/05/2026,PUERTO MEXICO,Salida,A,5,CUIJE,H2,07:13,,,,
06/05/2026,PUERTO MEXICO,Salida,A,5,CUIJE,H3,07:13,,,,
06/05/2026,PUERTO MEXICO,Salida,A,5,CUIJE,H4,19:13,,,,
06/05/2026,PUERTO MEXICO,Salida,A,5,CUIJE,H5,19:13,,,,
06/05/2026,PUERTO MEXICO,Salida,A,6,PUERTO MEXICO,H1,16:40,,,,
06/05/2026,PUERTO MEXICO,Salida,A,6,PUERTO MEXICO,H2,07:25,,,,
06/05/2026,PUERTO MEXICO,Salida,A,6,PUERTO MEXICO,H3,07:25,,,,
06/05/2026,PUERTO MEXICO,Salida,A,6,PUERTO MEXICO,H4,19:25,,,,
06/05/2026,PUERTO MEXICO,Salida,A,6,PUERTO MEXICO,H5,19:25,,,,
06/05/2026,ROMA,Entrada,N,1,FCO. LAZACORTA Y JOSE MARIANO MICHELENA,H1,04:45,04:46,-1,1,0
06/05/2026,ROMA,Entrada,N,1,FCO. LAZACORTA Y JOSE MARIANO MICHELENA,H2,16:45,16:47,-2,1,0
06/05/2026,ROMA,Entrada,N,1,FCO. LAZACORTA Y JOSE MARIANO MICHELENA,H3,20:15,,,,
06/05/2026,ROMA,Entrada,N,1,FCO. LAZACORTA Y JOSE MARIANO MICHELENA,H4,20:45,,,,
06/05/2026,ROMA,Entrada,N,2,SIERRA DE LOS PINOS Y PRINCIPAL,H1,04:48,04:47,1,1,0
06/05/2026,ROMA,Entrada,N,2,SIERRA DE LOS PINOS Y PRINCIPAL,H2,16:48,16:48,0,1,0
06/05/2026,ROMA,Entrada,N,2,SIERRA DE LOS PINOS Y PRINCIPAL,H3,20:18,,,,
06/05/2026,ROMA,Entrada,N,2,SIERRA DE LOS PINOS Y PRINCIPAL,H4,20:48,,,,
06/05/2026,ROMA,Entrada,N,3,OSA MAYOR Y BUSTAMANTE,H1,04:53,04:54,-1,1,0
06/05/2026,ROMA,Entrada,N,3,OSA MAYOR Y BUSTAMANTE,H2,16:53,16:56,-3,1,0
06/05/2026,ROMA,Entrada,N,3,OSA MAYOR Y BUSTAMANTE,H3,20:23,,,,
06/05/2026,ROMA,Entrada,N,3,OSA MAYOR Y BUSTAMANTE,H4,20:53,,,,
06/05/2026,ROMA,Entrada,N,4,EUGENIO REYES Y PEDRO AMPUDIA,H1,05:01,05:04,-3,1,0
06/05/2026,ROMA,Entrada,N,4,EUGENIO REYES Y PEDRO AMPUDIA,H2,17:01,17:06,-5,1,0
06/05/2026,ROMA,Entrada,N,4,EUGENIO REYES Y PEDRO AMPUDIA,H3,20:31,,,,
06/05/2026,ROMA,Entrada,N,4,EUGENIO REYES Y PEDRO AMPUDIA,H4,21:01,,,,
06/05/2026,ROMA,Entrada,N,5,FELIPE BERRIOZABAL Y MARAVILLAS,H1,05:06,05:07,-1,1,0
06/05/2026,ROMA,Entrada,N,5,FELIPE BERRIOZABAL Y MARAVILLAS,H2,17:06,17:08,-2,1,0
06/05/2026,ROMA,Entrada,N,5,FELIPE BERRIOZABAL Y MARAVILLAS,H3,20:36,,,,
06/05/2026,ROMA,Entrada,N,5,FELIPE BERRIOZABAL Y MARAVILLAS,H4,21:06,,,,
06/05/2026,ROMA,Entrada,N,6,FCO I MADERO Y CALZ ANTONIO NARRO,H1,05:15,05:19,-4,1,0
06/05/2026,ROMA,Entrada,N,6,FCO I MADERO Y CALZ ANTONIO NARRO,H2,17:15,17:20,-5,1,0
06/05/2026,ROMA,Entrada,N,6,FCO I MADERO Y CALZ ANTONIO NARRO,H3,20:45,,,,
06/05/2026,ROMA,Entrada,N,6,FCO I MADERO Y CALZ ANTONIO NARRO,H4,21:15,,,,
06/05/2026,ROMA,Entrada,N,7,CARR. SALTILLO-ZACATECAS,H1,05:20,05:26,-6,1,0
06/05/2026,ROMA,Entrada,N,7,CARR. SALTILLO-ZACATECAS,H2,17:20,17:26,-6,1,0
06/05/2026,ROMA,Entrada,N,7,CARR. SALTILLO-ZACATECAS,H3,20:50,,,,
06/05/2026,ROMA,Entrada,N,7,CARR. SALTILLO-ZACATECAS,H4,21:20,,,,
06/05/2026,ROMA,Entrada,N,8,METALSA,H1,05:50,05:46,4,1,0
06/05/2026,ROMA,Entrada,N,8,METALSA,H2,17:50,17:40,10,1,0
06/05/2026,ROMA,Entrada,N,8,METALSA,H3,21:20,,,,
06/05/2026,ROMA,Entrada,N,8,METALSA,H4,21:50,,,,
06/05/2026,ROMA,Salida,N,1,METALSA,H1,06:15,06:14,1,1,0
06/05/2026,ROMA,Salida,N,1,METALSA,H2,15:30,,,,
06/05/2026,ROMA,Salida,N,1,METALSA,H3,18:15,18:16,-1,1,0
06/05/2026,ROMA,Salida,N,2,CARR. SALTILLO-ZACATECAS,H1,06:45,06:35,10,1,0
06/05/2026,ROMA,Salida,N,2,CARR. SALTILLO-ZACATECAS,H2,16:00,,,,
06/05/2026,ROMA,Salida,N,2,CARR. SALTILLO-ZACATECAS,H3,18:45,18:46,-1,1,0
06/05/2026,ROMA,Salida,N,3,FCO I MADERO Y CALZ ANTONIO NARRO,H1,06:50,06:43,7,1,0
06/05/2026,ROMA,Salida,N,3,FCO I MADERO Y CALZ ANTONIO NARRO,H2,16:05,,,,
06/05/2026,ROMA,Salida,N,3,FCO I MADERO Y CALZ ANTONIO NARRO,H3,18:50,18:52,-2,1,0
06/05/2026,ROMA,Salida,N,4,FELIPE BERRIOZABAL Y MARAVILLAS,H1,06:59,06:53,6,1,0
06/05/2026,ROMA,Salida,N,4,FELIPE BERRIOZABAL Y MARAVILLAS,H2,16:14,,,,
06/05/2026,ROMA,Salida,N,4,FELIPE BERRIOZABAL Y MARAVILLAS,H3,18:59,19:02,-3,1,0
06/05/2026,ROMA,Salida,N,5,EUGENIO REYES Y PEDRO AMPUDIA,H1,07:04,06:56,8,1,0
06/05/2026,ROMA,Salida,N,5,EUGENIO REYES Y PEDRO AMPUDIA,H2,16:19,,,,
06/05/2026,ROMA,Salida,N,5,EUGENIO REYES Y PEDRO AMPUDIA,H3,19:04,19:04,0,1,0
06/05/2026,ROMA,Salida,N,6,OSA MAYOR Y BUSTAMANTE,H1,07:12,07:04,8,1,0
06/05/2026,ROMA,Salida,N,6,OSA MAYOR Y BUSTAMANTE,H2,16:27,,,,
06/05/2026,ROMA,Salida,N,6,OSA MAYOR Y BUSTAMANTE,H3,19:12,19:14,-2,1,0
06/05/2026,ROMA,Salida,N,7,SIERRA DE LOS PINOS Y PRINCIPAL,H1,07:17,07:13,4,1,0
06/05/2026,ROMA,Salida,N,7,SIERRA DE LOS PINOS Y PRINCIPAL,H2,16:32,,,,
06/05/2026,ROMA,Salida,N,7,SIERRA DE LOS PINOS Y PRINCIPAL,H3,19:17,,,,
06/05/2026,ROMA,Salida,N,8,FCO. LAZACORTA Y JOSE MARIANO MICHELENA,H1,07:20,07:13,7,1,0
06/05/2026,ROMA,Salida,N,8,FCO. LAZACORTA Y JOSE MARIANO MICHELENA,H2,16:35,,,,
06/05/2026,ROMA,Salida,N,8,FCO. LAZACORTA Y JOSE MARIANO MICHELENA,H3,19:20,19:22,-2,1,0
06/05/2026,SALTILLO 2000,Entrada,N,1,PALACIO DE JUSTICIA,H1,04:30,04:32,-2,1,0
06/05/2026,SALTILLO 2000,Entrada,N,1,PALACIO DE JUSTICIA,H2,16:30,16:32,-2,1,0
06/05/2026,SALTILLO 2000,Entrada,N,1,PALACIO DE JUSTICIA,H3,20:00,,,,
06/05/2026,SALTILLO 2000,Entrada,N,1,PALACIO DE JUSTICIA,H4,20:30,,,,
06/05/2026,SALTILLO 2000,Entrada,N,2,ROTONDA SALTILLO 2000,H1,04:35,04:36,-1,1,0
06/05/2026,SALTILLO 2000,Entrada,N,2,ROTONDA SALTILLO 2000,H2,16:35,16:34,1,1,0
06/05/2026,SALTILLO 2000,Entrada,N,2,ROTONDA SALTILLO 2000,H3,20:05,,,,
06/05/2026,SALTILLO 2000,Entrada,N,2,ROTONDA SALTILLO 2000,H4,20:35,,,,
06/05/2026,SALTILLO 2000,Entrada,N,3,CUQUITA DE CEPEDA DAVILA  (OXXO),H1,04:45,04:43,2,1,0
06/05/2026,SALTILLO 2000,Entrada,N,3,CUQUITA DE CEPEDA DAVILA  (OXXO),H2,16:45,16:43,2,1,0
06/05/2026,SALTILLO 2000,Entrada,N,3,CUQUITA DE CEPEDA DAVILA  (OXXO),H3,20:15,,,,
06/05/2026,SALTILLO 2000,Entrada,N,3,CUQUITA DE CEPEDA DAVILA  (OXXO),H4,20:45,,,,
06/05/2026,SALTILLO 2000,Entrada,N,4,FCO I MADERO Y  PEDRO AMPUDIA,H1,04:50,04:51,-1,1,0
06/05/2026,SALTILLO 2000,Entrada,N,4,FCO I MADERO Y  PEDRO AMPUDIA,H2,16:50,16:53,-3,1,0
06/05/2026,SALTILLO 2000,Entrada,N,4,FCO I MADERO Y  PEDRO AMPUDIA,H3,20:20,,,,
06/05/2026,SALTILLO 2000,Entrada,N,4,FCO I MADERO Y  PEDRO AMPUDIA,H4,20:50,,,,
06/05/2026,SALTILLO 2000,Entrada,N,5,PERIF. L.E.A. Y CALZ. ANTONIO NARRO,H1,05:08,05:05,3,1,0
06/05/2026,SALTILLO 2000,Entrada,N,5,PERIF. L.E.A. Y CALZ. ANTONIO NARRO,H2,17:08,17:08,0,1,0
06/05/2026,SALTILLO 2000,Entrada,N,5,PERIF. L.E.A. Y CALZ. ANTONIO NARRO,H3,20:38,,,,
06/05/2026,SALTILLO 2000,Entrada,N,5,PERIF. L.E.A. Y CALZ. ANTONIO NARRO,H4,21:08,,,,
06/05/2026,SALTILLO 2000,Entrada,N,6,BLVD. HACIENDA NARRO,H1,05:20,05:15,5,1,0
06/05/2026,SALTILLO 2000,Entrada,N,6,BLVD. HACIENDA NARRO,H2,17:20,17:17,3,1,0
06/05/2026,SALTILLO 2000,Entrada,N,6,BLVD. HACIENDA NARRO,H3,20:50,,,,
06/05/2026,SALTILLO 2000,Entrada,N,6,BLVD. HACIENDA NARRO,H4,21:20,,,,
06/05/2026,SALTILLO 2000,Entrada,N,7,METALSA,H1,05:50,05:43,7,1,0
06/05/2026,SALTILLO 2000,Entrada,N,7,METALSA,H2,17:50,17:40,10,1,0
06/05/2026,SALTILLO 2000,Entrada,N,7,METALSA,H3,21:20,,,,
06/05/2026,SALTILLO 2000,Entrada,N,7,METALSA,H4,21:50,,,,
06/05/2026,SALTILLO 2000,Salida,N,1,METALSA,H1,06:15,06:15,0,1,0
06/05/2026,SALTILLO 2000,Salida,N,1,METALSA,H2,15:30,,,,
06/05/2026,SALTILLO 2000,Salida,N,1,METALSA,H3,18:15,18:15,0,1,0
06/05/2026,SALTILLO 2000,Salida,N,2,BLVD. HACIENDA NARRO,H1,06:45,06:34,11,1,0
06/05/2026,SALTILLO 2000,Salida,N,2,BLVD. HACIENDA NARRO,H2,16:00,,,,
06/05/2026,SALTILLO 2000,Salida,N,2,BLVD. HACIENDA NARRO,H3,18:45,18:46,-1,1,0
06/05/2026,SALTILLO 2000,Salida,N,3,PERIF. L.E.A. Y CALZ. ANTONIO NARRO,H1,06:57,06:50,7,1,0
06/05/2026,SALTILLO 2000,Salida,N,3,PERIF. L.E.A. Y CALZ. ANTONIO NARRO,H2,16:12,,,,
06/05/2026,SALTILLO 2000,Salida,N,3,PERIF. L.E.A. Y CALZ. ANTONIO NARRO,H3,18:57,19:00,-3,1,0
06/05/2026,SALTILLO 2000,Salida,N,4,FCO I MADERO Y  PEDRO AMPUDIA,H1,07:15,07:03,12,1,0
06/05/2026,SALTILLO 2000,Salida,N,4,FCO I MADERO Y  PEDRO AMPUDIA,H2,16:30,,,,
06/05/2026,SALTILLO 2000,Salida,N,4,FCO I MADERO Y  PEDRO AMPUDIA,H3,19:15,19:14,1,1,0
06/05/2026,SALTILLO 2000,Salida,N,5,CUQUITA DE CEPEDA DAVILA  (OXXO),H1,07:20,07:11,9,1,0
06/05/2026,SALTILLO 2000,Salida,N,5,CUQUITA DE CEPEDA DAVILA  (OXXO),H2,16:35,,,,
06/05/2026,SALTILLO 2000,Salida,N,5,CUQUITA DE CEPEDA DAVILA  (OXXO),H3,19:20,19:23,-3,1,0
06/05/2026,SALTILLO 2000,Salida,N,6,ROTONDA SALTILLO 2000,H1,07:30,,,,
06/05/2026,SALTILLO 2000,Salida,N,6,ROTONDA SALTILLO 2000,H2,16:45,,,,
06/05/2026,SALTILLO 2000,Salida,N,6,ROTONDA SALTILLO 2000,H3,19:30,,,,
06/05/2026,SALTILLO 2000,Salida,N,7,PALACIO DE JUSTICIA,H1,07:35,07:20,15,1,0
06/05/2026,SALTILLO 2000,Salida,N,7,PALACIO DE JUSTICIA,H2,16:50,,,,
06/05/2026,SALTILLO 2000,Salida,N,7,PALACIO DE JUSTICIA,H3,19:35,19:27,8,1,0
06/05/2026,SAN FRANCISCO,Entrada,A,1,LA CUCHILLA,H1,19:35,,,,
06/05/2026,SAN FRANCISCO,Entrada,A,1,LA CUCHILLA,H2,04:05,,,,
06/05/2026,SAN FRANCISCO,Entrada,A,1,LA CUCHILLA,H3,16:05,,,,
06/05/2026,SAN FRANCISCO,Entrada,A,1,LA CUCHILLA,H4,20:05,,,,
06/05/2026,SAN FRANCISCO,Entrada,A,2,SAN JUAN RETIRO,H1,19:44,,,,
06/05/2026,SAN FRANCISCO,Entrada,A,2,SAN JUAN RETIRO,H2,04:14,,,,
06/05/2026,SAN FRANCISCO,Entrada,A,2,SAN JUAN RETIRO,H3,16:14,,,,
06/05/2026,SAN FRANCISCO,Entrada,A,2,SAN JUAN RETIRO,H4,20:14,,,,
06/05/2026,SAN FRANCISCO,Entrada,A,3,NUEVO GOMEZ,H1,19:54,,,,
06/05/2026,SAN FRANCISCO,Entrada,A,3,NUEVO GOMEZ,H2,04:24,04:29,-5,1,0
06/05/2026,SAN FRANCISCO,Entrada,A,3,NUEVO GOMEZ,H3,16:24,,,,
06/05/2026,SAN FRANCISCO,Entrada,A,3,NUEVO GOMEZ,H4,20:24,,,,
06/05/2026,SAN FRANCISCO,Entrada,A,4,SAN FRANCISCO,H1,20:06,,,,
06/05/2026,SAN FRANCISCO,Entrada,A,4,SAN FRANCISCO,H2,04:36,04:39,-3,1,0
06/05/2026,SAN FRANCISCO,Entrada,A,4,SAN FRANCISCO,H3,16:36,16:34,2,1,0
06/05/2026,SAN FRANCISCO,Entrada,A,4,SAN FRANCISCO,H4,20:36,,,,
06/05/2026,SAN FRANCISCO,Entrada,A,5,MANGAS,H1,20:16,,,,
06/05/2026,SAN FRANCISCO,Entrada,A,5,MANGAS,H2,04:46,04:53,-7,1,0
06/05/2026,SAN FRANCISCO,Entrada,A,5,MANGAS,H3,16:46,,,,
06/05/2026,SAN FRANCISCO,Entrada,A,5,MANGAS,H4,20:46,,,,
06/05/2026,SAN FRANCISCO,Entrada,A,6,COLONIAS,H1,20:52,,,,
06/05/2026,SAN FRANCISCO,Entrada,A,6,COLONIAS,H2,05:22,,,,
06/05/2026,SAN FRANCISCO,Entrada,A,6,COLONIAS,H3,17:22,,,,
06/05/2026,SAN FRANCISCO,Entrada,A,6,COLONIAS,H4,21:22,,,,
06/05/2026,SAN FRANCISCO,Entrada,A,7,AGUA NUEVA,H1,21:00,,,,
06/05/2026,SAN FRANCISCO,Entrada,A,7,AGUA NUEVA,H2,05:30,05:35,-5,1,0
06/05/2026,SAN FRANCISCO,Entrada,A,7,AGUA NUEVA,H3,17:30,17:19,11,1,0
06/05/2026,SAN FRANCISCO,Entrada,A,7,AGUA NUEVA,H4,21:25,,,,
06/05/2026,SAN FRANCISCO,Entrada,A,8,METALSA,H1,21:20,,,,
06/05/2026,SAN FRANCISCO,Entrada,A,8,METALSA,H2,05:50,,,,
06/05/2026,SAN FRANCISCO,Entrada,A,8,METALSA,H3,17:50,,,,
06/05/2026,SAN FRANCISCO,Entrada,A,8,METALSA,H4,21:50,,,,
06/05/2026,SAN FRANCISCO,Salida,N,1,METALSA,H1,15:30,,,,
06/05/2026,SAN FRANCISCO,Salida,N,1,METALSA,H2,18:15,,,,
06/05/2026,SAN FRANCISCO,Salida,N,1,METALSA,H3,06:15,06:22,-7,1,0
06/05/2026,SAN FRANCISCO,Salida,N,2,AGUA NUEVA,H1,15:59,,,,
06/05/2026,SAN FRANCISCO,Salida,N,2,AGUA NUEVA,H2,18:44,18:27,17,1,0
06/05/2026,SAN FRANCISCO,Salida,N,2,AGUA NUEVA,H3,06:44,06:33,11,1,0
06/05/2026,SAN FRANCISCO,Salida,N,3,COLONIAS,H1,16:10,,,,
06/05/2026,SAN FRANCISCO,Salida,N,3,COLONIAS,H2,18:55,18:42,13,1,0
06/05/2026,SAN FRANCISCO,Salida,N,3,COLONIAS,H3,06:55,,,,
06/05/2026,SAN FRANCISCO,Salida,N,4,MANGAS,H1,16:34,,,,
06/05/2026,SAN FRANCISCO,Salida,N,4,MANGAS,H2,19:19,19:08,11,1,0
06/05/2026,SAN FRANCISCO,Salida,N,4,MANGAS,H3,07:19,,,,
06/05/2026,SAN FRANCISCO,Salida,N,5,SAN FRANCISCO,H1,16:46,,,,
06/05/2026,SAN FRANCISCO,Salida,N,5,SAN FRANCISCO,H2,19:31,19:19,12,1,0
06/05/2026,SAN FRANCISCO,Salida,N,5,SAN FRANCISCO,H3,07:31,07:14,17,1,0
06/05/2026,SAN FRANCISCO,Salida,N,6,NUEVO GOMEZ,H1,16:56,,,,
06/05/2026,SAN FRANCISCO,Salida,N,6,NUEVO GOMEZ,H2,19:41,,,,
06/05/2026,SAN FRANCISCO,Salida,N,6,NUEVO GOMEZ,H3,07:41,,,,
06/05/2026,SAN FRANCISCO,Salida,N,7,SAN JUAN RETIRO,H1,17:06,,,,
06/05/2026,SAN FRANCISCO,Salida,N,7,SAN JUAN RETIRO,H2,19:51,,,,
06/05/2026,SAN FRANCISCO,Salida,N,7,SAN JUAN RETIRO,H3,07:51,07:28,23,1,0
06/05/2026,SAN FRANCISCO,Salida,N,8,LA CUCHILLA,H1,17:15,,,,
06/05/2026,SAN FRANCISCO,Salida,N,8,LA CUCHILLA,H2,20:00,19:34,26,1,0
06/05/2026,SAN FRANCISCO,Salida,N,8,LA CUCHILLA,H3,08:00,,,,
06/05/2026,SAN MIGUEL,Entrada,A,1,SAN MIGUEL,H1,19:50,,,,
06/05/2026,SAN MIGUEL,Entrada,A,1,SAN MIGUEL,H2,04:20,,,,
06/05/2026,SAN MIGUEL,Entrada,A,1,SAN MIGUEL,H3,16:20,,,,
06/05/2026,SAN MIGUEL,Entrada,A,1,SAN MIGUEL,H4,20:20,,,,
06/05/2026,SAN MIGUEL,Entrada,A,2,ZACATERA,H1,19:53,,,,
06/05/2026,SAN MIGUEL,Entrada,A,2,ZACATERA,H2,04:23,,,,
06/05/2026,SAN MIGUEL,Entrada,A,2,ZACATERA,H3,16:23,,,,
06/05/2026,SAN MIGUEL,Entrada,A,2,ZACATERA,H4,20:23,,,,
06/05/2026,SAN MIGUEL,Entrada,A,3,GOMEZ FARIAS,H1,20:00,,,,
06/05/2026,SAN MIGUEL,Entrada,A,3,GOMEZ FARIAS,H2,04:30,,,,
06/05/2026,SAN MIGUEL,Entrada,A,3,GOMEZ FARIAS,H3,16:30,,,,
06/05/2026,SAN MIGUEL,Entrada,A,3,GOMEZ FARIAS,H4,20:30,,,,
06/05/2026,SAN MIGUEL,Entrada,A,4,GUADALUPE VICTORIA,H1,20:25,,,,
06/05/2026,SAN MIGUEL,Entrada,A,4,GUADALUPE VICTORIA,H2,04:55,,,,
06/05/2026,SAN MIGUEL,Entrada,A,4,GUADALUPE VICTORIA,H3,16:55,,,,
06/05/2026,SAN MIGUEL,Entrada,A,4,GUADALUPE VICTORIA,H4,20:55,,,,
06/05/2026,SAN MIGUEL,Entrada,A,5,COLONIAS,H1,20:35,,,,
06/05/2026,SAN MIGUEL,Entrada,A,5,COLONIAS,H2,05:05,,,,
06/05/2026,SAN MIGUEL,Entrada,A,5,COLONIAS,H3,17:05,,,,
06/05/2026,SAN MIGUEL,Entrada,A,5,COLONIAS,H4,21:05,,,,
06/05/2026,SAN MIGUEL,Entrada,A,6,AGUA NUEVA,H1,20:50,,,,
06/05/2026,SAN MIGUEL,Entrada,A,6,AGUA NUEVA,H2,05:20,,,,
06/05/2026,SAN MIGUEL,Entrada,A,6,AGUA NUEVA,H3,17:20,,,,
06/05/2026,SAN MIGUEL,Entrada,A,6,AGUA NUEVA,H4,21:20,,,,
06/05/2026,SAN MIGUEL,Entrada,A,7,METALSA,H1,21:20,,,,
06/05/2026,SAN MIGUEL,Entrada,A,7,METALSA,H2,05:50,,,,
06/05/2026,SAN MIGUEL,Entrada,A,7,METALSA,H3,17:50,,,,
06/05/2026,SAN MIGUEL,Entrada,A,7,METALSA,H4,21:50,,,,
06/05/2026,SAN MIGUEL,Salida,N,1,METALSA,H1,15:30,,,,
06/05/2026,SAN MIGUEL,Salida,N,1,METALSA,H2,06:15,,,,
06/05/2026,SAN MIGUEL,Salida,N,1,METALSA,H3,18:15,,,,
06/05/2026,SAN MIGUEL,Salida,N,2,AGUA NUEVA,H1,16:10,,,,
06/05/2026,SAN MIGUEL,Salida,N,2,AGUA NUEVA,H2,06:55,,,,
06/05/2026,SAN MIGUEL,Salida,N,2,AGUA NUEVA,H3,18:55,,,,
06/05/2026,SAN MIGUEL,Salida,N,3,COLONIAS,H1,16:20,,,,
06/05/2026,SAN MIGUEL,Salida,N,3,COLONIAS,H2,07:05,,,,
06/05/2026,SAN MIGUEL,Salida,N,3,COLONIAS,H3,19:05,,,,
06/05/2026,SAN MIGUEL,Salida,N,4,GUADALUPE VICTORIA,H1,16:30,,,,
06/05/2026,SAN MIGUEL,Salida,N,4,GUADALUPE VICTORIA,H2,07:15,,,,
06/05/2026,SAN MIGUEL,Salida,N,4,GUADALUPE VICTORIA,H3,19:15,,,,
06/05/2026,SAN MIGUEL,Salida,N,5,GOMEZ FARIAS,H1,17:05,,,,
06/05/2026,SAN MIGUEL,Salida,N,5,GOMEZ FARIAS,H2,07:50,,,,
06/05/2026,SAN MIGUEL,Salida,N,5,GOMEZ FARIAS,H3,19:50,19:13,37,1,0
06/05/2026,SAN MIGUEL,Salida,N,6,SAN MIGUEL,H1,17:30,,,,
06/05/2026,SAN MIGUEL,Salida,N,6,SAN MIGUEL,H2,08:15,,,,
06/05/2026,SAN MIGUEL,Salida,N,6,SAN MIGUEL,H3,20:15,19:15,60,1,0
06/05/2026,SAN MIGUEL,Salida,N,7,ZACATERA,H1,18:05,,,,
06/05/2026,SAN MIGUEL,Salida,N,7,ZACATERA,H2,08:45,,,,
06/05/2026,SAN MIGUEL,Salida,N,7,ZACATERA,H3,20:45,,,,
06/05/2026,SANTA MARIA - SAN RAFAEL,Entrada,N,1,SAN JOSE ALAMITO,H1,19:00,,,,
06/05/2026,SANTA MARIA - SAN RAFAEL,Entrada,N,1,SAN JOSE ALAMITO,H2,03:30,03:59,-29,1,0
06/05/2026,SANTA MARIA - SAN RAFAEL,Entrada,N,1,SAN JOSE ALAMITO,H3,15:30,16:01,-31,1,0
06/05/2026,SANTA MARIA - SAN RAFAEL,Entrada,N,1,SAN JOSE ALAMITO,H4,19:30,,,,
06/05/2026,SANTA MARIA - SAN RAFAEL,Entrada,N,2,LA HEDIONDA,H1,19:25,,,,
06/05/2026,SANTA MARIA - SAN RAFAEL,Entrada,N,2,LA HEDIONDA,H2,03:55,04:01,-6,1,0
06/05/2026,SANTA MARIA - SAN RAFAEL,Entrada,N,2,LA HEDIONDA,H3,15:55,16:03,-8,1,0
06/05/2026,SANTA MARIA - SAN RAFAEL,Entrada,N,2,LA HEDIONDA,H4,19:55,,,,
06/05/2026,SANTA MARIA - SAN RAFAEL,Entrada,N,3,LA CONCHA,H1,19:40,,,,
06/05/2026,SANTA MARIA - SAN RAFAEL,Entrada,N,3,LA CONCHA,H2,04:10,04:13,-3,1,0
06/05/2026,SANTA MARIA - SAN RAFAEL,Entrada,N,3,LA CONCHA,H3,16:10,16:12,-2,1,0
06/05/2026,SANTA MARIA - SAN RAFAEL,Entrada,N,3,LA CONCHA,H4,20:10,,,,
06/05/2026,SANTA MARIA - SAN RAFAEL,Entrada,N,4,STA MARIA DE RAMOS,H1,19:50,,,,
06/05/2026,SANTA MARIA - SAN RAFAEL,Entrada,N,4,STA MARIA DE RAMOS,H2,04:20,04:20,0,1,0
06/05/2026,SANTA MARIA - SAN RAFAEL,Entrada,N,4,STA MARIA DE RAMOS,H3,16:20,16:19,1,1,0
06/05/2026,SANTA MARIA - SAN RAFAEL,Entrada,N,4,STA MARIA DE RAMOS,H4,20:20,,,,
06/05/2026,SANTA MARIA - SAN RAFAEL,Entrada,N,5,SAN RAFAEL,H1,20:05,,,,
06/05/2026,SANTA MARIA - SAN RAFAEL,Entrada,N,5,SAN RAFAEL,H2,04:35,04:31,4,1,0
06/05/2026,SANTA MARIA - SAN RAFAEL,Entrada,N,5,SAN RAFAEL,H3,16:35,16:29,6,1,0
06/05/2026,SANTA MARIA - SAN RAFAEL,Entrada,N,5,SAN RAFAEL,H4,20:35,,,,
06/05/2026,SANTA MARIA - SAN RAFAEL,Entrada,N,6,NAVIDAD,H1,20:10,,,,
06/05/2026,SANTA MARIA - SAN RAFAEL,Entrada,N,6,NAVIDAD,H2,04:40,04:44,-4,1,0
06/05/2026,SANTA MARIA - SAN RAFAEL,Entrada,N,6,NAVIDAD,H3,16:40,16:51,-11,1,0
06/05/2026,SANTA MARIA - SAN RAFAEL,Entrada,N,6,NAVIDAD,H4,20:40,,,,
06/05/2026,SANTA MARIA - SAN RAFAEL,Entrada,N,7,ENTRONQUE HUACHICHIL,H1,20:40,,,,
06/05/2026,SANTA MARIA - SAN RAFAEL,Entrada,N,7,ENTRONQUE HUACHICHIL,H2,05:10,05:07,3,1,0
06/05/2026,SANTA MARIA - SAN RAFAEL,Entrada,N,7,ENTRONQUE HUACHICHIL,H3,17:10,,,,
06/05/2026,SANTA MARIA - SAN RAFAEL,Entrada,N,7,ENTRONQUE HUACHICHIL,H4,21:10,,,,
06/05/2026,SANTA MARIA - SAN RAFAEL,Entrada,N,8,METALSA,H1,21:20,,,,
06/05/2026,SANTA MARIA - SAN RAFAEL,Entrada,N,8,METALSA,H2,05:50,05:38,12,1,0
06/05/2026,SANTA MARIA - SAN RAFAEL,Entrada,N,8,METALSA,H3,17:50,17:45,5,1,0
06/05/2026,SANTA MARIA - SAN RAFAEL,Entrada,N,8,METALSA,H4,21:50,,,,
06/05/2026,SANTA MARIA - SAN RAFAEL,Salida,N,1,METALSA,H1,15:30,,,,
06/05/2026,SANTA MARIA - SAN RAFAEL,Salida,N,1,METALSA,H2,06:15,06:17,-2,1,0
06/05/2026,SANTA MARIA - SAN RAFAEL,Salida,N,1,METALSA,H3,18:15,18:13,2,1,0
06/05/2026,SANTA MARIA - SAN RAFAEL,Salida,N,2,ENTRONQUE HUACHICHIL,H1,15:31,,,,
06/05/2026,SANTA MARIA - SAN RAFAEL,Salida,N,2,ENTRONQUE HUACHICHIL,H2,06:16,06:49,-33,1,0
06/05/2026,SANTA MARIA - SAN RAFAEL,Salida,N,2,ENTRONQUE HUACHICHIL,H3,18:16,,,,
06/05/2026,SANTA MARIA - SAN RAFAEL,Salida,N,3,NAVIDAD,H1,15:32,,,,
06/05/2026,SANTA MARIA - SAN RAFAEL,Salida,N,3,NAVIDAD,H2,06:17,07:15,-58,1,0
06/05/2026,SANTA MARIA - SAN RAFAEL,Salida,N,3,NAVIDAD,H3,18:17,19:09,-52,1,0
06/05/2026,SANTA MARIA - SAN RAFAEL,Salida,N,4,SAN RAFAEL,H1,15:33,,,,
06/05/2026,SANTA MARIA - SAN RAFAEL,Salida,N,4,SAN RAFAEL,H2,06:18,,,,
06/05/2026,SANTA MARIA - SAN RAFAEL,Salida,N,4,SAN RAFAEL,H3,18:18,,,,
06/05/2026,SANTA MARIA - SAN RAFAEL,Salida,N,5,STA MARIA DE RAMOS,H1,16:50,,,,
06/05/2026,SANTA MARIA - SAN RAFAEL,Salida,N,5,STA MARIA DE RAMOS,H2,07:35,07:32,3,1,0
06/05/2026,SANTA MARIA - SAN RAFAEL,Salida,N,5,STA MARIA DE RAMOS,H3,19:35,19:27,8,1,0
06/05/2026,SANTA MARIA - SAN RAFAEL,Salida,N,6,LA CONCHA,H1,16:55,,,,
06/05/2026,SANTA MARIA - SAN RAFAEL,Salida,N,6,LA CONCHA,H2,07:45,,,,
06/05/2026,SANTA MARIA - SAN RAFAEL,Salida,N,6,LA CONCHA,H3,19:40,19:33,7,1,0
06/05/2026,SANTA MARIA - SAN RAFAEL,Salida,N,7,LA HEDIONDA,H1,17:30,,,,
06/05/2026,SANTA MARIA - SAN RAFAEL,Salida,N,7,LA HEDIONDA,H2,08:00,,,,
06/05/2026,SANTA MARIA - SAN RAFAEL,Salida,N,7,LA HEDIONDA,H3,20:15,19:43,32,1,0
06/05/2026,SANTA MARIA - SAN RAFAEL,Salida,N,8,SAN JOSE ALAMITO,H1,17:55,,,,
06/05/2026,SANTA MARIA - SAN RAFAEL,Salida,N,8,SAN JOSE ALAMITO,H2,08:25,,,,
06/05/2026,SANTA MARIA - SAN RAFAEL,Salida,N,8,SAN JOSE ALAMITO,H3,20:35,20:02,33,1,0
06/05/2026,SECUENCIADOS,Entrada,A,1,CARR. SALTILLO-ZACATECAS,H1,05:45,,,,
06/05/2026,SECUENCIADOS,Entrada,A,1,CARR. SALTILLO-ZACATECAS,H2,17:45,,,,
06/05/2026,SECUENCIADOS,Entrada,A,1,CARR. SALTILLO-ZACATECAS,H3,21:15,,,,
06/05/2026,SECUENCIADOS,Entrada,A,1,CARR. SALTILLO-ZACATECAS,H4,21:45,,,,
06/05/2026,SECUENCIADOS,Entrada,A,2,METALSA,H1,05:50,,,,
06/05/2026,SECUENCIADOS,Entrada,A,2,METALSA,H2,17:50,,,,
06/05/2026,SECUENCIADOS,Entrada,A,2,METALSA,H3,21:20,,,,
06/05/2026,SECUENCIADOS,Entrada,A,2,METALSA,H4,21:50,,,,
06/05/2026,SECUENCIADOS,Salida,A,1,METALSA,H1,05:50,,,,
06/05/2026,SECUENCIADOS,Salida,A,1,METALSA,H2,17:50,,,,
06/05/2026,SECUENCIADOS,Salida,A,1,METALSA,H3,21:20,,,,
06/05/2026,SECUENCIADOS,Salida,A,2,CARR. SALTILLO-ZACATECAS,H1,05:45,,,,
06/05/2026,SECUENCIADOS,Salida,A,2,CARR. SALTILLO-ZACATECAS,H2,17:45,,,,
06/05/2026,SECUENCIADOS,Salida,A,2,CARR. SALTILLO-ZACATECAS,H3,21:15,,,,
06/05/2026,TANQUE DEL CERRO - LA VENTURA,Entrada,A,1,TANQUE DEL CERRO,H1,19:15,,,,
06/05/2026,TANQUE DEL CERRO - LA VENTURA,Entrada,A,1,TANQUE DEL CERRO,H2,03:45,,,,
06/05/2026,TANQUE DEL CERRO - LA VENTURA,Entrada,A,1,TANQUE DEL CERRO,H3,15:45,,,,
06/05/2026,TANQUE DEL CERRO - LA VENTURA,Entrada,A,1,TANQUE DEL CERRO,H4,19:45,,,,
06/05/2026,TANQUE DEL CERRO - LA VENTURA,Entrada,A,2,LA VENTURA,H1,19:35,,,,
06/05/2026,TANQUE DEL CERRO - LA VENTURA,Entrada,A,2,LA VENTURA,H2,04:05,,,,
06/05/2026,TANQUE DEL CERRO - LA VENTURA,Entrada,A,2,LA VENTURA,H3,16:05,,,,
06/05/2026,TANQUE DEL CERRO - LA VENTURA,Entrada,A,2,LA VENTURA,H4,20:05,,,,
06/05/2026,TANQUE DEL CERRO - LA VENTURA,Entrada,A,3,PURISIMA,H1,19:45,,,,
06/05/2026,TANQUE DEL CERRO - LA VENTURA,Entrada,A,3,PURISIMA,H2,04:15,,,,
06/05/2026,TANQUE DEL CERRO - LA VENTURA,Entrada,A,3,PURISIMA,H3,16:15,,,,
06/05/2026,TANQUE DEL CERRO - LA VENTURA,Entrada,A,3,PURISIMA,H4,20:15,,,,
06/05/2026,TANQUE DEL CERRO - LA VENTURA,Entrada,A,4,PRESA SAN PEDRO,H1,19:55,,,,
06/05/2026,TANQUE DEL CERRO - LA VENTURA,Entrada,A,4,PRESA SAN PEDRO,H2,04:25,,,,
06/05/2026,TANQUE DEL CERRO - LA VENTURA,Entrada,A,4,PRESA SAN PEDRO,H3,16:25,,,,
06/05/2026,TANQUE DEL CERRO - LA VENTURA,Entrada,A,4,PRESA SAN PEDRO,H4,20:25,,,,
06/05/2026,TANQUE DEL CERRO - LA VENTURA,Entrada,A,5,TANQUE ESCONDIDO,H1,20:10,,,,
06/05/2026,TANQUE DEL CERRO - LA VENTURA,Entrada,A,5,TANQUE ESCONDIDO,H2,04:40,,,,
06/05/2026,TANQUE DEL CERRO - LA VENTURA,Entrada,A,5,TANQUE ESCONDIDO,H3,16:40,,,,
06/05/2026,TANQUE DEL CERRO - LA VENTURA,Entrada,A,5,TANQUE ESCONDIDO,H4,20:40,,,,
06/05/2026,TANQUE DEL CERRO - LA VENTURA,Entrada,A,6,GUADALUPE VICTORIA,H1,20:38,,,,
06/05/2026,TANQUE DEL CERRO - LA VENTURA,Entrada,A,6,GUADALUPE VICTORIA,H2,05:08,,,,
06/05/2026,TANQUE DEL CERRO - LA VENTURA,Entrada,A,6,GUADALUPE VICTORIA,H3,17:08,,,,
06/05/2026,TANQUE DEL CERRO - LA VENTURA,Entrada,A,6,GUADALUPE VICTORIA,H4,21:08,,,,
06/05/2026,TANQUE DEL CERRO - LA VENTURA,Entrada,A,7,METALSA,H1,21:20,,,,
06/05/2026,TANQUE DEL CERRO - LA VENTURA,Entrada,A,7,METALSA,H2,05:50,,,,
06/05/2026,TANQUE DEL CERRO - LA VENTURA,Entrada,A,7,METALSA,H3,17:50,,,,
06/05/2026,TANQUE DEL CERRO - LA VENTURA,Entrada,A,7,METALSA,H4,21:50,,,,
06/05/2026,TANQUE DEL CERRO - LA VENTURA,Salida,N,1,METALSA,H1,15:30,,,,
06/05/2026,TANQUE DEL CERRO - LA VENTURA,Salida,N,1,METALSA,H2,06:15,06:18,-3,1,0
06/05/2026,TANQUE DEL CERRO - LA VENTURA,Salida,N,1,METALSA,H3,18:15,18:07,8,1,0
06/05/2026,TANQUE DEL CERRO - LA VENTURA,Salida,N,2,GUADALUPE VICTORIA,H1,16:00,,,,
06/05/2026,TANQUE DEL CERRO - LA VENTURA,Salida,N,2,GUADALUPE VICTORIA,H2,06:40,,,,
06/05/2026,TANQUE DEL CERRO - LA VENTURA,Salida,N,2,GUADALUPE VICTORIA,H3,18:40,,,,
06/05/2026,TANQUE DEL CERRO - LA VENTURA,Salida,N,3,TANQUE ESCONDIDO,H1,16:01,,,,
06/05/2026,TANQUE DEL CERRO - LA VENTURA,Salida,N,3,TANQUE ESCONDIDO,H2,06:41,07:27,-46,1,0
06/05/2026,TANQUE DEL CERRO - LA VENTURA,Salida,N,3,TANQUE ESCONDIDO,H3,18:41,19:25,-44,1,0
06/05/2026,TANQUE DEL CERRO - LA VENTURA,Salida,N,4,PRESA SAN PEDRO,H1,16:02,,,,
06/05/2026,TANQUE DEL CERRO - LA VENTURA,Salida,N,4,PRESA SAN PEDRO,H2,06:42,07:33,-51,1,0
06/05/2026,TANQUE DEL CERRO - LA VENTURA,Salida,N,4,PRESA SAN PEDRO,H3,18:42,19:32,-50,1,0
06/05/2026,TANQUE DEL CERRO - LA VENTURA,Salida,N,5,PURISIMA,H1,16:03,,,,
06/05/2026,TANQUE DEL CERRO - LA VENTURA,Salida,N,5,PURISIMA,H2,06:43,,,,
06/05/2026,TANQUE DEL CERRO - LA VENTURA,Salida,N,5,PURISIMA,H3,18:43,19:44,-61,1,0
06/05/2026,TANQUE DEL CERRO - LA VENTURA,Salida,N,6,LA VENTURA,H1,17:00,,,,
06/05/2026,TANQUE DEL CERRO - LA VENTURA,Salida,N,6,LA VENTURA,H2,06:44,07:57,-73,1,0
06/05/2026,TANQUE DEL CERRO - LA VENTURA,Salida,N,6,LA VENTURA,H3,19:45,19:59,-14,1,0
06/05/2026,TANQUE DEL CERRO - LA VENTURA,Salida,N,7,TANQUE DEL CERRO,H1,17:20,,,,
06/05/2026,TANQUE DEL CERRO - LA VENTURA,Salida,N,7,TANQUE DEL CERRO,H2,08:05,08:07,-2,1,0
06/05/2026,TANQUE DEL CERRO - LA VENTURA,Salida,N,7,TANQUE DEL CERRO,H3,20:05,,,,
06/05/2026,TANQUE NUEVO,Entrada,A,1,MATEHUAPIL,H1,18:20,,,,
06/05/2026,TANQUE NUEVO,Entrada,A,1,MATEHUAPIL,H2,02:50,,,,
06/05/2026,TANQUE NUEVO,Entrada,A,1,MATEHUAPIL,H3,02:50,,,,
06/05/2026,TANQUE NUEVO,Entrada,A,1,MATEHUAPIL,H4,14:50,,,,
06/05/2026,TANQUE NUEVO,Entrada,A,1,MATEHUAPIL,H5,14:50,,,,
06/05/2026,TANQUE NUEVO,Entrada,A,1,MATEHUAPIL,H6,18:50,,,,
06/05/2026,TANQUE NUEVO,Entrada,A,2,TANQUE NUEVO,H1,18:30,,,,
06/05/2026,TANQUE NUEVO,Entrada,A,2,TANQUE NUEVO,H2,03:00,,,,
06/05/2026,TANQUE NUEVO,Entrada,A,2,TANQUE NUEVO,H3,03:00,,,,
06/05/2026,TANQUE NUEVO,Entrada,A,2,TANQUE NUEVO,H4,15:00,,,,
06/05/2026,TANQUE NUEVO,Entrada,A,2,TANQUE NUEVO,H5,15:00,,,,
06/05/2026,TANQUE NUEVO,Entrada,A,2,TANQUE NUEVO,H6,19:00,,,,
06/05/2026,TANQUE NUEVO,Entrada,A,3,CLAVELLINAS,H1,18:50,,,,
06/05/2026,TANQUE NUEVO,Entrada,A,3,CLAVELLINAS,H2,03:20,,,,
06/05/2026,TANQUE NUEVO,Entrada,A,3,CLAVELLINAS,H3,03:20,,,,
06/05/2026,TANQUE NUEVO,Entrada,A,3,CLAVELLINAS,H4,15:20,,,,
06/05/2026,TANQUE NUEVO,Entrada,A,3,CLAVELLINAS,H5,15:20,,,,
06/05/2026,TANQUE NUEVO,Entrada,A,3,CLAVELLINAS,H6,19:20,,,,
06/05/2026,TANQUE NUEVO,Entrada,A,4,EL SALVADOR,H1,19:10,,,,
06/05/2026,TANQUE NUEVO,Entrada,A,4,EL SALVADOR,H2,03:40,00:03,217,1,0
06/05/2026,TANQUE NUEVO,Entrada,A,4,EL SALVADOR,H3,03:40,,,,
06/05/2026,TANQUE NUEVO,Entrada,A,4,EL SALVADOR,H4,15:40,,,,
06/05/2026,TANQUE NUEVO,Entrada,A,4,EL SALVADOR,H5,15:40,,,,
06/05/2026,TANQUE NUEVO,Entrada,A,4,EL SALVADOR,H6,19:40,,,,
06/05/2026,TANQUE NUEVO,Entrada,A,5,LA VENTURA,H1,19:30,,,,
06/05/2026,TANQUE NUEVO,Entrada,A,5,LA VENTURA,H2,04:00,,,,
06/05/2026,TANQUE NUEVO,Entrada,A,5,LA VENTURA,H3,04:00,00:15,225,1,0
06/05/2026,TANQUE NUEVO,Entrada,A,5,LA VENTURA,H4,16:00,,,,
06/05/2026,TANQUE NUEVO,Entrada,A,5,LA VENTURA,H5,16:00,,,,
06/05/2026,TANQUE NUEVO,Entrada,A,5,LA VENTURA,H6,20:10,,,,
06/05/2026,TANQUE NUEVO,Entrada,A,6,PRESA SAN PEDRO,H1,19:45,,,,
06/05/2026,TANQUE NUEVO,Entrada,A,6,PRESA SAN PEDRO,H2,04:15,00:04,251,1,0
06/05/2026,TANQUE NUEVO,Entrada,A,6,PRESA SAN PEDRO,H3,04:15,,,,
06/05/2026,TANQUE NUEVO,Entrada,A,6,PRESA SAN PEDRO,H4,16:15,,,,
06/05/2026,TANQUE NUEVO,Entrada,A,6,PRESA SAN PEDRO,H5,16:15,,,,
06/05/2026,TANQUE NUEVO,Entrada,A,6,PRESA SAN PEDRO,H6,20:35,,,,
06/05/2026,TANQUE NUEVO,Entrada,A,7,TANQUE ESCONDIDO,H1,19:55,,,,
06/05/2026,TANQUE NUEVO,Entrada,A,7,TANQUE ESCONDIDO,H2,04:25,00:04,261,1,0
06/05/2026,TANQUE NUEVO,Entrada,A,7,TANQUE ESCONDIDO,H3,04:25,,,,
06/05/2026,TANQUE NUEVO,Entrada,A,7,TANQUE ESCONDIDO,H4,16:25,,,,
06/05/2026,TANQUE NUEVO,Entrada,A,7,TANQUE ESCONDIDO,H5,16:25,,,,
06/05/2026,TANQUE NUEVO,Entrada,A,7,TANQUE ESCONDIDO,H6,20:45,,,,
06/05/2026,TANQUE NUEVO,Entrada,A,8,METALSA,H1,21:20,,,,
06/05/2026,TANQUE NUEVO,Entrada,A,8,METALSA,H2,05:50,00:05,345,1,0
06/05/2026,TANQUE NUEVO,Entrada,A,8,METALSA,H3,05:50,00:17,333,1,0
06/05/2026,TANQUE NUEVO,Entrada,A,8,METALSA,H4,17:50,,,,
06/05/2026,TANQUE NUEVO,Entrada,A,8,METALSA,H5,17:50,,,,
06/05/2026,TANQUE NUEVO,Entrada,A,8,METALSA,H6,21:50,,,,
06/05/2026,TANQUE NUEVO,Salida,N,1,METALSA,H1,15:30,,,,
06/05/2026,TANQUE NUEVO,Salida,N,1,METALSA,H2,06:15,00:06,369,1,0
06/05/2026,TANQUE NUEVO,Salida,N,1,METALSA,H3,06:15,00:18,357,1,0
06/05/2026,TANQUE NUEVO,Salida,N,1,METALSA,H4,18:15,00:18,357,,0
06/05/2026,TANQUE NUEVO,Salida,N,1,METALSA,H5,18:15,00:18,357,,0
06/05/2026,TANQUE NUEVO,Salida,N,2,TANQUE ESCONDIDO,H1,16:55,,,,
06/05/2026,TANQUE NUEVO,Salida,N,2,TANQUE ESCONDIDO,H2,07:40,00:07,453,1,0
06/05/2026,TANQUE NUEVO,Salida,N,2,TANQUE ESCONDIDO,H3,07:40,00:19,441,1,0
06/05/2026,TANQUE NUEVO,Salida,N,2,TANQUE ESCONDIDO,H4,19:40,00:19,441,,0
06/05/2026,TANQUE NUEVO,Salida,N,2,TANQUE ESCONDIDO,H5,19:40,00:19,441,,0
06/05/2026,TANQUE NUEVO,Salida,N,3,PRESA SAN PEDRO,H1,17:05,,,,
06/05/2026,TANQUE NUEVO,Salida,N,3,PRESA SAN PEDRO,H2,07:50,00:07,463,1,0
06/05/2026,TANQUE NUEVO,Salida,N,3,PRESA SAN PEDRO,H3,07:50,,,,
06/05/2026,TANQUE NUEVO,Salida,N,3,PRESA SAN PEDRO,H4,19:50,,,,
06/05/2026,TANQUE NUEVO,Salida,N,3,PRESA SAN PEDRO,H5,19:50,,,,
06/05/2026,TANQUE NUEVO,Salida,N,4,LA VENTURA,H1,17:20,,,,
06/05/2026,TANQUE NUEVO,Salida,N,4,LA VENTURA,H2,08:05,00:07,478,1,0
06/05/2026,TANQUE NUEVO,Salida,N,4,LA VENTURA,H3,08:05,00:19,466,1,0
06/05/2026,TANQUE NUEVO,Salida,N,4,LA VENTURA,H4,20:05,00:19,466,,0
06/05/2026,TANQUE NUEVO,Salida,N,4,LA VENTURA,H5,20:05,00:19,466,,0
06/05/2026,TANQUE NUEVO,Salida,N,5,EL SALVADOR,H1,17:40,,,,
06/05/2026,TANQUE NUEVO,Salida,N,5,EL SALVADOR,H2,08:25,,,,
06/05/2026,TANQUE NUEVO,Salida,N,5,EL SALVADOR,H3,08:25,,,,
06/05/2026,TANQUE NUEVO,Salida,N,5,EL SALVADOR,H4,20:25,,,,
06/05/2026,TANQUE NUEVO,Salida,N,5,EL SALVADOR,H5,20:25,,,,
06/05/2026,TANQUE NUEVO,Salida,N,6,CLAVELLINAS,H1,18:00,,,,
06/05/2026,TANQUE NUEVO,Salida,N,6,CLAVELLINAS,H2,08:45,,,,
06/05/2026,TANQUE NUEVO,Salida,N,6,CLAVELLINAS,H3,08:45,,,,
06/05/2026,TANQUE NUEVO,Salida,N,6,CLAVELLINAS,H4,20:45,,,,
06/05/2026,TANQUE NUEVO,Salida,N,6,CLAVELLINAS,H5,20:45,,,,
06/05/2026,TANQUE NUEVO,Salida,N,7,TANQUE NUEVO,H1,18:20,,,,
06/05/2026,TANQUE NUEVO,Salida,N,7,TANQUE NUEVO,H2,09:05,,,,
06/05/2026,TANQUE NUEVO,Salida,N,7,TANQUE NUEVO,H3,09:05,,,,
06/05/2026,TANQUE NUEVO,Salida,N,7,TANQUE NUEVO,H4,21:05,,,,
06/05/2026,TANQUE NUEVO,Salida,N,7,TANQUE NUEVO,H5,21:05,,,,
06/05/2026,TANQUE NUEVO,Salida,N,8,MATEHUAPIL,H1,18:30,,,,
06/05/2026,TANQUE NUEVO,Salida,N,8,MATEHUAPIL,H2,09:15,,,,
06/05/2026,TANQUE NUEVO,Salida,N,8,MATEHUAPIL,H3,09:15,,,,
06/05/2026,TANQUE NUEVO,Salida,N,8,MATEHUAPIL,H4,21:15,,,,
06/05/2026,TANQUE NUEVO,Salida,N,8,MATEHUAPIL,H5,21:15,,,,
06/05/2026,TERESITAS,Entrada,N,1,BLVD ANTONIO CARDENAS Y HUACHICHILES,H1,05:05,05:04,1,1,0
06/05/2026,TERESITAS,Entrada,N,1,BLVD ANTONIO CARDENAS Y HUACHICHILES,H2,17:05,17:05,0,1,0
06/05/2026,TERESITAS,Entrada,N,1,BLVD ANTONIO CARDENAS Y HUACHICHILES,H3,20:35,,,,
06/05/2026,TERESITAS,Entrada,N,1,BLVD ANTONIO CARDENAS Y HUACHICHILES,H4,21:05,,,,
06/05/2026,TERESITAS,Entrada,N,2,RAYADOS Y HUACHICHILES,H1,05:10,05:08,2,1,0
06/05/2026,TERESITAS,Entrada,N,2,RAYADOS Y HUACHICHILES,H2,17:10,17:09,1,1,0
06/05/2026,TERESITAS,Entrada,N,2,RAYADOS Y HUACHICHILES,H3,20:40,,,,
06/05/2026,TERESITAS,Entrada,N,2,RAYADOS Y HUACHICHILES,H4,21:10,,,,
06/05/2026,TERESITAS,Entrada,N,3,SIERRA DE ZAPALINAME Y AV TERESITAS,H1,05:15,05:13,2,1,0
06/05/2026,TERESITAS,Entrada,N,3,SIERRA DE ZAPALINAME Y AV TERESITAS,H2,17:15,17:14,1,1,0
06/05/2026,TERESITAS,Entrada,N,3,SIERRA DE ZAPALINAME Y AV TERESITAS,H3,20:45,,,,
06/05/2026,TERESITAS,Entrada,N,3,SIERRA DE ZAPALINAME Y AV TERESITAS,H4,21:15,,,,
06/05/2026,TERESITAS,Entrada,N,4,AV TERESITAS Y BLVD ANTONIO CARDENAS,H1,05:22,05:19,3,1,0
06/05/2026,TERESITAS,Entrada,N,4,AV TERESITAS Y BLVD ANTONIO CARDENAS,H2,17:22,17:21,1,1,0
06/05/2026,TERESITAS,Entrada,N,4,AV TERESITAS Y BLVD ANTONIO CARDENAS,H3,20:52,,,,
06/05/2026,TERESITAS,Entrada,N,4,AV TERESITAS Y BLVD ANTONIO CARDENAS,H4,21:22,,,,
06/05/2026,TERESITAS,Entrada,N,5,LA ENCANTADA,H1,05:28,05:21,7,1,0
06/05/2026,TERESITAS,Entrada,N,5,LA ENCANTADA,H2,17:28,17:22,6,1,0
06/05/2026,TERESITAS,Entrada,N,5,LA ENCANTADA,H3,20:58,,,,
06/05/2026,TERESITAS,Entrada,N,5,LA ENCANTADA,H4,21:28,,,,
06/05/2026,TERESITAS,Entrada,N,6,CAAR. SALTILLO-ZACATECAS,H1,05:32,05:25,7,1,0
06/05/2026,TERESITAS,Entrada,N,6,CAAR. SALTILLO-ZACATECAS,H2,17:32,17:25,7,1,0
06/05/2026,TERESITAS,Entrada,N,6,CAAR. SALTILLO-ZACATECAS,H3,21:02,,,,
06/05/2026,TERESITAS,Entrada,N,6,CAAR. SALTILLO-ZACATECAS,H4,21:30,,,,
06/05/2026,TERESITAS,Entrada,N,7,METALSA,H1,05:50,05:44,6,1,0
06/05/2026,TERESITAS,Entrada,N,7,METALSA,H2,17:50,17:38,12,1,0
06/05/2026,TERESITAS,Entrada,N,7,METALSA,H3,21:20,,,,
06/05/2026,TERESITAS,Entrada,N,7,METALSA,H4,21:50,,,,
06/05/2026,TERESITAS,Salida,N,1,METALSA,H1,06:15,06:17,-2,1,0
06/05/2026,TERESITAS,Salida,N,1,METALSA,H2,15:30,,,,
06/05/2026,TERESITAS,Salida,N,1,METALSA,H3,18:15,18:14,1,1,0
06/05/2026,TERESITAS,Salida,N,2,CARR. SALTILLO-ZACATECAS,H1,06:33,06:35,-2,1,0
06/05/2026,TERESITAS,Salida,N,2,CARR. SALTILLO-ZACATECAS,H2,15:48,,,,
06/05/2026,TERESITAS,Salida,N,2,CARR. SALTILLO-ZACATECAS,H3,18:33,18:43,-10,1,0
06/05/2026,TERESITAS,Salida,N,3,LA ENCANTADA,H1,06:37,06:39,-2,1,0
06/05/2026,TERESITAS,Salida,N,3,LA ENCANTADA,H2,15:52,,,,
06/05/2026,TERESITAS,Salida,N,3,LA ENCANTADA,H3,18:37,18:47,-10,1,0
06/05/2026,TERESITAS,Salida,N,4,AV TERESITAS Y BLVD ANTONIO CARDENAS,H1,06:43,,,,
06/05/2026,TERESITAS,Salida,N,4,AV TERESITAS Y BLVD ANTONIO CARDENAS,H2,15:58,,,,
06/05/2026,TERESITAS,Salida,N,4,AV TERESITAS Y BLVD ANTONIO CARDENAS,H3,18:43,,,,
06/05/2026,TERESITAS,Salida,N,5,SIERRA DE ZAPALINAME Y AV TERESITAS,H1,06:50,,,,
06/05/2026,TERESITAS,Salida,N,5,SIERRA DE ZAPALINAME Y AV TERESITAS,H2,16:05,,,,
06/05/2026,TERESITAS,Salida,N,5,SIERRA DE ZAPALINAME Y AV TERESITAS,H3,18:50,,,,
06/05/2026,TERESITAS,Salida,N,6,RAYADOS Y HUACHICHILES,H1,06:55,,,,
06/05/2026,TERESITAS,Salida,N,6,RAYADOS Y HUACHICHILES,H2,16:10,,,,
06/05/2026,TERESITAS,Salida,N,6,RAYADOS Y HUACHICHILES,H3,18:55,,,,
06/05/2026,TERESITAS,Salida,N,7,BLVD ANTONIO CARDENAS Y HUACHICHILES,H1,07:00,06:40,20,1,0
06/05/2026,TERESITAS,Salida,N,7,BLVD ANTONIO CARDENAS Y HUACHICHILES,H2,16:15,,,,
06/05/2026,TERESITAS,Salida,N,7,BLVD ANTONIO CARDENAS Y HUACHICHILES,H3,19:00,,,,
06/05/2026,VALENCIA,Entrada,N,1,LA RIOJA Y JEREZ,H1,04:30,04:30,0,1,0
06/05/2026,VALENCIA,Entrada,N,1,LA RIOJA Y JEREZ,H2,16:30,16:29,1,1,0
06/05/2026,VALENCIA,Entrada,N,1,LA RIOJA Y JEREZ,H3,20:00,,,,
06/05/2026,VALENCIA,Entrada,N,1,LA RIOJA Y JEREZ,H4,20:30,,,,
06/05/2026,VALENCIA,Entrada,N,2,PERIFERICO LEA Y VITO ALESSIO,H1,04:40,04:44,-4,1,0
06/05/2026,VALENCIA,Entrada,N,2,PERIFERICO LEA Y VITO ALESSIO,H2,16:40,16:45,-5,1,0
06/05/2026,VALENCIA,Entrada,N,2,PERIFERICO LEA Y VITO ALESSIO,H3,20:10,,,,
06/05/2026,VALENCIA,Entrada,N,2,PERIFERICO LEA Y VITO ALESSIO,H4,20:40,,,,
06/05/2026,VALENCIA,Entrada,N,3,CARLOS S. Y RANCHO DE PEÑA,H1,04:45,04:50,-5,1,0
06/05/2026,VALENCIA,Entrada,N,3,CARLOS S. Y RANCHO DE PEÑA,H2,16:45,16:50,-5,1,0
06/05/2026,VALENCIA,Entrada,N,3,CARLOS S. Y RANCHO DE PEÑA,H3,20:15,,,,
06/05/2026,VALENCIA,Entrada,N,3,CARLOS S. Y RANCHO DE PEÑA,H4,20:45,,,,
06/05/2026,VALENCIA,Entrada,N,4,ALVARO OBREGON,H1,04:55,04:56,-1,1,0
06/05/2026,VALENCIA,Entrada,N,4,ALVARO OBREGON,H2,16:55,16:56,-1,1,0
06/05/2026,VALENCIA,Entrada,N,4,ALVARO OBREGON,H3,20:25,,,,
06/05/2026,VALENCIA,Entrada,N,4,ALVARO OBREGON,H4,20:55,,,,
06/05/2026,VALENCIA,Entrada,N,5,MIGUEL HIDALGO Y PEDRO ARANDA,H1,05:00,05:08,-8,1,0
06/05/2026,VALENCIA,Entrada,N,5,MIGUEL HIDALGO Y PEDRO ARANDA,H2,17:00,17:09,-9,1,0
06/05/2026,VALENCIA,Entrada,N,5,MIGUEL HIDALGO Y PEDRO ARANDA,H3,20:30,,,,
06/05/2026,VALENCIA,Entrada,N,5,MIGUEL HIDALGO Y PEDRO ARANDA,H4,21:00,,,,
06/05/2026,VALENCIA,Entrada,N,6,PERIFERICO LEA Y W. GONZALEZ,H1,05:05,05:12,-7,1,0
06/05/2026,VALENCIA,Entrada,N,6,PERIFERICO LEA Y W. GONZALEZ,H2,17:05,17:14,-9,1,0
06/05/2026,VALENCIA,Entrada,N,6,PERIFERICO LEA Y W. GONZALEZ,H3,20:35,,,,
06/05/2026,VALENCIA,Entrada,N,6,PERIFERICO LEA Y W. GONZALEZ,H4,21:05,,,,
06/05/2026,VALENCIA,Entrada,N,7,CTO DE LA CAÑADA Y BLVD CARDENAS,H1,05:15,05:20,-5,1,0
06/05/2026,VALENCIA,Entrada,N,7,CTO DE LA CAÑADA Y BLVD CARDENAS,H2,17:15,17:21,-6,1,0
06/05/2026,VALENCIA,Entrada,N,7,CTO DE LA CAÑADA Y BLVD CARDENAS,H3,20:45,,,,
06/05/2026,VALENCIA,Entrada,N,7,CTO DE LA CAÑADA Y BLVD CARDENAS,H4,21:15,,,,
06/05/2026,VALENCIA,Entrada,N,8,METALSA,H1,05:50,05:49,1,1,0
06/05/2026,VALENCIA,Entrada,N,8,METALSA,H2,17:50,17:42,8,1,0
06/05/2026,VALENCIA,Entrada,N,8,METALSA,H3,21:20,,,,
06/05/2026,VALENCIA,Entrada,N,8,METALSA,H4,21:50,,,,
06/05/2026,VALENCIA,Salida,N,1,METALSA,H1,06:15,06:15,0,1,0
06/05/2026,VALENCIA,Salida,N,1,METALSA,H2,15:30,,,,
06/05/2026,VALENCIA,Salida,N,1,METALSA,H3,18:15,18:16,-1,1,0
06/05/2026,VALENCIA,Salida,N,2,CTO DE LA CAÑADA Y BLVD CARDENAS,H1,06:50,06:36,14,1,0
06/05/2026,VALENCIA,Salida,N,2,CTO DE LA CAÑADA Y BLVD CARDENAS,H2,16:05,,,,
06/05/2026,VALENCIA,Salida,N,2,CTO DE LA CAÑADA Y BLVD CARDENAS,H3,18:50,18:56,-6,1,0
06/05/2026,VALENCIA,Salida,N,3,PERIFERICO LEA Y W. GONZALEZ,H1,07:00,06:42,18,1,0
06/05/2026,VALENCIA,Salida,N,3,PERIFERICO LEA Y W. GONZALEZ,H2,16:15,,,,
06/05/2026,VALENCIA,Salida,N,3,PERIFERICO LEA Y W. GONZALEZ,H3,19:00,19:03,-3,1,0
06/05/2026,VALENCIA,Salida,N,4,MIGUEL HIDALGO Y PEDRO ARANDA,H1,07:05,06:46,19,1,0
06/05/2026,VALENCIA,Salida,N,4,MIGUEL HIDALGO Y PEDRO ARANDA,H2,16:20,,,,
06/05/2026,VALENCIA,Salida,N,4,MIGUEL HIDALGO Y PEDRO ARANDA,H3,19:05,19:09,-4,1,0
06/05/2026,VALENCIA,Salida,N,5,ALVARO OBREGON,H1,07:10,,,,
06/05/2026,VALENCIA,Salida,N,5,ALVARO OBREGON,H2,16:25,,,,
06/05/2026,VALENCIA,Salida,N,5,ALVARO OBREGON,H3,19:10,19:20,-10,1,0
06/05/2026,VALENCIA,Salida,N,6,CARLOS S. Y RANCHO DE PEÑA,H1,07:20,07:10,10,1,0
06/05/2026,VALENCIA,Salida,N,6,CARLOS S. Y RANCHO DE PEÑA,H2,16:35,,,,
06/05/2026,VALENCIA,Salida,N,6,CARLOS S. Y RANCHO DE PEÑA,H3,19:20,19:28,-8,1,0
06/05/2026,VALENCIA,Salida,N,7,PERIFERICO LEA Y VITO ALESSIO,H1,07:25,07:14,11,1,0
06/05/2026,VALENCIA,Salida,N,7,PERIFERICO LEA Y VITO ALESSIO,H2,16:40,,,,
06/05/2026,VALENCIA,Salida,N,7,PERIFERICO LEA Y VITO ALESSIO,H3,19:25,,,,
06/05/2026,VALENCIA,Salida,N,8,LA RIOJA Y JEREZ,H1,07:35,07:28,7,1,0
06/05/2026,VALENCIA,Salida,N,8,LA RIOJA Y JEREZ,H2,16:50,,,,
06/05/2026,VALENCIA,Salida,N,8,LA RIOJA Y JEREZ,H3,19:35,19:49,-14,1,0
06/05/2026,ZARAGOZA,Entrada,N,1,FCO. EALY ORTIZ Y EUCALIPTO,H1,04:25,04:28,-3,1,0
06/05/2026,ZARAGOZA,Entrada,N,1,FCO. EALY ORTIZ Y EUCALIPTO,H2,16:25,16:26,-1,1,0
06/05/2026,ZARAGOZA,Entrada,N,1,FCO. EALY ORTIZ Y EUCALIPTO,H3,19:55,,,,
06/05/2026,ZARAGOZA,Entrada,N,1,FCO. EALY ORTIZ Y EUCALIPTO,H4,20:25,,,,
06/05/2026,ZARAGOZA,Entrada,N,2,CHOPO Y EUCALIPTO,H1,04:26,04:29,-3,1,0
06/05/2026,ZARAGOZA,Entrada,N,2,CHOPO Y EUCALIPTO,H2,16:26,16:27,-1,1,0
06/05/2026,ZARAGOZA,Entrada,N,2,CHOPO Y EUCALIPTO,H3,19:56,,,,
06/05/2026,ZARAGOZA,Entrada,N,2,CHOPO Y EUCALIPTO,H4,20:26,,,,
06/05/2026,ZARAGOZA,Entrada,N,3,FUNDADORES Y BLVD. MIRASIERRA,H1,04:36,04:40,-4,1,0
06/05/2026,ZARAGOZA,Entrada,N,3,FUNDADORES Y BLVD. MIRASIERRA,H2,16:36,16:37,-1,1,0
06/05/2026,ZARAGOZA,Entrada,N,3,FUNDADORES Y BLVD. MIRASIERRA,H3,20:06,,,,
06/05/2026,ZARAGOZA,Entrada,N,3,FUNDADORES Y BLVD. MIRASIERRA,H4,20:36,,,,
06/05/2026,ZARAGOZA,Entrada,N,4,CALLE 34 Y JUAN NAVARRO,H1,04:51,04:55,-4,1,0
06/05/2026,ZARAGOZA,Entrada,N,4,CALLE 34 Y JUAN NAVARRO,H2,16:51,16:53,-2,1,0
06/05/2026,ZARAGOZA,Entrada,N,4,CALLE 34 Y JUAN NAVARRO,H3,20:21,,,,
06/05/2026,ZARAGOZA,Entrada,N,4,CALLE 34 Y JUAN NAVARRO,H4,20:51,,,,
06/05/2026,ZARAGOZA,Entrada,N,5,PERIF LEA Y 12 DE OCTUBRE (FIRST CASH),H1,05:03,05:09,-6,1,0
06/05/2026,ZARAGOZA,Entrada,N,5,PERIF LEA Y 12 DE OCTUBRE (FIRST CASH),H2,17:03,17:12,-9,1,0
06/05/2026,ZARAGOZA,Entrada,N,5,PERIF LEA Y 12 DE OCTUBRE (FIRST CASH),H3,20:33,,,,
06/05/2026,ZARAGOZA,Entrada,N,5,PERIF LEA Y 12 DE OCTUBRE (FIRST CASH),H4,21:03,,,,
06/05/2026,ZARAGOZA,Entrada,N,6,GIMNACIO MUNICIPAL,H1,05:05,05:10,-5,1,0
06/05/2026,ZARAGOZA,Entrada,N,6,GIMNACIO MUNICIPAL,H2,17:05,17:13,-8,1,0
06/05/2026,ZARAGOZA,Entrada,N,6,GIMNACIO MUNICIPAL,H3,20:35,,,,
06/05/2026,ZARAGOZA,Entrada,N,6,GIMNACIO MUNICIPAL,H4,21:05,,,,
06/05/2026,ZARAGOZA,Entrada,N,7,L.E.A. Y J. MERY,H1,05:07,05:12,-5,1,0
06/05/2026,ZARAGOZA,Entrada,N,7,L.E.A. Y J. MERY,H2,17:07,17:15,-8,1,0
06/05/2026,ZARAGOZA,Entrada,N,7,L.E.A. Y J. MERY,H3,20:37,,,,
06/05/2026,ZARAGOZA,Entrada,N,7,L.E.A. Y J. MERY,H4,21:07,,,,
06/05/2026,ZARAGOZA,Entrada,N,8,VILLA UNIVERSIDAD,H1,05:09,05:14,-5,1,0
06/05/2026,ZARAGOZA,Entrada,N,8,VILLA UNIVERSIDAD,H2,17:09,,,,
06/05/2026,ZARAGOZA,Entrada,N,8,VILLA UNIVERSIDAD,H3,20:39,,,,
06/05/2026,ZARAGOZA,Entrada,N,8,VILLA UNIVERSIDAD,H4,21:09,,,,
06/05/2026,ZARAGOZA,Entrada,N,9,ARIZPE DE LA MAZA Y CARR. 54,H1,05:15,,,,
06/05/2026,ZARAGOZA,Entrada,N,9,ARIZPE DE LA MAZA Y CARR. 54,H2,17:15,17:21,-6,1,0
06/05/2026,ZARAGOZA,Entrada,N,9,ARIZPE DE LA MAZA Y CARR. 54,H3,20:45,,,,
06/05/2026,ZARAGOZA,Entrada,N,9,ARIZPE DE LA MAZA Y CARR. 54,H4,21:15,,,,
06/05/2026,ZARAGOZA,Entrada,N,10,METALSA,H1,05:50,05:44,6,1,0
06/05/2026,ZARAGOZA,Entrada,N,10,METALSA,H2,17:50,17:41,9,1,0
06/05/2026,ZARAGOZA,Entrada,N,10,METALSA,H3,21:20,,,,
06/05/2026,ZARAGOZA,Entrada,N,10,METALSA,H4,21:50,,,,
06/05/2026,ZARAGOZA,Salida,N,1,METALSA,H1,06:15,06:15,0,1,0
06/05/2026,ZARAGOZA,Salida,N,1,METALSA,H2,15:30,,,,
06/05/2026,ZARAGOZA,Salida,N,1,METALSA,H3,18:15,18:16,-1,1,0
06/05/2026,ZARAGOZA,Salida,N,2,ARIZPE DE LA MAZA Y CARR. 54,H1,06:44,,,,
06/05/2026,ZARAGOZA,Salida,N,2,ARIZPE DE LA MAZA Y CARR. 54,H2,15:59,,,,
06/05/2026,ZARAGOZA,Salida,N,2,ARIZPE DE LA MAZA Y CARR. 54,H3,18:44,,,,
06/05/2026,ZARAGOZA,Salida,N,3,VILLA UNIVERSIDAD,H1,06:46,,,,
06/05/2026,ZARAGOZA,Salida,N,3,VILLA UNIVERSIDAD,H2,16:01,,,,
06/05/2026,ZARAGOZA,Salida,N,3,VILLA UNIVERSIDAD,H3,18:45,,,,
06/05/2026,ZARAGOZA,Salida,N,4,L.E.A. Y J. MERY,H1,06:49,,,,
06/05/2026,ZARAGOZA,Salida,N,4,L.E.A. Y J. MERY,H2,16:04,,,,
06/05/2026,ZARAGOZA,Salida,N,4,L.E.A. Y J. MERY,H3,18:49,,,,
06/05/2026,ZARAGOZA,Salida,N,5,GIMNACIO MUNICIPAL,H1,06:51,06:40,11,1,0
06/05/2026,ZARAGOZA,Salida,N,5,GIMNACIO MUNICIPAL,H2,16:06,,,,
06/05/2026,ZARAGOZA,Salida,N,5,GIMNACIO MUNICIPAL,H3,18:51,18:53,-2,1,0
06/05/2026,ZARAGOZA,Salida,N,6,PERIF LEA Y 12 DE OCTUBRE (FIRST CASH),H1,07:00,,,,
06/05/2026,ZARAGOZA,Salida,N,6,PERIF LEA Y 12 DE OCTUBRE (FIRST CASH),H2,16:10,,,,
06/05/2026,ZARAGOZA,Salida,N,6,PERIF LEA Y 12 DE OCTUBRE (FIRST CASH),H3,19:00,18:55,5,1,0
06/05/2026,ZARAGOZA,Salida,N,7,CALLE 34 Y JUAN NAVARRO,H1,07:04,,,,
06/05/2026,ZARAGOZA,Salida,N,7,CALLE 34 Y JUAN NAVARRO,H2,16:19,,,,
06/05/2026,ZARAGOZA,Salida,N,7,CALLE 34 Y JUAN NAVARRO,H3,19:04,,,,
06/05/2026,ZARAGOZA,Salida,N,8,FUNDADORES Y BLVD. MIRASIERRA,H1,07:19,,,,
06/05/2026,ZARAGOZA,Salida,N,8,FUNDADORES Y BLVD. MIRASIERRA,H2,16:34,,,,
06/05/2026,ZARAGOZA,Salida,N,8,FUNDADORES Y BLVD. MIRASIERRA,H3,19:19,,,,
06/05/2026,ZARAGOZA,Salida,N,9,CHOPO Y EUCALIPTO,H1,07:29,,,,
06/05/2026,ZARAGOZA,Salida,N,9,CHOPO Y EUCALIPTO,H2,16:44,,,,
06/05/2026,ZARAGOZA,Salida,N,9,CHOPO Y EUCALIPTO,H3,19:29,,,,
06/05/2026,ZARAGOZA,Salida,N,10,FCO. EALY ORTIZ Y EUCALIPTO,H1,07:30,06:58,32,1,0
06/05/2026,ZARAGOZA,Salida,N,10,FCO. EALY ORTIZ Y EUCALIPTO,H2,16:45,,,,
06/05/2026,ZARAGOZA,Salida,N,10,FCO. EALY ORTIZ Y EUCALIPTO,H3,19:30,19:42,-12,1,0
07/05/2026,EL PEÑUELO,Entrada,A,1,LA VENTURA,H1,19:00,,,,
07/05/2026,EL PEÑUELO,Entrada,A,1,LA VENTURA,H2,03:30,,,,
07/05/2026,EL PEÑUELO,Entrada,A,1,LA VENTURA,H3,15:30,,,,
07/05/2026,EL PEÑUELO,Entrada,A,1,LA VENTURA,H4,19:30,,,,
07/05/2026,EL PEÑUELO,Entrada,A,2,METALSA,H1,21:20,,,,
07/05/2026,EL PEÑUELO,Entrada,A,2,METALSA,H2,05:50,,,,
07/05/2026,EL PEÑUELO,Entrada,A,2,METALSA,H3,17:50,,,,
07/05/2026,EL PEÑUELO,Entrada,A,2,METALSA,H4,21:50,,,,
07/05/2026,EL PEÑUELO,Salida,N,1,METALSA,H1,15:30,,,,
07/05/2026,EL PEÑUELO,Salida,N,1,METALSA,H2,06:15,,,,
07/05/2026,EL PEÑUELO,Salida,N,1,METALSA,H3,18:15,18:16,-1,1,0
07/05/2026,EL PEÑUELO,Salida,N,2,LA VENTURA,H1,17:50,,,,
07/05/2026,EL PEÑUELO,Salida,N,2,LA VENTURA,H2,08:35,,,,
07/05/2026,EL PEÑUELO,Salida,N,2,LA VENTURA,H3,20:35,,,,
07/05/2026,EL SALITRE,Entrada,A,1,SALITRE,H1,19:20,,,,
07/05/2026,EL SALITRE,Entrada,A,1,SALITRE,H2,03:50,,,,
07/05/2026,EL SALITRE,Entrada,A,1,SALITRE,H3,15:50,,,,
07/05/2026,EL SALITRE,Entrada,A,1,SALITRE,H4,19:50,,,,
07/05/2026,EL SALITRE,Entrada,A,2,BENITO JUAREZ,H1,19:25,,,,
07/05/2026,EL SALITRE,Entrada,A,2,BENITO JUAREZ,H2,03:55,,,,
07/05/2026,EL SALITRE,Entrada,A,2,BENITO JUAREZ,H3,15:55,,,,
07/05/2026,EL SALITRE,Entrada,A,2,BENITO JUAREZ,H4,19:55,,,,
07/05/2026,EL SALITRE,Entrada,A,3,EL MEZQUITE,H1,19:40,,,,
07/05/2026,EL SALITRE,Entrada,A,3,EL MEZQUITE,H2,04:10,,,,
07/05/2026,EL SALITRE,Entrada,A,3,EL MEZQUITE,H3,16:10,16:08,2,1,0
07/05/2026,EL SALITRE,Entrada,A,3,EL MEZQUITE,H4,20:10,,,,
07/05/2026,EL SALITRE,Entrada,A,4,PRESA DE LOS MUCHAHCOS,H1,19:55,,,,
07/05/2026,EL SALITRE,Entrada,A,4,PRESA DE LOS MUCHAHCOS,H2,04:25,,,,
07/05/2026,EL SALITRE,Entrada,A,4,PRESA DE LOS MUCHAHCOS,H3,16:25,16:19,6,1,0
07/05/2026,EL SALITRE,Entrada,A,4,PRESA DE LOS MUCHAHCOS,H4,20:25,,,,
07/05/2026,EL SALITRE,Entrada,A,5,AGUA NUEVA,H1,20:43,,,,
07/05/2026,EL SALITRE,Entrada,A,5,AGUA NUEVA,H2,05:13,,,,
07/05/2026,EL SALITRE,Entrada,A,5,AGUA NUEVA,H3,17:13,17:14,-1,1,0
07/05/2026,EL SALITRE,Entrada,A,5,AGUA NUEVA,H4,21:13,,,,
07/05/2026,EL SALITRE,Entrada,A,6,METALSA,H1,21:20,,,,
07/05/2026,EL SALITRE,Entrada,A,6,METALSA,H2,05:50,,,,
07/05/2026,EL SALITRE,Entrada,A,6,METALSA,H3,17:50,17:34,16,1,0
07/05/2026,EL SALITRE,Entrada,A,6,METALSA,H4,21:50,,,,
07/05/2026,EL SALITRE,Salida,N,1,METALSA,H1,15:30,,,,
07/05/2026,EL SALITRE,Salida,N,1,METALSA,H2,06:15,,,,
07/05/2026,EL SALITRE,Salida,N,1,METALSA,H3,18:15,,,,
07/05/2026,EL SALITRE,Salida,N,2,AGUA NUEVA,H1,15:31,,,,
07/05/2026,EL SALITRE,Salida,N,2,AGUA NUEVA,H2,06:16,,,,
07/05/2026,EL SALITRE,Salida,N,2,AGUA NUEVA,H3,18:16,,,,
07/05/2026,EL SALITRE,Salida,N,3,PRESA DE LOS MUCHAHCOS,H1,16:55,,,,
07/05/2026,EL SALITRE,Salida,N,3,PRESA DE LOS MUCHAHCOS,H2,07:40,,,,
07/05/2026,EL SALITRE,Salida,N,3,PRESA DE LOS MUCHAHCOS,H3,19:40,,,,
07/05/2026,EL SALITRE,Salida,N,4,EL MEZQUITE,H1,17:10,,,,
07/05/2026,EL SALITRE,Salida,N,4,EL MEZQUITE,H2,07:55,,,,
07/05/2026,EL SALITRE,Salida,N,4,EL MEZQUITE,H3,19:55,,,,
07/05/2026,EL SALITRE,Salida,N,5,BENITO JUAREZ,H1,17:25,,,,
07/05/2026,EL SALITRE,Salida,N,5,BENITO JUAREZ,H2,08:10,,,,
07/05/2026,EL SALITRE,Salida,N,5,BENITO JUAREZ,H3,20:10,,,,
07/05/2026,EL SALITRE,Salida,N,6,SALITRE,H1,17:30,,,,
07/05/2026,EL SALITRE,Salida,N,6,SALITRE,H2,08:15,,,,
07/05/2026,EL SALITRE,Salida,N,6,SALITRE,H3,20:15,,,,
07/05/2026,LA HEDIONDA,Entrada,N,1,LAS ESPERANZAS,H1,20:00,,,,
07/05/2026,LA HEDIONDA,Entrada,N,1,LAS ESPERANZAS,H2,04:30,04:32,-2,1,0
07/05/2026,LA HEDIONDA,Entrada,N,1,LAS ESPERANZAS,H3,16:30,,,,
07/05/2026,LA HEDIONDA,Entrada,N,1,LAS ESPERANZAS,H4,20:30,,,,
07/05/2026,LA HEDIONDA,Entrada,N,2,HEDIONDA,H1,20:20,,,,
07/05/2026,LA HEDIONDA,Entrada,N,2,HEDIONDA,H2,04:50,,,,
07/05/2026,LA HEDIONDA,Entrada,N,2,HEDIONDA,H3,16:50,,,,
07/05/2026,LA HEDIONDA,Entrada,N,2,HEDIONDA,H4,20:50,,,,
07/05/2026,LA HEDIONDA,Entrada,N,3,METALSA,H1,21:20,,,,
07/05/2026,LA HEDIONDA,Entrada,N,3,METALSA,H2,05:50,05:43,7,1,0
07/05/2026,LA HEDIONDA,Entrada,N,3,METALSA,H3,17:50,,,,
07/05/2026,LA HEDIONDA,Entrada,N,3,METALSA,H4,21:50,,,,
07/05/2026,LA HEDIONDA,Salida,N,1,METALSA,H1,15:30,,,,
07/05/2026,LA HEDIONDA,Salida,N,1,METALSA,H2,06:15,,,,
07/05/2026,LA HEDIONDA,Salida,N,1,METALSA,H3,18:15,18:16,-1,1,0
07/05/2026,LA HEDIONDA,Salida,N,2,HEDIONDA,H1,16:30,,,,
07/05/2026,LA HEDIONDA,Salida,N,2,HEDIONDA,H2,07:15,,,,
07/05/2026,LA HEDIONDA,Salida,N,2,HEDIONDA,H3,19:15,,,,
07/05/2026,LA HEDIONDA,Salida,N,3,LAS ESPERANZAS,H1,16:50,,,,
07/05/2026,LA HEDIONDA,Salida,N,3,LAS ESPERANZAS,H2,07:35,,,,
07/05/2026,LA HEDIONDA,Salida,N,3,LAS ESPERANZAS,H3,19:35,19:26,9,1,0
07/05/2026,LA SAUCEDA,Entrada,N,1,LA SAUCEDA,H1,04:00,04:02,-2,1,0
07/05/2026,LA SAUCEDA,Entrada,N,1,LA SAUCEDA,H2,16:00,,,,
07/05/2026,LA SAUCEDA,Entrada,N,1,LA SAUCEDA,H3,19:30,,,,
07/05/2026,LA SAUCEDA,Entrada,N,1,LA SAUCEDA,H4,20:00,,,,
07/05/2026,LA SAUCEDA,Entrada,N,2,HIPOLITO,H1,04:15,,,,
07/05/2026,LA SAUCEDA,Entrada,N,2,HIPOLITO,H2,16:15,,,,
07/05/2026,LA SAUCEDA,Entrada,N,2,HIPOLITO,H3,19:45,,,,
07/05/2026,LA SAUCEDA,Entrada,N,2,HIPOLITO,H4,20:15,,,,
07/05/2026,LA SAUCEDA,Entrada,N,3,SAN ANTONIO DEL JARAL,H1,04:32,04:40,-8,1,0
07/05/2026,LA SAUCEDA,Entrada,N,3,SAN ANTONIO DEL JARAL,H2,16:32,15:55,37,1,0
07/05/2026,LA SAUCEDA,Entrada,N,3,SAN ANTONIO DEL JARAL,H3,20:02,,,,
07/05/2026,LA SAUCEDA,Entrada,N,3,SAN ANTONIO DEL JARAL,H4,20:32,,,,
07/05/2026,LA SAUCEDA,Entrada,N,4,CASETA DE PLAN DE AYALA,H1,04:50,04:58,-8,1,0
07/05/2026,LA SAUCEDA,Entrada,N,4,CASETA DE PLAN DE AYALA,H2,16:50,16:12,38,1,0
07/05/2026,LA SAUCEDA,Entrada,N,4,CASETA DE PLAN DE AYALA,H3,20:20,,,,
07/05/2026,LA SAUCEDA,Entrada,N,4,CASETA DE PLAN DE AYALA,H4,20:42,,,,
07/05/2026,LA SAUCEDA,Entrada,N,5,METALSA,H1,05:50,05:40,10,1,0
07/05/2026,LA SAUCEDA,Entrada,N,5,METALSA,H2,17:50,17:30,20,1,0
07/05/2026,LA SAUCEDA,Entrada,N,5,METALSA,H3,21:20,,,,
07/05/2026,LA SAUCEDA,Entrada,N,5,METALSA,H4,21:50,,,,
07/05/2026,LA SAUCEDA,Salida,N,1,METALSA,H1,06:15,06:13,2,1,0
07/05/2026,LA SAUCEDA,Salida,N,1,METALSA,H2,15:30,,,,
07/05/2026,LA SAUCEDA,Salida,N,1,METALSA,H3,18:15,,,,
07/05/2026,LA SAUCEDA,Salida,N,2,CASETA DE PLAN DE AYALA,H1,07:15,,,,
07/05/2026,LA SAUCEDA,Salida,N,2,CASETA DE PLAN DE AYALA,H2,16:30,,,,
07/05/2026,LA SAUCEDA,Salida,N,2,CASETA DE PLAN DE AYALA,H3,19:15,,,,
07/05/2026,LA SAUCEDA,Salida,N,3,SAN ANTONIO DEL JARAL,H1,07:33,,,,
07/05/2026,LA SAUCEDA,Salida,N,3,SAN ANTONIO DEL JARAL,H2,16:48,,,,
07/05/2026,LA SAUCEDA,Salida,N,3,SAN ANTONIO DEL JARAL,H3,19:33,,,,
07/05/2026,LA SAUCEDA,Salida,N,4,HIPOLITO,H1,07:50,,,,
07/05/2026,LA SAUCEDA,Salida,N,4,HIPOLITO,H2,17:05,,,,
07/05/2026,LA SAUCEDA,Salida,N,4,HIPOLITO,H3,19:50,,,,
07/05/2026,LA SAUCEDA,Salida,N,5,LA SAUCEDA,H1,08:05,,,,
07/05/2026,LA SAUCEDA,Salida,N,5,LA SAUCEDA,H2,17:20,,,,
07/05/2026,LA SAUCEDA,Salida,N,5,LA SAUCEDA,H3,20:05,20:03,2,1,0
07/05/2026,LOMA LINDA - URDIÑOLA,Entrada,N,1,MEZQUITE Y GORDOLOBO,H1,04:05,04:19,-14,1,0
07/05/2026,LOMA LINDA - URDIÑOLA,Entrada,N,1,MEZQUITE Y GORDOLOBO,H2,16:05,16:20,-15,1,0
07/05/2026,LOMA LINDA - URDIÑOLA,Entrada,N,1,MEZQUITE Y GORDOLOBO,H3,19:35,,,,
07/05/2026,LOMA LINDA - URDIÑOLA,Entrada,N,1,MEZQUITE Y GORDOLOBO,H4,20:05,,,,
07/05/2026,LOMA LINDA - URDIÑOLA,Entrada,N,2,MEZQUITE Y NUECES,H1,04:10,,,,
07/05/2026,LOMA LINDA - URDIÑOLA,Entrada,N,2,MEZQUITE Y NUECES,H2,16:10,16:12,-2,1,0
07/05/2026,LOMA LINDA - URDIÑOLA,Entrada,N,2,MEZQUITE Y NUECES,H3,19:40,,,,
07/05/2026,LOMA LINDA - URDIÑOLA,Entrada,N,2,MEZQUITE Y NUECES,H4,20:10,,,,
07/05/2026,LOMA LINDA - URDIÑOLA,Entrada,N,3,BLVD SANTA LUCIA Y CALLE 7,H1,04:20,04:20,0,1,0
07/05/2026,LOMA LINDA - URDIÑOLA,Entrada,N,3,BLVD SANTA LUCIA Y CALLE 7,H2,16:20,16:21,-1,1,0
07/05/2026,LOMA LINDA - URDIÑOLA,Entrada,N,3,BLVD SANTA LUCIA Y CALLE 7,H3,19:50,,,,
07/05/2026,LOMA LINDA - URDIÑOLA,Entrada,N,3,BLVD SANTA LUCIA Y CALLE 7,H4,20:20,,,,
07/05/2026,LOMA LINDA - URDIÑOLA,Entrada,N,4,BLVD VALDES SANCHEZ Y (PLANTA LEAR),H1,04:30,04:33,-3,1,0
07/05/2026,LOMA LINDA - URDIÑOLA,Entrada,N,4,BLVD VALDES SANCHEZ Y (PLANTA LEAR),H2,16:30,16:37,-7,1,0
07/05/2026,LOMA LINDA - URDIÑOLA,Entrada,N,4,BLVD VALDES SANCHEZ Y (PLANTA LEAR),H3,20:00,,,,
07/05/2026,LOMA LINDA - URDIÑOLA,Entrada,N,4,BLVD VALDES SANCHEZ Y (PLANTA LEAR),H4,20:30,,,,
07/05/2026,LOMA LINDA - URDIÑOLA,Entrada,N,5,STA. GERTRUDIS Y STA. CECILIA (DEL ACUEDUCTO),H1,04:32,04:26,6,1,0
07/05/2026,LOMA LINDA - URDIÑOLA,Entrada,N,5,STA. GERTRUDIS Y STA. CECILIA (DEL ACUEDUCTO),H2,16:32,16:32,0,1,0
07/05/2026,LOMA LINDA - URDIÑOLA,Entrada,N,5,STA. GERTRUDIS Y STA. CECILIA (DEL ACUEDUCTO),H3,20:02,,,,
07/05/2026,LOMA LINDA - URDIÑOLA,Entrada,N,5,STA. GERTRUDIS Y STA. CECILIA (DEL ACUEDUCTO),H4,20:32,,,,
07/05/2026,LOMA LINDA - URDIÑOLA,Entrada,N,6,DEPOSITO DE AGUA FRACC PLAZA,H1,04:35,04:38,-3,1,0
07/05/2026,LOMA LINDA - URDIÑOLA,Entrada,N,6,DEPOSITO DE AGUA FRACC PLAZA,H2,16:35,16:42,-7,1,0
07/05/2026,LOMA LINDA - URDIÑOLA,Entrada,N,6,DEPOSITO DE AGUA FRACC PLAZA,H3,20:05,,,,
07/05/2026,LOMA LINDA - URDIÑOLA,Entrada,N,6,DEPOSITO DE AGUA FRACC PLAZA,H4,20:35,,,,
07/05/2026,LOMA LINDA - URDIÑOLA,Entrada,N,7,BLVD VALDES SANCHEZ Y BLVD MINERIA,H1,04:40,04:40,0,1,0
07/05/2026,LOMA LINDA - URDIÑOLA,Entrada,N,7,BLVD VALDES SANCHEZ Y BLVD MINERIA,H2,16:40,16:46,-6,1,0
07/05/2026,LOMA LINDA - URDIÑOLA,Entrada,N,7,BLVD VALDES SANCHEZ Y BLVD MINERIA,H3,20:10,,,,
07/05/2026,LOMA LINDA - URDIÑOLA,Entrada,N,7,BLVD VALDES SANCHEZ Y BLVD MINERIA,H4,20:40,,,,
07/05/2026,LOMA LINDA - URDIÑOLA,Entrada,N,8,REFORMA Y URDIÑOLA,H1,04:50,04:49,1,1,0
07/05/2026,LOMA LINDA - URDIÑOLA,Entrada,N,8,REFORMA Y URDIÑOLA,H2,16:50,16:57,-7,1,0
07/05/2026,LOMA LINDA - URDIÑOLA,Entrada,N,8,REFORMA Y URDIÑOLA,H3,20:20,,,,
07/05/2026,LOMA LINDA - URDIÑOLA,Entrada,N,8,REFORMA Y URDIÑOLA,H4,20:50,,,,
07/05/2026,LOMA LINDA - URDIÑOLA,Entrada,N,9,PROL. URDIÑOLA Y J. MERY,H1,04:55,04:56,-1,1,0
07/05/2026,LOMA LINDA - URDIÑOLA,Entrada,N,9,PROL. URDIÑOLA Y J. MERY,H2,16:55,17:06,-11,1,0
07/05/2026,LOMA LINDA - URDIÑOLA,Entrada,N,9,PROL. URDIÑOLA Y J. MERY,H3,20:25,,,,
07/05/2026,LOMA LINDA - URDIÑOLA,Entrada,N,9,PROL. URDIÑOLA Y J. MERY,H4,20:55,,,,
07/05/2026,LOMA LINDA - URDIÑOLA,Entrada,N,10,PROL URDIÑOLA Y PERIFERICO LEA,H1,05:00,05:02,-2,1,0
07/05/2026,LOMA LINDA - URDIÑOLA,Entrada,N,10,PROL URDIÑOLA Y PERIFERICO LEA,H2,17:00,17:16,-16,1,0
07/05/2026,LOMA LINDA - URDIÑOLA,Entrada,N,10,PROL URDIÑOLA Y PERIFERICO LEA,H3,20:30,,,,
07/05/2026,LOMA LINDA - URDIÑOLA,Entrada,N,10,PROL URDIÑOLA Y PERIFERICO LEA,H4,21:00,,,,
07/05/2026,LOMA LINDA - URDIÑOLA,Entrada,N,11,BLVD ANTONIO CARDENAS Y TEODORO SANCHEZ,H1,05:10,05:14,-4,1,0
07/05/2026,LOMA LINDA - URDIÑOLA,Entrada,N,11,BLVD ANTONIO CARDENAS Y TEODORO SANCHEZ,H2,17:10,17:27,-17,1,0
07/05/2026,LOMA LINDA - URDIÑOLA,Entrada,N,11,BLVD ANTONIO CARDENAS Y TEODORO SANCHEZ,H3,20:40,,,,
07/05/2026,LOMA LINDA - URDIÑOLA,Entrada,N,11,BLVD ANTONIO CARDENAS Y TEODORO SANCHEZ,H4,21:10,,,,
07/05/2026,LOMA LINDA - URDIÑOLA,Entrada,N,12,BLVD SANTA ELENA Y GUACALI,H1,05:20,05:23,-3,1,0
07/05/2026,LOMA LINDA - URDIÑOLA,Entrada,N,12,BLVD SANTA ELENA Y GUACALI,H2,17:20,17:34,-14,1,0
07/05/2026,LOMA LINDA - URDIÑOLA,Entrada,N,12,BLVD SANTA ELENA Y GUACALI,H3,20:50,,,,
07/05/2026,LOMA LINDA - URDIÑOLA,Entrada,N,12,BLVD SANTA ELENA Y GUACALI,H4,21:20,,,,
07/05/2026,LOMA LINDA - URDIÑOLA,Entrada,N,13,CARR. SALTILLO-ZACATECAS,H1,05:25,05:24,1,1,0
07/05/2026,LOMA LINDA - URDIÑOLA,Entrada,N,13,CARR. SALTILLO-ZACATECAS,H2,17:25,17:37,-12,1,0
07/05/2026,LOMA LINDA - URDIÑOLA,Entrada,N,13,CARR. SALTILLO-ZACATECAS,H3,20:55,,,,
07/05/2026,LOMA LINDA - URDIÑOLA,Entrada,N,13,CARR. SALTILLO-ZACATECAS,H4,21:25,,,,
07/05/2026,LOMA LINDA - URDIÑOLA,Entrada,N,14,METALSA,H1,05:50,05:46,4,1,0
07/05/2026,LOMA LINDA - URDIÑOLA,Entrada,N,14,METALSA,H2,17:50,17:50,0,1,0
07/05/2026,LOMA LINDA - URDIÑOLA,Entrada,N,14,METALSA,H3,21:20,,,,
07/05/2026,LOMA LINDA - URDIÑOLA,Entrada,N,14,METALSA,H4,21:50,,,,
07/05/2026,LOMA LINDA - URDIÑOLA,Salida,N,1,METALSA,H1,06:15,,,,
07/05/2026,LOMA LINDA - URDIÑOLA,Salida,N,1,METALSA,H2,15:30,,,,
07/05/2026,LOMA LINDA - URDIÑOLA,Salida,N,1,METALSA,H3,18:15,,,,
07/05/2026,LOMA LINDA - URDIÑOLA,Salida,N,2,CARR. SALTILLO-ZACATECAS,H1,06:29,,,,
07/05/2026,LOMA LINDA - URDIÑOLA,Salida,N,2,CARR. SALTILLO-ZACATECAS,H2,15:59,,,,
07/05/2026,LOMA LINDA - URDIÑOLA,Salida,N,2,CARR. SALTILLO-ZACATECAS,H3,18:29,,,,
07/05/2026,LOMA LINDA - URDIÑOLA,Salida,N,3,BLVD SANTA ELENA Y GUACALI,H1,06:30,06:30,0,1,0
07/05/2026,LOMA LINDA - URDIÑOLA,Salida,N,3,BLVD SANTA ELENA Y GUACALI,H2,16:00,,,,
07/05/2026,LOMA LINDA - URDIÑOLA,Salida,N,3,BLVD SANTA ELENA Y GUACALI,H3,18:30,18:44,-14,1,0
07/05/2026,LOMA LINDA - URDIÑOLA,Salida,N,4,BLVD ANTONIO CARDENAS Y TEODORO SANCHEZ,H1,06:31,,,,
07/05/2026,LOMA LINDA - URDIÑOLA,Salida,N,4,BLVD ANTONIO CARDENAS Y TEODORO SANCHEZ,H2,16:01,,,,
07/05/2026,LOMA LINDA - URDIÑOLA,Salida,N,4,BLVD ANTONIO CARDENAS Y TEODORO SANCHEZ,H3,18:31,,,,
07/05/2026,LOMA LINDA - URDIÑOLA,Salida,N,5,PROL URDIÑOLA Y PERIFERICO LEA,H1,06:32,,,,
07/05/2026,LOMA LINDA - URDIÑOLA,Salida,N,5,PROL URDIÑOLA Y PERIFERICO LEA,H2,16:02,,,,
07/05/2026,LOMA LINDA - URDIÑOLA,Salida,N,5,PROL URDIÑOLA Y PERIFERICO LEA,H3,18:32,,,,
07/05/2026,LOMA LINDA - URDIÑOLA,Salida,N,6,PROL. URDIÑOLA Y J. MERY,H1,06:33,,,,
07/05/2026,LOMA LINDA - URDIÑOLA,Salida,N,6,PROL. URDIÑOLA Y J. MERY,H2,16:03,,,,
07/05/2026,LOMA LINDA - URDIÑOLA,Salida,N,6,PROL. URDIÑOLA Y J. MERY,H3,18:33,,,,
07/05/2026,LOMA LINDA - URDIÑOLA,Salida,N,7,REFORMA Y URDIÑOLA,H1,06:34,,,,
07/05/2026,LOMA LINDA - URDIÑOLA,Salida,N,7,REFORMA Y URDIÑOLA,H2,16:04,,,,
07/05/2026,LOMA LINDA - URDIÑOLA,Salida,N,7,REFORMA Y URDIÑOLA,H3,18:34,19:15,-41,1,0
07/05/2026,LOMA LINDA - URDIÑOLA,Salida,N,8,BLVD VALDES SANCHEZ Y BLVD MINERIA,H1,06:55,,,,
07/05/2026,LOMA LINDA - URDIÑOLA,Salida,N,8,BLVD VALDES SANCHEZ Y BLVD MINERIA,H2,16:10,,,,
07/05/2026,LOMA LINDA - URDIÑOLA,Salida,N,8,BLVD VALDES SANCHEZ Y BLVD MINERIA,H3,18:55,,,,
07/05/2026,LOMA LINDA - URDIÑOLA,Salida,N,9,DEPOSITO DE AGUA FRACC PLAZA,H1,07:00,,,,
07/05/2026,LOMA LINDA - URDIÑOLA,Salida,N,9,DEPOSITO DE AGUA FRACC PLAZA,H2,16:15,,,,
07/05/2026,LOMA LINDA - URDIÑOLA,Salida,N,9,DEPOSITO DE AGUA FRACC PLAZA,H3,19:00,,,,
07/05/2026,LOMA LINDA - URDIÑOLA,Salida,N,10,BLVD VALDES SANCHEZ Y (PLANTA LEAR),H1,07:05,,,,
07/05/2026,LOMA LINDA - URDIÑOLA,Salida,N,10,BLVD VALDES SANCHEZ Y (PLANTA LEAR),H2,16:20,,,,
07/05/2026,LOMA LINDA - URDIÑOLA,Salida,N,10,BLVD VALDES SANCHEZ Y (PLANTA LEAR),H3,19:05,,,,
07/05/2026,LOMA LINDA - URDIÑOLA,Salida,N,11,BLVD SANTA LUCIA Y BLVD FUNDADORES,H1,07:15,,,,
07/05/2026,LOMA LINDA - URDIÑOLA,Salida,N,11,BLVD SANTA LUCIA Y BLVD FUNDADORES,H2,16:30,,,,
07/05/2026,LOMA LINDA - URDIÑOLA,Salida,N,11,BLVD SANTA LUCIA Y BLVD FUNDADORES,H3,19:15,,,,
07/05/2026,LOMA LINDA - URDIÑOLA,Salida,N,12,BLVD SANTA LUCIA Y CALLE 7,H1,07:16,,,,
07/05/2026,LOMA LINDA - URDIÑOLA,Salida,N,12,BLVD SANTA LUCIA Y CALLE 7,H2,16:31,,,,
07/05/2026,LOMA LINDA - URDIÑOLA,Salida,N,12,BLVD SANTA LUCIA Y CALLE 7,H3,19:16,,,,
07/05/2026,LOMA LINDA - URDIÑOLA,Salida,N,13,MEZQUITE Y NUECES,H1,07:25,,,,
07/05/2026,LOMA LINDA - URDIÑOLA,Salida,N,13,MEZQUITE Y NUECES,H2,16:40,,,,
07/05/2026,LOMA LINDA - URDIÑOLA,Salida,N,13,MEZQUITE Y NUECES,H3,19:25,,,,
07/05/2026,LOMA LINDA - URDIÑOLA,Salida,N,14,MEZQUITE Y GORDOLOBO,H1,07:30,07:17,13,1,0
07/05/2026,LOMA LINDA - URDIÑOLA,Salida,N,14,MEZQUITE Y GORDOLOBO,H2,16:45,,,,
07/05/2026,LOMA LINDA - URDIÑOLA,Salida,N,14,MEZQUITE Y GORDOLOBO,H3,19:30,19:53,-23,1,0
07/05/2026,LOS HOYOS - MACUYU,Entrada,A,1,LOS HOYOS,H1,03:20,,,,
07/05/2026,LOS HOYOS - MACUYU,Entrada,A,1,LOS HOYOS,H2,15:20,,,,
07/05/2026,LOS HOYOS - MACUYU,Entrada,A,1,LOS HOYOS,H3,18:50,,,,
07/05/2026,LOS HOYOS - MACUYU,Entrada,A,1,LOS HOYOS,H4,19:20,,,,
07/05/2026,LOS HOYOS - MACUYU,Entrada,A,2,HUARICHE,H1,03:38,,,,
07/05/2026,LOS HOYOS - MACUYU,Entrada,A,2,HUARICHE,H2,15:38,,,,
07/05/2026,LOS HOYOS - MACUYU,Entrada,A,2,HUARICHE,H3,19:08,,,,
07/05/2026,LOS HOYOS - MACUYU,Entrada,A,2,HUARICHE,H4,19:38,,,,
07/05/2026,LOS HOYOS - MACUYU,Entrada,A,3,PRESA DE GUADALUPE,H1,04:08,04:04,4,1,0
07/05/2026,LOS HOYOS - MACUYU,Entrada,A,3,PRESA DE GUADALUPE,H2,16:08,16:06,2,1,0
07/05/2026,LOS HOYOS - MACUYU,Entrada,A,3,PRESA DE GUADALUPE,H3,19:38,,,,
07/05/2026,LOS HOYOS - MACUYU,Entrada,A,3,PRESA DE GUADALUPE,H4,20:08,,,,
07/05/2026,LOS HOYOS - MACUYU,Entrada,A,4,MACUYU,H1,04:14,,,,
07/05/2026,LOS HOYOS - MACUYU,Entrada,A,4,MACUYU,H2,16:14,16:23,-9,1,0
07/05/2026,LOS HOYOS - MACUYU,Entrada,A,4,MACUYU,H3,19:44,,,,
07/05/2026,LOS HOYOS - MACUYU,Entrada,A,4,MACUYU,H4,20:14,,,,
07/05/2026,LOS HOYOS - MACUYU,Entrada,A,5,DOS DE ABRIL,H1,04:24,,,,
07/05/2026,LOS HOYOS - MACUYU,Entrada,A,5,DOS DE ABRIL,H2,16:24,16:33,-9,1,0
07/05/2026,LOS HOYOS - MACUYU,Entrada,A,5,DOS DE ABRIL,H3,19:54,,,,
07/05/2026,LOS HOYOS - MACUYU,Entrada,A,5,DOS DE ABRIL,H4,20:24,,,,
07/05/2026,LOS HOYOS - MACUYU,Entrada,A,6,LA PAZ,H1,04:50,05:00,-10,1,0
07/05/2026,LOS HOYOS - MACUYU,Entrada,A,6,LA PAZ,H2,16:50,16:58,-8,1,0
07/05/2026,LOS HOYOS - MACUYU,Entrada,A,6,LA PAZ,H3,20:20,,,,
07/05/2026,LOS HOYOS - MACUYU,Entrada,A,6,LA PAZ,H4,20:50,,,,
07/05/2026,LOS HOYOS - MACUYU,Entrada,A,7,DERRAMADERO,H1,05:08,05:18,-10,1,0
07/05/2026,LOS HOYOS - MACUYU,Entrada,A,7,DERRAMADERO,H2,17:08,17:18,-10,1,0
07/05/2026,LOS HOYOS - MACUYU,Entrada,A,7,DERRAMADERO,H3,20:38,,,,
07/05/2026,LOS HOYOS - MACUYU,Entrada,A,7,DERRAMADERO,H4,21:08,,,,
07/05/2026,LOS HOYOS - MACUYU,Entrada,A,8,METALSA,H1,05:50,05:46,4,1,0
07/05/2026,LOS HOYOS - MACUYU,Entrada,A,8,METALSA,H2,17:50,17:46,4,1,0
07/05/2026,LOS HOYOS - MACUYU,Entrada,A,8,METALSA,H3,21:20,,,,
07/05/2026,LOS HOYOS - MACUYU,Entrada,A,8,METALSA,H4,21:50,,,,
07/05/2026,LOS HOYOS - MACUYU,Salida,N,1,METALSA,H1,15:30,,,,
07/05/2026,LOS HOYOS - MACUYU,Salida,N,1,METALSA,H2,06:15,06:15,0,1,0
07/05/2026,LOS HOYOS - MACUYU,Salida,N,1,METALSA,H3,18:15,,,,
07/05/2026,LOS HOYOS - MACUYU,Salida,N,2,DERRAMADERO,H1,15:41,,,,
07/05/2026,LOS HOYOS - MACUYU,Salida,N,2,DERRAMADERO,H2,06:26,06:41,-15,1,0
07/05/2026,LOS HOYOS - MACUYU,Salida,N,2,DERRAMADERO,H3,18:26,,,,
07/05/2026,LOS HOYOS - MACUYU,Salida,N,3,LA PAZ,H1,15:42,,,,
07/05/2026,LOS HOYOS - MACUYU,Salida,N,3,LA PAZ,H2,06:27,,,,
07/05/2026,LOS HOYOS - MACUYU,Salida,N,3,LA PAZ,H3,18:27,,,,
07/05/2026,LOS HOYOS - MACUYU,Salida,N,4,DOS DE ABRIL,H1,15:44,,,,
07/05/2026,LOS HOYOS - MACUYU,Salida,N,4,DOS DE ABRIL,H2,06:29,07:25,-56,1,0
07/05/2026,LOS HOYOS - MACUYU,Salida,N,4,DOS DE ABRIL,H3,18:29,19:27,-58,1,0
07/05/2026,LOS HOYOS - MACUYU,Salida,N,5,MACUYU,H1,15:45,,,,
07/05/2026,LOS HOYOS - MACUYU,Salida,N,5,MACUYU,H2,06:30,07:32,-62,1,0
07/05/2026,LOS HOYOS - MACUYU,Salida,N,5,MACUYU,H3,18:30,19:47,-77,1,0
07/05/2026,LOS HOYOS - MACUYU,Salida,N,6,PRESA DE GUADALUPE,H1,16:00,,,,
07/05/2026,LOS HOYOS - MACUYU,Salida,N,6,PRESA DE GUADALUPE,H2,06:31,07:45,-74,1,0
07/05/2026,LOS HOYOS - MACUYU,Salida,N,6,PRESA DE GUADALUPE,H3,18:35,19:47,-72,1,0
07/05/2026,LOS HOYOS - MACUYU,Salida,N,7,HUARICHE,H1,17:18,,,,
07/05/2026,LOS HOYOS - MACUYU,Salida,N,7,HUARICHE,H2,08:03,,,,
07/05/2026,LOS HOYOS - MACUYU,Salida,N,7,HUARICHE,H3,20:03,,,,
07/05/2026,LOS HOYOS - MACUYU,Salida,N,8,LOS HOYOS,H1,17:30,,,,
07/05/2026,LOS HOYOS - MACUYU,Salida,N,8,LOS HOYOS,H2,08:15,,,,
07/05/2026,LOS HOYOS - MACUYU,Salida,N,8,LOS HOYOS,H3,20:15,,,,
07/05/2026,OTILIO,Entrada,N,1,CALLE 23 Y CALLE 16,H1,04:25,,,,
07/05/2026,OTILIO,Entrada,N,1,CALLE 23 Y CALLE 16,H2,16:25,16:25,0,1,0
07/05/2026,OTILIO,Entrada,N,1,CALLE 23 Y CALLE 16,H3,19:55,,,,
07/05/2026,OTILIO,Entrada,N,1,CALLE 23 Y CALLE 16,H4,20:25,,,,
07/05/2026,OTILIO,Entrada,N,2,MARMOL Y EMILIANO ZAPATA,H1,04:27,04:43,-16,1,0
07/05/2026,OTILIO,Entrada,N,2,MARMOL Y EMILIANO ZAPATA,H2,16:27,16:33,-6,1,0
07/05/2026,OTILIO,Entrada,N,2,MARMOL Y EMILIANO ZAPATA,H3,19:57,,,,
07/05/2026,OTILIO,Entrada,N,2,MARMOL Y EMILIANO ZAPATA,H4,20:27,,,,
07/05/2026,OTILIO,Entrada,N,3,LIBERTAD Y OTILIO,H1,04:31,04:53,-22,1,0
07/05/2026,OTILIO,Entrada,N,3,LIBERTAD Y OTILIO,H2,16:31,16:36,-5,1,0
07/05/2026,OTILIO,Entrada,N,3,LIBERTAD Y OTILIO,H3,20:01,,,,
07/05/2026,OTILIO,Entrada,N,3,LIBERTAD Y OTILIO,H4,20:31,,,,
07/05/2026,OTILIO,Entrada,N,4,ONCEAVA Y ESCUADRON DE LA AVIACION,H1,04:42,04:59,-17,1,0
07/05/2026,OTILIO,Entrada,N,4,ONCEAVA Y ESCUADRON DE LA AVIACION,H2,16:42,16:44,-2,1,0
07/05/2026,OTILIO,Entrada,N,4,ONCEAVA Y ESCUADRON DE LA AVIACION,H3,20:12,,,,
07/05/2026,OTILIO,Entrada,N,4,ONCEAVA Y ESCUADRON DE LA AVIACION,H4,20:42,,,,
07/05/2026,OTILIO,Entrada,N,5,BLVD JUAREZ Y MIGUEL HIDALGO,H1,04:52,05:06,-14,1,0
07/05/2026,OTILIO,Entrada,N,5,BLVD JUAREZ Y MIGUEL HIDALGO,H2,16:52,16:54,-2,1,0
07/05/2026,OTILIO,Entrada,N,5,BLVD JUAREZ Y MIGUEL HIDALGO,H3,20:22,,,,
07/05/2026,OTILIO,Entrada,N,5,BLVD JUAREZ Y MIGUEL HIDALGO,H4,20:52,,,,
07/05/2026,OTILIO,Entrada,N,6,IGNACIO ALLENDE Y CALLE 13,H1,04:58,05:10,-12,1,0
07/05/2026,OTILIO,Entrada,N,6,IGNACIO ALLENDE Y CALLE 13,H2,16:58,16:59,-1,1,0
07/05/2026,OTILIO,Entrada,N,6,IGNACIO ALLENDE Y CALLE 13,H3,20:28,,,,
07/05/2026,OTILIO,Entrada,N,6,IGNACIO ALLENDE Y CALLE 13,H4,20:58,,,,
07/05/2026,OTILIO,Entrada,N,7,LOMAS DE LOURDES Y LUIS PASTEUR,H1,05:06,05:16,-10,1,0
07/05/2026,OTILIO,Entrada,N,7,LOMAS DE LOURDES Y LUIS PASTEUR,H2,17:06,17:07,-1,1,0
07/05/2026,OTILIO,Entrada,N,7,LOMAS DE LOURDES Y LUIS PASTEUR,H3,20:36,,,,
07/05/2026,OTILIO,Entrada,N,7,LOMAS DE LOURDES Y LUIS PASTEUR,H4,21:06,,,,
07/05/2026,OTILIO,Entrada,N,8,CARR. SALTILLO-ZACATECAS,H1,05:15,05:26,-11,1,0
07/05/2026,OTILIO,Entrada,N,8,CARR. SALTILLO-ZACATECAS,H2,17:15,17:18,-3,1,0
07/05/2026,OTILIO,Entrada,N,8,CARR. SALTILLO-ZACATECAS,H3,20:45,,,,
07/05/2026,OTILIO,Entrada,N,8,CARR. SALTILLO-ZACATECAS,H4,21:15,,,,
07/05/2026,OTILIO,Entrada,N,9,METALSA,H1,05:50,05:51,-1,1,0
07/05/2026,OTILIO,Entrada,N,9,METALSA,H2,17:50,17:36,14,1,0
07/05/2026,OTILIO,Entrada,N,9,METALSA,H3,21:20,,,,
07/05/2026,OTILIO,Entrada,N,9,METALSA,H4,21:50,,,,
07/05/2026,OTILIO,Salida,N,1,METALSA,H1,06:15,,,,
07/05/2026,OTILIO,Salida,N,1,METALSA,H2,15:30,,,,
07/05/2026,OTILIO,Salida,N,1,METALSA,H3,18:15,,,,
07/05/2026,OTILIO,Salida,N,2,CARR. SALTILLO-ZACATECAS,H1,06:50,,,,
07/05/2026,OTILIO,Salida,N,2,CARR. SALTILLO-ZACATECAS,H2,16:05,,,,
07/05/2026,OTILIO,Salida,N,2,CARR. SALTILLO-ZACATECAS,H3,18:50,,,,
07/05/2026,OTILIO,Salida,N,3,LOMAS DE LOURDES Y LUIS PASTEUR,H1,06:59,,,,
07/05/2026,OTILIO,Salida,N,3,LOMAS DE LOURDES Y LUIS PASTEUR,H2,16:14,,,,
07/05/2026,OTILIO,Salida,N,3,LOMAS DE LOURDES Y LUIS PASTEUR,H3,18:59,,,,
07/05/2026,OTILIO,Salida,N,4,IGNACIO ALLENDE Y CALLE 13,H1,07:07,,,,
07/05/2026,OTILIO,Salida,N,4,IGNACIO ALLENDE Y CALLE 13,H2,16:22,,,,
07/05/2026,OTILIO,Salida,N,4,IGNACIO ALLENDE Y CALLE 13,H3,19:07,,,,
07/05/2026,OTILIO,Salida,N,5,BLVD JUAREZ Y MIGUEL HIDALGO,H1,07:13,,,,
07/05/2026,OTILIO,Salida,N,5,BLVD JUAREZ Y MIGUEL HIDALGO,H2,16:28,,,,
07/05/2026,OTILIO,Salida,N,5,BLVD JUAREZ Y MIGUEL HIDALGO,H3,19:13,,,,
07/05/2026,OTILIO,Salida,N,6,ONCEAVA Y ESCUADRON DE LA AVIACION,H1,07:23,,,,
07/05/2026,OTILIO,Salida,N,6,ONCEAVA Y ESCUADRON DE LA AVIACION,H2,16:38,,,,
07/05/2026,OTILIO,Salida,N,6,ONCEAVA Y ESCUADRON DE LA AVIACION,H3,19:23,,,,
07/05/2026,OTILIO,Salida,N,7,LIBERTAD Y OTILIO,H1,07:34,,,,
07/05/2026,OTILIO,Salida,N,7,LIBERTAD Y OTILIO,H2,16:49,,,,
07/05/2026,OTILIO,Salida,N,7,LIBERTAD Y OTILIO,H3,19:34,,,,
07/05/2026,OTILIO,Salida,N,8,MARMOL Y EMILIANO ZAPATA,H1,07:38,,,,
07/05/2026,OTILIO,Salida,N,8,MARMOL Y EMILIANO ZAPATA,H2,16:53,,,,
07/05/2026,OTILIO,Salida,N,8,MARMOL Y EMILIANO ZAPATA,H3,19:38,,,,
07/05/2026,OTILIO,Salida,N,9,CALLE 23 Y CALLE 16,H1,07:40,,,,
07/05/2026,OTILIO,Salida,N,9,CALLE 23 Y CALLE 16,H2,16:55,,,,
07/05/2026,OTILIO,Salida,N,9,CALLE 23 Y CALLE 16,H3,19:40,,,,
07/05/2026,PARRAS CASETA,Entrada,A,1,RAMOS ARIZPE (PLAZA DEL RELOJ),H1,18:30,,,,
07/05/2026,PARRAS CASETA,Entrada,A,1,RAMOS ARIZPE (PLAZA DEL RELOJ),H2,03:00,,,,
07/05/2026,PARRAS CASETA,Entrada,A,1,RAMOS ARIZPE (PLAZA DEL RELOJ),H3,15:00,,,,
07/05/2026,PARRAS CASETA,Entrada,A,1,RAMOS ARIZPE (PLAZA DEL RELOJ),H4,19:00,,,,
07/05/2026,PARRAS CASETA,Entrada,A,2,HEROICO COLEGIO MILITAR Y MELCHOR OCAMPO (ALAMEDA),H1,18:32,,,,
07/05/2026,PARRAS CASETA,Entrada,A,2,HEROICO COLEGIO MILITAR Y MELCHOR OCAMPO (ALAMEDA),H2,03:02,,,,
07/05/2026,PARRAS CASETA,Entrada,A,2,HEROICO COLEGIO MILITAR Y MELCHOR OCAMPO (ALAMEDA),H3,15:02,,,,
07/05/2026,PARRAS CASETA,Entrada,A,2,HEROICO COLEGIO MILITAR Y MELCHOR OCAMPO (ALAMEDA),H4,19:02,,,,
07/05/2026,PARRAS CASETA,Entrada,A,3,FALCON Y FCO SARABIA (TORTILLERIA 4 CAMINO),H1,18:40,,,,
07/05/2026,PARRAS CASETA,Entrada,A,3,FALCON Y FCO SARABIA (TORTILLERIA 4 CAMINO),H2,03:10,,,,
07/05/2026,PARRAS CASETA,Entrada,A,3,FALCON Y FCO SARABIA (TORTILLERIA 4 CAMINO),H3,15:10,,,,
07/05/2026,PARRAS CASETA,Entrada,A,3,FALCON Y FCO SARABIA (TORTILLERIA 4 CAMINO),H4,19:10,,,,
07/05/2026,PARRAS CASETA,Entrada,A,4,OSCAR FLORES TAPIA y JAVIER MINA,H1,18:45,,,,
07/05/2026,PARRAS CASETA,Entrada,A,4,OSCAR FLORES TAPIA y JAVIER MINA,H2,03:15,,,,
07/05/2026,PARRAS CASETA,Entrada,A,4,OSCAR FLORES TAPIA y JAVIER MINA,H3,15:15,,,,
07/05/2026,PARRAS CASETA,Entrada,A,4,OSCAR FLORES TAPIA y JAVIER MINA,H4,19:15,,,,
07/05/2026,PARRAS CASETA,Entrada,A,5,CALZADA DEL MARQUEZ (OXXO GAS),H1,18:50,,,,
07/05/2026,PARRAS CASETA,Entrada,A,5,CALZADA DEL MARQUEZ (OXXO GAS),H2,03:20,,,,
07/05/2026,PARRAS CASETA,Entrada,A,5,CALZADA DEL MARQUEZ (OXXO GAS),H3,15:20,,,,
07/05/2026,PARRAS CASETA,Entrada,A,5,CALZADA DEL MARQUEZ (OXXO GAS),H4,19:20,,,,
07/05/2026,PARRAS CASETA,Entrada,A,6,16 DE SEPTIEMBRE (FABRICA DICKIES),H1,18:57,,,,
07/05/2026,PARRAS CASETA,Entrada,A,6,16 DE SEPTIEMBRE (FABRICA DICKIES),H2,03:27,,,,
07/05/2026,PARRAS CASETA,Entrada,A,6,16 DE SEPTIEMBRE (FABRICA DICKIES),H3,15:27,,,,
07/05/2026,PARRAS CASETA,Entrada,A,6,16 DE SEPTIEMBRE (FABRICA DICKIES),H4,19:27,,,,
07/05/2026,PARRAS CASETA,Entrada,A,7,EJIDO 28 AGOSTO,H1,19:25,,,,
07/05/2026,PARRAS CASETA,Entrada,A,7,EJIDO 28 AGOSTO,H2,03:55,,,,
07/05/2026,PARRAS CASETA,Entrada,A,7,EJIDO 28 AGOSTO,H3,15:55,,,,
07/05/2026,PARRAS CASETA,Entrada,A,7,EJIDO 28 AGOSTO,H4,19:55,,,,
07/05/2026,PARRAS CASETA,Entrada,A,8,KM 42,H1,19:45,,,,
07/05/2026,PARRAS CASETA,Entrada,A,8,KM 42,H2,04:15,,,,
07/05/2026,PARRAS CASETA,Entrada,A,8,KM 42,H3,16:15,,,,
07/05/2026,PARRAS CASETA,Entrada,A,8,KM 42,H4,20:15,,,,
07/05/2026,PARRAS CASETA,Entrada,A,9,EJIDO JALPA,H1,19:50,,,,
07/05/2026,PARRAS CASETA,Entrada,A,9,EJIDO JALPA,H2,04:20,,,,
07/05/2026,PARRAS CASETA,Entrada,A,9,EJIDO JALPA,H3,16:20,,,,
07/05/2026,PARRAS CASETA,Entrada,A,9,EJIDO JALPA,H4,20:20,,,,
07/05/2026,PARRAS CASETA,Entrada,A,10,METALSA,H1,21:20,,,,
07/05/2026,PARRAS CASETA,Entrada,A,10,METALSA,H2,05:50,,,,
07/05/2026,PARRAS CASETA,Entrada,A,10,METALSA,H3,17:50,,,,
07/05/2026,PARRAS CASETA,Entrada,A,10,METALSA,H4,21:50,,,,
07/05/2026,PARRAS CASETA,Salida,N,1,METALSA,H1,15:30,,,,
07/05/2026,PARRAS CASETA,Salida,N,1,METALSA,H2,06:15,,,,
07/05/2026,PARRAS CASETA,Salida,N,1,METALSA,H3,18:15,,,,
07/05/2026,PARRAS CASETA,Salida,N,2,EJIDO PAILA,H1,15:45,,,,
07/05/2026,PARRAS CASETA,Salida,N,2,EJIDO PAILA,H2,06:30,,,,
07/05/2026,PARRAS CASETA,Salida,N,2,EJIDO PAILA,H3,18:30,,,,
07/05/2026,PARRAS CASETA,Salida,N,3,KM 42,H1,15:50,,,,
07/05/2026,PARRAS CASETA,Salida,N,3,KM 42,H2,06:35,,,,
07/05/2026,PARRAS CASETA,Salida,N,3,KM 42,H3,18:35,,,,
07/05/2026,PARRAS CASETA,Salida,N,4,EJIDO 28 AGOSTO,H1,17:10,,,,
07/05/2026,PARRAS CASETA,Salida,N,4,EJIDO 28 AGOSTO,H2,07:55,,,,
07/05/2026,PARRAS CASETA,Salida,N,4,EJIDO 28 AGOSTO,H3,19:55,,,,
07/05/2026,PARRAS CASETA,Salida,N,5,16 DE SEPTIEMBRE (FABRICA DICKIES),H1,17:45,,,,
07/05/2026,PARRAS CASETA,Salida,N,5,16 DE SEPTIEMBRE (FABRICA DICKIES),H2,08:30,,,,
07/05/2026,PARRAS CASETA,Salida,N,5,16 DE SEPTIEMBRE (FABRICA DICKIES),H3,20:30,20:37,-7,1,0
07/05/2026,PARRAS CASETA,Salida,N,6,CALZADA DEL MARQUEZ (OXXO GAS),H1,17:55,,,,
07/05/2026,PARRAS CASETA,Salida,N,6,CALZADA DEL MARQUEZ (OXXO GAS),H2,08:40,08:31,9,1,0
07/05/2026,PARRAS CASETA,Salida,N,6,CALZADA DEL MARQUEZ (OXXO GAS),H3,20:40,,,,
07/05/2026,PARRAS CASETA,Salida,N,7,OSCAR FLORES TAPIA y JAVIER MINA,H1,18:00,,,,
07/05/2026,PARRAS CASETA,Salida,N,7,OSCAR FLORES TAPIA y JAVIER MINA,H2,08:45,08:41,4,1,0
07/05/2026,PARRAS CASETA,Salida,N,7,OSCAR FLORES TAPIA y JAVIER MINA,H3,20:45,,,,
07/05/2026,PARRAS CASETA,Salida,N,8,FALCON Y FCO SARABIA (TORTILLERIA 4 CAMINO),H1,18:05,,,,
07/05/2026,PARRAS CASETA,Salida,N,8,FALCON Y FCO SARABIA (TORTILLERIA 4 CAMINO),H2,08:50,,,,
07/05/2026,PARRAS CASETA,Salida,N,8,FALCON Y FCO SARABIA (TORTILLERIA 4 CAMINO),H3,20:50,,,,
07/05/2026,PARRAS CASETA,Salida,N,9,HEROICO COLEGIO MILITAR Y MELCHOR OCAMPO (ALAMEDA),H1,18:18,,,,
07/05/2026,PARRAS CASETA,Salida,N,9,HEROICO COLEGIO MILITAR Y MELCHOR OCAMPO (ALAMEDA),H2,09:03,08:40,23,1,0
07/05/2026,PARRAS CASETA,Salida,N,9,HEROICO COLEGIO MILITAR Y MELCHOR OCAMPO (ALAMEDA),H3,21:03,,,,
07/05/2026,PARRAS CASETA,Salida,N,10,RAMOS ARIZPE (PLAZA DEL RELOJ),H1,18:20,,,,
07/05/2026,PARRAS CASETA,Salida,N,10,RAMOS ARIZPE (PLAZA DEL RELOJ),H2,09:05,,,,
07/05/2026,PARRAS CASETA,Salida,N,10,RAMOS ARIZPE (PLAZA DEL RELOJ),H3,21:05,,,,
07/05/2026,PARRAS LIBRE,Entrada,A,1,TACUBATA Y FRANCISCO I MADERO,H1,18:30,,,,
07/05/2026,PARRAS LIBRE,Entrada,A,1,TACUBATA Y FRANCISCO I MADERO,H2,03:00,,,,
07/05/2026,PARRAS LIBRE,Entrada,A,1,TACUBATA Y FRANCISCO I MADERO,H3,03:00,,,,
07/05/2026,PARRAS LIBRE,Entrada,A,1,TACUBATA Y FRANCISCO I MADERO,H4,15:00,,,,
07/05/2026,PARRAS LIBRE,Entrada,A,1,TACUBATA Y FRANCISCO I MADERO,H5,15:00,,,,
07/05/2026,PARRAS LIBRE,Entrada,A,1,TACUBATA Y FRANCISCO I MADERO,H6,19:05,,,,
07/05/2026,PARRAS LIBRE,Entrada,A,2,SANTA CATARINA Y VIESCA,H1,18:36,,,,
07/05/2026,PARRAS LIBRE,Entrada,A,2,SANTA CATARINA Y VIESCA,H2,03:06,,,,
07/05/2026,PARRAS LIBRE,Entrada,A,2,SANTA CATARINA Y VIESCA,H3,03:06,,,,
07/05/2026,PARRAS LIBRE,Entrada,A,2,SANTA CATARINA Y VIESCA,H4,15:06,,,,
07/05/2026,PARRAS LIBRE,Entrada,A,2,SANTA CATARINA Y VIESCA,H5,15:06,,,,
07/05/2026,PARRAS LIBRE,Entrada,A,2,SANTA CATARINA Y VIESCA,H6,19:09,,,,
07/05/2026,PARRAS LIBRE,Entrada,A,3,MANUEL ZAVALA Y MAR DE GALILEA,H1,18:50,,,,
07/05/2026,PARRAS LIBRE,Entrada,A,3,MANUEL ZAVALA Y MAR DE GALILEA,H2,03:20,,,,
07/05/2026,PARRAS LIBRE,Entrada,A,3,MANUEL ZAVALA Y MAR DE GALILEA,H3,03:20,,,,
07/05/2026,PARRAS LIBRE,Entrada,A,3,MANUEL ZAVALA Y MAR DE GALILEA,H4,15:20,,,,
07/05/2026,PARRAS LIBRE,Entrada,A,3,MANUEL ZAVALA Y MAR DE GALILEA,H5,15:20,,,,
07/05/2026,PARRAS LIBRE,Entrada,A,3,MANUEL ZAVALA Y MAR DE GALILEA,H6,19:11,,,,
07/05/2026,PARRAS LIBRE,Entrada,A,4,GENERAL CEPEDA Y RAMOS ARIZPE,H1,18:55,,,,
07/05/2026,PARRAS LIBRE,Entrada,A,4,GENERAL CEPEDA Y RAMOS ARIZPE,H2,03:25,,,,
07/05/2026,PARRAS LIBRE,Entrada,A,4,GENERAL CEPEDA Y RAMOS ARIZPE,H3,03:25,,,,
07/05/2026,PARRAS LIBRE,Entrada,A,4,GENERAL CEPEDA Y RAMOS ARIZPE,H4,15:25,,,,
07/05/2026,PARRAS LIBRE,Entrada,A,4,GENERAL CEPEDA Y RAMOS ARIZPE,H5,15:25,,,,
07/05/2026,PARRAS LIBRE,Entrada,A,4,GENERAL CEPEDA Y RAMOS ARIZPE,H6,19:14,,,,
07/05/2026,PARRAS LIBRE,Entrada,A,5,GENERAL CEPEDA Y COLIMA,H1,19:03,,,,
07/05/2026,PARRAS LIBRE,Entrada,A,5,GENERAL CEPEDA Y COLIMA,H2,03:33,,,,
07/05/2026,PARRAS LIBRE,Entrada,A,5,GENERAL CEPEDA Y COLIMA,H3,03:33,,,,
07/05/2026,PARRAS LIBRE,Entrada,A,5,GENERAL CEPEDA Y COLIMA,H4,15:33,,,,
07/05/2026,PARRAS LIBRE,Entrada,A,5,GENERAL CEPEDA Y COLIMA,H5,15:33,,,,
07/05/2026,PARRAS LIBRE,Entrada,A,5,GENERAL CEPEDA Y COLIMA,H6,19:15,,,,
07/05/2026,PARRAS LIBRE,Entrada,A,6,CAMINO GRAL. CEPEDA Y EJIDO PARRAS,H1,19:05,,,,
07/05/2026,PARRAS LIBRE,Entrada,A,6,CAMINO GRAL. CEPEDA Y EJIDO PARRAS,H2,03:35,,,,
07/05/2026,PARRAS LIBRE,Entrada,A,6,CAMINO GRAL. CEPEDA Y EJIDO PARRAS,H3,03:35,,,,
07/05/2026,PARRAS LIBRE,Entrada,A,6,CAMINO GRAL. CEPEDA Y EJIDO PARRAS,H4,15:35,,,,
07/05/2026,PARRAS LIBRE,Entrada,A,6,CAMINO GRAL. CEPEDA Y EJIDO PARRAS,H5,15:35,,,,
07/05/2026,PARRAS LIBRE,Entrada,A,6,CAMINO GRAL. CEPEDA Y EJIDO PARRAS,H6,19:17,,,,
07/05/2026,PARRAS LIBRE,Entrada,A,7,METALSA,H1,21:20,,,,
07/05/2026,PARRAS LIBRE,Entrada,A,7,METALSA,H2,05:50,,,,
07/05/2026,PARRAS LIBRE,Entrada,A,7,METALSA,H3,05:50,,,,
07/05/2026,PARRAS LIBRE,Entrada,A,7,METALSA,H4,17:50,,,,
07/05/2026,PARRAS LIBRE,Entrada,A,7,METALSA,H5,17:50,,,,
07/05/2026,PARRAS LIBRE,Entrada,A,7,METALSA,H6,21:50,,,,
07/05/2026,PARRAS LIBRE,Salida,N,1,METALSA,H1,15:30,,,,
07/05/2026,PARRAS LIBRE,Salida,N,1,METALSA,H2,06:15,,,,
07/05/2026,PARRAS LIBRE,Salida,N,1,METALSA,H3,06:15,,,,
07/05/2026,PARRAS LIBRE,Salida,N,1,METALSA,H4,18:15,,,,
07/05/2026,PARRAS LIBRE,Salida,N,1,METALSA,H5,18:15,,,,
07/05/2026,PARRAS LIBRE,Salida,N,2,CAMINO GRAL. CEPEDA Y EJIDO PARRAS,H1,17:45,,,,
07/05/2026,PARRAS LIBRE,Salida,N,2,CAMINO GRAL. CEPEDA Y EJIDO PARRAS,H2,08:30,,,,
07/05/2026,PARRAS LIBRE,Salida,N,2,CAMINO GRAL. CEPEDA Y EJIDO PARRAS,H3,08:30,,,,
07/05/2026,PARRAS LIBRE,Salida,N,2,CAMINO GRAL. CEPEDA Y EJIDO PARRAS,H4,20:30,,,,
07/05/2026,PARRAS LIBRE,Salida,N,2,CAMINO GRAL. CEPEDA Y EJIDO PARRAS,H5,20:30,,,,
07/05/2026,PARRAS LIBRE,Salida,N,3,GENERAL CEPEDA Y COLIMA,H1,17:47,,,,
07/05/2026,PARRAS LIBRE,Salida,N,3,GENERAL CEPEDA Y COLIMA,H2,08:32,,,,
07/05/2026,PARRAS LIBRE,Salida,N,3,GENERAL CEPEDA Y COLIMA,H3,08:32,,,,
07/05/2026,PARRAS LIBRE,Salida,N,3,GENERAL CEPEDA Y COLIMA,H4,20:32,,,,
07/05/2026,PARRAS LIBRE,Salida,N,3,GENERAL CEPEDA Y COLIMA,H5,20:32,,,,
07/05/2026,PARRAS LIBRE,Salida,N,4,GENERAL CEPEDA Y RAMOS ARIZPE,H1,17:55,,,,
07/05/2026,PARRAS LIBRE,Salida,N,4,GENERAL CEPEDA Y RAMOS ARIZPE,H2,08:40,,,,
07/05/2026,PARRAS LIBRE,Salida,N,4,GENERAL CEPEDA Y RAMOS ARIZPE,H3,08:40,,,,
07/05/2026,PARRAS LIBRE,Salida,N,4,GENERAL CEPEDA Y RAMOS ARIZPE,H4,20:40,,,,
07/05/2026,PARRAS LIBRE,Salida,N,4,GENERAL CEPEDA Y RAMOS ARIZPE,H5,20:40,,,,
07/05/2026,PARRAS LIBRE,Salida,N,5,MANUEL ZAVALA Y MAR DE GALILEA,H1,18:00,,,,
07/05/2026,PARRAS LIBRE,Salida,N,5,MANUEL ZAVALA Y MAR DE GALILEA,H2,08:45,,,,
07/05/2026,PARRAS LIBRE,Salida,N,5,MANUEL ZAVALA Y MAR DE GALILEA,H3,08:45,,,,
07/05/2026,PARRAS LIBRE,Salida,N,5,MANUEL ZAVALA Y MAR DE GALILEA,H4,20:45,,,,
07/05/2026,PARRAS LIBRE,Salida,N,5,MANUEL ZAVALA Y MAR DE GALILEA,H5,20:45,,,,
07/05/2026,PARRAS LIBRE,Salida,N,6,SANTA CATARINA Y VIESCA,H1,18:14,,,,
07/05/2026,PARRAS LIBRE,Salida,N,6,SANTA CATARINA Y VIESCA,H2,08:59,,,,
07/05/2026,PARRAS LIBRE,Salida,N,6,SANTA CATARINA Y VIESCA,H3,08:59,,,,
07/05/2026,PARRAS LIBRE,Salida,N,6,SANTA CATARINA Y VIESCA,H4,20:59,,,,
07/05/2026,PARRAS LIBRE,Salida,N,6,SANTA CATARINA Y VIESCA,H5,20:59,,,,
07/05/2026,PARRAS LIBRE,Salida,N,7,TACUBATA Y FRANCISCO I MADERO,H1,18:20,,,,
07/05/2026,PARRAS LIBRE,Salida,N,7,TACUBATA Y FRANCISCO I MADERO,H2,09:05,,,,
07/05/2026,PARRAS LIBRE,Salida,N,7,TACUBATA Y FRANCISCO I MADERO,H3,09:05,,,,
07/05/2026,PARRAS LIBRE,Salida,N,7,TACUBATA Y FRANCISCO I MADERO,H4,21:05,,,,
07/05/2026,PARRAS LIBRE,Salida,N,7,TACUBATA Y FRANCISCO I MADERO,H5,21:05,,,,
07/05/2026,PORVENIR - GENERAL CEPEDA,Entrada,A,1,PORVENIR,H1,03:45,,,,
07/05/2026,PORVENIR - GENERAL CEPEDA,Entrada,A,1,PORVENIR,H2,15:45,,,,
07/05/2026,PORVENIR - GENERAL CEPEDA,Entrada,A,1,PORVENIR,H3,19:15,,,,
07/05/2026,PORVENIR - GENERAL CEPEDA,Entrada,A,1,PORVENIR,H4,19:45,,,,
07/05/2026,PORVENIR - GENERAL CEPEDA,Entrada,A,2,GUELATAO,H1,03:50,04:00,-10,1,0
07/05/2026,PORVENIR - GENERAL CEPEDA,Entrada,A,2,GUELATAO,H2,15:50,,,,
07/05/2026,PORVENIR - GENERAL CEPEDA,Entrada,A,2,GUELATAO,H3,19:20,,,,
07/05/2026,PORVENIR - GENERAL CEPEDA,Entrada,A,2,GUELATAO,H4,19:50,,,,
07/05/2026,PORVENIR - GENERAL CEPEDA,Entrada,A,3,BLVD; DIANA LAURA,H1,04:06,04:17,-11,1,0
07/05/2026,PORVENIR - GENERAL CEPEDA,Entrada,A,3,BLVD; DIANA LAURA,H2,16:06,16:31,-25,1,0
07/05/2026,PORVENIR - GENERAL CEPEDA,Entrada,A,3,BLVD; DIANA LAURA,H3,19:36,,,,
07/05/2026,PORVENIR - GENERAL CEPEDA,Entrada,A,3,BLVD; DIANA LAURA,H4,20:06,,,,
07/05/2026,PORVENIR - GENERAL CEPEDA,Entrada,A,4,MARIANO MATAMOROS,H1,04:09,04:20,-11,1,0
07/05/2026,PORVENIR - GENERAL CEPEDA,Entrada,A,4,MARIANO MATAMOROS,H2,16:09,16:33,-24,1,0
07/05/2026,PORVENIR - GENERAL CEPEDA,Entrada,A,4,MARIANO MATAMOROS,H3,19:39,,,,
07/05/2026,PORVENIR - GENERAL CEPEDA,Entrada,A,4,MARIANO MATAMOROS,H4,20:09,,,,
07/05/2026,PORVENIR - GENERAL CEPEDA,Entrada,A,5,LOS PRESIDENTES,H1,04:11,04:20,-9,1,0
07/05/2026,PORVENIR - GENERAL CEPEDA,Entrada,A,5,LOS PRESIDENTES,H2,16:11,16:34,-23,1,0
07/05/2026,PORVENIR - GENERAL CEPEDA,Entrada,A,5,LOS PRESIDENTES,H3,19:41,,,,
07/05/2026,PORVENIR - GENERAL CEPEDA,Entrada,A,5,LOS PRESIDENTES,H4,20:11,,,,
07/05/2026,PORVENIR - GENERAL CEPEDA,Entrada,A,6,MIGUEL HIDALGO,H1,04:16,04:21,-5,1,0
07/05/2026,PORVENIR - GENERAL CEPEDA,Entrada,A,6,MIGUEL HIDALGO,H2,16:16,16:34,-18,1,0
07/05/2026,PORVENIR - GENERAL CEPEDA,Entrada,A,6,MIGUEL HIDALGO,H3,19:46,,,,
07/05/2026,PORVENIR - GENERAL CEPEDA,Entrada,A,6,MIGUEL HIDALGO,H4,20:16,,,,
07/05/2026,PORVENIR - GENERAL CEPEDA,Entrada,A,7,BENITO JUAREZ,H1,04:19,04:24,-5,1,0
07/05/2026,PORVENIR - GENERAL CEPEDA,Entrada,A,7,BENITO JUAREZ,H2,16:19,16:37,-18,1,0
07/05/2026,PORVENIR - GENERAL CEPEDA,Entrada,A,7,BENITO JUAREZ,H3,19:49,,,,
07/05/2026,PORVENIR - GENERAL CEPEDA,Entrada,A,7,BENITO JUAREZ,H4,20:19,,,,
07/05/2026,PORVENIR - GENERAL CEPEDA,Entrada,A,8,SAN JOSE,H1,04:50,,,,
07/05/2026,PORVENIR - GENERAL CEPEDA,Entrada,A,8,SAN JOSE,H2,16:50,,,,
07/05/2026,PORVENIR - GENERAL CEPEDA,Entrada,A,8,SAN JOSE,H3,20:20,,,,
07/05/2026,PORVENIR - GENERAL CEPEDA,Entrada,A,8,SAN JOSE,H4,20:50,,,,
07/05/2026,PORVENIR - GENERAL CEPEDA,Entrada,A,9,RANCHO NUEVO,H1,05:00,,,,
07/05/2026,PORVENIR - GENERAL CEPEDA,Entrada,A,9,RANCHO NUEVO,H2,17:00,,,,
07/05/2026,PORVENIR - GENERAL CEPEDA,Entrada,A,9,RANCHO NUEVO,H3,20:30,,,,
07/05/2026,PORVENIR - GENERAL CEPEDA,Entrada,A,9,RANCHO NUEVO,H4,21:00,,,,
07/05/2026,PORVENIR - GENERAL CEPEDA,Entrada,A,10,SANTA TERESA,H1,05:06,05:06,0,1,0
07/05/2026,PORVENIR - GENERAL CEPEDA,Entrada,A,10,SANTA TERESA,H2,17:06,17:06,0,1,0
07/05/2026,PORVENIR - GENERAL CEPEDA,Entrada,A,10,SANTA TERESA,H3,20:36,,,,
07/05/2026,PORVENIR - GENERAL CEPEDA,Entrada,A,10,SANTA TERESA,H4,21:06,,,,
07/05/2026,PORVENIR - GENERAL CEPEDA,Entrada,A,11,CHAPULA,H1,05:15,05:14,1,1,0
07/05/2026,PORVENIR - GENERAL CEPEDA,Entrada,A,11,CHAPULA,H2,17:15,17:14,1,1,0
07/05/2026,PORVENIR - GENERAL CEPEDA,Entrada,A,11,CHAPULA,H3,20:45,,,,
07/05/2026,PORVENIR - GENERAL CEPEDA,Entrada,A,11,CHAPULA,H4,21:15,,,,
07/05/2026,PORVENIR - GENERAL CEPEDA,Entrada,A,12,DERRAMADERO,H1,05:20,05:19,1,1,0
07/05/2026,PORVENIR - GENERAL CEPEDA,Entrada,A,12,DERRAMADERO,H2,17:20,17:19,1,1,0
07/05/2026,PORVENIR - GENERAL CEPEDA,Entrada,A,12,DERRAMADERO,H3,20:50,,,,
07/05/2026,PORVENIR - GENERAL CEPEDA,Entrada,A,12,DERRAMADERO,H4,21:20,,,,
07/05/2026,PORVENIR - GENERAL CEPEDA,Entrada,A,13,SAN JUAN DE LA VAQUERIA,H1,05:28,05:29,-1,1,0
07/05/2026,PORVENIR - GENERAL CEPEDA,Entrada,A,13,SAN JUAN DE LA VAQUERIA,H2,17:28,17:29,-1,1,0
07/05/2026,PORVENIR - GENERAL CEPEDA,Entrada,A,13,SAN JUAN DE LA VAQUERIA,H3,20:58,,,,
07/05/2026,PORVENIR - GENERAL CEPEDA,Entrada,A,13,SAN JUAN DE LA VAQUERIA,H4,21:28,,,,
07/05/2026,PORVENIR - GENERAL CEPEDA,Entrada,A,14,METALSA,H1,05:50,05:47,3,1,0
07/05/2026,PORVENIR - GENERAL CEPEDA,Entrada,A,14,METALSA,H2,17:50,17:45,5,1,0
07/05/2026,PORVENIR - GENERAL CEPEDA,Entrada,A,14,METALSA,H3,21:20,,,,
07/05/2026,PORVENIR - GENERAL CEPEDA,Entrada,A,14,METALSA,H4,21:50,,,,
07/05/2026,PORVENIR - GENERAL CEPEDA,Salida,N,1,METALSA,H1,06:15,06:18,-3,1,0
07/05/2026,PORVENIR - GENERAL CEPEDA,Salida,N,1,METALSA,H2,15:30,,,,
07/05/2026,PORVENIR - GENERAL CEPEDA,Salida,N,1,METALSA,H3,18:15,18:18,-3,1,0
07/05/2026,PORVENIR - GENERAL CEPEDA,Salida,N,2,SAN JUAN DE LA VAQUERIA,H1,06:50,06:38,12,1,0
07/05/2026,PORVENIR - GENERAL CEPEDA,Salida,N,2,SAN JUAN DE LA VAQUERIA,H2,16:05,,,,
07/05/2026,PORVENIR - GENERAL CEPEDA,Salida,N,2,SAN JUAN DE LA VAQUERIA,H3,18:50,18:34,16,1,0
07/05/2026,PORVENIR - GENERAL CEPEDA,Salida,N,3,DERRAMADERO,H1,06:55,06:47,8,1,0
07/05/2026,PORVENIR - GENERAL CEPEDA,Salida,N,3,DERRAMADERO,H2,16:10,,,,
07/05/2026,PORVENIR - GENERAL CEPEDA,Salida,N,3,DERRAMADERO,H3,18:55,18:43,12,1,0
07/05/2026,PORVENIR - GENERAL CEPEDA,Salida,N,4,CHAPULA,H1,06:56,06:47,9,1,0
07/05/2026,PORVENIR - GENERAL CEPEDA,Salida,N,4,CHAPULA,H2,16:15,,,,
07/05/2026,PORVENIR - GENERAL CEPEDA,Salida,N,4,CHAPULA,H3,19:00,18:48,12,1,0
07/05/2026,PORVENIR - GENERAL CEPEDA,Salida,N,5,SANTA TERESA,H1,06:57,06:59,-2,1,0
07/05/2026,PORVENIR - GENERAL CEPEDA,Salida,N,5,SANTA TERESA,H2,16:18,,,,
07/05/2026,PORVENIR - GENERAL CEPEDA,Salida,N,5,SANTA TERESA,H3,19:03,18:55,8,1,0
07/05/2026,PORVENIR - GENERAL CEPEDA,Salida,N,6,RANCHO NUEVO,H1,07:10,07:03,7,1,0
07/05/2026,PORVENIR - GENERAL CEPEDA,Salida,N,6,RANCHO NUEVO,H2,16:25,,,,
07/05/2026,PORVENIR - GENERAL CEPEDA,Salida,N,6,RANCHO NUEVO,H3,19:10,19:00,10,1,0
07/05/2026,PORVENIR - GENERAL CEPEDA,Salida,N,7,SAN JOSE,H1,07:11,,,,
07/05/2026,PORVENIR - GENERAL CEPEDA,Salida,N,7,SAN JOSE,H2,16:26,,,,
07/05/2026,PORVENIR - GENERAL CEPEDA,Salida,N,7,SAN JOSE,H3,19:11,19:11,0,1,0
07/05/2026,PORVENIR - GENERAL CEPEDA,Salida,N,8,BENITO JUAREZ,H1,07:12,,,,
07/05/2026,PORVENIR - GENERAL CEPEDA,Salida,N,8,BENITO JUAREZ,H2,16:27,,,,
07/05/2026,PORVENIR - GENERAL CEPEDA,Salida,N,8,BENITO JUAREZ,H3,19:12,,,,
07/05/2026,PORVENIR - GENERAL CEPEDA,Salida,N,9,MIGUEL HIDALGO,H1,07:13,07:32,-19,1,0
07/05/2026,PORVENIR - GENERAL CEPEDA,Salida,N,9,MIGUEL HIDALGO,H2,16:28,,,,
07/05/2026,PORVENIR - GENERAL CEPEDA,Salida,N,9,MIGUEL HIDALGO,H3,19:13,19:44,-31,1,0
07/05/2026,PORVENIR - GENERAL CEPEDA,Salida,N,10,LOS PRESIDENTES,H1,07:14,07:31,-17,1,0
07/05/2026,PORVENIR - GENERAL CEPEDA,Salida,N,10,LOS PRESIDENTES,H2,16:29,,,,
07/05/2026,PORVENIR - GENERAL CEPEDA,Salida,N,10,LOS PRESIDENTES,H3,19:14,19:43,-29,1,0
07/05/2026,PORVENIR - GENERAL CEPEDA,Salida,N,11,MARIANO MATAMOROS,H1,07:30,07:31,-1,1,0
07/05/2026,PORVENIR - GENERAL CEPEDA,Salida,N,11,MARIANO MATAMOROS,H2,16:45,,,,
07/05/2026,PORVENIR - GENERAL CEPEDA,Salida,N,11,MARIANO MATAMOROS,H3,19:30,19:42,-12,1,0
07/05/2026,PORVENIR - GENERAL CEPEDA,Salida,N,12,BLVD; DIANA LAURA,H1,07:31,07:29,2,1,0
07/05/2026,PORVENIR - GENERAL CEPEDA,Salida,N,12,BLVD; DIANA LAURA,H2,16:46,,,,
07/05/2026,PORVENIR - GENERAL CEPEDA,Salida,N,12,BLVD; DIANA LAURA,H3,19:31,19:41,-10,1,0
07/05/2026,PORVENIR - GENERAL CEPEDA,Salida,N,13,GUELATAO,H1,07:40,07:42,-2,1,0
07/05/2026,PORVENIR - GENERAL CEPEDA,Salida,N,13,GUELATAO,H2,16:55,,,,
07/05/2026,PORVENIR - GENERAL CEPEDA,Salida,N,13,GUELATAO,H3,19:40,20:07,-27,1,0
07/05/2026,PORVENIR - GENERAL CEPEDA,Salida,N,14,PORVENIR,H1,07:45,07:52,-7,1,0
07/05/2026,PORVENIR - GENERAL CEPEDA,Salida,N,14,PORVENIR,H2,17:00,,,,
07/05/2026,PORVENIR - GENERAL CEPEDA,Salida,N,14,PORVENIR,H3,19:45,20:24,-39,1,0
07/05/2026,PUERTO MEXICO,Entrada,A,1,PUERTO MEXICO,H1,20:10,,,,
07/05/2026,PUERTO MEXICO,Entrada,A,1,PUERTO MEXICO,H2,04:40,,,,
07/05/2026,PUERTO MEXICO,Entrada,A,1,PUERTO MEXICO,H3,04:40,,,,
07/05/2026,PUERTO MEXICO,Entrada,A,1,PUERTO MEXICO,H4,16:40,,,,
07/05/2026,PUERTO MEXICO,Entrada,A,1,PUERTO MEXICO,H5,16:40,,,,
07/05/2026,PUERTO MEXICO,Entrada,A,1,PUERTO MEXICO,H6,20:40,,,,
07/05/2026,PUERTO MEXICO,Entrada,A,2,CUIJE,H1,20:22,,,,
07/05/2026,PUERTO MEXICO,Entrada,A,2,CUIJE,H2,04:52,,,,
07/05/2026,PUERTO MEXICO,Entrada,A,2,CUIJE,H3,04:52,,,,
07/05/2026,PUERTO MEXICO,Entrada,A,2,CUIJE,H4,16:52,,,,
07/05/2026,PUERTO MEXICO,Entrada,A,2,CUIJE,H5,16:52,,,,
07/05/2026,PUERTO MEXICO,Entrada,A,2,CUIJE,H6,20:52,,,,
07/05/2026,PUERTO MEXICO,Entrada,A,3,NAVIDAD,H1,20:32,,,,
07/05/2026,PUERTO MEXICO,Entrada,A,3,NAVIDAD,H2,05:02,,,,
07/05/2026,PUERTO MEXICO,Entrada,A,3,NAVIDAD,H3,05:02,,,,
07/05/2026,PUERTO MEXICO,Entrada,A,3,NAVIDAD,H4,17:02,,,,
07/05/2026,PUERTO MEXICO,Entrada,A,3,NAVIDAD,H5,17:02,,,,
07/05/2026,PUERTO MEXICO,Entrada,A,3,NAVIDAD,H6,21:02,,,,
07/05/2026,PUERTO MEXICO,Entrada,A,4,CHAPULTEPEC,H1,20:45,,,,
07/05/2026,PUERTO MEXICO,Entrada,A,4,CHAPULTEPEC,H2,05:15,,,,
07/05/2026,PUERTO MEXICO,Entrada,A,4,CHAPULTEPEC,H3,05:15,,,,
07/05/2026,PUERTO MEXICO,Entrada,A,4,CHAPULTEPEC,H4,17:15,,,,
07/05/2026,PUERTO MEXICO,Entrada,A,4,CHAPULTEPEC,H5,17:15,,,,
07/05/2026,PUERTO MEXICO,Entrada,A,4,CHAPULTEPEC,H6,21:15,,,,
07/05/2026,PUERTO MEXICO,Entrada,A,5,JAHUEY,H1,21:00,,,,
07/05/2026,PUERTO MEXICO,Entrada,A,5,JAHUEY,H2,05:30,,,,
07/05/2026,PUERTO MEXICO,Entrada,A,5,JAHUEY,H3,05:30,,,,
07/05/2026,PUERTO MEXICO,Entrada,A,5,JAHUEY,H4,17:30,,,,
07/05/2026,PUERTO MEXICO,Entrada,A,5,JAHUEY,H5,17:30,,,,
07/05/2026,PUERTO MEXICO,Entrada,A,5,JAHUEY,H6,21:30,,,,
07/05/2026,PUERTO MEXICO,Entrada,A,6,METALSA,H1,21:20,,,,
07/05/2026,PUERTO MEXICO,Entrada,A,6,METALSA,H2,05:50,,,,
07/05/2026,PUERTO MEXICO,Entrada,A,6,METALSA,H3,05:50,,,,
07/05/2026,PUERTO MEXICO,Entrada,A,6,METALSA,H4,17:50,,,,
07/05/2026,PUERTO MEXICO,Entrada,A,6,METALSA,H5,17:50,,,,
07/05/2026,PUERTO MEXICO,Entrada,A,6,METALSA,H6,21:50,,,,
07/05/2026,PUERTO MEXICO,Salida,A,1,METALSA,H1,15:30,,,,
07/05/2026,PUERTO MEXICO,Salida,A,1,METALSA,H2,06:15,,,,
07/05/2026,PUERTO MEXICO,Salida,A,1,METALSA,H3,06:15,,,,
07/05/2026,PUERTO MEXICO,Salida,A,1,METALSA,H4,18:15,,,,
07/05/2026,PUERTO MEXICO,Salida,A,1,METALSA,H5,18:15,,,,
07/05/2026,PUERTO MEXICO,Salida,A,2,JAHUEY,H1,15:50,,,,
07/05/2026,PUERTO MEXICO,Salida,A,2,JAHUEY,H2,06:35,,,,
07/05/2026,PUERTO MEXICO,Salida,A,2,JAHUEY,H3,06:35,,,,
07/05/2026,PUERTO MEXICO,Salida,A,2,JAHUEY,H4,18:35,,,,
07/05/2026,PUERTO MEXICO,Salida,A,2,JAHUEY,H5,18:35,,,,
07/05/2026,PUERTO MEXICO,Salida,A,3,CHAPULTEPEC,H1,16:05,,,,
07/05/2026,PUERTO MEXICO,Salida,A,3,CHAPULTEPEC,H2,06:50,,,,
07/05/2026,PUERTO MEXICO,Salida,A,3,CHAPULTEPEC,H3,06:50,,,,
07/05/2026,PUERTO MEXICO,Salida,A,3,CHAPULTEPEC,H4,18:50,,,,
07/05/2026,PUERTO MEXICO,Salida,A,3,CHAPULTEPEC,H5,18:50,,,,
07/05/2026,PUERTO MEXICO,Salida,A,4,NAVIDAD,H1,16:18,,,,
07/05/2026,PUERTO MEXICO,Salida,A,4,NAVIDAD,H2,07:03,,,,
07/05/2026,PUERTO MEXICO,Salida,A,4,NAVIDAD,H3,07:03,,,,
07/05/2026,PUERTO MEXICO,Salida,A,4,NAVIDAD,H4,19:03,,,,
07/05/2026,PUERTO MEXICO,Salida,A,4,NAVIDAD,H5,19:03,,,,
07/05/2026,PUERTO MEXICO,Salida,A,5,CUIJE,H1,16:28,,,,
07/05/2026,PUERTO MEXICO,Salida,A,5,CUIJE,H2,07:13,,,,
07/05/2026,PUERTO MEXICO,Salida,A,5,CUIJE,H3,07:13,,,,
07/05/2026,PUERTO MEXICO,Salida,A,5,CUIJE,H4,19:13,,,,
07/05/2026,PUERTO MEXICO,Salida,A,5,CUIJE,H5,19:13,,,,
07/05/2026,PUERTO MEXICO,Salida,A,6,PUERTO MEXICO,H1,16:40,,,,
07/05/2026,PUERTO MEXICO,Salida,A,6,PUERTO MEXICO,H2,07:25,,,,
07/05/2026,PUERTO MEXICO,Salida,A,6,PUERTO MEXICO,H3,07:25,,,,
07/05/2026,PUERTO MEXICO,Salida,A,6,PUERTO MEXICO,H4,19:25,,,,
07/05/2026,PUERTO MEXICO,Salida,A,6,PUERTO MEXICO,H5,19:25,,,,
07/05/2026,ROMA,Entrada,N,1,FCO. LAZACORTA Y JOSE MARIANO MICHELENA,H1,04:45,04:46,-1,1,0
07/05/2026,ROMA,Entrada,N,1,FCO. LAZACORTA Y JOSE MARIANO MICHELENA,H2,16:45,16:47,-2,1,0
07/05/2026,ROMA,Entrada,N,1,FCO. LAZACORTA Y JOSE MARIANO MICHELENA,H3,20:15,,,,
07/05/2026,ROMA,Entrada,N,1,FCO. LAZACORTA Y JOSE MARIANO MICHELENA,H4,20:45,,,,
07/05/2026,ROMA,Entrada,N,2,SIERRA DE LOS PINOS Y PRINCIPAL,H1,04:48,04:47,1,1,0
07/05/2026,ROMA,Entrada,N,2,SIERRA DE LOS PINOS Y PRINCIPAL,H2,16:48,16:48,0,1,0
07/05/2026,ROMA,Entrada,N,2,SIERRA DE LOS PINOS Y PRINCIPAL,H3,20:18,,,,
07/05/2026,ROMA,Entrada,N,2,SIERRA DE LOS PINOS Y PRINCIPAL,H4,20:48,,,,
07/05/2026,ROMA,Entrada,N,3,OSA MAYOR Y BUSTAMANTE,H1,04:53,,,,
07/05/2026,ROMA,Entrada,N,3,OSA MAYOR Y BUSTAMANTE,H2,16:53,16:55,-2,1,0
07/05/2026,ROMA,Entrada,N,3,OSA MAYOR Y BUSTAMANTE,H3,20:23,,,,
07/05/2026,ROMA,Entrada,N,3,OSA MAYOR Y BUSTAMANTE,H4,20:53,,,,
07/05/2026,ROMA,Entrada,N,4,EUGENIO REYES Y PEDRO AMPUDIA,H1,05:01,05:06,-5,1,0
07/05/2026,ROMA,Entrada,N,4,EUGENIO REYES Y PEDRO AMPUDIA,H2,17:01,17:06,-5,1,0
07/05/2026,ROMA,Entrada,N,4,EUGENIO REYES Y PEDRO AMPUDIA,H3,20:31,,,,
07/05/2026,ROMA,Entrada,N,4,EUGENIO REYES Y PEDRO AMPUDIA,H4,21:01,,,,
07/05/2026,ROMA,Entrada,N,5,FELIPE BERRIOZABAL Y MARAVILLAS,H1,05:06,05:09,-3,1,0
07/05/2026,ROMA,Entrada,N,5,FELIPE BERRIOZABAL Y MARAVILLAS,H2,17:06,17:08,-2,1,0
07/05/2026,ROMA,Entrada,N,5,FELIPE BERRIOZABAL Y MARAVILLAS,H3,20:36,,,,
07/05/2026,ROMA,Entrada,N,5,FELIPE BERRIOZABAL Y MARAVILLAS,H4,21:06,,,,
07/05/2026,ROMA,Entrada,N,6,FCO I MADERO Y CALZ ANTONIO NARRO,H1,05:15,05:20,-5,1,0
07/05/2026,ROMA,Entrada,N,6,FCO I MADERO Y CALZ ANTONIO NARRO,H2,17:15,17:20,-5,1,0
07/05/2026,ROMA,Entrada,N,6,FCO I MADERO Y CALZ ANTONIO NARRO,H3,20:45,,,,
07/05/2026,ROMA,Entrada,N,6,FCO I MADERO Y CALZ ANTONIO NARRO,H4,21:15,,,,
07/05/2026,ROMA,Entrada,N,7,CARR. SALTILLO-ZACATECAS,H1,05:20,05:26,-6,1,0
07/05/2026,ROMA,Entrada,N,7,CARR. SALTILLO-ZACATECAS,H2,17:20,17:27,-7,1,0
07/05/2026,ROMA,Entrada,N,7,CARR. SALTILLO-ZACATECAS,H3,20:50,,,,
07/05/2026,ROMA,Entrada,N,7,CARR. SALTILLO-ZACATECAS,H4,21:20,,,,
07/05/2026,ROMA,Entrada,N,8,METALSA,H1,05:50,05:48,2,1,0
07/05/2026,ROMA,Entrada,N,8,METALSA,H2,17:50,17:39,11,1,0
07/05/2026,ROMA,Entrada,N,8,METALSA,H3,21:20,,,,
07/05/2026,ROMA,Entrada,N,8,METALSA,H4,21:50,,,,
07/05/2026,ROMA,Salida,N,1,METALSA,H1,06:15,06:12,3,1,0
07/05/2026,ROMA,Salida,N,1,METALSA,H2,15:30,,,,
07/05/2026,ROMA,Salida,N,1,METALSA,H3,18:15,18:17,-2,1,0
07/05/2026,ROMA,Salida,N,2,CARR. SALTILLO-ZACATECAS,H1,06:45,06:28,17,1,0
07/05/2026,ROMA,Salida,N,2,CARR. SALTILLO-ZACATECAS,H2,16:00,,,,
07/05/2026,ROMA,Salida,N,2,CARR. SALTILLO-ZACATECAS,H3,18:45,18:45,0,1,0
07/05/2026,ROMA,Salida,N,3,FCO I MADERO Y CALZ ANTONIO NARRO,H1,06:50,06:34,16,1,0
07/05/2026,ROMA,Salida,N,3,FCO I MADERO Y CALZ ANTONIO NARRO,H2,16:05,,,,
07/05/2026,ROMA,Salida,N,3,FCO I MADERO Y CALZ ANTONIO NARRO,H3,18:50,18:53,-3,1,0
07/05/2026,ROMA,Salida,N,4,FELIPE BERRIOZABAL Y MARAVILLAS,H1,06:59,06:43,16,1,0
07/05/2026,ROMA,Salida,N,4,FELIPE BERRIOZABAL Y MARAVILLAS,H2,16:14,,,,
07/05/2026,ROMA,Salida,N,4,FELIPE BERRIOZABAL Y MARAVILLAS,H3,18:59,19:03,-4,1,0
07/05/2026,ROMA,Salida,N,5,EUGENIO REYES Y PEDRO AMPUDIA,H1,07:04,06:45,19,1,0
07/05/2026,ROMA,Salida,N,5,EUGENIO REYES Y PEDRO AMPUDIA,H2,16:19,,,,
07/05/2026,ROMA,Salida,N,5,EUGENIO REYES Y PEDRO AMPUDIA,H3,19:04,19:06,-2,1,0
07/05/2026,ROMA,Salida,N,6,OSA MAYOR Y BUSTAMANTE,H1,07:12,06:54,18,1,0
07/05/2026,ROMA,Salida,N,6,OSA MAYOR Y BUSTAMANTE,H2,16:27,,,,
07/05/2026,ROMA,Salida,N,6,OSA MAYOR Y BUSTAMANTE,H3,19:12,19:15,-3,1,0
07/05/2026,ROMA,Salida,N,7,SIERRA DE LOS PINOS Y PRINCIPAL,H1,07:17,06:57,20,1,0
07/05/2026,ROMA,Salida,N,7,SIERRA DE LOS PINOS Y PRINCIPAL,H2,16:32,,,,
07/05/2026,ROMA,Salida,N,7,SIERRA DE LOS PINOS Y PRINCIPAL,H3,19:17,,,,
07/05/2026,ROMA,Salida,N,8,FCO. LAZACORTA Y JOSE MARIANO MICHELENA,H1,07:20,06:58,22,1,0
07/05/2026,ROMA,Salida,N,8,FCO. LAZACORTA Y JOSE MARIANO MICHELENA,H2,16:35,,,,
07/05/2026,ROMA,Salida,N,8,FCO. LAZACORTA Y JOSE MARIANO MICHELENA,H3,19:20,19:24,-4,1,0
07/05/2026,SALTILLO 2000,Entrada,N,1,PALACIO DE JUSTICIA,H1,04:30,04:32,-2,1,0
07/05/2026,SALTILLO 2000,Entrada,N,1,PALACIO DE JUSTICIA,H2,16:30,16:33,-3,1,0
07/05/2026,SALTILLO 2000,Entrada,N,1,PALACIO DE JUSTICIA,H3,20:00,,,,
07/05/2026,SALTILLO 2000,Entrada,N,1,PALACIO DE JUSTICIA,H4,20:30,,,,
07/05/2026,SALTILLO 2000,Entrada,N,2,ROTONDA SALTILLO 2000,H1,04:35,04:34,1,1,0
07/05/2026,SALTILLO 2000,Entrada,N,2,ROTONDA SALTILLO 2000,H2,16:35,16:35,0,1,0
07/05/2026,SALTILLO 2000,Entrada,N,2,ROTONDA SALTILLO 2000,H3,20:05,,,,
07/05/2026,SALTILLO 2000,Entrada,N,2,ROTONDA SALTILLO 2000,H4,20:35,,,,
07/05/2026,SALTILLO 2000,Entrada,N,3,CUQUITA DE CEPEDA DAVILA  (OXXO),H1,04:45,04:42,3,1,0
07/05/2026,SALTILLO 2000,Entrada,N,3,CUQUITA DE CEPEDA DAVILA  (OXXO),H2,16:45,16:46,-1,1,0
07/05/2026,SALTILLO 2000,Entrada,N,3,CUQUITA DE CEPEDA DAVILA  (OXXO),H3,20:15,,,,
07/05/2026,SALTILLO 2000,Entrada,N,3,CUQUITA DE CEPEDA DAVILA  (OXXO),H4,20:45,,,,
07/05/2026,SALTILLO 2000,Entrada,N,4,FCO I MADERO Y  PEDRO AMPUDIA,H1,04:50,04:51,-1,1,0
07/05/2026,SALTILLO 2000,Entrada,N,4,FCO I MADERO Y  PEDRO AMPUDIA,H2,16:50,16:57,-7,1,0
07/05/2026,SALTILLO 2000,Entrada,N,4,FCO I MADERO Y  PEDRO AMPUDIA,H3,20:20,,,,
07/05/2026,SALTILLO 2000,Entrada,N,4,FCO I MADERO Y  PEDRO AMPUDIA,H4,20:50,,,,
07/05/2026,SALTILLO 2000,Entrada,N,5,PERIF. L.E.A. Y CALZ. ANTONIO NARRO,H1,05:08,05:03,5,1,0
07/05/2026,SALTILLO 2000,Entrada,N,5,PERIF. L.E.A. Y CALZ. ANTONIO NARRO,H2,17:08,17:11,-3,1,0
07/05/2026,SALTILLO 2000,Entrada,N,5,PERIF. L.E.A. Y CALZ. ANTONIO NARRO,H3,20:38,,,,
07/05/2026,SALTILLO 2000,Entrada,N,5,PERIF. L.E.A. Y CALZ. ANTONIO NARRO,H4,21:08,,,,
07/05/2026,SALTILLO 2000,Entrada,N,6,BLVD. HACIENDA NARRO,H1,05:20,05:19,1,1,0
07/05/2026,SALTILLO 2000,Entrada,N,6,BLVD. HACIENDA NARRO,H2,17:20,17:20,0,1,0
07/05/2026,SALTILLO 2000,Entrada,N,6,BLVD. HACIENDA NARRO,H3,20:50,,,,
07/05/2026,SALTILLO 2000,Entrada,N,6,BLVD. HACIENDA NARRO,H4,21:20,,,,
07/05/2026,SALTILLO 2000,Entrada,N,7,METALSA,H1,05:50,05:46,4,1,0
07/05/2026,SALTILLO 2000,Entrada,N,7,METALSA,H2,17:50,17:44,6,1,0
07/05/2026,SALTILLO 2000,Entrada,N,7,METALSA,H3,21:20,,,,
07/05/2026,SALTILLO 2000,Entrada,N,7,METALSA,H4,21:50,,,,
07/05/2026,SALTILLO 2000,Salida,N,1,METALSA,H1,06:15,06:15,0,1,0
07/05/2026,SALTILLO 2000,Salida,N,1,METALSA,H2,15:30,,,,
07/05/2026,SALTILLO 2000,Salida,N,1,METALSA,H3,18:15,,,,
07/05/2026,SALTILLO 2000,Salida,N,2,BLVD. HACIENDA NARRO,H1,06:45,06:34,11,1,0
07/05/2026,SALTILLO 2000,Salida,N,2,BLVD. HACIENDA NARRO,H2,16:00,,,,
07/05/2026,SALTILLO 2000,Salida,N,2,BLVD. HACIENDA NARRO,H3,18:45,18:47,-2,1,0
07/05/2026,SALTILLO 2000,Salida,N,3,PERIF. L.E.A. Y CALZ. ANTONIO NARRO,H1,06:57,06:48,9,1,0
07/05/2026,SALTILLO 2000,Salida,N,3,PERIF. L.E.A. Y CALZ. ANTONIO NARRO,H2,16:12,,,,
07/05/2026,SALTILLO 2000,Salida,N,3,PERIF. L.E.A. Y CALZ. ANTONIO NARRO,H3,18:57,19:06,-9,1,0
07/05/2026,SALTILLO 2000,Salida,N,4,FCO I MADERO Y  PEDRO AMPUDIA,H1,07:15,07:00,15,1,0
07/05/2026,SALTILLO 2000,Salida,N,4,FCO I MADERO Y  PEDRO AMPUDIA,H2,16:30,,,,
07/05/2026,SALTILLO 2000,Salida,N,4,FCO I MADERO Y  PEDRO AMPUDIA,H3,19:15,19:20,-5,1,0
07/05/2026,SALTILLO 2000,Salida,N,5,CUQUITA DE CEPEDA DAVILA  (OXXO),H1,07:20,07:09,11,1,0
07/05/2026,SALTILLO 2000,Salida,N,5,CUQUITA DE CEPEDA DAVILA  (OXXO),H2,16:35,,,,
07/05/2026,SALTILLO 2000,Salida,N,5,CUQUITA DE CEPEDA DAVILA  (OXXO),H3,19:20,19:29,-9,1,0
07/05/2026,SALTILLO 2000,Salida,N,6,ROTONDA SALTILLO 2000,H1,07:30,,,,
07/05/2026,SALTILLO 2000,Salida,N,6,ROTONDA SALTILLO 2000,H2,16:45,,,,
07/05/2026,SALTILLO 2000,Salida,N,6,ROTONDA SALTILLO 2000,H3,19:30,,,,
07/05/2026,SALTILLO 2000,Salida,N,7,PALACIO DE JUSTICIA,H1,07:35,,,,
07/05/2026,SALTILLO 2000,Salida,N,7,PALACIO DE JUSTICIA,H2,16:50,,,,
07/05/2026,SALTILLO 2000,Salida,N,7,PALACIO DE JUSTICIA,H3,19:35,,,,
07/05/2026,SAN FRANCISCO,Entrada,A,1,LA CUCHILLA,H1,19:35,,,,
07/05/2026,SAN FRANCISCO,Entrada,A,1,LA CUCHILLA,H2,04:05,04:04,1,1,0
07/05/2026,SAN FRANCISCO,Entrada,A,1,LA CUCHILLA,H3,16:05,,,,
07/05/2026,SAN FRANCISCO,Entrada,A,1,LA CUCHILLA,H4,20:05,,,,
07/05/2026,SAN FRANCISCO,Entrada,A,2,SAN JUAN RETIRO,H1,19:44,,,,
07/05/2026,SAN FRANCISCO,Entrada,A,2,SAN JUAN RETIRO,H2,04:14,,,,
07/05/2026,SAN FRANCISCO,Entrada,A,2,SAN JUAN RETIRO,H3,16:14,,,,
07/05/2026,SAN FRANCISCO,Entrada,A,2,SAN JUAN RETIRO,H4,20:14,,,,
07/05/2026,SAN FRANCISCO,Entrada,A,3,NUEVO GOMEZ,H1,19:54,,,,
07/05/2026,SAN FRANCISCO,Entrada,A,3,NUEVO GOMEZ,H2,04:24,04:28,-4,1,0
07/05/2026,SAN FRANCISCO,Entrada,A,3,NUEVO GOMEZ,H3,16:24,,,,
07/05/2026,SAN FRANCISCO,Entrada,A,3,NUEVO GOMEZ,H4,20:24,,,,
07/05/2026,SAN FRANCISCO,Entrada,A,4,SAN FRANCISCO,H1,20:06,,,,
07/05/2026,SAN FRANCISCO,Entrada,A,4,SAN FRANCISCO,H2,04:36,04:39,-3,1,0
07/05/2026,SAN FRANCISCO,Entrada,A,4,SAN FRANCISCO,H3,16:36,16:31,5,1,0
07/05/2026,SAN FRANCISCO,Entrada,A,4,SAN FRANCISCO,H4,20:36,,,,
07/05/2026,SAN FRANCISCO,Entrada,A,5,MANGAS,H1,20:16,,,,
07/05/2026,SAN FRANCISCO,Entrada,A,5,MANGAS,H2,04:46,04:52,-6,1,0
07/05/2026,SAN FRANCISCO,Entrada,A,5,MANGAS,H3,16:46,,,,
07/05/2026,SAN FRANCISCO,Entrada,A,5,MANGAS,H4,20:46,,,,
07/05/2026,SAN FRANCISCO,Entrada,A,6,COLONIAS,H1,20:52,,,,
07/05/2026,SAN FRANCISCO,Entrada,A,6,COLONIAS,H2,05:22,,,,
07/05/2026,SAN FRANCISCO,Entrada,A,6,COLONIAS,H3,17:22,,,,
07/05/2026,SAN FRANCISCO,Entrada,A,6,COLONIAS,H4,21:22,,,,
07/05/2026,SAN FRANCISCO,Entrada,A,7,AGUA NUEVA,H1,21:00,,,,
07/05/2026,SAN FRANCISCO,Entrada,A,7,AGUA NUEVA,H2,05:30,05:34,-4,1,0
07/05/2026,SAN FRANCISCO,Entrada,A,7,AGUA NUEVA,H3,17:30,17:19,11,1,0
07/05/2026,SAN FRANCISCO,Entrada,A,7,AGUA NUEVA,H4,21:25,,,,
07/05/2026,SAN FRANCISCO,Entrada,A,8,METALSA,H1,21:20,,,,
07/05/2026,SAN FRANCISCO,Entrada,A,8,METALSA,H2,05:50,,,,
07/05/2026,SAN FRANCISCO,Entrada,A,8,METALSA,H3,17:50,,,,
07/05/2026,SAN FRANCISCO,Entrada,A,8,METALSA,H4,21:50,,,,
07/05/2026,SAN FRANCISCO,Salida,N,1,METALSA,H1,15:30,,,,
07/05/2026,SAN FRANCISCO,Salida,N,1,METALSA,H2,18:15,18:18,-3,1,0
07/05/2026,SAN FRANCISCO,Salida,N,1,METALSA,H3,06:15,06:16,-1,1,0
07/05/2026,SAN FRANCISCO,Salida,N,2,AGUA NUEVA,H1,15:59,,,,
07/05/2026,SAN FRANCISCO,Salida,N,2,AGUA NUEVA,H2,18:44,18:28,16,1,0
07/05/2026,SAN FRANCISCO,Salida,N,2,AGUA NUEVA,H3,06:44,06:41,3,1,0
07/05/2026,SAN FRANCISCO,Salida,N,3,COLONIAS,H1,16:10,,,,
07/05/2026,SAN FRANCISCO,Salida,N,3,COLONIAS,H2,18:55,18:42,13,1,0
07/05/2026,SAN FRANCISCO,Salida,N,3,COLONIAS,H3,06:55,,,,
07/05/2026,SAN FRANCISCO,Salida,N,4,MANGAS,H1,16:34,,,,
07/05/2026,SAN FRANCISCO,Salida,N,4,MANGAS,H2,19:19,19:08,11,1,0
07/05/2026,SAN FRANCISCO,Salida,N,4,MANGAS,H3,07:19,,,,
07/05/2026,SAN FRANCISCO,Salida,N,5,SAN FRANCISCO,H1,16:46,,,,
07/05/2026,SAN FRANCISCO,Salida,N,5,SAN FRANCISCO,H2,19:31,19:20,11,1,0
07/05/2026,SAN FRANCISCO,Salida,N,5,SAN FRANCISCO,H3,07:31,07:18,13,1,0
07/05/2026,SAN FRANCISCO,Salida,N,6,NUEVO GOMEZ,H1,16:56,,,,
07/05/2026,SAN FRANCISCO,Salida,N,6,NUEVO GOMEZ,H2,19:41,,,,
07/05/2026,SAN FRANCISCO,Salida,N,6,NUEVO GOMEZ,H3,07:41,,,,
07/05/2026,SAN FRANCISCO,Salida,N,7,SAN JUAN RETIRO,H1,17:06,,,,
07/05/2026,SAN FRANCISCO,Salida,N,7,SAN JUAN RETIRO,H2,19:51,,,,
07/05/2026,SAN FRANCISCO,Salida,N,7,SAN JUAN RETIRO,H3,07:51,07:34,17,1,0
07/05/2026,SAN FRANCISCO,Salida,N,8,LA CUCHILLA,H1,17:15,,,,
07/05/2026,SAN FRANCISCO,Salida,N,8,LA CUCHILLA,H2,20:00,19:40,20,1,0
07/05/2026,SAN FRANCISCO,Salida,N,8,LA CUCHILLA,H3,08:00,,,,
07/05/2026,SAN MIGUEL,Entrada,A,1,SAN MIGUEL,H1,19:50,,,,
07/05/2026,SAN MIGUEL,Entrada,A,1,SAN MIGUEL,H2,04:20,,,,
07/05/2026,SAN MIGUEL,Entrada,A,1,SAN MIGUEL,H3,16:20,,,,
07/05/2026,SAN MIGUEL,Entrada,A,1,SAN MIGUEL,H4,20:20,,,,
07/05/2026,SAN MIGUEL,Entrada,A,2,ZACATERA,H1,19:53,,,,
07/05/2026,SAN MIGUEL,Entrada,A,2,ZACATERA,H2,04:23,,,,
07/05/2026,SAN MIGUEL,Entrada,A,2,ZACATERA,H3,16:23,,,,
07/05/2026,SAN MIGUEL,Entrada,A,2,ZACATERA,H4,20:23,,,,
07/05/2026,SAN MIGUEL,Entrada,A,3,GOMEZ FARIAS,H1,20:00,,,,
07/05/2026,SAN MIGUEL,Entrada,A,3,GOMEZ FARIAS,H2,04:30,,,,
07/05/2026,SAN MIGUEL,Entrada,A,3,GOMEZ FARIAS,H3,16:30,,,,
07/05/2026,SAN MIGUEL,Entrada,A,3,GOMEZ FARIAS,H4,20:30,,,,
07/05/2026,SAN MIGUEL,Entrada,A,4,GUADALUPE VICTORIA,H1,20:25,,,,
07/05/2026,SAN MIGUEL,Entrada,A,4,GUADALUPE VICTORIA,H2,04:55,,,,
07/05/2026,SAN MIGUEL,Entrada,A,4,GUADALUPE VICTORIA,H3,16:55,,,,
07/05/2026,SAN MIGUEL,Entrada,A,4,GUADALUPE VICTORIA,H4,20:55,,,,
07/05/2026,SAN MIGUEL,Entrada,A,5,COLONIAS,H1,20:35,,,,
07/05/2026,SAN MIGUEL,Entrada,A,5,COLONIAS,H2,05:05,,,,
07/05/2026,SAN MIGUEL,Entrada,A,5,COLONIAS,H3,17:05,,,,
07/05/2026,SAN MIGUEL,Entrada,A,5,COLONIAS,H4,21:05,,,,
07/05/2026,SAN MIGUEL,Entrada,A,6,AGUA NUEVA,H1,20:50,,,,
07/05/2026,SAN MIGUEL,Entrada,A,6,AGUA NUEVA,H2,05:20,,,,
07/05/2026,SAN MIGUEL,Entrada,A,6,AGUA NUEVA,H3,17:20,,,,
07/05/2026,SAN MIGUEL,Entrada,A,6,AGUA NUEVA,H4,21:20,,,,
07/05/2026,SAN MIGUEL,Entrada,A,7,METALSA,H1,21:20,,,,
07/05/2026,SAN MIGUEL,Entrada,A,7,METALSA,H2,05:50,,,,
07/05/2026,SAN MIGUEL,Entrada,A,7,METALSA,H3,17:50,,,,
07/05/2026,SAN MIGUEL,Entrada,A,7,METALSA,H4,21:50,,,,
07/05/2026,SAN MIGUEL,Salida,N,1,METALSA,H1,15:30,,,,
07/05/2026,SAN MIGUEL,Salida,N,1,METALSA,H2,06:15,,,,
07/05/2026,SAN MIGUEL,Salida,N,1,METALSA,H3,18:15,18:17,-2,1,0
07/05/2026,SAN MIGUEL,Salida,N,2,AGUA NUEVA,H1,16:10,,,,
07/05/2026,SAN MIGUEL,Salida,N,2,AGUA NUEVA,H2,06:55,,,,
07/05/2026,SAN MIGUEL,Salida,N,2,AGUA NUEVA,H3,18:55,,,,
07/05/2026,SAN MIGUEL,Salida,N,3,COLONIAS,H1,16:20,,,,
07/05/2026,SAN MIGUEL,Salida,N,3,COLONIAS,H2,07:05,,,,
07/05/2026,SAN MIGUEL,Salida,N,3,COLONIAS,H3,19:05,18:38,27,1,0
07/05/2026,SAN MIGUEL,Salida,N,4,GUADALUPE VICTORIA,H1,16:30,,,,
07/05/2026,SAN MIGUEL,Salida,N,4,GUADALUPE VICTORIA,H2,07:15,,,,
07/05/2026,SAN MIGUEL,Salida,N,4,GUADALUPE VICTORIA,H3,19:15,,,,
07/05/2026,SAN MIGUEL,Salida,N,5,GOMEZ FARIAS,H1,17:05,,,,
07/05/2026,SAN MIGUEL,Salida,N,5,GOMEZ FARIAS,H2,07:50,,,,
07/05/2026,SAN MIGUEL,Salida,N,5,GOMEZ FARIAS,H3,19:50,19:03,47,1,0
07/05/2026,SAN MIGUEL,Salida,N,6,SAN MIGUEL,H1,17:30,,,,
07/05/2026,SAN MIGUEL,Salida,N,6,SAN MIGUEL,H2,08:15,,,,
07/05/2026,SAN MIGUEL,Salida,N,6,SAN MIGUEL,H3,20:15,19:20,55,1,0
07/05/2026,SAN MIGUEL,Salida,N,7,ZACATERA,H1,18:05,,,,
07/05/2026,SAN MIGUEL,Salida,N,7,ZACATERA,H2,08:45,,,,
07/05/2026,SAN MIGUEL,Salida,N,7,ZACATERA,H3,20:45,,,,
07/05/2026,SANTA MARIA - SAN RAFAEL,Entrada,N,1,SAN JOSE ALAMITO,H1,19:00,,,,
07/05/2026,SANTA MARIA - SAN RAFAEL,Entrada,N,1,SAN JOSE ALAMITO,H2,03:30,03:57,-27,1,0
07/05/2026,SANTA MARIA - SAN RAFAEL,Entrada,N,1,SAN JOSE ALAMITO,H3,15:30,16:03,-33,1,0
07/05/2026,SANTA MARIA - SAN RAFAEL,Entrada,N,1,SAN JOSE ALAMITO,H4,19:30,,,,
07/05/2026,SANTA MARIA - SAN RAFAEL,Entrada,N,2,LA HEDIONDA,H1,19:25,,,,
07/05/2026,SANTA MARIA - SAN RAFAEL,Entrada,N,2,LA HEDIONDA,H2,03:55,03:59,-4,1,0
07/05/2026,SANTA MARIA - SAN RAFAEL,Entrada,N,2,LA HEDIONDA,H3,15:55,16:06,-11,1,0
07/05/2026,SANTA MARIA - SAN RAFAEL,Entrada,N,2,LA HEDIONDA,H4,19:55,,,,
07/05/2026,SANTA MARIA - SAN RAFAEL,Entrada,N,3,LA CONCHA,H1,19:40,,,,
07/05/2026,SANTA MARIA - SAN RAFAEL,Entrada,N,3,LA CONCHA,H2,04:10,04:08,2,1,0
07/05/2026,SANTA MARIA - SAN RAFAEL,Entrada,N,3,LA CONCHA,H3,16:10,16:15,-5,1,0
07/05/2026,SANTA MARIA - SAN RAFAEL,Entrada,N,3,LA CONCHA,H4,20:10,,,,
07/05/2026,SANTA MARIA - SAN RAFAEL,Entrada,N,4,STA MARIA DE RAMOS,H1,19:50,,,,
07/05/2026,SANTA MARIA - SAN RAFAEL,Entrada,N,4,STA MARIA DE RAMOS,H2,04:20,,,,
07/05/2026,SANTA MARIA - SAN RAFAEL,Entrada,N,4,STA MARIA DE RAMOS,H3,16:20,16:21,-1,1,0
07/05/2026,SANTA MARIA - SAN RAFAEL,Entrada,N,4,STA MARIA DE RAMOS,H4,20:20,,,,
07/05/2026,SANTA MARIA - SAN RAFAEL,Entrada,N,5,SAN RAFAEL,H1,20:05,,,,
07/05/2026,SANTA MARIA - SAN RAFAEL,Entrada,N,5,SAN RAFAEL,H2,04:35,04:28,7,1,0
07/05/2026,SANTA MARIA - SAN RAFAEL,Entrada,N,5,SAN RAFAEL,H3,16:35,16:32,3,1,0
07/05/2026,SANTA MARIA - SAN RAFAEL,Entrada,N,5,SAN RAFAEL,H4,20:35,,,,
07/05/2026,SANTA MARIA - SAN RAFAEL,Entrada,N,6,NAVIDAD,H1,20:10,,,,
07/05/2026,SANTA MARIA - SAN RAFAEL,Entrada,N,6,NAVIDAD,H2,04:40,,,,
07/05/2026,SANTA MARIA - SAN RAFAEL,Entrada,N,6,NAVIDAD,H3,16:40,16:45,-5,1,0
07/05/2026,SANTA MARIA - SAN RAFAEL,Entrada,N,6,NAVIDAD,H4,20:40,,,,
07/05/2026,SANTA MARIA - SAN RAFAEL,Entrada,N,7,ENTRONQUE HUACHICHIL,H1,20:40,,,,
07/05/2026,SANTA MARIA - SAN RAFAEL,Entrada,N,7,ENTRONQUE HUACHICHIL,H2,05:10,05:04,6,1,0
07/05/2026,SANTA MARIA - SAN RAFAEL,Entrada,N,7,ENTRONQUE HUACHICHIL,H3,17:10,17:08,2,1,0
07/05/2026,SANTA MARIA - SAN RAFAEL,Entrada,N,7,ENTRONQUE HUACHICHIL,H4,21:10,,,,
07/05/2026,SANTA MARIA - SAN RAFAEL,Entrada,N,8,METALSA,H1,21:20,,,,
07/05/2026,SANTA MARIA - SAN RAFAEL,Entrada,N,8,METALSA,H2,05:50,05:35,15,1,0
07/05/2026,SANTA MARIA - SAN RAFAEL,Entrada,N,8,METALSA,H3,17:50,17:39,11,1,0
07/05/2026,SANTA MARIA - SAN RAFAEL,Entrada,N,8,METALSA,H4,21:50,,,,
07/05/2026,SANTA MARIA - SAN RAFAEL,Salida,N,1,METALSA,H1,15:30,,,,
07/05/2026,SANTA MARIA - SAN RAFAEL,Salida,N,1,METALSA,H2,06:15,06:16,-1,1,0
07/05/2026,SANTA MARIA - SAN RAFAEL,Salida,N,1,METALSA,H3,18:15,18:17,-2,1,0
07/05/2026,SANTA MARIA - SAN RAFAEL,Salida,N,2,ENTRONQUE HUACHICHIL,H1,15:31,,,,
07/05/2026,SANTA MARIA - SAN RAFAEL,Salida,N,2,ENTRONQUE HUACHICHIL,H2,06:16,06:47,-31,1,0
07/05/2026,SANTA MARIA - SAN RAFAEL,Salida,N,2,ENTRONQUE HUACHICHIL,H3,18:16,18:45,-29,1,0
07/05/2026,SANTA MARIA - SAN RAFAEL,Salida,N,3,NAVIDAD,H1,15:32,,,,
07/05/2026,SANTA MARIA - SAN RAFAEL,Salida,N,3,NAVIDAD,H2,06:17,07:19,-62,1,0
07/05/2026,SANTA MARIA - SAN RAFAEL,Salida,N,3,NAVIDAD,H3,18:17,19:11,-54,1,0
07/05/2026,SANTA MARIA - SAN RAFAEL,Salida,N,4,SAN RAFAEL,H1,15:33,,,,
07/05/2026,SANTA MARIA - SAN RAFAEL,Salida,N,4,SAN RAFAEL,H2,06:18,,,,
07/05/2026,SANTA MARIA - SAN RAFAEL,Salida,N,4,SAN RAFAEL,H3,18:18,,,,
07/05/2026,SANTA MARIA - SAN RAFAEL,Salida,N,5,STA MARIA DE RAMOS,H1,16:50,,,,
07/05/2026,SANTA MARIA - SAN RAFAEL,Salida,N,5,STA MARIA DE RAMOS,H2,07:35,07:36,-1,1,0
07/05/2026,SANTA MARIA - SAN RAFAEL,Salida,N,5,STA MARIA DE RAMOS,H3,19:35,19:31,4,1,0
07/05/2026,SANTA MARIA - SAN RAFAEL,Salida,N,6,LA CONCHA,H1,16:55,,,,
07/05/2026,SANTA MARIA - SAN RAFAEL,Salida,N,6,LA CONCHA,H2,07:45,,,,
07/05/2026,SANTA MARIA - SAN RAFAEL,Salida,N,6,LA CONCHA,H3,19:40,19:36,4,1,0
07/05/2026,SANTA MARIA - SAN RAFAEL,Salida,N,7,LA HEDIONDA,H1,17:30,,,,
07/05/2026,SANTA MARIA - SAN RAFAEL,Salida,N,7,LA HEDIONDA,H2,08:00,,,,
07/05/2026,SANTA MARIA - SAN RAFAEL,Salida,N,7,LA HEDIONDA,H3,20:15,19:50,25,1,0
07/05/2026,SANTA MARIA - SAN RAFAEL,Salida,N,8,SAN JOSE ALAMITO,H1,17:55,,,,
07/05/2026,SANTA MARIA - SAN RAFAEL,Salida,N,8,SAN JOSE ALAMITO,H2,08:25,,,,
07/05/2026,SANTA MARIA - SAN RAFAEL,Salida,N,8,SAN JOSE ALAMITO,H3,20:35,20:12,23,1,0
07/05/2026,SECUENCIADOS,Entrada,A,1,CARR. SALTILLO-ZACATECAS,H1,05:45,,,,
07/05/2026,SECUENCIADOS,Entrada,A,1,CARR. SALTILLO-ZACATECAS,H2,17:45,,,,
07/05/2026,SECUENCIADOS,Entrada,A,1,CARR. SALTILLO-ZACATECAS,H3,21:15,,,,
07/05/2026,SECUENCIADOS,Entrada,A,1,CARR. SALTILLO-ZACATECAS,H4,21:45,,,,
07/05/2026,SECUENCIADOS,Entrada,A,2,METALSA,H1,05:50,,,,
07/05/2026,SECUENCIADOS,Entrada,A,2,METALSA,H2,17:50,,,,
07/05/2026,SECUENCIADOS,Entrada,A,2,METALSA,H3,21:20,,,,
07/05/2026,SECUENCIADOS,Entrada,A,2,METALSA,H4,21:50,,,,
07/05/2026,SECUENCIADOS,Salida,A,1,METALSA,H1,05:50,,,,
07/05/2026,SECUENCIADOS,Salida,A,1,METALSA,H2,17:50,,,,
07/05/2026,SECUENCIADOS,Salida,A,1,METALSA,H3,21:20,,,,
07/05/2026,SECUENCIADOS,Salida,A,2,CARR. SALTILLO-ZACATECAS,H1,05:45,,,,
07/05/2026,SECUENCIADOS,Salida,A,2,CARR. SALTILLO-ZACATECAS,H2,17:45,,,,
07/05/2026,SECUENCIADOS,Salida,A,2,CARR. SALTILLO-ZACATECAS,H3,21:15,,,,
07/05/2026,TANQUE DEL CERRO - LA VENTURA,Entrada,A,1,TANQUE DEL CERRO,H1,19:15,,,,
07/05/2026,TANQUE DEL CERRO - LA VENTURA,Entrada,A,1,TANQUE DEL CERRO,H2,03:45,,,,
07/05/2026,TANQUE DEL CERRO - LA VENTURA,Entrada,A,1,TANQUE DEL CERRO,H3,15:45,,,,
07/05/2026,TANQUE DEL CERRO - LA VENTURA,Entrada,A,1,TANQUE DEL CERRO,H4,19:45,,,,
07/05/2026,TANQUE DEL CERRO - LA VENTURA,Entrada,A,2,LA VENTURA,H1,19:35,,,,
07/05/2026,TANQUE DEL CERRO - LA VENTURA,Entrada,A,2,LA VENTURA,H2,04:05,,,,
07/05/2026,TANQUE DEL CERRO - LA VENTURA,Entrada,A,2,LA VENTURA,H3,16:05,,,,
07/05/2026,TANQUE DEL CERRO - LA VENTURA,Entrada,A,2,LA VENTURA,H4,20:05,,,,
07/05/2026,TANQUE DEL CERRO - LA VENTURA,Entrada,A,3,PURISIMA,H1,19:45,,,,
07/05/2026,TANQUE DEL CERRO - LA VENTURA,Entrada,A,3,PURISIMA,H2,04:15,,,,
07/05/2026,TANQUE DEL CERRO - LA VENTURA,Entrada,A,3,PURISIMA,H3,16:15,,,,
07/05/2026,TANQUE DEL CERRO - LA VENTURA,Entrada,A,3,PURISIMA,H4,20:15,,,,
07/05/2026,TANQUE DEL CERRO - LA VENTURA,Entrada,A,4,PRESA SAN PEDRO,H1,19:55,,,,
07/05/2026,TANQUE DEL CERRO - LA VENTURA,Entrada,A,4,PRESA SAN PEDRO,H2,04:25,,,,
07/05/2026,TANQUE DEL CERRO - LA VENTURA,Entrada,A,4,PRESA SAN PEDRO,H3,16:25,,,,
07/05/2026,TANQUE DEL CERRO - LA VENTURA,Entrada,A,4,PRESA SAN PEDRO,H4,20:25,,,,
07/05/2026,TANQUE DEL CERRO - LA VENTURA,Entrada,A,5,TANQUE ESCONDIDO,H1,20:10,,,,
07/05/2026,TANQUE DEL CERRO - LA VENTURA,Entrada,A,5,TANQUE ESCONDIDO,H2,04:40,,,,
07/05/2026,TANQUE DEL CERRO - LA VENTURA,Entrada,A,5,TANQUE ESCONDIDO,H3,16:40,,,,
07/05/2026,TANQUE DEL CERRO - LA VENTURA,Entrada,A,5,TANQUE ESCONDIDO,H4,20:40,,,,
07/05/2026,TANQUE DEL CERRO - LA VENTURA,Entrada,A,6,GUADALUPE VICTORIA,H1,20:38,,,,
07/05/2026,TANQUE DEL CERRO - LA VENTURA,Entrada,A,6,GUADALUPE VICTORIA,H2,05:08,,,,
07/05/2026,TANQUE DEL CERRO - LA VENTURA,Entrada,A,6,GUADALUPE VICTORIA,H3,17:08,,,,
07/05/2026,TANQUE DEL CERRO - LA VENTURA,Entrada,A,6,GUADALUPE VICTORIA,H4,21:08,,,,
07/05/2026,TANQUE DEL CERRO - LA VENTURA,Entrada,A,7,METALSA,H1,21:20,,,,
07/05/2026,TANQUE DEL CERRO - LA VENTURA,Entrada,A,7,METALSA,H2,05:50,,,,
07/05/2026,TANQUE DEL CERRO - LA VENTURA,Entrada,A,7,METALSA,H3,17:50,,,,
07/05/2026,TANQUE DEL CERRO - LA VENTURA,Entrada,A,7,METALSA,H4,21:50,,,,
07/05/2026,TANQUE DEL CERRO - LA VENTURA,Salida,N,1,METALSA,H1,15:30,,,,
07/05/2026,TANQUE DEL CERRO - LA VENTURA,Salida,N,1,METALSA,H2,06:15,06:16,-1,1,0
07/05/2026,TANQUE DEL CERRO - LA VENTURA,Salida,N,1,METALSA,H3,18:15,18:08,7,1,0
07/05/2026,TANQUE DEL CERRO - LA VENTURA,Salida,N,2,GUADALUPE VICTORIA,H1,16:00,,,,
07/05/2026,TANQUE DEL CERRO - LA VENTURA,Salida,N,2,GUADALUPE VICTORIA,H2,06:40,,,,
07/05/2026,TANQUE DEL CERRO - LA VENTURA,Salida,N,2,GUADALUPE VICTORIA,H3,18:40,,,,
07/05/2026,TANQUE DEL CERRO - LA VENTURA,Salida,N,3,TANQUE ESCONDIDO,H1,16:01,,,,
07/05/2026,TANQUE DEL CERRO - LA VENTURA,Salida,N,3,TANQUE ESCONDIDO,H2,06:41,07:26,-45,1,0
07/05/2026,TANQUE DEL CERRO - LA VENTURA,Salida,N,3,TANQUE ESCONDIDO,H3,18:41,19:22,-41,1,0
07/05/2026,TANQUE DEL CERRO - LA VENTURA,Salida,N,4,PRESA SAN PEDRO,H1,16:02,,,,
07/05/2026,TANQUE DEL CERRO - LA VENTURA,Salida,N,4,PRESA SAN PEDRO,H2,06:42,07:33,-51,1,0
07/05/2026,TANQUE DEL CERRO - LA VENTURA,Salida,N,4,PRESA SAN PEDRO,H3,18:42,19:28,-46,1,0
07/05/2026,TANQUE DEL CERRO - LA VENTURA,Salida,N,5,PURISIMA,H1,16:03,,,,
07/05/2026,TANQUE DEL CERRO - LA VENTURA,Salida,N,5,PURISIMA,H2,06:43,07:44,-61,1,0
07/05/2026,TANQUE DEL CERRO - LA VENTURA,Salida,N,5,PURISIMA,H3,18:43,19:41,-58,1,0
07/05/2026,TANQUE DEL CERRO - LA VENTURA,Salida,N,6,LA VENTURA,H1,17:00,,,,
07/05/2026,TANQUE DEL CERRO - LA VENTURA,Salida,N,6,LA VENTURA,H2,06:44,07:58,-74,1,0
07/05/2026,TANQUE DEL CERRO - LA VENTURA,Salida,N,6,LA VENTURA,H3,19:45,19:55,-10,1,0
07/05/2026,TANQUE DEL CERRO - LA VENTURA,Salida,N,7,TANQUE DEL CERRO,H1,17:20,,,,
07/05/2026,TANQUE DEL CERRO - LA VENTURA,Salida,N,7,TANQUE DEL CERRO,H2,08:05,08:09,-4,1,0
07/05/2026,TANQUE DEL CERRO - LA VENTURA,Salida,N,7,TANQUE DEL CERRO,H3,20:05,,,,
07/05/2026,TANQUE NUEVO,Entrada,A,1,MATEHUAPIL,H1,18:20,,,,
07/05/2026,TANQUE NUEVO,Entrada,A,1,MATEHUAPIL,H2,02:50,,,,
07/05/2026,TANQUE NUEVO,Entrada,A,1,MATEHUAPIL,H3,02:50,,,,
07/05/2026,TANQUE NUEVO,Entrada,A,1,MATEHUAPIL,H4,14:50,,,,
07/05/2026,TANQUE NUEVO,Entrada,A,1,MATEHUAPIL,H5,14:50,,,,
07/05/2026,TANQUE NUEVO,Entrada,A,1,MATEHUAPIL,H6,18:50,,,,
07/05/2026,TANQUE NUEVO,Entrada,A,2,TANQUE NUEVO,H1,18:30,,,,
07/05/2026,TANQUE NUEVO,Entrada,A,2,TANQUE NUEVO,H2,03:00,,,,
07/05/2026,TANQUE NUEVO,Entrada,A,2,TANQUE NUEVO,H3,03:00,,,,
07/05/2026,TANQUE NUEVO,Entrada,A,2,TANQUE NUEVO,H4,15:00,,,,
07/05/2026,TANQUE NUEVO,Entrada,A,2,TANQUE NUEVO,H5,15:00,,,,
07/05/2026,TANQUE NUEVO,Entrada,A,2,TANQUE NUEVO,H6,19:00,,,,
07/05/2026,TANQUE NUEVO,Entrada,A,3,CLAVELLINAS,H1,18:50,,,,
07/05/2026,TANQUE NUEVO,Entrada,A,3,CLAVELLINAS,H2,03:20,,,,
07/05/2026,TANQUE NUEVO,Entrada,A,3,CLAVELLINAS,H3,03:20,,,,
07/05/2026,TANQUE NUEVO,Entrada,A,3,CLAVELLINAS,H4,15:20,,,,
07/05/2026,TANQUE NUEVO,Entrada,A,3,CLAVELLINAS,H5,15:20,,,,
07/05/2026,TANQUE NUEVO,Entrada,A,3,CLAVELLINAS,H6,19:20,,,,
07/05/2026,TANQUE NUEVO,Entrada,A,4,EL SALVADOR,H1,19:10,,,,
07/05/2026,TANQUE NUEVO,Entrada,A,4,EL SALVADOR,H2,03:40,,,,
07/05/2026,TANQUE NUEVO,Entrada,A,4,EL SALVADOR,H3,03:40,00:15,205,1,0
07/05/2026,TANQUE NUEVO,Entrada,A,4,EL SALVADOR,H4,15:40,,,,
07/05/2026,TANQUE NUEVO,Entrada,A,4,EL SALVADOR,H5,15:40,,,,
07/05/2026,TANQUE NUEVO,Entrada,A,4,EL SALVADOR,H6,19:40,,,,
07/05/2026,TANQUE NUEVO,Entrada,A,5,LA VENTURA,H1,19:30,,,,
07/05/2026,TANQUE NUEVO,Entrada,A,5,LA VENTURA,H2,04:00,00:04,236,1,0
07/05/2026,TANQUE NUEVO,Entrada,A,5,LA VENTURA,H3,04:00,00:15,225,1,0
07/05/2026,TANQUE NUEVO,Entrada,A,5,LA VENTURA,H4,16:00,,,,
07/05/2026,TANQUE NUEVO,Entrada,A,5,LA VENTURA,H5,16:00,,,,
07/05/2026,TANQUE NUEVO,Entrada,A,5,LA VENTURA,H6,20:10,,,,
07/05/2026,TANQUE NUEVO,Entrada,A,6,PRESA SAN PEDRO,H1,19:45,,,,
07/05/2026,TANQUE NUEVO,Entrada,A,6,PRESA SAN PEDRO,H2,04:15,00:04,251,1,0
07/05/2026,TANQUE NUEVO,Entrada,A,6,PRESA SAN PEDRO,H3,04:15,00:16,239,1,0
07/05/2026,TANQUE NUEVO,Entrada,A,6,PRESA SAN PEDRO,H4,16:15,,,,
07/05/2026,TANQUE NUEVO,Entrada,A,6,PRESA SAN PEDRO,H5,16:15,,,,
07/05/2026,TANQUE NUEVO,Entrada,A,6,PRESA SAN PEDRO,H6,20:35,,,,
07/05/2026,TANQUE NUEVO,Entrada,A,7,TANQUE ESCONDIDO,H1,19:55,,,,
07/05/2026,TANQUE NUEVO,Entrada,A,7,TANQUE ESCONDIDO,H2,04:25,,,,
07/05/2026,TANQUE NUEVO,Entrada,A,7,TANQUE ESCONDIDO,H3,04:25,00:16,249,1,0
07/05/2026,TANQUE NUEVO,Entrada,A,7,TANQUE ESCONDIDO,H4,16:25,,,,
07/05/2026,TANQUE NUEVO,Entrada,A,7,TANQUE ESCONDIDO,H5,16:25,,,,
07/05/2026,TANQUE NUEVO,Entrada,A,7,TANQUE ESCONDIDO,H6,20:45,,,,
07/05/2026,TANQUE NUEVO,Entrada,A,8,METALSA,H1,21:20,,,,
07/05/2026,TANQUE NUEVO,Entrada,A,8,METALSA,H2,05:50,,,,
07/05/2026,TANQUE NUEVO,Entrada,A,8,METALSA,H3,05:50,,,,
07/05/2026,TANQUE NUEVO,Entrada,A,8,METALSA,H4,17:50,,,,
07/05/2026,TANQUE NUEVO,Entrada,A,8,METALSA,H5,17:50,,,,
07/05/2026,TANQUE NUEVO,Entrada,A,8,METALSA,H6,21:50,,,,
07/05/2026,TANQUE NUEVO,Salida,N,1,METALSA,H1,15:30,,,,
07/05/2026,TANQUE NUEVO,Salida,N,1,METALSA,H2,06:15,00:06,369,1,0
07/05/2026,TANQUE NUEVO,Salida,N,1,METALSA,H3,06:15,,,,
07/05/2026,TANQUE NUEVO,Salida,N,1,METALSA,H4,18:15,,,,
07/05/2026,TANQUE NUEVO,Salida,N,1,METALSA,H5,18:15,,,,
07/05/2026,TANQUE NUEVO,Salida,N,2,TANQUE ESCONDIDO,H1,16:55,,,,
07/05/2026,TANQUE NUEVO,Salida,N,2,TANQUE ESCONDIDO,H2,07:40,00:07,453,1,0
07/05/2026,TANQUE NUEVO,Salida,N,2,TANQUE ESCONDIDO,H3,07:40,00:19,441,1,0
07/05/2026,TANQUE NUEVO,Salida,N,2,TANQUE ESCONDIDO,H4,19:40,00:19,441,,0
07/05/2026,TANQUE NUEVO,Salida,N,2,TANQUE ESCONDIDO,H5,19:40,00:19,441,,0
07/05/2026,TANQUE NUEVO,Salida,N,3,PRESA SAN PEDRO,H1,17:05,,,,
07/05/2026,TANQUE NUEVO,Salida,N,3,PRESA SAN PEDRO,H2,07:50,00:07,463,1,0
07/05/2026,TANQUE NUEVO,Salida,N,3,PRESA SAN PEDRO,H3,07:50,00:19,451,1,0
07/05/2026,TANQUE NUEVO,Salida,N,3,PRESA SAN PEDRO,H4,19:50,00:19,451,,0
07/05/2026,TANQUE NUEVO,Salida,N,3,PRESA SAN PEDRO,H5,19:50,00:19,451,,0
07/05/2026,TANQUE NUEVO,Salida,N,4,LA VENTURA,H1,17:20,,,,
07/05/2026,TANQUE NUEVO,Salida,N,4,LA VENTURA,H2,08:05,00:07,478,1,0
07/05/2026,TANQUE NUEVO,Salida,N,4,LA VENTURA,H3,08:05,00:19,466,1,0
07/05/2026,TANQUE NUEVO,Salida,N,4,LA VENTURA,H4,20:05,00:19,466,,0
07/05/2026,TANQUE NUEVO,Salida,N,4,LA VENTURA,H5,20:05,00:19,466,,0
07/05/2026,TANQUE NUEVO,Salida,N,5,EL SALVADOR,H1,17:40,,,,
07/05/2026,TANQUE NUEVO,Salida,N,5,EL SALVADOR,H2,08:25,,,,
07/05/2026,TANQUE NUEVO,Salida,N,5,EL SALVADOR,H3,08:25,,,,
07/05/2026,TANQUE NUEVO,Salida,N,5,EL SALVADOR,H4,20:25,,,,
07/05/2026,TANQUE NUEVO,Salida,N,5,EL SALVADOR,H5,20:25,,,,
07/05/2026,TANQUE NUEVO,Salida,N,6,CLAVELLINAS,H1,18:00,,,,
07/05/2026,TANQUE NUEVO,Salida,N,6,CLAVELLINAS,H2,08:45,,,,
07/05/2026,TANQUE NUEVO,Salida,N,6,CLAVELLINAS,H3,08:45,,,,
07/05/2026,TANQUE NUEVO,Salida,N,6,CLAVELLINAS,H4,20:45,,,,
07/05/2026,TANQUE NUEVO,Salida,N,6,CLAVELLINAS,H5,20:45,,,,
07/05/2026,TANQUE NUEVO,Salida,N,7,TANQUE NUEVO,H1,18:20,,,,
07/05/2026,TANQUE NUEVO,Salida,N,7,TANQUE NUEVO,H2,09:05,,,,
07/05/2026,TANQUE NUEVO,Salida,N,7,TANQUE NUEVO,H3,09:05,,,,
07/05/2026,TANQUE NUEVO,Salida,N,7,TANQUE NUEVO,H4,21:05,,,,
07/05/2026,TANQUE NUEVO,Salida,N,7,TANQUE NUEVO,H5,21:05,,,,
07/05/2026,TANQUE NUEVO,Salida,N,8,MATEHUAPIL,H1,18:30,,,,
07/05/2026,TANQUE NUEVO,Salida,N,8,MATEHUAPIL,H2,09:15,,,,
07/05/2026,TANQUE NUEVO,Salida,N,8,MATEHUAPIL,H3,09:15,,,,
07/05/2026,TANQUE NUEVO,Salida,N,8,MATEHUAPIL,H4,21:15,,,,
07/05/2026,TANQUE NUEVO,Salida,N,8,MATEHUAPIL,H5,21:15,,,,
07/05/2026,TERESITAS,Entrada,N,1,BLVD ANTONIO CARDENAS Y HUACHICHILES,H1,05:05,05:04,1,1,0
07/05/2026,TERESITAS,Entrada,N,1,BLVD ANTONIO CARDENAS Y HUACHICHILES,H2,17:05,17:03,2,1,0
07/05/2026,TERESITAS,Entrada,N,1,BLVD ANTONIO CARDENAS Y HUACHICHILES,H3,20:35,,,,
07/05/2026,TERESITAS,Entrada,N,1,BLVD ANTONIO CARDENAS Y HUACHICHILES,H4,21:05,,,,
07/05/2026,TERESITAS,Entrada,N,2,RAYADOS Y HUACHICHILES,H1,05:10,05:08,2,1,0
07/05/2026,TERESITAS,Entrada,N,2,RAYADOS Y HUACHICHILES,H2,17:10,17:09,1,1,0
07/05/2026,TERESITAS,Entrada,N,2,RAYADOS Y HUACHICHILES,H3,20:40,,,,
07/05/2026,TERESITAS,Entrada,N,2,RAYADOS Y HUACHICHILES,H4,21:10,,,,
07/05/2026,TERESITAS,Entrada,N,3,SIERRA DE ZAPALINAME Y AV TERESITAS,H1,05:15,05:13,2,1,0
07/05/2026,TERESITAS,Entrada,N,3,SIERRA DE ZAPALINAME Y AV TERESITAS,H2,17:15,17:14,1,1,0
07/05/2026,TERESITAS,Entrada,N,3,SIERRA DE ZAPALINAME Y AV TERESITAS,H3,20:45,,,,
07/05/2026,TERESITAS,Entrada,N,3,SIERRA DE ZAPALINAME Y AV TERESITAS,H4,21:15,,,,
07/05/2026,TERESITAS,Entrada,N,4,AV TERESITAS Y BLVD ANTONIO CARDENAS,H1,05:22,05:19,3,1,0
07/05/2026,TERESITAS,Entrada,N,4,AV TERESITAS Y BLVD ANTONIO CARDENAS,H2,17:22,17:21,1,1,0
07/05/2026,TERESITAS,Entrada,N,4,AV TERESITAS Y BLVD ANTONIO CARDENAS,H3,20:52,,,,
07/05/2026,TERESITAS,Entrada,N,4,AV TERESITAS Y BLVD ANTONIO CARDENAS,H4,21:22,,,,
07/05/2026,TERESITAS,Entrada,N,5,LA ENCANTADA,H1,05:28,05:21,7,1,0
07/05/2026,TERESITAS,Entrada,N,5,LA ENCANTADA,H2,17:28,17:23,5,1,0
07/05/2026,TERESITAS,Entrada,N,5,LA ENCANTADA,H3,20:58,,,,
07/05/2026,TERESITAS,Entrada,N,5,LA ENCANTADA,H4,21:28,,,,
07/05/2026,TERESITAS,Entrada,N,6,CAAR. SALTILLO-ZACATECAS,H1,05:32,05:24,8,1,0
07/05/2026,TERESITAS,Entrada,N,6,CAAR. SALTILLO-ZACATECAS,H2,17:32,17:26,6,1,0
07/05/2026,TERESITAS,Entrada,N,6,CAAR. SALTILLO-ZACATECAS,H3,21:02,,,,
07/05/2026,TERESITAS,Entrada,N,6,CAAR. SALTILLO-ZACATECAS,H4,21:30,,,,
07/05/2026,TERESITAS,Entrada,N,7,METALSA,H1,05:50,05:43,7,1,0
07/05/2026,TERESITAS,Entrada,N,7,METALSA,H2,17:50,17:40,10,1,0
07/05/2026,TERESITAS,Entrada,N,7,METALSA,H3,21:20,,,,
07/05/2026,TERESITAS,Entrada,N,7,METALSA,H4,21:50,,,,
07/05/2026,TERESITAS,Salida,N,1,METALSA,H1,06:15,06:16,-1,1,0
07/05/2026,TERESITAS,Salida,N,1,METALSA,H2,15:30,,,,
07/05/2026,TERESITAS,Salida,N,1,METALSA,H3,18:15,18:14,1,1,0
07/05/2026,TERESITAS,Salida,N,2,CARR. SALTILLO-ZACATECAS,H1,06:33,06:32,1,1,0
07/05/2026,TERESITAS,Salida,N,2,CARR. SALTILLO-ZACATECAS,H2,15:48,,,,
07/05/2026,TERESITAS,Salida,N,2,CARR. SALTILLO-ZACATECAS,H3,18:33,18:45,-12,1,0
07/05/2026,TERESITAS,Salida,N,3,LA ENCANTADA,H1,06:37,,,,
07/05/2026,TERESITAS,Salida,N,3,LA ENCANTADA,H2,15:52,,,,
07/05/2026,TERESITAS,Salida,N,3,LA ENCANTADA,H3,18:37,18:48,-11,1,0
07/05/2026,TERESITAS,Salida,N,4,AV TERESITAS Y BLVD ANTONIO CARDENAS,H1,06:43,,,,
07/05/2026,TERESITAS,Salida,N,4,AV TERESITAS Y BLVD ANTONIO CARDENAS,H2,15:58,,,,
07/05/2026,TERESITAS,Salida,N,4,AV TERESITAS Y BLVD ANTONIO CARDENAS,H3,18:43,,,,
07/05/2026,TERESITAS,Salida,N,5,SIERRA DE ZAPALINAME Y AV TERESITAS,H1,06:50,,,,
07/05/2026,TERESITAS,Salida,N,5,SIERRA DE ZAPALINAME Y AV TERESITAS,H2,16:05,,,,
07/05/2026,TERESITAS,Salida,N,5,SIERRA DE ZAPALINAME Y AV TERESITAS,H3,18:50,18:57,-7,1,0
07/05/2026,TERESITAS,Salida,N,6,RAYADOS Y HUACHICHILES,H1,06:55,,,,
07/05/2026,TERESITAS,Salida,N,6,RAYADOS Y HUACHICHILES,H2,16:10,,,,
07/05/2026,TERESITAS,Salida,N,6,RAYADOS Y HUACHICHILES,H3,18:55,,,,
07/05/2026,TERESITAS,Salida,N,7,BLVD ANTONIO CARDENAS Y HUACHICHILES,H1,07:00,,,,
07/05/2026,TERESITAS,Salida,N,7,BLVD ANTONIO CARDENAS Y HUACHICHILES,H2,16:15,,,,
07/05/2026,TERESITAS,Salida,N,7,BLVD ANTONIO CARDENAS Y HUACHICHILES,H3,19:00,,,,
07/05/2026,VALENCIA,Entrada,N,1,LA RIOJA Y JEREZ,H1,04:30,04:30,0,1,0
07/05/2026,VALENCIA,Entrada,N,1,LA RIOJA Y JEREZ,H2,16:30,16:29,1,1,0
07/05/2026,VALENCIA,Entrada,N,1,LA RIOJA Y JEREZ,H3,20:00,,,,
07/05/2026,VALENCIA,Entrada,N,1,LA RIOJA Y JEREZ,H4,20:30,,,,
07/05/2026,VALENCIA,Entrada,N,2,PERIFERICO LEA Y VITO ALESSIO,H1,04:40,04:45,-5,1,0
07/05/2026,VALENCIA,Entrada,N,2,PERIFERICO LEA Y VITO ALESSIO,H2,16:40,16:43,-3,1,0
07/05/2026,VALENCIA,Entrada,N,2,PERIFERICO LEA Y VITO ALESSIO,H3,20:10,,,,
07/05/2026,VALENCIA,Entrada,N,2,PERIFERICO LEA Y VITO ALESSIO,H4,20:40,,,,
07/05/2026,VALENCIA,Entrada,N,3,CARLOS S. Y RANCHO DE PEÑA,H1,04:45,04:51,-6,1,0
07/05/2026,VALENCIA,Entrada,N,3,CARLOS S. Y RANCHO DE PEÑA,H2,16:45,16:50,-5,1,0
07/05/2026,VALENCIA,Entrada,N,3,CARLOS S. Y RANCHO DE PEÑA,H3,20:15,,,,
07/05/2026,VALENCIA,Entrada,N,3,CARLOS S. Y RANCHO DE PEÑA,H4,20:45,,,,
07/05/2026,VALENCIA,Entrada,N,4,ALVARO OBREGON,H1,04:55,04:56,-1,1,0
07/05/2026,VALENCIA,Entrada,N,4,ALVARO OBREGON,H2,16:55,16:56,-1,1,0
07/05/2026,VALENCIA,Entrada,N,4,ALVARO OBREGON,H3,20:25,,,,
07/05/2026,VALENCIA,Entrada,N,4,ALVARO OBREGON,H4,20:55,,,,
07/05/2026,VALENCIA,Entrada,N,5,MIGUEL HIDALGO Y PEDRO ARANDA,H1,05:00,05:07,-7,1,0
07/05/2026,VALENCIA,Entrada,N,5,MIGUEL HIDALGO Y PEDRO ARANDA,H2,17:00,17:09,-9,1,0
07/05/2026,VALENCIA,Entrada,N,5,MIGUEL HIDALGO Y PEDRO ARANDA,H3,20:30,,,,
07/05/2026,VALENCIA,Entrada,N,5,MIGUEL HIDALGO Y PEDRO ARANDA,H4,21:00,,,,
07/05/2026,VALENCIA,Entrada,N,6,PERIFERICO LEA Y W. GONZALEZ,H1,05:05,05:12,-7,1,0
07/05/2026,VALENCIA,Entrada,N,6,PERIFERICO LEA Y W. GONZALEZ,H2,17:05,17:14,-9,1,0
07/05/2026,VALENCIA,Entrada,N,6,PERIFERICO LEA Y W. GONZALEZ,H3,20:35,,,,
07/05/2026,VALENCIA,Entrada,N,6,PERIFERICO LEA Y W. GONZALEZ,H4,21:05,,,,
07/05/2026,VALENCIA,Entrada,N,7,CTO DE LA CAÑADA Y BLVD CARDENAS,H1,05:15,05:19,-4,1,0
07/05/2026,VALENCIA,Entrada,N,7,CTO DE LA CAÑADA Y BLVD CARDENAS,H2,17:15,17:20,-5,1,0
07/05/2026,VALENCIA,Entrada,N,7,CTO DE LA CAÑADA Y BLVD CARDENAS,H3,20:45,,,,
07/05/2026,VALENCIA,Entrada,N,7,CTO DE LA CAÑADA Y BLVD CARDENAS,H4,21:15,,,,
07/05/2026,VALENCIA,Entrada,N,8,METALSA,H1,05:50,05:45,5,1,0
07/05/2026,VALENCIA,Entrada,N,8,METALSA,H2,17:50,17:39,11,1,0
07/05/2026,VALENCIA,Entrada,N,8,METALSA,H3,21:20,,,,
07/05/2026,VALENCIA,Entrada,N,8,METALSA,H4,21:50,,,,
07/05/2026,VALENCIA,Salida,N,1,METALSA,H1,06:15,06:16,-1,1,0
07/05/2026,VALENCIA,Salida,N,1,METALSA,H2,15:30,,,,
07/05/2026,VALENCIA,Salida,N,1,METALSA,H3,18:15,18:16,-1,1,0
07/05/2026,VALENCIA,Salida,N,2,CTO DE LA CAÑADA Y BLVD CARDENAS,H1,06:50,06:38,12,1,0
07/05/2026,VALENCIA,Salida,N,2,CTO DE LA CAÑADA Y BLVD CARDENAS,H2,16:05,,,,
07/05/2026,VALENCIA,Salida,N,2,CTO DE LA CAÑADA Y BLVD CARDENAS,H3,18:50,18:52,-2,1,0
07/05/2026,VALENCIA,Salida,N,3,PERIFERICO LEA Y W. GONZALEZ,H1,07:00,06:43,17,1,0
07/05/2026,VALENCIA,Salida,N,3,PERIFERICO LEA Y W. GONZALEZ,H2,16:15,,,,
07/05/2026,VALENCIA,Salida,N,3,PERIFERICO LEA Y W. GONZALEZ,H3,19:00,18:59,1,1,0
07/05/2026,VALENCIA,Salida,N,4,MIGUEL HIDALGO Y PEDRO ARANDA,H1,07:05,06:48,17,1,0
07/05/2026,VALENCIA,Salida,N,4,MIGUEL HIDALGO Y PEDRO ARANDA,H2,16:20,,,,
07/05/2026,VALENCIA,Salida,N,4,MIGUEL HIDALGO Y PEDRO ARANDA,H3,19:05,19:04,1,1,0
07/05/2026,VALENCIA,Salida,N,5,ALVARO OBREGON,H1,07:10,,,,
07/05/2026,VALENCIA,Salida,N,5,ALVARO OBREGON,H2,16:25,,,,
07/05/2026,VALENCIA,Salida,N,5,ALVARO OBREGON,H3,19:10,19:16,-6,1,0
07/05/2026,VALENCIA,Salida,N,6,CARLOS S. Y RANCHO DE PEÑA,H1,07:20,07:10,10,1,0
07/05/2026,VALENCIA,Salida,N,6,CARLOS S. Y RANCHO DE PEÑA,H2,16:35,,,,
07/05/2026,VALENCIA,Salida,N,6,CARLOS S. Y RANCHO DE PEÑA,H3,19:20,19:22,-2,1,0
07/05/2026,VALENCIA,Salida,N,7,PERIFERICO LEA Y VITO ALESSIO,H1,07:25,07:13,12,1,0
07/05/2026,VALENCIA,Salida,N,7,PERIFERICO LEA Y VITO ALESSIO,H2,16:40,,,,
07/05/2026,VALENCIA,Salida,N,7,PERIFERICO LEA Y VITO ALESSIO,H3,19:25,,,,
07/05/2026,VALENCIA,Salida,N,8,LA RIOJA Y JEREZ,H1,07:35,,,,
07/05/2026,VALENCIA,Salida,N,8,LA RIOJA Y JEREZ,H2,16:50,,,,
07/05/2026,VALENCIA,Salida,N,8,LA RIOJA Y JEREZ,H3,19:35,19:45,-10,1,0
07/05/2026,ZARAGOZA,Entrada,N,1,FCO. EALY ORTIZ Y EUCALIPTO,H1,04:25,04:35,-10,1,0
07/05/2026,ZARAGOZA,Entrada,N,1,FCO. EALY ORTIZ Y EUCALIPTO,H2,16:25,16:27,-2,1,0
07/05/2026,ZARAGOZA,Entrada,N,1,FCO. EALY ORTIZ Y EUCALIPTO,H3,19:55,,,,
07/05/2026,ZARAGOZA,Entrada,N,1,FCO. EALY ORTIZ Y EUCALIPTO,H4,20:25,,,,
07/05/2026,ZARAGOZA,Entrada,N,2,CHOPO Y EUCALIPTO,H1,04:26,04:35,-9,1,0
07/05/2026,ZARAGOZA,Entrada,N,2,CHOPO Y EUCALIPTO,H2,16:26,16:28,-2,1,0
07/05/2026,ZARAGOZA,Entrada,N,2,CHOPO Y EUCALIPTO,H3,19:56,,,,
07/05/2026,ZARAGOZA,Entrada,N,2,CHOPO Y EUCALIPTO,H4,20:26,,,,
07/05/2026,ZARAGOZA,Entrada,N,3,FUNDADORES Y BLVD. MIRASIERRA,H1,04:36,04:43,-7,1,0
07/05/2026,ZARAGOZA,Entrada,N,3,FUNDADORES Y BLVD. MIRASIERRA,H2,16:36,16:39,-3,1,0
07/05/2026,ZARAGOZA,Entrada,N,3,FUNDADORES Y BLVD. MIRASIERRA,H3,20:06,,,,
07/05/2026,ZARAGOZA,Entrada,N,3,FUNDADORES Y BLVD. MIRASIERRA,H4,20:36,,,,
07/05/2026,ZARAGOZA,Entrada,N,4,CALLE 34 Y JUAN NAVARRO,H1,04:51,05:00,-9,1,0
07/05/2026,ZARAGOZA,Entrada,N,4,CALLE 34 Y JUAN NAVARRO,H2,16:51,16:56,-5,1,0
07/05/2026,ZARAGOZA,Entrada,N,4,CALLE 34 Y JUAN NAVARRO,H3,20:21,,,,
07/05/2026,ZARAGOZA,Entrada,N,4,CALLE 34 Y JUAN NAVARRO,H4,20:51,,,,
07/05/2026,ZARAGOZA,Entrada,N,5,PERIF LEA Y 12 DE OCTUBRE (FIRST CASH),H1,05:03,05:16,-13,1,0
07/05/2026,ZARAGOZA,Entrada,N,5,PERIF LEA Y 12 DE OCTUBRE (FIRST CASH),H2,17:03,17:11,-8,1,0
07/05/2026,ZARAGOZA,Entrada,N,5,PERIF LEA Y 12 DE OCTUBRE (FIRST CASH),H3,20:33,,,,
07/05/2026,ZARAGOZA,Entrada,N,5,PERIF LEA Y 12 DE OCTUBRE (FIRST CASH),H4,21:03,,,,
07/05/2026,ZARAGOZA,Entrada,N,6,GIMNACIO MUNICIPAL,H1,05:05,05:18,-13,1,0
07/05/2026,ZARAGOZA,Entrada,N,6,GIMNACIO MUNICIPAL,H2,17:05,17:12,-7,1,0
07/05/2026,ZARAGOZA,Entrada,N,6,GIMNACIO MUNICIPAL,H3,20:35,,,,
07/05/2026,ZARAGOZA,Entrada,N,6,GIMNACIO MUNICIPAL,H4,21:05,,,,
07/05/2026,ZARAGOZA,Entrada,N,7,L.E.A. Y J. MERY,H1,05:07,05:20,-13,1,0
07/05/2026,ZARAGOZA,Entrada,N,7,L.E.A. Y J. MERY,H2,17:07,17:14,-7,1,0
07/05/2026,ZARAGOZA,Entrada,N,7,L.E.A. Y J. MERY,H3,20:37,,,,
07/05/2026,ZARAGOZA,Entrada,N,7,L.E.A. Y J. MERY,H4,21:07,,,,
07/05/2026,ZARAGOZA,Entrada,N,8,VILLA UNIVERSIDAD,H1,05:09,05:22,-13,1,0
07/05/2026,ZARAGOZA,Entrada,N,8,VILLA UNIVERSIDAD,H2,17:09,17:16,-7,1,0
07/05/2026,ZARAGOZA,Entrada,N,8,VILLA UNIVERSIDAD,H3,20:39,,,,
07/05/2026,ZARAGOZA,Entrada,N,8,VILLA UNIVERSIDAD,H4,21:09,,,,
07/05/2026,ZARAGOZA,Entrada,N,9,ARIZPE DE LA MAZA Y CARR. 54,H1,05:15,05:25,-10,1,0
07/05/2026,ZARAGOZA,Entrada,N,9,ARIZPE DE LA MAZA Y CARR. 54,H2,17:15,17:19,-4,1,0
07/05/2026,ZARAGOZA,Entrada,N,9,ARIZPE DE LA MAZA Y CARR. 54,H3,20:45,,,,
07/05/2026,ZARAGOZA,Entrada,N,9,ARIZPE DE LA MAZA Y CARR. 54,H4,21:15,,,,
07/05/2026,ZARAGOZA,Entrada,N,10,METALSA,H1,05:50,05:53,-3,1,0
07/05/2026,ZARAGOZA,Entrada,N,10,METALSA,H2,17:50,17:40,10,1,0
07/05/2026,ZARAGOZA,Entrada,N,10,METALSA,H3,21:20,,,,
07/05/2026,ZARAGOZA,Entrada,N,10,METALSA,H4,21:50,,,,
07/05/2026,ZARAGOZA,Salida,N,1,METALSA,H1,06:15,,,,
07/05/2026,ZARAGOZA,Salida,N,1,METALSA,H2,15:30,,,,
07/05/2026,ZARAGOZA,Salida,N,1,METALSA,H3,18:15,18:16,-1,1,0
07/05/2026,ZARAGOZA,Salida,N,2,ARIZPE DE LA MAZA Y CARR. 54,H1,06:44,,,,
07/05/2026,ZARAGOZA,Salida,N,2,ARIZPE DE LA MAZA Y CARR. 54,H2,15:59,,,,
07/05/2026,ZARAGOZA,Salida,N,2,ARIZPE DE LA MAZA Y CARR. 54,H3,18:44,,,,
07/05/2026,ZARAGOZA,Salida,N,3,VILLA UNIVERSIDAD,H1,06:46,,,,
07/05/2026,ZARAGOZA,Salida,N,3,VILLA UNIVERSIDAD,H2,16:01,,,,
07/05/2026,ZARAGOZA,Salida,N,3,VILLA UNIVERSIDAD,H3,18:45,,,,
07/05/2026,ZARAGOZA,Salida,N,4,L.E.A. Y J. MERY,H1,06:49,,,,
07/05/2026,ZARAGOZA,Salida,N,4,L.E.A. Y J. MERY,H2,16:04,,,,
07/05/2026,ZARAGOZA,Salida,N,4,L.E.A. Y J. MERY,H3,18:49,,,,
07/05/2026,ZARAGOZA,Salida,N,5,GIMNACIO MUNICIPAL,H1,06:51,,,,
07/05/2026,ZARAGOZA,Salida,N,5,GIMNACIO MUNICIPAL,H2,16:06,,,,
07/05/2026,ZARAGOZA,Salida,N,5,GIMNACIO MUNICIPAL,H3,18:51,18:56,-5,1,0
07/05/2026,ZARAGOZA,Salida,N,6,PERIF LEA Y 12 DE OCTUBRE (FIRST CASH),H1,07:00,,,,
07/05/2026,ZARAGOZA,Salida,N,6,PERIF LEA Y 12 DE OCTUBRE (FIRST CASH),H2,16:10,,,,
07/05/2026,ZARAGOZA,Salida,N,6,PERIF LEA Y 12 DE OCTUBRE (FIRST CASH),H3,19:00,19:00,0,1,0
07/05/2026,ZARAGOZA,Salida,N,7,CALLE 34 Y JUAN NAVARRO,H1,07:04,,,,
07/05/2026,ZARAGOZA,Salida,N,7,CALLE 34 Y JUAN NAVARRO,H2,16:19,,,,
07/05/2026,ZARAGOZA,Salida,N,7,CALLE 34 Y JUAN NAVARRO,H3,19:04,19:17,-13,1,0
07/05/2026,ZARAGOZA,Salida,N,8,FUNDADORES Y BLVD. MIRASIERRA,H1,07:19,,,,
07/05/2026,ZARAGOZA,Salida,N,8,FUNDADORES Y BLVD. MIRASIERRA,H2,16:34,,,,
07/05/2026,ZARAGOZA,Salida,N,8,FUNDADORES Y BLVD. MIRASIERRA,H3,19:19,,,,
07/05/2026,ZARAGOZA,Salida,N,9,CHOPO Y EUCALIPTO,H1,07:29,,,,
07/05/2026,ZARAGOZA,Salida,N,9,CHOPO Y EUCALIPTO,H2,16:44,,,,
07/05/2026,ZARAGOZA,Salida,N,9,CHOPO Y EUCALIPTO,H3,19:29,,,,
07/05/2026,ZARAGOZA,Salida,N,10,FCO. EALY ORTIZ Y EUCALIPTO,H1,07:30,,,,
07/05/2026,ZARAGOZA,Salida,N,10,FCO. EALY ORTIZ Y EUCALIPTO,H2,16:45,,,,
07/05/2026,ZARAGOZA,Salida,N,10,FCO. EALY ORTIZ Y EUCALIPTO,H3,19:30,,,,
08/05/2026,EL PEÑUELO,Entrada,A,1,LA VENTURA,H1,19:00,,,,
08/05/2026,EL PEÑUELO,Entrada,A,1,LA VENTURA,H2,03:30,,,,
08/05/2026,EL PEÑUELO,Entrada,A,1,LA VENTURA,H3,15:30,,,,
08/05/2026,EL PEÑUELO,Entrada,A,1,LA VENTURA,H4,19:30,,,,
08/05/2026,EL PEÑUELO,Entrada,A,2,METALSA,H1,21:20,,,,
08/05/2026,EL PEÑUELO,Entrada,A,2,METALSA,H2,05:50,,,,
08/05/2026,EL PEÑUELO,Entrada,A,2,METALSA,H3,17:50,,,,
08/05/2026,EL PEÑUELO,Entrada,A,2,METALSA,H4,21:50,,,,
08/05/2026,EL PEÑUELO,Salida,N,1,METALSA,H1,15:30,,,,
08/05/2026,EL PEÑUELO,Salida,N,1,METALSA,H2,06:15,06:17,-2,1,0
08/05/2026,EL PEÑUELO,Salida,N,1,METALSA,H3,18:15,,,,
08/05/2026,EL PEÑUELO,Salida,N,2,LA VENTURA,H1,17:50,,,,
08/05/2026,EL PEÑUELO,Salida,N,2,LA VENTURA,H2,08:35,,,,
08/05/2026,EL PEÑUELO,Salida,N,2,LA VENTURA,H3,20:35,,,,
08/05/2026,EL SALITRE,Entrada,A,1,SALITRE,H1,19:20,,,,
08/05/2026,EL SALITRE,Entrada,A,1,SALITRE,H2,03:50,,,,
08/05/2026,EL SALITRE,Entrada,A,1,SALITRE,H3,15:50,,,,
08/05/2026,EL SALITRE,Entrada,A,1,SALITRE,H4,19:50,,,,
08/05/2026,EL SALITRE,Entrada,A,2,BENITO JUAREZ,H1,19:25,,,,
08/05/2026,EL SALITRE,Entrada,A,2,BENITO JUAREZ,H2,03:55,,,,
08/05/2026,EL SALITRE,Entrada,A,2,BENITO JUAREZ,H3,15:55,,,,
08/05/2026,EL SALITRE,Entrada,A,2,BENITO JUAREZ,H4,19:55,,,,
08/05/2026,EL SALITRE,Entrada,A,3,EL MEZQUITE,H1,19:40,,,,
08/05/2026,EL SALITRE,Entrada,A,3,EL MEZQUITE,H2,04:10,,,,
08/05/2026,EL SALITRE,Entrada,A,3,EL MEZQUITE,H3,16:10,,,,
08/05/2026,EL SALITRE,Entrada,A,3,EL MEZQUITE,H4,20:10,,,,
08/05/2026,EL SALITRE,Entrada,A,4,PRESA DE LOS MUCHAHCOS,H1,19:55,,,,
08/05/2026,EL SALITRE,Entrada,A,4,PRESA DE LOS MUCHAHCOS,H2,04:25,,,,
08/05/2026,EL SALITRE,Entrada,A,4,PRESA DE LOS MUCHAHCOS,H3,16:25,,,,
08/05/2026,EL SALITRE,Entrada,A,4,PRESA DE LOS MUCHAHCOS,H4,20:25,,,,
08/05/2026,EL SALITRE,Entrada,A,5,AGUA NUEVA,H1,20:43,,,,
08/05/2026,EL SALITRE,Entrada,A,5,AGUA NUEVA,H2,05:13,,,,
08/05/2026,EL SALITRE,Entrada,A,5,AGUA NUEVA,H3,17:13,,,,
08/05/2026,EL SALITRE,Entrada,A,5,AGUA NUEVA,H4,21:13,,,,
08/05/2026,EL SALITRE,Entrada,A,6,METALSA,H1,21:20,,,,
08/05/2026,EL SALITRE,Entrada,A,6,METALSA,H2,05:50,,,,
08/05/2026,EL SALITRE,Entrada,A,6,METALSA,H3,17:50,,,,
08/05/2026,EL SALITRE,Entrada,A,6,METALSA,H4,21:50,,,,
08/05/2026,EL SALITRE,Salida,N,1,METALSA,H1,15:30,,,,
08/05/2026,EL SALITRE,Salida,N,1,METALSA,H2,06:15,06:15,0,1,0
08/05/2026,EL SALITRE,Salida,N,1,METALSA,H3,18:15,,,,
08/05/2026,EL SALITRE,Salida,N,2,AGUA NUEVA,H1,15:31,,,,
08/05/2026,EL SALITRE,Salida,N,2,AGUA NUEVA,H2,06:16,06:38,-22,1,0
08/05/2026,EL SALITRE,Salida,N,2,AGUA NUEVA,H3,18:16,,,,
08/05/2026,EL SALITRE,Salida,N,3,PRESA DE LOS MUCHAHCOS,H1,16:55,,,,
08/05/2026,EL SALITRE,Salida,N,3,PRESA DE LOS MUCHAHCOS,H2,07:40,06:56,44,1,0
08/05/2026,EL SALITRE,Salida,N,3,PRESA DE LOS MUCHAHCOS,H3,19:40,,,,
08/05/2026,EL SALITRE,Salida,N,4,EL MEZQUITE,H1,17:10,,,,
08/05/2026,EL SALITRE,Salida,N,4,EL MEZQUITE,H2,07:55,,,,
08/05/2026,EL SALITRE,Salida,N,4,EL MEZQUITE,H3,19:55,,,,
08/05/2026,EL SALITRE,Salida,N,5,BENITO JUAREZ,H1,17:25,,,,
08/05/2026,EL SALITRE,Salida,N,5,BENITO JUAREZ,H2,08:10,,,,
08/05/2026,EL SALITRE,Salida,N,5,BENITO JUAREZ,H3,20:10,,,,
08/05/2026,EL SALITRE,Salida,N,6,SALITRE,H1,17:30,,,,
08/05/2026,EL SALITRE,Salida,N,6,SALITRE,H2,08:15,,,,
08/05/2026,EL SALITRE,Salida,N,6,SALITRE,H3,20:15,,,,
08/05/2026,LA HEDIONDA,Entrada,N,1,LAS ESPERANZAS,H1,20:00,,,,
08/05/2026,LA HEDIONDA,Entrada,N,1,LAS ESPERANZAS,H2,04:30,04:30,0,1,0
08/05/2026,LA HEDIONDA,Entrada,N,1,LAS ESPERANZAS,H3,16:30,,,,
08/05/2026,LA HEDIONDA,Entrada,N,1,LAS ESPERANZAS,H4,20:30,,,,
08/05/2026,LA HEDIONDA,Entrada,N,2,HEDIONDA,H1,20:20,,,,
08/05/2026,LA HEDIONDA,Entrada,N,2,HEDIONDA,H2,04:50,,,,
08/05/2026,LA HEDIONDA,Entrada,N,2,HEDIONDA,H3,16:50,,,,
08/05/2026,LA HEDIONDA,Entrada,N,2,HEDIONDA,H4,20:50,,,,
08/05/2026,LA HEDIONDA,Entrada,N,3,METALSA,H1,21:20,,,,
08/05/2026,LA HEDIONDA,Entrada,N,3,METALSA,H2,05:50,05:40,10,1,0
08/05/2026,LA HEDIONDA,Entrada,N,3,METALSA,H3,17:50,,,,
08/05/2026,LA HEDIONDA,Entrada,N,3,METALSA,H4,21:50,,,,
08/05/2026,LA HEDIONDA,Salida,N,1,METALSA,H1,15:30,,,,
08/05/2026,LA HEDIONDA,Salida,N,1,METALSA,H2,06:15,,,,
08/05/2026,LA HEDIONDA,Salida,N,1,METALSA,H3,18:15,18:19,-4,1,0
08/05/2026,LA HEDIONDA,Salida,N,2,HEDIONDA,H1,16:30,,,,
08/05/2026,LA HEDIONDA,Salida,N,2,HEDIONDA,H2,07:15,,,,
08/05/2026,LA HEDIONDA,Salida,N,2,HEDIONDA,H3,19:15,,,,
08/05/2026,LA HEDIONDA,Salida,N,3,LAS ESPERANZAS,H1,16:50,,,,
08/05/2026,LA HEDIONDA,Salida,N,3,LAS ESPERANZAS,H2,07:35,,,,
08/05/2026,LA HEDIONDA,Salida,N,3,LAS ESPERANZAS,H3,19:35,,,,
08/05/2026,LA SAUCEDA,Entrada,N,1,LA SAUCEDA,H1,04:00,04:03,-3,1,0
08/05/2026,LA SAUCEDA,Entrada,N,1,LA SAUCEDA,H2,16:00,,,,
08/05/2026,LA SAUCEDA,Entrada,N,1,LA SAUCEDA,H3,19:30,,,,
08/05/2026,LA SAUCEDA,Entrada,N,1,LA SAUCEDA,H4,20:00,,,,
08/05/2026,LA SAUCEDA,Entrada,N,2,HIPOLITO,H1,04:15,04:19,-4,1,0
08/05/2026,LA SAUCEDA,Entrada,N,2,HIPOLITO,H2,16:15,,,,
08/05/2026,LA SAUCEDA,Entrada,N,2,HIPOLITO,H3,19:45,,,,
08/05/2026,LA SAUCEDA,Entrada,N,2,HIPOLITO,H4,20:15,,,,
08/05/2026,LA SAUCEDA,Entrada,N,3,SAN ANTONIO DEL JARAL,H1,04:32,04:42,-10,1,0
08/05/2026,LA SAUCEDA,Entrada,N,3,SAN ANTONIO DEL JARAL,H2,16:32,,,,
08/05/2026,LA SAUCEDA,Entrada,N,3,SAN ANTONIO DEL JARAL,H3,20:02,,,,
08/05/2026,LA SAUCEDA,Entrada,N,3,SAN ANTONIO DEL JARAL,H4,20:32,,,,
08/05/2026,LA SAUCEDA,Entrada,N,4,CASETA DE PLAN DE AYALA,H1,04:50,04:59,-9,1,0
08/05/2026,LA SAUCEDA,Entrada,N,4,CASETA DE PLAN DE AYALA,H2,16:50,,,,
08/05/2026,LA SAUCEDA,Entrada,N,4,CASETA DE PLAN DE AYALA,H3,20:20,,,,
08/05/2026,LA SAUCEDA,Entrada,N,4,CASETA DE PLAN DE AYALA,H4,20:42,,,,
08/05/2026,LA SAUCEDA,Entrada,N,5,METALSA,H1,05:50,05:42,8,1,0
08/05/2026,LA SAUCEDA,Entrada,N,5,METALSA,H2,17:50,,,,
08/05/2026,LA SAUCEDA,Entrada,N,5,METALSA,H3,21:20,,,,
08/05/2026,LA SAUCEDA,Entrada,N,5,METALSA,H4,21:50,,,,
08/05/2026,LA SAUCEDA,Salida,N,1,METALSA,H1,06:15,06:17,-2,1,0
08/05/2026,LA SAUCEDA,Salida,N,1,METALSA,H2,15:30,,,,
08/05/2026,LA SAUCEDA,Salida,N,1,METALSA,H3,18:15,,,,
08/05/2026,LA SAUCEDA,Salida,N,2,CASETA DE PLAN DE AYALA,H1,07:15,,,,
08/05/2026,LA SAUCEDA,Salida,N,2,CASETA DE PLAN DE AYALA,H2,16:30,,,,
08/05/2026,LA SAUCEDA,Salida,N,2,CASETA DE PLAN DE AYALA,H3,19:15,,,,
08/05/2026,LA SAUCEDA,Salida,N,3,SAN ANTONIO DEL JARAL,H1,07:33,,,,
08/05/2026,LA SAUCEDA,Salida,N,3,SAN ANTONIO DEL JARAL,H2,16:48,,,,
08/05/2026,LA SAUCEDA,Salida,N,3,SAN ANTONIO DEL JARAL,H3,19:33,,,,
08/05/2026,LA SAUCEDA,Salida,N,4,HIPOLITO,H1,07:50,,,,
08/05/2026,LA SAUCEDA,Salida,N,4,HIPOLITO,H2,17:05,,,,
08/05/2026,LA SAUCEDA,Salida,N,4,HIPOLITO,H3,19:50,,,,
08/05/2026,LA SAUCEDA,Salida,N,5,LA SAUCEDA,H1,08:05,,,,
08/05/2026,LA SAUCEDA,Salida,N,5,LA SAUCEDA,H2,17:20,,,,
08/05/2026,LA SAUCEDA,Salida,N,5,LA SAUCEDA,H3,20:05,,,,
08/05/2026,LOMA LINDA - URDIÑOLA,Entrada,N,1,MEZQUITE Y GORDOLOBO,H1,04:05,04:20,-15,1,0
08/05/2026,LOMA LINDA - URDIÑOLA,Entrada,N,1,MEZQUITE Y GORDOLOBO,H2,16:05,16:17,-12,1,0
08/05/2026,LOMA LINDA - URDIÑOLA,Entrada,N,1,MEZQUITE Y GORDOLOBO,H3,19:35,,,,
08/05/2026,LOMA LINDA - URDIÑOLA,Entrada,N,1,MEZQUITE Y GORDOLOBO,H4,20:05,,,,
08/05/2026,LOMA LINDA - URDIÑOLA,Entrada,N,2,MEZQUITE Y NUECES,H1,04:10,04:14,-4,1,0
08/05/2026,LOMA LINDA - URDIÑOLA,Entrada,N,2,MEZQUITE Y NUECES,H2,16:10,16:12,-2,1,0
08/05/2026,LOMA LINDA - URDIÑOLA,Entrada,N,2,MEZQUITE Y NUECES,H3,19:40,,,,
08/05/2026,LOMA LINDA - URDIÑOLA,Entrada,N,2,MEZQUITE Y NUECES,H4,20:10,,,,
08/05/2026,LOMA LINDA - URDIÑOLA,Entrada,N,3,BLVD SANTA LUCIA Y CALLE 7,H1,04:20,04:21,-1,1,0
08/05/2026,LOMA LINDA - URDIÑOLA,Entrada,N,3,BLVD SANTA LUCIA Y CALLE 7,H2,16:20,16:20,0,1,0
08/05/2026,LOMA LINDA - URDIÑOLA,Entrada,N,3,BLVD SANTA LUCIA Y CALLE 7,H3,19:50,,,,
08/05/2026,LOMA LINDA - URDIÑOLA,Entrada,N,3,BLVD SANTA LUCIA Y CALLE 7,H4,20:20,,,,
08/05/2026,LOMA LINDA - URDIÑOLA,Entrada,N,4,BLVD VALDES SANCHEZ Y (PLANTA LEAR),H1,04:30,04:32,-2,1,0
08/05/2026,LOMA LINDA - URDIÑOLA,Entrada,N,4,BLVD VALDES SANCHEZ Y (PLANTA LEAR),H2,16:30,16:35,-5,1,0
08/05/2026,LOMA LINDA - URDIÑOLA,Entrada,N,4,BLVD VALDES SANCHEZ Y (PLANTA LEAR),H3,20:00,,,,
08/05/2026,LOMA LINDA - URDIÑOLA,Entrada,N,4,BLVD VALDES SANCHEZ Y (PLANTA LEAR),H4,20:30,,,,
08/05/2026,LOMA LINDA - URDIÑOLA,Entrada,N,5,STA. GERTRUDIS Y STA. CECILIA (DEL ACUEDUCTO),H1,04:32,04:29,3,1,0
08/05/2026,LOMA LINDA - URDIÑOLA,Entrada,N,5,STA. GERTRUDIS Y STA. CECILIA (DEL ACUEDUCTO),H2,16:32,16:31,1,1,0
08/05/2026,LOMA LINDA - URDIÑOLA,Entrada,N,5,STA. GERTRUDIS Y STA. CECILIA (DEL ACUEDUCTO),H3,20:02,,,,
08/05/2026,LOMA LINDA - URDIÑOLA,Entrada,N,5,STA. GERTRUDIS Y STA. CECILIA (DEL ACUEDUCTO),H4,20:32,,,,
08/05/2026,LOMA LINDA - URDIÑOLA,Entrada,N,6,DEPOSITO DE AGUA FRACC PLAZA,H1,04:35,04:37,-2,1,0
08/05/2026,LOMA LINDA - URDIÑOLA,Entrada,N,6,DEPOSITO DE AGUA FRACC PLAZA,H2,16:35,16:40,-5,1,0
08/05/2026,LOMA LINDA - URDIÑOLA,Entrada,N,6,DEPOSITO DE AGUA FRACC PLAZA,H3,20:05,,,,
08/05/2026,LOMA LINDA - URDIÑOLA,Entrada,N,6,DEPOSITO DE AGUA FRACC PLAZA,H4,20:35,,,,
08/05/2026,LOMA LINDA - URDIÑOLA,Entrada,N,7,BLVD VALDES SANCHEZ Y BLVD MINERIA,H1,04:40,04:40,0,1,0
08/05/2026,LOMA LINDA - URDIÑOLA,Entrada,N,7,BLVD VALDES SANCHEZ Y BLVD MINERIA,H2,16:40,16:44,-4,1,0
08/05/2026,LOMA LINDA - URDIÑOLA,Entrada,N,7,BLVD VALDES SANCHEZ Y BLVD MINERIA,H3,20:10,,,,
08/05/2026,LOMA LINDA - URDIÑOLA,Entrada,N,7,BLVD VALDES SANCHEZ Y BLVD MINERIA,H4,20:40,,,,
08/05/2026,LOMA LINDA - URDIÑOLA,Entrada,N,8,REFORMA Y URDIÑOLA,H1,04:50,04:49,1,1,0
08/05/2026,LOMA LINDA - URDIÑOLA,Entrada,N,8,REFORMA Y URDIÑOLA,H2,16:50,16:52,-2,1,0
08/05/2026,LOMA LINDA - URDIÑOLA,Entrada,N,8,REFORMA Y URDIÑOLA,H3,20:20,,,,
08/05/2026,LOMA LINDA - URDIÑOLA,Entrada,N,8,REFORMA Y URDIÑOLA,H4,20:50,,,,
08/05/2026,LOMA LINDA - URDIÑOLA,Entrada,N,9,PROL. URDIÑOLA Y J. MERY,H1,04:55,04:56,-1,1,0
08/05/2026,LOMA LINDA - URDIÑOLA,Entrada,N,9,PROL. URDIÑOLA Y J. MERY,H2,16:55,17:01,-6,1,0
08/05/2026,LOMA LINDA - URDIÑOLA,Entrada,N,9,PROL. URDIÑOLA Y J. MERY,H3,20:25,,,,
08/05/2026,LOMA LINDA - URDIÑOLA,Entrada,N,9,PROL. URDIÑOLA Y J. MERY,H4,20:55,,,,
08/05/2026,LOMA LINDA - URDIÑOLA,Entrada,N,10,PROL URDIÑOLA Y PERIFERICO LEA,H1,05:00,05:01,-1,1,0
08/05/2026,LOMA LINDA - URDIÑOLA,Entrada,N,10,PROL URDIÑOLA Y PERIFERICO LEA,H2,17:00,17:11,-11,1,0
08/05/2026,LOMA LINDA - URDIÑOLA,Entrada,N,10,PROL URDIÑOLA Y PERIFERICO LEA,H3,20:30,,,,
08/05/2026,LOMA LINDA - URDIÑOLA,Entrada,N,10,PROL URDIÑOLA Y PERIFERICO LEA,H4,21:00,,,,
08/05/2026,LOMA LINDA - URDIÑOLA,Entrada,N,11,BLVD ANTONIO CARDENAS Y TEODORO SANCHEZ,H1,05:10,05:14,-4,1,0
08/05/2026,LOMA LINDA - URDIÑOLA,Entrada,N,11,BLVD ANTONIO CARDENAS Y TEODORO SANCHEZ,H2,17:10,17:23,-13,1,0
08/05/2026,LOMA LINDA - URDIÑOLA,Entrada,N,11,BLVD ANTONIO CARDENAS Y TEODORO SANCHEZ,H3,20:40,,,,
08/05/2026,LOMA LINDA - URDIÑOLA,Entrada,N,11,BLVD ANTONIO CARDENAS Y TEODORO SANCHEZ,H4,21:10,,,,
08/05/2026,LOMA LINDA - URDIÑOLA,Entrada,N,12,BLVD SANTA ELENA Y GUACALI,H1,05:20,05:22,-2,1,0
08/05/2026,LOMA LINDA - URDIÑOLA,Entrada,N,12,BLVD SANTA ELENA Y GUACALI,H2,17:20,17:41,-21,1,0
08/05/2026,LOMA LINDA - URDIÑOLA,Entrada,N,12,BLVD SANTA ELENA Y GUACALI,H3,20:50,,,,
08/05/2026,LOMA LINDA - URDIÑOLA,Entrada,N,12,BLVD SANTA ELENA Y GUACALI,H4,21:20,,,,
08/05/2026,LOMA LINDA - URDIÑOLA,Entrada,N,13,CARR. SALTILLO-ZACATECAS,H1,05:25,05:26,-1,1,0
08/05/2026,LOMA LINDA - URDIÑOLA,Entrada,N,13,CARR. SALTILLO-ZACATECAS,H2,17:25,17:42,-17,1,0
08/05/2026,LOMA LINDA - URDIÑOLA,Entrada,N,13,CARR. SALTILLO-ZACATECAS,H3,20:55,,,,
08/05/2026,LOMA LINDA - URDIÑOLA,Entrada,N,13,CARR. SALTILLO-ZACATECAS,H4,21:25,,,,
08/05/2026,LOMA LINDA - URDIÑOLA,Entrada,N,14,METALSA,H1,05:50,05:44,6,1,0
08/05/2026,LOMA LINDA - URDIÑOLA,Entrada,N,14,METALSA,H2,17:50,17:56,-6,1,0
08/05/2026,LOMA LINDA - URDIÑOLA,Entrada,N,14,METALSA,H3,21:20,,,,
08/05/2026,LOMA LINDA - URDIÑOLA,Entrada,N,14,METALSA,H4,21:50,,,,
08/05/2026,LOMA LINDA - URDIÑOLA,Salida,N,1,METALSA,H1,06:15,,,,
08/05/2026,LOMA LINDA - URDIÑOLA,Salida,N,1,METALSA,H2,15:30,,,,
08/05/2026,LOMA LINDA - URDIÑOLA,Salida,N,1,METALSA,H3,18:15,18:13,2,1,0
08/05/2026,LOMA LINDA - URDIÑOLA,Salida,N,2,CARR. SALTILLO-ZACATECAS,H1,06:29,,,,
08/05/2026,LOMA LINDA - URDIÑOLA,Salida,N,2,CARR. SALTILLO-ZACATECAS,H2,15:59,,,,
08/05/2026,LOMA LINDA - URDIÑOLA,Salida,N,2,CARR. SALTILLO-ZACATECAS,H3,18:29,,,,
08/05/2026,LOMA LINDA - URDIÑOLA,Salida,N,3,BLVD SANTA ELENA Y GUACALI,H1,06:30,06:29,1,1,0
08/05/2026,LOMA LINDA - URDIÑOLA,Salida,N,3,BLVD SANTA ELENA Y GUACALI,H2,16:00,,,,
08/05/2026,LOMA LINDA - URDIÑOLA,Salida,N,3,BLVD SANTA ELENA Y GUACALI,H3,18:30,18:38,-8,1,0
08/05/2026,LOMA LINDA - URDIÑOLA,Salida,N,4,BLVD ANTONIO CARDENAS Y TEODORO SANCHEZ,H1,06:31,,,,
08/05/2026,LOMA LINDA - URDIÑOLA,Salida,N,4,BLVD ANTONIO CARDENAS Y TEODORO SANCHEZ,H2,16:01,,,,
08/05/2026,LOMA LINDA - URDIÑOLA,Salida,N,4,BLVD ANTONIO CARDENAS Y TEODORO SANCHEZ,H3,18:31,,,,
08/05/2026,LOMA LINDA - URDIÑOLA,Salida,N,5,PROL URDIÑOLA Y PERIFERICO LEA,H1,06:32,,,,
08/05/2026,LOMA LINDA - URDIÑOLA,Salida,N,5,PROL URDIÑOLA Y PERIFERICO LEA,H2,16:02,,,,
08/05/2026,LOMA LINDA - URDIÑOLA,Salida,N,5,PROL URDIÑOLA Y PERIFERICO LEA,H3,18:32,,,,
08/05/2026,LOMA LINDA - URDIÑOLA,Salida,N,6,PROL. URDIÑOLA Y J. MERY,H1,06:33,,,,
08/05/2026,LOMA LINDA - URDIÑOLA,Salida,N,6,PROL. URDIÑOLA Y J. MERY,H2,16:03,,,,
08/05/2026,LOMA LINDA - URDIÑOLA,Salida,N,6,PROL. URDIÑOLA Y J. MERY,H3,18:33,,,,
08/05/2026,LOMA LINDA - URDIÑOLA,Salida,N,7,REFORMA Y URDIÑOLA,H1,06:34,,,,
08/05/2026,LOMA LINDA - URDIÑOLA,Salida,N,7,REFORMA Y URDIÑOLA,H2,16:04,,,,
08/05/2026,LOMA LINDA - URDIÑOLA,Salida,N,7,REFORMA Y URDIÑOLA,H3,18:34,19:11,-37,1,0
08/05/2026,LOMA LINDA - URDIÑOLA,Salida,N,8,BLVD VALDES SANCHEZ Y BLVD MINERIA,H1,06:55,,,,
08/05/2026,LOMA LINDA - URDIÑOLA,Salida,N,8,BLVD VALDES SANCHEZ Y BLVD MINERIA,H2,16:10,,,,
08/05/2026,LOMA LINDA - URDIÑOLA,Salida,N,8,BLVD VALDES SANCHEZ Y BLVD MINERIA,H3,18:55,,,,
08/05/2026,LOMA LINDA - URDIÑOLA,Salida,N,9,DEPOSITO DE AGUA FRACC PLAZA,H1,07:00,,,,
08/05/2026,LOMA LINDA - URDIÑOLA,Salida,N,9,DEPOSITO DE AGUA FRACC PLAZA,H2,16:15,,,,
08/05/2026,LOMA LINDA - URDIÑOLA,Salida,N,9,DEPOSITO DE AGUA FRACC PLAZA,H3,19:00,,,,
08/05/2026,LOMA LINDA - URDIÑOLA,Salida,N,10,BLVD VALDES SANCHEZ Y (PLANTA LEAR),H1,07:05,,,,
08/05/2026,LOMA LINDA - URDIÑOLA,Salida,N,10,BLVD VALDES SANCHEZ Y (PLANTA LEAR),H2,16:20,,,,
08/05/2026,LOMA LINDA - URDIÑOLA,Salida,N,10,BLVD VALDES SANCHEZ Y (PLANTA LEAR),H3,19:05,,,,
08/05/2026,LOMA LINDA - URDIÑOLA,Salida,N,11,BLVD SANTA LUCIA Y BLVD FUNDADORES,H1,07:15,,,,
08/05/2026,LOMA LINDA - URDIÑOLA,Salida,N,11,BLVD SANTA LUCIA Y BLVD FUNDADORES,H2,16:30,,,,
08/05/2026,LOMA LINDA - URDIÑOLA,Salida,N,11,BLVD SANTA LUCIA Y BLVD FUNDADORES,H3,19:15,,,,
08/05/2026,LOMA LINDA - URDIÑOLA,Salida,N,12,BLVD SANTA LUCIA Y CALLE 7,H1,07:16,,,,
08/05/2026,LOMA LINDA - URDIÑOLA,Salida,N,12,BLVD SANTA LUCIA Y CALLE 7,H2,16:31,,,,
08/05/2026,LOMA LINDA - URDIÑOLA,Salida,N,12,BLVD SANTA LUCIA Y CALLE 7,H3,19:16,,,,
08/05/2026,LOMA LINDA - URDIÑOLA,Salida,N,13,MEZQUITE Y NUECES,H1,07:25,,,,
08/05/2026,LOMA LINDA - URDIÑOLA,Salida,N,13,MEZQUITE Y NUECES,H2,16:40,,,,
08/05/2026,LOMA LINDA - URDIÑOLA,Salida,N,13,MEZQUITE Y NUECES,H3,19:25,,,,
08/05/2026,LOMA LINDA - URDIÑOLA,Salida,N,14,MEZQUITE Y GORDOLOBO,H1,07:30,07:06,24,1,0
08/05/2026,LOMA LINDA - URDIÑOLA,Salida,N,14,MEZQUITE Y GORDOLOBO,H2,16:45,,,,
08/05/2026,LOMA LINDA - URDIÑOLA,Salida,N,14,MEZQUITE Y GORDOLOBO,H3,19:30,19:36,-6,1,0
08/05/2026,LOS HOYOS - MACUYU,Entrada,A,1,LOS HOYOS,H1,03:20,,,,
08/05/2026,LOS HOYOS - MACUYU,Entrada,A,1,LOS HOYOS,H2,15:20,,,,
08/05/2026,LOS HOYOS - MACUYU,Entrada,A,1,LOS HOYOS,H3,18:50,,,,
08/05/2026,LOS HOYOS - MACUYU,Entrada,A,1,LOS HOYOS,H4,19:20,,,,
08/05/2026,LOS HOYOS - MACUYU,Entrada,A,2,HUARICHE,H1,03:38,,,,
08/05/2026,LOS HOYOS - MACUYU,Entrada,A,2,HUARICHE,H2,15:38,,,,
08/05/2026,LOS HOYOS - MACUYU,Entrada,A,2,HUARICHE,H3,19:08,,,,
08/05/2026,LOS HOYOS - MACUYU,Entrada,A,2,HUARICHE,H4,19:38,,,,
08/05/2026,LOS HOYOS - MACUYU,Entrada,A,3,PRESA DE GUADALUPE,H1,04:08,,,,
08/05/2026,LOS HOYOS - MACUYU,Entrada,A,3,PRESA DE GUADALUPE,H2,16:08,,,,
08/05/2026,LOS HOYOS - MACUYU,Entrada,A,3,PRESA DE GUADALUPE,H3,19:38,,,,
08/05/2026,LOS HOYOS - MACUYU,Entrada,A,3,PRESA DE GUADALUPE,H4,20:08,,,,
08/05/2026,LOS HOYOS - MACUYU,Entrada,A,4,MACUYU,H1,04:14,,,,
08/05/2026,LOS HOYOS - MACUYU,Entrada,A,4,MACUYU,H2,16:14,,,,
08/05/2026,LOS HOYOS - MACUYU,Entrada,A,4,MACUYU,H3,19:44,,,,
08/05/2026,LOS HOYOS - MACUYU,Entrada,A,4,MACUYU,H4,20:14,,,,
08/05/2026,LOS HOYOS - MACUYU,Entrada,A,5,DOS DE ABRIL,H1,04:24,,,,
08/05/2026,LOS HOYOS - MACUYU,Entrada,A,5,DOS DE ABRIL,H2,16:24,,,,
08/05/2026,LOS HOYOS - MACUYU,Entrada,A,5,DOS DE ABRIL,H3,19:54,,,,
08/05/2026,LOS HOYOS - MACUYU,Entrada,A,5,DOS DE ABRIL,H4,20:24,,,,
08/05/2026,LOS HOYOS - MACUYU,Entrada,A,6,LA PAZ,H1,04:50,,,,
08/05/2026,LOS HOYOS - MACUYU,Entrada,A,6,LA PAZ,H2,16:50,,,,
08/05/2026,LOS HOYOS - MACUYU,Entrada,A,6,LA PAZ,H3,20:20,,,,
08/05/2026,LOS HOYOS - MACUYU,Entrada,A,6,LA PAZ,H4,20:50,,,,
08/05/2026,LOS HOYOS - MACUYU,Entrada,A,7,DERRAMADERO,H1,05:08,,,,
08/05/2026,LOS HOYOS - MACUYU,Entrada,A,7,DERRAMADERO,H2,17:08,,,,
08/05/2026,LOS HOYOS - MACUYU,Entrada,A,7,DERRAMADERO,H3,20:38,,,,
08/05/2026,LOS HOYOS - MACUYU,Entrada,A,7,DERRAMADERO,H4,21:08,,,,
08/05/2026,LOS HOYOS - MACUYU,Entrada,A,8,METALSA,H1,05:50,05:46,4,1,0
08/05/2026,LOS HOYOS - MACUYU,Entrada,A,8,METALSA,H2,17:50,,,,
08/05/2026,LOS HOYOS - MACUYU,Entrada,A,8,METALSA,H3,21:20,,,,
08/05/2026,LOS HOYOS - MACUYU,Entrada,A,8,METALSA,H4,21:50,,,,
08/05/2026,LOS HOYOS - MACUYU,Salida,N,1,METALSA,H1,15:30,,,,
08/05/2026,LOS HOYOS - MACUYU,Salida,N,1,METALSA,H2,06:15,06:16,-1,1,0
08/05/2026,LOS HOYOS - MACUYU,Salida,N,1,METALSA,H3,18:15,18:16,-1,1,0
08/05/2026,LOS HOYOS - MACUYU,Salida,N,2,DERRAMADERO,H1,15:41,,,,
08/05/2026,LOS HOYOS - MACUYU,Salida,N,2,DERRAMADERO,H2,06:26,06:44,-18,1,0
08/05/2026,LOS HOYOS - MACUYU,Salida,N,2,DERRAMADERO,H3,18:26,,,,
08/05/2026,LOS HOYOS - MACUYU,Salida,N,3,LA PAZ,H1,15:42,,,,
08/05/2026,LOS HOYOS - MACUYU,Salida,N,3,LA PAZ,H2,06:27,07:05,-38,1,0
08/05/2026,LOS HOYOS - MACUYU,Salida,N,3,LA PAZ,H3,18:27,19:04,-37,1,0
08/05/2026,LOS HOYOS - MACUYU,Salida,N,4,DOS DE ABRIL,H1,15:44,,,,
08/05/2026,LOS HOYOS - MACUYU,Salida,N,4,DOS DE ABRIL,H2,06:29,07:30,-61,1,0
08/05/2026,LOS HOYOS - MACUYU,Salida,N,4,DOS DE ABRIL,H3,18:29,19:30,-61,1,0
08/05/2026,LOS HOYOS - MACUYU,Salida,N,5,MACUYU,H1,15:45,,,,
08/05/2026,LOS HOYOS - MACUYU,Salida,N,5,MACUYU,H2,06:30,07:38,-68,1,0
08/05/2026,LOS HOYOS - MACUYU,Salida,N,5,MACUYU,H3,18:30,19:35,-65,1,0
08/05/2026,LOS HOYOS - MACUYU,Salida,N,6,PRESA DE GUADALUPE,H1,16:00,,,,
08/05/2026,LOS HOYOS - MACUYU,Salida,N,6,PRESA DE GUADALUPE,H2,06:31,07:47,-76,1,0
08/05/2026,LOS HOYOS - MACUYU,Salida,N,6,PRESA DE GUADALUPE,H3,18:35,19:40,-65,1,0
08/05/2026,LOS HOYOS - MACUYU,Salida,N,7,HUARICHE,H1,17:18,,,,
08/05/2026,LOS HOYOS - MACUYU,Salida,N,7,HUARICHE,H2,08:03,,,,
08/05/2026,LOS HOYOS - MACUYU,Salida,N,7,HUARICHE,H3,20:03,,,,
08/05/2026,LOS HOYOS - MACUYU,Salida,N,8,LOS HOYOS,H1,17:30,,,,
08/05/2026,LOS HOYOS - MACUYU,Salida,N,8,LOS HOYOS,H2,08:15,,,,
08/05/2026,LOS HOYOS - MACUYU,Salida,N,8,LOS HOYOS,H3,20:15,,,,
08/05/2026,OTILIO,Entrada,N,1,CALLE 23 Y CALLE 16,H1,04:25,04:25,0,1,0
08/05/2026,OTILIO,Entrada,N,1,CALLE 23 Y CALLE 16,H2,16:25,16:25,0,1,0
08/05/2026,OTILIO,Entrada,N,1,CALLE 23 Y CALLE 16,H3,19:55,,,,
08/05/2026,OTILIO,Entrada,N,1,CALLE 23 Y CALLE 16,H4,20:25,,,,
08/05/2026,OTILIO,Entrada,N,2,MARMOL Y EMILIANO ZAPATA,H1,04:27,04:32,-5,1,0
08/05/2026,OTILIO,Entrada,N,2,MARMOL Y EMILIANO ZAPATA,H2,16:27,16:31,-4,1,0
08/05/2026,OTILIO,Entrada,N,2,MARMOL Y EMILIANO ZAPATA,H3,19:57,,,,
08/05/2026,OTILIO,Entrada,N,2,MARMOL Y EMILIANO ZAPATA,H4,20:27,,,,
08/05/2026,OTILIO,Entrada,N,3,LIBERTAD Y OTILIO,H1,04:31,04:36,-5,1,0
08/05/2026,OTILIO,Entrada,N,3,LIBERTAD Y OTILIO,H2,16:31,16:35,-4,1,0
08/05/2026,OTILIO,Entrada,N,3,LIBERTAD Y OTILIO,H3,20:01,,,,
08/05/2026,OTILIO,Entrada,N,3,LIBERTAD Y OTILIO,H4,20:31,,,,
08/05/2026,OTILIO,Entrada,N,4,ONCEAVA Y ESCUADRON DE LA AVIACION,H1,04:42,04:43,-1,1,0
08/05/2026,OTILIO,Entrada,N,4,ONCEAVA Y ESCUADRON DE LA AVIACION,H2,16:42,16:44,-2,1,0
08/05/2026,OTILIO,Entrada,N,4,ONCEAVA Y ESCUADRON DE LA AVIACION,H3,20:12,,,,
08/05/2026,OTILIO,Entrada,N,4,ONCEAVA Y ESCUADRON DE LA AVIACION,H4,20:42,,,,
08/05/2026,OTILIO,Entrada,N,5,BLVD JUAREZ Y MIGUEL HIDALGO,H1,04:52,04:53,-1,1,0
08/05/2026,OTILIO,Entrada,N,5,BLVD JUAREZ Y MIGUEL HIDALGO,H2,16:52,16:54,-2,1,0
08/05/2026,OTILIO,Entrada,N,5,BLVD JUAREZ Y MIGUEL HIDALGO,H3,20:22,,,,
08/05/2026,OTILIO,Entrada,N,5,BLVD JUAREZ Y MIGUEL HIDALGO,H4,20:52,,,,
08/05/2026,OTILIO,Entrada,N,6,IGNACIO ALLENDE Y CALLE 13,H1,04:58,04:57,1,1,0
08/05/2026,OTILIO,Entrada,N,6,IGNACIO ALLENDE Y CALLE 13,H2,16:58,16:58,0,1,0
08/05/2026,OTILIO,Entrada,N,6,IGNACIO ALLENDE Y CALLE 13,H3,20:28,,,,
08/05/2026,OTILIO,Entrada,N,6,IGNACIO ALLENDE Y CALLE 13,H4,20:58,,,,
08/05/2026,OTILIO,Entrada,N,7,LOMAS DE LOURDES Y LUIS PASTEUR,H1,05:06,05:04,2,1,0
08/05/2026,OTILIO,Entrada,N,7,LOMAS DE LOURDES Y LUIS PASTEUR,H2,17:06,17:05,1,1,0
08/05/2026,OTILIO,Entrada,N,7,LOMAS DE LOURDES Y LUIS PASTEUR,H3,20:36,,,,
08/05/2026,OTILIO,Entrada,N,7,LOMAS DE LOURDES Y LUIS PASTEUR,H4,21:06,,,,
08/05/2026,OTILIO,Entrada,N,8,CARR. SALTILLO-ZACATECAS,H1,05:15,,,,
08/05/2026,OTILIO,Entrada,N,8,CARR. SALTILLO-ZACATECAS,H2,17:15,,,,
08/05/2026,OTILIO,Entrada,N,8,CARR. SALTILLO-ZACATECAS,H3,20:45,,,,
08/05/2026,OTILIO,Entrada,N,8,CARR. SALTILLO-ZACATECAS,H4,21:15,,,,
08/05/2026,OTILIO,Entrada,N,9,METALSA,H1,05:50,05:36,14,1,0
08/05/2026,OTILIO,Entrada,N,9,METALSA,H2,17:50,17:29,21,1,0
08/05/2026,OTILIO,Entrada,N,9,METALSA,H3,21:20,,,,
08/05/2026,OTILIO,Entrada,N,9,METALSA,H4,21:50,,,,
08/05/2026,OTILIO,Salida,N,1,METALSA,H1,06:15,,,,
08/05/2026,OTILIO,Salida,N,1,METALSA,H2,15:30,,,,
08/05/2026,OTILIO,Salida,N,1,METALSA,H3,18:15,,,,
08/05/2026,OTILIO,Salida,N,2,CARR. SALTILLO-ZACATECAS,H1,06:50,,,,
08/05/2026,OTILIO,Salida,N,2,CARR. SALTILLO-ZACATECAS,H2,16:05,,,,
08/05/2026,OTILIO,Salida,N,2,CARR. SALTILLO-ZACATECAS,H3,18:50,,,,
08/05/2026,OTILIO,Salida,N,3,LOMAS DE LOURDES Y LUIS PASTEUR,H1,06:59,,,,
08/05/2026,OTILIO,Salida,N,3,LOMAS DE LOURDES Y LUIS PASTEUR,H2,16:14,,,,
08/05/2026,OTILIO,Salida,N,3,LOMAS DE LOURDES Y LUIS PASTEUR,H3,18:59,,,,
08/05/2026,OTILIO,Salida,N,4,IGNACIO ALLENDE Y CALLE 13,H1,07:07,,,,
08/05/2026,OTILIO,Salida,N,4,IGNACIO ALLENDE Y CALLE 13,H2,16:22,,,,
08/05/2026,OTILIO,Salida,N,4,IGNACIO ALLENDE Y CALLE 13,H3,19:07,,,,
08/05/2026,OTILIO,Salida,N,5,BLVD JUAREZ Y MIGUEL HIDALGO,H1,07:13,,,,
08/05/2026,OTILIO,Salida,N,5,BLVD JUAREZ Y MIGUEL HIDALGO,H2,16:28,,,,
08/05/2026,OTILIO,Salida,N,5,BLVD JUAREZ Y MIGUEL HIDALGO,H3,19:13,,,,
08/05/2026,OTILIO,Salida,N,6,ONCEAVA Y ESCUADRON DE LA AVIACION,H1,07:23,,,,
08/05/2026,OTILIO,Salida,N,6,ONCEAVA Y ESCUADRON DE LA AVIACION,H2,16:38,,,,
08/05/2026,OTILIO,Salida,N,6,ONCEAVA Y ESCUADRON DE LA AVIACION,H3,19:23,,,,
08/05/2026,OTILIO,Salida,N,7,LIBERTAD Y OTILIO,H1,07:34,,,,
08/05/2026,OTILIO,Salida,N,7,LIBERTAD Y OTILIO,H2,16:49,,,,
08/05/2026,OTILIO,Salida,N,7,LIBERTAD Y OTILIO,H3,19:34,,,,
08/05/2026,OTILIO,Salida,N,8,MARMOL Y EMILIANO ZAPATA,H1,07:38,,,,
08/05/2026,OTILIO,Salida,N,8,MARMOL Y EMILIANO ZAPATA,H2,16:53,,,,
08/05/2026,OTILIO,Salida,N,8,MARMOL Y EMILIANO ZAPATA,H3,19:38,,,,
08/05/2026,OTILIO,Salida,N,9,CALLE 23 Y CALLE 16,H1,07:40,,,,
08/05/2026,OTILIO,Salida,N,9,CALLE 23 Y CALLE 16,H2,16:55,,,,
08/05/2026,OTILIO,Salida,N,9,CALLE 23 Y CALLE 16,H3,19:40,,,,
08/05/2026,PARRAS CASETA,Entrada,A,1,RAMOS ARIZPE (PLAZA DEL RELOJ),H1,18:30,,,,
08/05/2026,PARRAS CASETA,Entrada,A,1,RAMOS ARIZPE (PLAZA DEL RELOJ),H2,03:00,,,,
08/05/2026,PARRAS CASETA,Entrada,A,1,RAMOS ARIZPE (PLAZA DEL RELOJ),H3,15:00,,,,
08/05/2026,PARRAS CASETA,Entrada,A,1,RAMOS ARIZPE (PLAZA DEL RELOJ),H4,19:00,,,,
08/05/2026,PARRAS CASETA,Entrada,A,2,HEROICO COLEGIO MILITAR Y MELCHOR OCAMPO (ALAMEDA),H1,18:32,,,,
08/05/2026,PARRAS CASETA,Entrada,A,2,HEROICO COLEGIO MILITAR Y MELCHOR OCAMPO (ALAMEDA),H2,03:02,,,,
08/05/2026,PARRAS CASETA,Entrada,A,2,HEROICO COLEGIO MILITAR Y MELCHOR OCAMPO (ALAMEDA),H3,15:02,,,,
08/05/2026,PARRAS CASETA,Entrada,A,2,HEROICO COLEGIO MILITAR Y MELCHOR OCAMPO (ALAMEDA),H4,19:02,,,,
08/05/2026,PARRAS CASETA,Entrada,A,3,FALCON Y FCO SARABIA (TORTILLERIA 4 CAMINO),H1,18:40,,,,
08/05/2026,PARRAS CASETA,Entrada,A,3,FALCON Y FCO SARABIA (TORTILLERIA 4 CAMINO),H2,03:10,,,,
08/05/2026,PARRAS CASETA,Entrada,A,3,FALCON Y FCO SARABIA (TORTILLERIA 4 CAMINO),H3,15:10,,,,
08/05/2026,PARRAS CASETA,Entrada,A,3,FALCON Y FCO SARABIA (TORTILLERIA 4 CAMINO),H4,19:10,,,,
08/05/2026,PARRAS CASETA,Entrada,A,4,OSCAR FLORES TAPIA y JAVIER MINA,H1,18:45,,,,
08/05/2026,PARRAS CASETA,Entrada,A,4,OSCAR FLORES TAPIA y JAVIER MINA,H2,03:15,,,,
08/05/2026,PARRAS CASETA,Entrada,A,4,OSCAR FLORES TAPIA y JAVIER MINA,H3,15:15,,,,
08/05/2026,PARRAS CASETA,Entrada,A,4,OSCAR FLORES TAPIA y JAVIER MINA,H4,19:15,,,,
08/05/2026,PARRAS CASETA,Entrada,A,5,CALZADA DEL MARQUEZ (OXXO GAS),H1,18:50,,,,
08/05/2026,PARRAS CASETA,Entrada,A,5,CALZADA DEL MARQUEZ (OXXO GAS),H2,03:20,,,,
08/05/2026,PARRAS CASETA,Entrada,A,5,CALZADA DEL MARQUEZ (OXXO GAS),H3,15:20,,,,
08/05/2026,PARRAS CASETA,Entrada,A,5,CALZADA DEL MARQUEZ (OXXO GAS),H4,19:20,,,,
08/05/2026,PARRAS CASETA,Entrada,A,6,16 DE SEPTIEMBRE (FABRICA DICKIES),H1,18:57,,,,
08/05/2026,PARRAS CASETA,Entrada,A,6,16 DE SEPTIEMBRE (FABRICA DICKIES),H2,03:27,,,,
08/05/2026,PARRAS CASETA,Entrada,A,6,16 DE SEPTIEMBRE (FABRICA DICKIES),H3,15:27,,,,
08/05/2026,PARRAS CASETA,Entrada,A,6,16 DE SEPTIEMBRE (FABRICA DICKIES),H4,19:27,,,,
08/05/2026,PARRAS CASETA,Entrada,A,7,EJIDO 28 AGOSTO,H1,19:25,,,,
08/05/2026,PARRAS CASETA,Entrada,A,7,EJIDO 28 AGOSTO,H2,03:55,,,,
08/05/2026,PARRAS CASETA,Entrada,A,7,EJIDO 28 AGOSTO,H3,15:55,,,,
08/05/2026,PARRAS CASETA,Entrada,A,7,EJIDO 28 AGOSTO,H4,19:55,,,,
08/05/2026,PARRAS CASETA,Entrada,A,8,KM 42,H1,19:45,,,,
08/05/2026,PARRAS CASETA,Entrada,A,8,KM 42,H2,04:15,,,,
08/05/2026,PARRAS CASETA,Entrada,A,8,KM 42,H3,16:15,,,,
08/05/2026,PARRAS CASETA,Entrada,A,8,KM 42,H4,20:15,,,,
08/05/2026,PARRAS CASETA,Entrada,A,9,EJIDO JALPA,H1,19:50,,,,
08/05/2026,PARRAS CASETA,Entrada,A,9,EJIDO JALPA,H2,04:20,,,,
08/05/2026,PARRAS CASETA,Entrada,A,9,EJIDO JALPA,H3,16:20,,,,
08/05/2026,PARRAS CASETA,Entrada,A,9,EJIDO JALPA,H4,20:20,,,,
08/05/2026,PARRAS CASETA,Entrada,A,10,METALSA,H1,21:20,,,,
08/05/2026,PARRAS CASETA,Entrada,A,10,METALSA,H2,05:50,,,,
08/05/2026,PARRAS CASETA,Entrada,A,10,METALSA,H3,17:50,,,,
08/05/2026,PARRAS CASETA,Entrada,A,10,METALSA,H4,21:50,,,,
08/05/2026,PARRAS CASETA,Salida,N,1,METALSA,H1,15:30,,,,
08/05/2026,PARRAS CASETA,Salida,N,1,METALSA,H2,06:15,06:19,-4,1,0
08/05/2026,PARRAS CASETA,Salida,N,1,METALSA,H3,18:15,,,,
08/05/2026,PARRAS CASETA,Salida,N,2,EJIDO PAILA,H1,15:45,,,,
08/05/2026,PARRAS CASETA,Salida,N,2,EJIDO PAILA,H2,06:30,,,,
08/05/2026,PARRAS CASETA,Salida,N,2,EJIDO PAILA,H3,18:30,,,,
08/05/2026,PARRAS CASETA,Salida,N,3,KM 42,H1,15:50,,,,
08/05/2026,PARRAS CASETA,Salida,N,3,KM 42,H2,06:35,,,,
08/05/2026,PARRAS CASETA,Salida,N,3,KM 42,H3,18:35,,,,
08/05/2026,PARRAS CASETA,Salida,N,4,EJIDO 28 AGOSTO,H1,17:10,,,,
08/05/2026,PARRAS CASETA,Salida,N,4,EJIDO 28 AGOSTO,H2,07:55,,,,
08/05/2026,PARRAS CASETA,Salida,N,4,EJIDO 28 AGOSTO,H3,19:55,,,,
08/05/2026,PARRAS CASETA,Salida,N,5,16 DE SEPTIEMBRE (FABRICA DICKIES),H1,17:45,,,,
08/05/2026,PARRAS CASETA,Salida,N,5,16 DE SEPTIEMBRE (FABRICA DICKIES),H2,08:30,,,,
08/05/2026,PARRAS CASETA,Salida,N,5,16 DE SEPTIEMBRE (FABRICA DICKIES),H3,20:30,,,,
08/05/2026,PARRAS CASETA,Salida,N,6,CALZADA DEL MARQUEZ (OXXO GAS),H1,17:55,,,,
08/05/2026,PARRAS CASETA,Salida,N,6,CALZADA DEL MARQUEZ (OXXO GAS),H2,08:40,,,,
08/05/2026,PARRAS CASETA,Salida,N,6,CALZADA DEL MARQUEZ (OXXO GAS),H3,20:40,20:34,6,1,0
08/05/2026,PARRAS CASETA,Salida,N,7,OSCAR FLORES TAPIA y JAVIER MINA,H1,18:00,,,,
08/05/2026,PARRAS CASETA,Salida,N,7,OSCAR FLORES TAPIA y JAVIER MINA,H2,08:45,,,,
08/05/2026,PARRAS CASETA,Salida,N,7,OSCAR FLORES TAPIA y JAVIER MINA,H3,20:45,20:41,4,1,0
08/05/2026,PARRAS CASETA,Salida,N,8,FALCON Y FCO SARABIA (TORTILLERIA 4 CAMINO),H1,18:05,,,,
08/05/2026,PARRAS CASETA,Salida,N,8,FALCON Y FCO SARABIA (TORTILLERIA 4 CAMINO),H2,08:50,,,,
08/05/2026,PARRAS CASETA,Salida,N,8,FALCON Y FCO SARABIA (TORTILLERIA 4 CAMINO),H3,20:50,,,,
08/05/2026,PARRAS CASETA,Salida,N,9,HEROICO COLEGIO MILITAR Y MELCHOR OCAMPO (ALAMEDA),H1,18:18,,,,
08/05/2026,PARRAS CASETA,Salida,N,9,HEROICO COLEGIO MILITAR Y MELCHOR OCAMPO (ALAMEDA),H2,09:03,08:40,23,1,0
08/05/2026,PARRAS CASETA,Salida,N,9,HEROICO COLEGIO MILITAR Y MELCHOR OCAMPO (ALAMEDA),H3,21:03,,,,
08/05/2026,PARRAS CASETA,Salida,N,10,RAMOS ARIZPE (PLAZA DEL RELOJ),H1,18:20,,,,
08/05/2026,PARRAS CASETA,Salida,N,10,RAMOS ARIZPE (PLAZA DEL RELOJ),H2,09:05,,,,
08/05/2026,PARRAS CASETA,Salida,N,10,RAMOS ARIZPE (PLAZA DEL RELOJ),H3,21:05,,,,
08/05/2026,PARRAS LIBRE,Entrada,A,1,TACUBATA Y FRANCISCO I MADERO,H1,18:30,,,,
08/05/2026,PARRAS LIBRE,Entrada,A,1,TACUBATA Y FRANCISCO I MADERO,H2,03:00,,,,
08/05/2026,PARRAS LIBRE,Entrada,A,1,TACUBATA Y FRANCISCO I MADERO,H3,03:00,,,,
08/05/2026,PARRAS LIBRE,Entrada,A,1,TACUBATA Y FRANCISCO I MADERO,H4,15:00,,,,
08/05/2026,PARRAS LIBRE,Entrada,A,1,TACUBATA Y FRANCISCO I MADERO,H5,15:00,,,,
08/05/2026,PARRAS LIBRE,Entrada,A,1,TACUBATA Y FRANCISCO I MADERO,H6,19:05,,,,
08/05/2026,PARRAS LIBRE,Entrada,A,2,SANTA CATARINA Y VIESCA,H1,18:36,,,,
08/05/2026,PARRAS LIBRE,Entrada,A,2,SANTA CATARINA Y VIESCA,H2,03:06,,,,
08/05/2026,PARRAS LIBRE,Entrada,A,2,SANTA CATARINA Y VIESCA,H3,03:06,,,,
08/05/2026,PARRAS LIBRE,Entrada,A,2,SANTA CATARINA Y VIESCA,H4,15:06,,,,
08/05/2026,PARRAS LIBRE,Entrada,A,2,SANTA CATARINA Y VIESCA,H5,15:06,,,,
08/05/2026,PARRAS LIBRE,Entrada,A,2,SANTA CATARINA Y VIESCA,H6,19:09,,,,
08/05/2026,PARRAS LIBRE,Entrada,A,3,MANUEL ZAVALA Y MAR DE GALILEA,H1,18:50,,,,
08/05/2026,PARRAS LIBRE,Entrada,A,3,MANUEL ZAVALA Y MAR DE GALILEA,H2,03:20,,,,
08/05/2026,PARRAS LIBRE,Entrada,A,3,MANUEL ZAVALA Y MAR DE GALILEA,H3,03:20,,,,
08/05/2026,PARRAS LIBRE,Entrada,A,3,MANUEL ZAVALA Y MAR DE GALILEA,H4,15:20,,,,
08/05/2026,PARRAS LIBRE,Entrada,A,3,MANUEL ZAVALA Y MAR DE GALILEA,H5,15:20,,,,
08/05/2026,PARRAS LIBRE,Entrada,A,3,MANUEL ZAVALA Y MAR DE GALILEA,H6,19:11,,,,
08/05/2026,PARRAS LIBRE,Entrada,A,4,GENERAL CEPEDA Y RAMOS ARIZPE,H1,18:55,,,,
08/05/2026,PARRAS LIBRE,Entrada,A,4,GENERAL CEPEDA Y RAMOS ARIZPE,H2,03:25,,,,
08/05/2026,PARRAS LIBRE,Entrada,A,4,GENERAL CEPEDA Y RAMOS ARIZPE,H3,03:25,,,,
08/05/2026,PARRAS LIBRE,Entrada,A,4,GENERAL CEPEDA Y RAMOS ARIZPE,H4,15:25,,,,
08/05/2026,PARRAS LIBRE,Entrada,A,4,GENERAL CEPEDA Y RAMOS ARIZPE,H5,15:25,,,,
08/05/2026,PARRAS LIBRE,Entrada,A,4,GENERAL CEPEDA Y RAMOS ARIZPE,H6,19:14,,,,
08/05/2026,PARRAS LIBRE,Entrada,A,5,GENERAL CEPEDA Y COLIMA,H1,19:03,,,,
08/05/2026,PARRAS LIBRE,Entrada,A,5,GENERAL CEPEDA Y COLIMA,H2,03:33,,,,
08/05/2026,PARRAS LIBRE,Entrada,A,5,GENERAL CEPEDA Y COLIMA,H3,03:33,,,,
08/05/2026,PARRAS LIBRE,Entrada,A,5,GENERAL CEPEDA Y COLIMA,H4,15:33,,,,
08/05/2026,PARRAS LIBRE,Entrada,A,5,GENERAL CEPEDA Y COLIMA,H5,15:33,,,,
08/05/2026,PARRAS LIBRE,Entrada,A,5,GENERAL CEPEDA Y COLIMA,H6,19:15,,,,
08/05/2026,PARRAS LIBRE,Entrada,A,6,CAMINO GRAL. CEPEDA Y EJIDO PARRAS,H1,19:05,,,,
08/05/2026,PARRAS LIBRE,Entrada,A,6,CAMINO GRAL. CEPEDA Y EJIDO PARRAS,H2,03:35,,,,
08/05/2026,PARRAS LIBRE,Entrada,A,6,CAMINO GRAL. CEPEDA Y EJIDO PARRAS,H3,03:35,,,,
08/05/2026,PARRAS LIBRE,Entrada,A,6,CAMINO GRAL. CEPEDA Y EJIDO PARRAS,H4,15:35,,,,
08/05/2026,PARRAS LIBRE,Entrada,A,6,CAMINO GRAL. CEPEDA Y EJIDO PARRAS,H5,15:35,,,,
08/05/2026,PARRAS LIBRE,Entrada,A,6,CAMINO GRAL. CEPEDA Y EJIDO PARRAS,H6,19:17,,,,
08/05/2026,PARRAS LIBRE,Entrada,A,7,METALSA,H1,21:20,,,,
08/05/2026,PARRAS LIBRE,Entrada,A,7,METALSA,H2,05:50,,,,
08/05/2026,PARRAS LIBRE,Entrada,A,7,METALSA,H3,05:50,,,,
08/05/2026,PARRAS LIBRE,Entrada,A,7,METALSA,H4,17:50,,,,
08/05/2026,PARRAS LIBRE,Entrada,A,7,METALSA,H5,17:50,,,,
08/05/2026,PARRAS LIBRE,Entrada,A,7,METALSA,H6,21:50,,,,
08/05/2026,PARRAS LIBRE,Salida,N,1,METALSA,H1,15:30,,,,
08/05/2026,PARRAS LIBRE,Salida,N,1,METALSA,H2,06:15,,,,
08/05/2026,PARRAS LIBRE,Salida,N,1,METALSA,H3,06:15,,,,
08/05/2026,PARRAS LIBRE,Salida,N,1,METALSA,H4,18:15,,,,
08/05/2026,PARRAS LIBRE,Salida,N,1,METALSA,H5,18:15,,,,
08/05/2026,PARRAS LIBRE,Salida,N,2,CAMINO GRAL. CEPEDA Y EJIDO PARRAS,H1,17:45,,,,
08/05/2026,PARRAS LIBRE,Salida,N,2,CAMINO GRAL. CEPEDA Y EJIDO PARRAS,H2,08:30,,,,
08/05/2026,PARRAS LIBRE,Salida,N,2,CAMINO GRAL. CEPEDA Y EJIDO PARRAS,H3,08:30,,,,
08/05/2026,PARRAS LIBRE,Salida,N,2,CAMINO GRAL. CEPEDA Y EJIDO PARRAS,H4,20:30,,,,
08/05/2026,PARRAS LIBRE,Salida,N,2,CAMINO GRAL. CEPEDA Y EJIDO PARRAS,H5,20:30,,,,
08/05/2026,PARRAS LIBRE,Salida,N,3,GENERAL CEPEDA Y COLIMA,H1,17:47,,,,
08/05/2026,PARRAS LIBRE,Salida,N,3,GENERAL CEPEDA Y COLIMA,H2,08:32,,,,
08/05/2026,PARRAS LIBRE,Salida,N,3,GENERAL CEPEDA Y COLIMA,H3,08:32,,,,
08/05/2026,PARRAS LIBRE,Salida,N,3,GENERAL CEPEDA Y COLIMA,H4,20:32,,,,
08/05/2026,PARRAS LIBRE,Salida,N,3,GENERAL CEPEDA Y COLIMA,H5,20:32,,,,
08/05/2026,PARRAS LIBRE,Salida,N,4,GENERAL CEPEDA Y RAMOS ARIZPE,H1,17:55,,,,
08/05/2026,PARRAS LIBRE,Salida,N,4,GENERAL CEPEDA Y RAMOS ARIZPE,H2,08:40,,,,
08/05/2026,PARRAS LIBRE,Salida,N,4,GENERAL CEPEDA Y RAMOS ARIZPE,H3,08:40,,,,
08/05/2026,PARRAS LIBRE,Salida,N,4,GENERAL CEPEDA Y RAMOS ARIZPE,H4,20:40,,,,
08/05/2026,PARRAS LIBRE,Salida,N,4,GENERAL CEPEDA Y RAMOS ARIZPE,H5,20:40,,,,
08/05/2026,PARRAS LIBRE,Salida,N,5,MANUEL ZAVALA Y MAR DE GALILEA,H1,18:00,,,,
08/05/2026,PARRAS LIBRE,Salida,N,5,MANUEL ZAVALA Y MAR DE GALILEA,H2,08:45,,,,
08/05/2026,PARRAS LIBRE,Salida,N,5,MANUEL ZAVALA Y MAR DE GALILEA,H3,08:45,,,,
08/05/2026,PARRAS LIBRE,Salida,N,5,MANUEL ZAVALA Y MAR DE GALILEA,H4,20:45,,,,
08/05/2026,PARRAS LIBRE,Salida,N,5,MANUEL ZAVALA Y MAR DE GALILEA,H5,20:45,,,,
08/05/2026,PARRAS LIBRE,Salida,N,6,SANTA CATARINA Y VIESCA,H1,18:14,,,,
08/05/2026,PARRAS LIBRE,Salida,N,6,SANTA CATARINA Y VIESCA,H2,08:59,,,,
08/05/2026,PARRAS LIBRE,Salida,N,6,SANTA CATARINA Y VIESCA,H3,08:59,,,,
08/05/2026,PARRAS LIBRE,Salida,N,6,SANTA CATARINA Y VIESCA,H4,20:59,,,,
08/05/2026,PARRAS LIBRE,Salida,N,6,SANTA CATARINA Y VIESCA,H5,20:59,,,,
08/05/2026,PARRAS LIBRE,Salida,N,7,TACUBATA Y FRANCISCO I MADERO,H1,18:20,,,,
08/05/2026,PARRAS LIBRE,Salida,N,7,TACUBATA Y FRANCISCO I MADERO,H2,09:05,,,,
08/05/2026,PARRAS LIBRE,Salida,N,7,TACUBATA Y FRANCISCO I MADERO,H3,09:05,,,,
08/05/2026,PARRAS LIBRE,Salida,N,7,TACUBATA Y FRANCISCO I MADERO,H4,21:05,,,,
08/05/2026,PARRAS LIBRE,Salida,N,7,TACUBATA Y FRANCISCO I MADERO,H5,21:05,,,,
08/05/2026,PORVENIR - GENERAL CEPEDA,Entrada,A,1,PORVENIR,H1,03:45,,,,
08/05/2026,PORVENIR - GENERAL CEPEDA,Entrada,A,1,PORVENIR,H2,15:45,,,,
08/05/2026,PORVENIR - GENERAL CEPEDA,Entrada,A,1,PORVENIR,H3,19:15,,,,
08/05/2026,PORVENIR - GENERAL CEPEDA,Entrada,A,1,PORVENIR,H4,19:45,,,,
08/05/2026,PORVENIR - GENERAL CEPEDA,Entrada,A,2,GUELATAO,H1,03:50,,,,
08/05/2026,PORVENIR - GENERAL CEPEDA,Entrada,A,2,GUELATAO,H2,15:50,,,,
08/05/2026,PORVENIR - GENERAL CEPEDA,Entrada,A,2,GUELATAO,H3,19:20,,,,
08/05/2026,PORVENIR - GENERAL CEPEDA,Entrada,A,2,GUELATAO,H4,19:50,,,,
08/05/2026,PORVENIR - GENERAL CEPEDA,Entrada,A,3,BLVD; DIANA LAURA,H1,04:06,,,,
08/05/2026,PORVENIR - GENERAL CEPEDA,Entrada,A,3,BLVD; DIANA LAURA,H2,16:06,,,,
08/05/2026,PORVENIR - GENERAL CEPEDA,Entrada,A,3,BLVD; DIANA LAURA,H3,19:36,,,,
08/05/2026,PORVENIR - GENERAL CEPEDA,Entrada,A,3,BLVD; DIANA LAURA,H4,20:06,,,,
08/05/2026,PORVENIR - GENERAL CEPEDA,Entrada,A,4,MARIANO MATAMOROS,H1,04:09,,,,
08/05/2026,PORVENIR - GENERAL CEPEDA,Entrada,A,4,MARIANO MATAMOROS,H2,16:09,,,,
08/05/2026,PORVENIR - GENERAL CEPEDA,Entrada,A,4,MARIANO MATAMOROS,H3,19:39,,,,
08/05/2026,PORVENIR - GENERAL CEPEDA,Entrada,A,4,MARIANO MATAMOROS,H4,20:09,,,,
08/05/2026,PORVENIR - GENERAL CEPEDA,Entrada,A,5,LOS PRESIDENTES,H1,04:11,,,,
08/05/2026,PORVENIR - GENERAL CEPEDA,Entrada,A,5,LOS PRESIDENTES,H2,16:11,,,,
08/05/2026,PORVENIR - GENERAL CEPEDA,Entrada,A,5,LOS PRESIDENTES,H3,19:41,,,,
08/05/2026,PORVENIR - GENERAL CEPEDA,Entrada,A,5,LOS PRESIDENTES,H4,20:11,,,,
08/05/2026,PORVENIR - GENERAL CEPEDA,Entrada,A,6,MIGUEL HIDALGO,H1,04:16,,,,
08/05/2026,PORVENIR - GENERAL CEPEDA,Entrada,A,6,MIGUEL HIDALGO,H2,16:16,,,,
08/05/2026,PORVENIR - GENERAL CEPEDA,Entrada,A,6,MIGUEL HIDALGO,H3,19:46,,,,
08/05/2026,PORVENIR - GENERAL CEPEDA,Entrada,A,6,MIGUEL HIDALGO,H4,20:16,,,,
08/05/2026,PORVENIR - GENERAL CEPEDA,Entrada,A,7,BENITO JUAREZ,H1,04:19,,,,
08/05/2026,PORVENIR - GENERAL CEPEDA,Entrada,A,7,BENITO JUAREZ,H2,16:19,,,,
08/05/2026,PORVENIR - GENERAL CEPEDA,Entrada,A,7,BENITO JUAREZ,H3,19:49,,,,
08/05/2026,PORVENIR - GENERAL CEPEDA,Entrada,A,7,BENITO JUAREZ,H4,20:19,,,,
08/05/2026,PORVENIR - GENERAL CEPEDA,Entrada,A,8,SAN JOSE,H1,04:50,,,,
08/05/2026,PORVENIR - GENERAL CEPEDA,Entrada,A,8,SAN JOSE,H2,16:50,,,,
08/05/2026,PORVENIR - GENERAL CEPEDA,Entrada,A,8,SAN JOSE,H3,20:20,,,,
08/05/2026,PORVENIR - GENERAL CEPEDA,Entrada,A,8,SAN JOSE,H4,20:50,,,,
08/05/2026,PORVENIR - GENERAL CEPEDA,Entrada,A,9,RANCHO NUEVO,H1,05:00,,,,
08/05/2026,PORVENIR - GENERAL CEPEDA,Entrada,A,9,RANCHO NUEVO,H2,17:00,,,,
08/05/2026,PORVENIR - GENERAL CEPEDA,Entrada,A,9,RANCHO NUEVO,H3,20:30,,,,
08/05/2026,PORVENIR - GENERAL CEPEDA,Entrada,A,9,RANCHO NUEVO,H4,21:00,,,,
08/05/2026,PORVENIR - GENERAL CEPEDA,Entrada,A,10,SANTA TERESA,H1,05:06,,,,
08/05/2026,PORVENIR - GENERAL CEPEDA,Entrada,A,10,SANTA TERESA,H2,17:06,,,,
08/05/2026,PORVENIR - GENERAL CEPEDA,Entrada,A,10,SANTA TERESA,H3,20:36,,,,
08/05/2026,PORVENIR - GENERAL CEPEDA,Entrada,A,10,SANTA TERESA,H4,21:06,,,,
08/05/2026,PORVENIR - GENERAL CEPEDA,Entrada,A,11,CHAPULA,H1,05:15,,,,
08/05/2026,PORVENIR - GENERAL CEPEDA,Entrada,A,11,CHAPULA,H2,17:15,,,,
08/05/2026,PORVENIR - GENERAL CEPEDA,Entrada,A,11,CHAPULA,H3,20:45,,,,
08/05/2026,PORVENIR - GENERAL CEPEDA,Entrada,A,11,CHAPULA,H4,21:15,,,,
08/05/2026,PORVENIR - GENERAL CEPEDA,Entrada,A,12,DERRAMADERO,H1,05:20,,,,
08/05/2026,PORVENIR - GENERAL CEPEDA,Entrada,A,12,DERRAMADERO,H2,17:20,,,,
08/05/2026,PORVENIR - GENERAL CEPEDA,Entrada,A,12,DERRAMADERO,H3,20:50,,,,
08/05/2026,PORVENIR - GENERAL CEPEDA,Entrada,A,12,DERRAMADERO,H4,21:20,,,,
08/05/2026,PORVENIR - GENERAL CEPEDA,Entrada,A,13,SAN JUAN DE LA VAQUERIA,H1,05:28,,,,
08/05/2026,PORVENIR - GENERAL CEPEDA,Entrada,A,13,SAN JUAN DE LA VAQUERIA,H2,17:28,,,,
08/05/2026,PORVENIR - GENERAL CEPEDA,Entrada,A,13,SAN JUAN DE LA VAQUERIA,H3,20:58,,,,
08/05/2026,PORVENIR - GENERAL CEPEDA,Entrada,A,13,SAN JUAN DE LA VAQUERIA,H4,21:28,,,,
08/05/2026,PORVENIR - GENERAL CEPEDA,Entrada,A,14,METALSA,H1,05:50,05:46,4,1,0
08/05/2026,PORVENIR - GENERAL CEPEDA,Entrada,A,14,METALSA,H2,17:50,,,,
08/05/2026,PORVENIR - GENERAL CEPEDA,Entrada,A,14,METALSA,H3,21:20,,,,
08/05/2026,PORVENIR - GENERAL CEPEDA,Entrada,A,14,METALSA,H4,21:50,,,,
08/05/2026,PORVENIR - GENERAL CEPEDA,Salida,N,1,METALSA,H1,06:15,06:19,-4,1,0
08/05/2026,PORVENIR - GENERAL CEPEDA,Salida,N,1,METALSA,H2,15:30,,,,
08/05/2026,PORVENIR - GENERAL CEPEDA,Salida,N,1,METALSA,H3,18:15,18:18,-3,1,0
08/05/2026,PORVENIR - GENERAL CEPEDA,Salida,N,2,SAN JUAN DE LA VAQUERIA,H1,06:50,06:35,15,1,0
08/05/2026,PORVENIR - GENERAL CEPEDA,Salida,N,2,SAN JUAN DE LA VAQUERIA,H2,16:05,,,,
08/05/2026,PORVENIR - GENERAL CEPEDA,Salida,N,2,SAN JUAN DE LA VAQUERIA,H3,18:50,18:35,15,1,0
08/05/2026,PORVENIR - GENERAL CEPEDA,Salida,N,3,DERRAMADERO,H1,06:55,06:45,10,1,0
08/05/2026,PORVENIR - GENERAL CEPEDA,Salida,N,3,DERRAMADERO,H2,16:10,,,,
08/05/2026,PORVENIR - GENERAL CEPEDA,Salida,N,3,DERRAMADERO,H3,18:55,18:44,11,1,0
08/05/2026,PORVENIR - GENERAL CEPEDA,Salida,N,4,CHAPULA,H1,06:56,06:44,12,1,0
08/05/2026,PORVENIR - GENERAL CEPEDA,Salida,N,4,CHAPULA,H2,16:15,,,,
08/05/2026,PORVENIR - GENERAL CEPEDA,Salida,N,4,CHAPULA,H3,19:00,18:48,12,1,0
08/05/2026,PORVENIR - GENERAL CEPEDA,Salida,N,5,SANTA TERESA,H1,06:57,06:56,1,1,0
08/05/2026,PORVENIR - GENERAL CEPEDA,Salida,N,5,SANTA TERESA,H2,16:18,,,,
08/05/2026,PORVENIR - GENERAL CEPEDA,Salida,N,5,SANTA TERESA,H3,19:03,18:55,8,1,0
08/05/2026,PORVENIR - GENERAL CEPEDA,Salida,N,6,RANCHO NUEVO,H1,07:10,07:01,9,1,0
08/05/2026,PORVENIR - GENERAL CEPEDA,Salida,N,6,RANCHO NUEVO,H2,16:25,,,,
08/05/2026,PORVENIR - GENERAL CEPEDA,Salida,N,6,RANCHO NUEVO,H3,19:10,19:00,10,1,0
08/05/2026,PORVENIR - GENERAL CEPEDA,Salida,N,7,SAN JOSE,H1,07:11,,,,
08/05/2026,PORVENIR - GENERAL CEPEDA,Salida,N,7,SAN JOSE,H2,16:26,,,,
08/05/2026,PORVENIR - GENERAL CEPEDA,Salida,N,7,SAN JOSE,H3,19:11,19:11,0,1,0
08/05/2026,PORVENIR - GENERAL CEPEDA,Salida,N,8,BENITO JUAREZ,H1,07:12,,,,
08/05/2026,PORVENIR - GENERAL CEPEDA,Salida,N,8,BENITO JUAREZ,H2,16:27,,,,
08/05/2026,PORVENIR - GENERAL CEPEDA,Salida,N,8,BENITO JUAREZ,H3,19:12,,,,
08/05/2026,PORVENIR - GENERAL CEPEDA,Salida,N,9,MIGUEL HIDALGO,H1,07:13,07:30,-17,1,0
08/05/2026,PORVENIR - GENERAL CEPEDA,Salida,N,9,MIGUEL HIDALGO,H2,16:28,,,,
08/05/2026,PORVENIR - GENERAL CEPEDA,Salida,N,9,MIGUEL HIDALGO,H3,19:13,19:43,-30,1,0
08/05/2026,PORVENIR - GENERAL CEPEDA,Salida,N,10,LOS PRESIDENTES,H1,07:14,07:28,-14,1,0
08/05/2026,PORVENIR - GENERAL CEPEDA,Salida,N,10,LOS PRESIDENTES,H2,16:29,,,,
08/05/2026,PORVENIR - GENERAL CEPEDA,Salida,N,10,LOS PRESIDENTES,H3,19:14,19:42,-28,1,0
08/05/2026,PORVENIR - GENERAL CEPEDA,Salida,N,11,MARIANO MATAMOROS,H1,07:30,07:28,2,1,0
08/05/2026,PORVENIR - GENERAL CEPEDA,Salida,N,11,MARIANO MATAMOROS,H2,16:45,,,,
08/05/2026,PORVENIR - GENERAL CEPEDA,Salida,N,11,MARIANO MATAMOROS,H3,19:30,19:42,-12,1,0
08/05/2026,PORVENIR - GENERAL CEPEDA,Salida,N,12,BLVD; DIANA LAURA,H1,07:31,07:26,5,1,0
08/05/2026,PORVENIR - GENERAL CEPEDA,Salida,N,12,BLVD; DIANA LAURA,H2,16:46,,,,
08/05/2026,PORVENIR - GENERAL CEPEDA,Salida,N,12,BLVD; DIANA LAURA,H3,19:31,19:40,-9,1,0
08/05/2026,PORVENIR - GENERAL CEPEDA,Salida,N,13,GUELATAO,H1,07:40,07:44,-4,1,0
08/05/2026,PORVENIR - GENERAL CEPEDA,Salida,N,13,GUELATAO,H2,16:55,,,,
08/05/2026,PORVENIR - GENERAL CEPEDA,Salida,N,13,GUELATAO,H3,19:40,,,,
08/05/2026,PORVENIR - GENERAL CEPEDA,Salida,N,14,PORVENIR,H1,07:45,07:49,-4,1,0
08/05/2026,PORVENIR - GENERAL CEPEDA,Salida,N,14,PORVENIR,H2,17:00,,,,
08/05/2026,PORVENIR - GENERAL CEPEDA,Salida,N,14,PORVENIR,H3,19:45,,,,
08/05/2026,PUERTO MEXICO,Entrada,A,1,PUERTO MEXICO,H1,20:10,,,,
08/05/2026,PUERTO MEXICO,Entrada,A,1,PUERTO MEXICO,H2,04:40,,,,
08/05/2026,PUERTO MEXICO,Entrada,A,1,PUERTO MEXICO,H3,04:40,,,,
08/05/2026,PUERTO MEXICO,Entrada,A,1,PUERTO MEXICO,H4,16:40,,,,
08/05/2026,PUERTO MEXICO,Entrada,A,1,PUERTO MEXICO,H5,16:40,,,,
08/05/2026,PUERTO MEXICO,Entrada,A,1,PUERTO MEXICO,H6,20:40,,,,
08/05/2026,PUERTO MEXICO,Entrada,A,2,CUIJE,H1,20:22,,,,
08/05/2026,PUERTO MEXICO,Entrada,A,2,CUIJE,H2,04:52,,,,
08/05/2026,PUERTO MEXICO,Entrada,A,2,CUIJE,H3,04:52,,,,
08/05/2026,PUERTO MEXICO,Entrada,A,2,CUIJE,H4,16:52,,,,
08/05/2026,PUERTO MEXICO,Entrada,A,2,CUIJE,H5,16:52,,,,
08/05/2026,PUERTO MEXICO,Entrada,A,2,CUIJE,H6,20:52,,,,
08/05/2026,PUERTO MEXICO,Entrada,A,3,NAVIDAD,H1,20:32,,,,
08/05/2026,PUERTO MEXICO,Entrada,A,3,NAVIDAD,H2,05:02,,,,
08/05/2026,PUERTO MEXICO,Entrada,A,3,NAVIDAD,H3,05:02,,,,
08/05/2026,PUERTO MEXICO,Entrada,A,3,NAVIDAD,H4,17:02,,,,
08/05/2026,PUERTO MEXICO,Entrada,A,3,NAVIDAD,H5,17:02,,,,
08/05/2026,PUERTO MEXICO,Entrada,A,3,NAVIDAD,H6,21:02,,,,
08/05/2026,PUERTO MEXICO,Entrada,A,4,CHAPULTEPEC,H1,20:45,,,,
08/05/2026,PUERTO MEXICO,Entrada,A,4,CHAPULTEPEC,H2,05:15,,,,
08/05/2026,PUERTO MEXICO,Entrada,A,4,CHAPULTEPEC,H3,05:15,,,,
08/05/2026,PUERTO MEXICO,Entrada,A,4,CHAPULTEPEC,H4,17:15,,,,
08/05/2026,PUERTO MEXICO,Entrada,A,4,CHAPULTEPEC,H5,17:15,,,,
08/05/2026,PUERTO MEXICO,Entrada,A,4,CHAPULTEPEC,H6,21:15,,,,
08/05/2026,PUERTO MEXICO,Entrada,A,5,JAHUEY,H1,21:00,,,,
08/05/2026,PUERTO MEXICO,Entrada,A,5,JAHUEY,H2,05:30,,,,
08/05/2026,PUERTO MEXICO,Entrada,A,5,JAHUEY,H3,05:30,,,,
08/05/2026,PUERTO MEXICO,Entrada,A,5,JAHUEY,H4,17:30,,,,
08/05/2026,PUERTO MEXICO,Entrada,A,5,JAHUEY,H5,17:30,,,,
08/05/2026,PUERTO MEXICO,Entrada,A,5,JAHUEY,H6,21:30,,,,
08/05/2026,PUERTO MEXICO,Entrada,A,6,METALSA,H1,21:20,,,,
08/05/2026,PUERTO MEXICO,Entrada,A,6,METALSA,H2,05:50,,,,
08/05/2026,PUERTO MEXICO,Entrada,A,6,METALSA,H3,05:50,,,,
08/05/2026,PUERTO MEXICO,Entrada,A,6,METALSA,H4,17:50,,,,
08/05/2026,PUERTO MEXICO,Entrada,A,6,METALSA,H5,17:50,,,,
08/05/2026,PUERTO MEXICO,Entrada,A,6,METALSA,H6,21:50,,,,
08/05/2026,PUERTO MEXICO,Salida,A,1,METALSA,H1,15:30,,,,
08/05/2026,PUERTO MEXICO,Salida,A,1,METALSA,H2,06:15,,,,
08/05/2026,PUERTO MEXICO,Salida,A,1,METALSA,H3,06:15,,,,
08/05/2026,PUERTO MEXICO,Salida,A,1,METALSA,H4,18:15,,,,
08/05/2026,PUERTO MEXICO,Salida,A,1,METALSA,H5,18:15,,,,
08/05/2026,PUERTO MEXICO,Salida,A,2,JAHUEY,H1,15:50,,,,
08/05/2026,PUERTO MEXICO,Salida,A,2,JAHUEY,H2,06:35,,,,
08/05/2026,PUERTO MEXICO,Salida,A,2,JAHUEY,H3,06:35,,,,
08/05/2026,PUERTO MEXICO,Salida,A,2,JAHUEY,H4,18:35,,,,
08/05/2026,PUERTO MEXICO,Salida,A,2,JAHUEY,H5,18:35,,,,
08/05/2026,PUERTO MEXICO,Salida,A,3,CHAPULTEPEC,H1,16:05,,,,
08/05/2026,PUERTO MEXICO,Salida,A,3,CHAPULTEPEC,H2,06:50,,,,
08/05/2026,PUERTO MEXICO,Salida,A,3,CHAPULTEPEC,H3,06:50,,,,
08/05/2026,PUERTO MEXICO,Salida,A,3,CHAPULTEPEC,H4,18:50,,,,
08/05/2026,PUERTO MEXICO,Salida,A,3,CHAPULTEPEC,H5,18:50,,,,
08/05/2026,PUERTO MEXICO,Salida,A,4,NAVIDAD,H1,16:18,,,,
08/05/2026,PUERTO MEXICO,Salida,A,4,NAVIDAD,H2,07:03,,,,
08/05/2026,PUERTO MEXICO,Salida,A,4,NAVIDAD,H3,07:03,,,,
08/05/2026,PUERTO MEXICO,Salida,A,4,NAVIDAD,H4,19:03,,,,
08/05/2026,PUERTO MEXICO,Salida,A,4,NAVIDAD,H5,19:03,,,,
08/05/2026,PUERTO MEXICO,Salida,A,5,CUIJE,H1,16:28,,,,
08/05/2026,PUERTO MEXICO,Salida,A,5,CUIJE,H2,07:13,,,,
08/05/2026,PUERTO MEXICO,Salida,A,5,CUIJE,H3,07:13,,,,
08/05/2026,PUERTO MEXICO,Salida,A,5,CUIJE,H4,19:13,,,,
08/05/2026,PUERTO MEXICO,Salida,A,5,CUIJE,H5,19:13,,,,
08/05/2026,PUERTO MEXICO,Salida,A,6,PUERTO MEXICO,H1,16:40,,,,
08/05/2026,PUERTO MEXICO,Salida,A,6,PUERTO MEXICO,H2,07:25,,,,
08/05/2026,PUERTO MEXICO,Salida,A,6,PUERTO MEXICO,H3,07:25,,,,
08/05/2026,PUERTO MEXICO,Salida,A,6,PUERTO MEXICO,H4,19:25,,,,
08/05/2026,PUERTO MEXICO,Salida,A,6,PUERTO MEXICO,H5,19:25,,,,
08/05/2026,ROMA,Entrada,N,1,FCO. LAZACORTA Y JOSE MARIANO MICHELENA,H1,04:45,04:46,-1,1,0
08/05/2026,ROMA,Entrada,N,1,FCO. LAZACORTA Y JOSE MARIANO MICHELENA,H2,16:45,16:47,-2,1,0
08/05/2026,ROMA,Entrada,N,1,FCO. LAZACORTA Y JOSE MARIANO MICHELENA,H3,20:15,,,,
08/05/2026,ROMA,Entrada,N,1,FCO. LAZACORTA Y JOSE MARIANO MICHELENA,H4,20:45,,,,