08/05/2026,ROMA,Entrada,N,2,SIERRA DE LOS PINOS Y PRINCIPAL,H1,04:48,04:48,0,1,0
08/05/2026,ROMA,Entrada,N,2,SIERRA DE LOS PINOS Y PRINCIPAL,H2,16:48,16:48,0,1,0
08/05/2026,ROMA,Entrada,N,2,SIERRA DE LOS PINOS Y PRINCIPAL,H3,20:18,,,,
08/05/2026,ROMA,Entrada,N,2,SIERRA DE LOS PINOS Y PRINCIPAL,H4,20:48,,,,
08/05/2026,ROMA,Entrada,N,3,OSA MAYOR Y BUSTAMANTE,H1,04:53,04:54,-1,1,0
08/05/2026,ROMA,Entrada,N,3,OSA MAYOR Y BUSTAMANTE,H2,16:53,16:55,-2,1,0
08/05/2026,ROMA,Entrada,N,3,OSA MAYOR Y BUSTAMANTE,H3,20:23,,,,
08/05/2026,ROMA,Entrada,N,3,OSA MAYOR Y BUSTAMANTE,H4,20:53,,,,
08/05/2026,ROMA,Entrada,N,4,EUGENIO REYES Y PEDRO AMPUDIA,H1,05:01,05:06,-5,1,0
08/05/2026,ROMA,Entrada,N,4,EUGENIO REYES Y PEDRO AMPUDIA,H2,17:01,17:06,-5,1,0
08/05/2026,ROMA,Entrada,N,4,EUGENIO REYES Y PEDRO AMPUDIA,H3,20:31,,,,
08/05/2026,ROMA,Entrada,N,4,EUGENIO REYES Y PEDRO AMPUDIA,H4,21:01,,,,
08/05/2026,ROMA,Entrada,N,5,FELIPE BERRIOZABAL Y MARAVILLAS,H1,05:06,05:08,-2,1,0
08/05/2026,ROMA,Entrada,N,5,FELIPE BERRIOZABAL Y MARAVILLAS,H2,17:06,17:09,-3,1,0
08/05/2026,ROMA,Entrada,N,5,FELIPE BERRIOZABAL Y MARAVILLAS,H3,20:36,,,,
08/05/2026,ROMA,Entrada,N,5,FELIPE BERRIOZABAL Y MARAVILLAS,H4,21:06,,,,
08/05/2026,ROMA,Entrada,N,6,FCO I MADERO Y CALZ ANTONIO NARRO,H1,05:15,05:20,-5,1,0
08/05/2026,ROMA,Entrada,N,6,FCO I MADERO Y CALZ ANTONIO NARRO,H2,17:15,17:19,-4,1,0
08/05/2026,ROMA,Entrada,N,6,FCO I MADERO Y CALZ ANTONIO NARRO,H3,20:45,,,,
08/05/2026,ROMA,Entrada,N,6,FCO I MADERO Y CALZ ANTONIO NARRO,H4,21:15,,,,
08/05/2026,ROMA,Entrada,N,7,CARR. SALTILLO-ZACATECAS,H1,05:20,05:31,-11,1,0
08/05/2026,ROMA,Entrada,N,7,CARR. SALTILLO-ZACATECAS,H2,17:20,17:25,-5,1,0
08/05/2026,ROMA,Entrada,N,7,CARR. SALTILLO-ZACATECAS,H3,20:50,,,,
08/05/2026,ROMA,Entrada,N,7,CARR. SALTILLO-ZACATECAS,H4,21:20,,,,
08/05/2026,ROMA,Entrada,N,8,METALSA,H1,05:50,05:50,0,1,0
08/05/2026,ROMA,Entrada,N,8,METALSA,H2,17:50,17:39,11,1,0
08/05/2026,ROMA,Entrada,N,8,METALSA,H3,21:20,,,,
08/05/2026,ROMA,Entrada,N,8,METALSA,H4,21:50,,,,
08/05/2026,ROMA,Salida,N,1,METALSA,H1,06:15,06:17,-2,1,0
08/05/2026,ROMA,Salida,N,1,METALSA,H2,15:30,,,,
08/05/2026,ROMA,Salida,N,1,METALSA,H3,18:15,18:17,-2,1,0
08/05/2026,ROMA,Salida,N,2,CARR. SALTILLO-ZACATECAS,H1,06:45,06:33,12,1,0
08/05/2026,ROMA,Salida,N,2,CARR. SALTILLO-ZACATECAS,H2,16:00,,,,
08/05/2026,ROMA,Salida,N,2,CARR. SALTILLO-ZACATECAS,H3,18:45,18:41,4,1,0
08/05/2026,ROMA,Salida,N,3,FCO I MADERO Y CALZ ANTONIO NARRO,H1,06:50,06:39,11,1,0
08/05/2026,ROMA,Salida,N,3,FCO I MADERO Y CALZ ANTONIO NARRO,H2,16:05,,,,
08/05/2026,ROMA,Salida,N,3,FCO I MADERO Y CALZ ANTONIO NARRO,H3,18:50,18:49,1,1,0
08/05/2026,ROMA,Salida,N,4,FELIPE BERRIOZABAL Y MARAVILLAS,H1,06:59,06:51,8,1,0
08/05/2026,ROMA,Salida,N,4,FELIPE BERRIOZABAL Y MARAVILLAS,H2,16:14,,,,
08/05/2026,ROMA,Salida,N,4,FELIPE BERRIOZABAL Y MARAVILLAS,H3,18:59,18:59,0,1,0
08/05/2026,ROMA,Salida,N,5,EUGENIO REYES Y PEDRO AMPUDIA,H1,07:04,06:54,10,1,0
08/05/2026,ROMA,Salida,N,5,EUGENIO REYES Y PEDRO AMPUDIA,H2,16:19,,,,
08/05/2026,ROMA,Salida,N,5,EUGENIO REYES Y PEDRO AMPUDIA,H3,19:04,19:01,3,1,0
08/05/2026,ROMA,Salida,N,6,OSA MAYOR Y BUSTAMANTE,H1,07:12,07:03,9,1,0
08/05/2026,ROMA,Salida,N,6,OSA MAYOR Y BUSTAMANTE,H2,16:27,,,,
08/05/2026,ROMA,Salida,N,6,OSA MAYOR Y BUSTAMANTE,H3,19:12,19:10,2,1,0
08/05/2026,ROMA,Salida,N,7,SIERRA DE LOS PINOS Y PRINCIPAL,H1,07:17,,,,
08/05/2026,ROMA,Salida,N,7,SIERRA DE LOS PINOS Y PRINCIPAL,H2,16:32,,,,
08/05/2026,ROMA,Salida,N,7,SIERRA DE LOS PINOS Y PRINCIPAL,H3,19:17,,,,
08/05/2026,ROMA,Salida,N,8,FCO. LAZACORTA Y JOSE MARIANO MICHELENA,H1,07:20,07:07,13,1,0
08/05/2026,ROMA,Salida,N,8,FCO. LAZACORTA Y JOSE MARIANO MICHELENA,H2,16:35,,,,
08/05/2026,ROMA,Salida,N,8,FCO. LAZACORTA Y JOSE MARIANO MICHELENA,H3,19:20,19:18,2,1,0
08/05/2026,SALTILLO 2000,Entrada,N,1,PALACIO DE JUSTICIA,H1,04:30,04:32,-2,1,0
08/05/2026,SALTILLO 2000,Entrada,N,1,PALACIO DE JUSTICIA,H2,16:30,16:32,-2,1,0
08/05/2026,SALTILLO 2000,Entrada,N,1,PALACIO DE JUSTICIA,H3,20:00,,,,
08/05/2026,SALTILLO 2000,Entrada,N,1,PALACIO DE JUSTICIA,H4,20:30,,,,
08/05/2026,SALTILLO 2000,Entrada,N,2,ROTONDA SALTILLO 2000,H1,04:35,04:35,0,1,0
08/05/2026,SALTILLO 2000,Entrada,N,2,ROTONDA SALTILLO 2000,H2,16:35,16:35,0,1,0
08/05/2026,SALTILLO 2000,Entrada,N,2,ROTONDA SALTILLO 2000,H3,20:05,,,,
08/05/2026,SALTILLO 2000,Entrada,N,2,ROTONDA SALTILLO 2000,H4,20:35,,,,
08/05/2026,SALTILLO 2000,Entrada,N,3,CUQUITA DE CEPEDA DAVILA  (OXXO),H1,04:45,04:42,3,1,0
08/05/2026,SALTILLO 2000,Entrada,N,3,CUQUITA DE CEPEDA DAVILA  (OXXO),H2,16:45,16:46,-1,1,0
08/05/2026,SALTILLO 2000,Entrada,N,3,CUQUITA DE CEPEDA DAVILA  (OXXO),H3,20:15,,,,
08/05/2026,SALTILLO 2000,Entrada,N,3,CUQUITA DE CEPEDA DAVILA  (OXXO),H4,20:45,,,,
08/05/2026,SALTILLO 2000,Entrada,N,4,FCO I MADERO Y  PEDRO AMPUDIA,H1,04:50,04:51,-1,1,0
08/05/2026,SALTILLO 2000,Entrada,N,4,FCO I MADERO Y  PEDRO AMPUDIA,H2,16:50,16:57,-7,1,0
08/05/2026,SALTILLO 2000,Entrada,N,4,FCO I MADERO Y  PEDRO AMPUDIA,H3,20:20,,,,
08/05/2026,SALTILLO 2000,Entrada,N,4,FCO I MADERO Y  PEDRO AMPUDIA,H4,20:50,,,,
08/05/2026,SALTILLO 2000,Entrada,N,5,PERIF. L.E.A. Y CALZ. ANTONIO NARRO,H1,05:08,05:03,5,1,0
08/05/2026,SALTILLO 2000,Entrada,N,5,PERIF. L.E.A. Y CALZ. ANTONIO NARRO,H2,17:08,17:13,-5,1,0
08/05/2026,SALTILLO 2000,Entrada,N,5,PERIF. L.E.A. Y CALZ. ANTONIO NARRO,H3,20:38,,,,
08/05/2026,SALTILLO 2000,Entrada,N,5,PERIF. L.E.A. Y CALZ. ANTONIO NARRO,H4,21:08,,,,
08/05/2026,SALTILLO 2000,Entrada,N,6,BLVD. HACIENDA NARRO,H1,05:20,05:17,3,1,0
08/05/2026,SALTILLO 2000,Entrada,N,6,BLVD. HACIENDA NARRO,H2,17:20,17:26,-6,1,0
08/05/2026,SALTILLO 2000,Entrada,N,6,BLVD. HACIENDA NARRO,H3,20:50,,,,
08/05/2026,SALTILLO 2000,Entrada,N,6,BLVD. HACIENDA NARRO,H4,21:20,,,,
08/05/2026,SALTILLO 2000,Entrada,N,7,METALSA,H1,05:50,05:47,3,1,0
08/05/2026,SALTILLO 2000,Entrada,N,7,METALSA,H2,17:50,17:45,5,1,0
08/05/2026,SALTILLO 2000,Entrada,N,7,METALSA,H3,21:20,,,,
08/05/2026,SALTILLO 2000,Entrada,N,7,METALSA,H4,21:50,,,,
08/05/2026,SALTILLO 2000,Salida,N,1,METALSA,H1,06:15,06:15,0,1,0
08/05/2026,SALTILLO 2000,Salida,N,1,METALSA,H2,15:30,,,,
08/05/2026,SALTILLO 2000,Salida,N,1,METALSA,H3,18:15,18:16,-1,1,0
08/05/2026,SALTILLO 2000,Salida,N,2,BLVD. HACIENDA NARRO,H1,06:45,06:36,9,1,0
08/05/2026,SALTILLO 2000,Salida,N,2,BLVD. HACIENDA NARRO,H2,16:00,,,,
08/05/2026,SALTILLO 2000,Salida,N,2,BLVD. HACIENDA NARRO,H3,18:45,18:48,-3,1,0
08/05/2026,SALTILLO 2000,Salida,N,3,PERIF. L.E.A. Y CALZ. ANTONIO NARRO,H1,06:57,06:51,6,1,0
08/05/2026,SALTILLO 2000,Salida,N,3,PERIF. L.E.A. Y CALZ. ANTONIO NARRO,H2,16:12,,,,
08/05/2026,SALTILLO 2000,Salida,N,3,PERIF. L.E.A. Y CALZ. ANTONIO NARRO,H3,18:57,19:00,-3,1,0
08/05/2026,SALTILLO 2000,Salida,N,4,FCO I MADERO Y  PEDRO AMPUDIA,H1,07:15,07:03,12,1,0
08/05/2026,SALTILLO 2000,Salida,N,4,FCO I MADERO Y  PEDRO AMPUDIA,H2,16:30,,,,
08/05/2026,SALTILLO 2000,Salida,N,4,FCO I MADERO Y  PEDRO AMPUDIA,H3,19:15,19:18,-3,1,0
08/05/2026,SALTILLO 2000,Salida,N,5,CUQUITA DE CEPEDA DAVILA  (OXXO),H1,07:20,07:12,8,1,0
08/05/2026,SALTILLO 2000,Salida,N,5,CUQUITA DE CEPEDA DAVILA  (OXXO),H2,16:35,,,,
08/05/2026,SALTILLO 2000,Salida,N,5,CUQUITA DE CEPEDA DAVILA  (OXXO),H3,19:20,19:28,-8,1,0
08/05/2026,SALTILLO 2000,Salida,N,6,ROTONDA SALTILLO 2000,H1,07:30,,,,
08/05/2026,SALTILLO 2000,Salida,N,6,ROTONDA SALTILLO 2000,H2,16:45,,,,
08/05/2026,SALTILLO 2000,Salida,N,6,ROTONDA SALTILLO 2000,H3,19:30,,,,
08/05/2026,SALTILLO 2000,Salida,N,7,PALACIO DE JUSTICIA,H1,07:35,,,,
08/05/2026,SALTILLO 2000,Salida,N,7,PALACIO DE JUSTICIA,H2,16:50,,,,
08/05/2026,SALTILLO 2000,Salida,N,7,PALACIO DE JUSTICIA,H3,19:35,,,,
08/05/2026,SAN FRANCISCO,Entrada,A,1,LA CUCHILLA,H1,19:35,,,,
08/05/2026,SAN FRANCISCO,Entrada,A,1,LA CUCHILLA,H2,04:05,,,,
08/05/2026,SAN FRANCISCO,Entrada,A,1,LA CUCHILLA,H3,16:05,,,,
08/05/2026,SAN FRANCISCO,Entrada,A,1,LA CUCHILLA,H4,20:05,,,,
08/05/2026,SAN FRANCISCO,Entrada,A,2,SAN JUAN RETIRO,H1,19:44,,,,
08/05/2026,SAN FRANCISCO,Entrada,A,2,SAN JUAN RETIRO,H2,04:14,,,,
08/05/2026,SAN FRANCISCO,Entrada,A,2,SAN JUAN RETIRO,H3,16:14,,,,
08/05/2026,SAN FRANCISCO,Entrada,A,2,SAN JUAN RETIRO,H4,20:14,,,,
08/05/2026,SAN FRANCISCO,Entrada,A,3,NUEVO GOMEZ,H1,19:54,,,,
08/05/2026,SAN FRANCISCO,Entrada,A,3,NUEVO GOMEZ,H2,04:24,,,,
08/05/2026,SAN FRANCISCO,Entrada,A,3,NUEVO GOMEZ,H3,16:24,,,,
08/05/2026,SAN FRANCISCO,Entrada,A,3,NUEVO GOMEZ,H4,20:24,,,,
08/05/2026,SAN FRANCISCO,Entrada,A,4,SAN FRANCISCO,H1,20:06,,,,
08/05/2026,SAN FRANCISCO,Entrada,A,4,SAN FRANCISCO,H2,04:36,,,,
08/05/2026,SAN FRANCISCO,Entrada,A,4,SAN FRANCISCO,H3,16:36,,,,
08/05/2026,SAN FRANCISCO,Entrada,A,4,SAN FRANCISCO,H4,20:36,,,,
08/05/2026,SAN FRANCISCO,Entrada,A,5,MANGAS,H1,20:16,,,,
08/05/2026,SAN FRANCISCO,Entrada,A,5,MANGAS,H2,04:46,,,,
08/05/2026,SAN FRANCISCO,Entrada,A,5,MANGAS,H3,16:46,,,,
08/05/2026,SAN FRANCISCO,Entrada,A,5,MANGAS,H4,20:46,,,,
08/05/2026,SAN FRANCISCO,Entrada,A,6,COLONIAS,H1,20:52,,,,
08/05/2026,SAN FRANCISCO,Entrada,A,6,COLONIAS,H2,05:22,,,,
08/05/2026,SAN FRANCISCO,Entrada,A,6,COLONIAS,H3,17:22,,,,
08/05/2026,SAN FRANCISCO,Entrada,A,6,COLONIAS,H4,21:22,,,,
08/05/2026,SAN FRANCISCO,Entrada,A,7,AGUA NUEVA,H1,21:00,,,,
08/05/2026,SAN FRANCISCO,Entrada,A,7,AGUA NUEVA,H2,05:30,,,,
08/05/2026,SAN FRANCISCO,Entrada,A,7,AGUA NUEVA,H3,17:30,,,,
08/05/2026,SAN FRANCISCO,Entrada,A,7,AGUA NUEVA,H4,21:25,,,,
08/05/2026,SAN FRANCISCO,Entrada,A,8,METALSA,H1,21:20,,,,
08/05/2026,SAN FRANCISCO,Entrada,A,8,METALSA,H2,05:50,,,,
08/05/2026,SAN FRANCISCO,Entrada,A,8,METALSA,H3,17:50,,,,
08/05/2026,SAN FRANCISCO,Entrada,A,8,METALSA,H4,21:50,,,,
08/05/2026,SAN FRANCISCO,Salida,N,1,METALSA,H1,15:30,,,,
08/05/2026,SAN FRANCISCO,Salida,N,1,METALSA,H2,18:15,18:18,-3,1,0
08/05/2026,SAN FRANCISCO,Salida,N,1,METALSA,H3,06:15,06:28,-13,1,0
08/05/2026,SAN FRANCISCO,Salida,N,2,AGUA NUEVA,H1,15:59,,,,
08/05/2026,SAN FRANCISCO,Salida,N,2,AGUA NUEVA,H2,18:44,18:27,17,1,0
08/05/2026,SAN FRANCISCO,Salida,N,2,AGUA NUEVA,H3,06:44,06:38,6,1,0
08/05/2026,SAN FRANCISCO,Salida,N,3,COLONIAS,H1,16:10,,,,
08/05/2026,SAN FRANCISCO,Salida,N,3,COLONIAS,H2,18:55,18:42,13,1,0
08/05/2026,SAN FRANCISCO,Salida,N,3,COLONIAS,H3,06:55,06:52,3,1,0
08/05/2026,SAN FRANCISCO,Salida,N,4,MANGAS,H1,16:34,,,,
08/05/2026,SAN FRANCISCO,Salida,N,4,MANGAS,H2,19:19,19:07,12,1,0
08/05/2026,SAN FRANCISCO,Salida,N,4,MANGAS,H3,07:19,,,,
08/05/2026,SAN FRANCISCO,Salida,N,5,SAN FRANCISCO,H1,16:46,,,,
08/05/2026,SAN FRANCISCO,Salida,N,5,SAN FRANCISCO,H2,19:31,19:18,13,1,0
08/05/2026,SAN FRANCISCO,Salida,N,5,SAN FRANCISCO,H3,07:31,07:14,17,1,0
08/05/2026,SAN FRANCISCO,Salida,N,6,NUEVO GOMEZ,H1,16:56,,,,
08/05/2026,SAN FRANCISCO,Salida,N,6,NUEVO GOMEZ,H2,19:41,,,,
08/05/2026,SAN FRANCISCO,Salida,N,6,NUEVO GOMEZ,H3,07:41,,,,
08/05/2026,SAN FRANCISCO,Salida,N,7,SAN JUAN RETIRO,H1,17:06,,,,
08/05/2026,SAN FRANCISCO,Salida,N,7,SAN JUAN RETIRO,H2,19:51,,,,
08/05/2026,SAN FRANCISCO,Salida,N,7,SAN JUAN RETIRO,H3,07:51,07:32,19,1,0
08/05/2026,SAN FRANCISCO,Salida,N,8,LA CUCHILLA,H1,17:15,,,,
08/05/2026,SAN FRANCISCO,Salida,N,8,LA CUCHILLA,H2,20:00,19:34,26,1,0
08/05/2026,SAN FRANCISCO,Salida,N,8,LA CUCHILLA,H3,08:00,,,,
08/05/2026,SAN MIGUEL,Entrada,A,1,SAN MIGUEL,H1,19:50,,,,
08/05/2026,SAN MIGUEL,Entrada,A,1,SAN MIGUEL,H2,04:20,,,,
08/05/2026,SAN MIGUEL,Entrada,A,1,SAN MIGUEL,H3,16:20,,,,
08/05/2026,SAN MIGUEL,Entrada,A,1,SAN MIGUEL,H4,20:20,,,,
08/05/2026,SAN MIGUEL,Entrada,A,2,ZACATERA,H1,19:53,,,,
08/05/2026,SAN MIGUEL,Entrada,A,2,ZACATERA,H2,04:23,,,,
08/05/2026,SAN MIGUEL,Entrada,A,2,ZACATERA,H3,16:23,,,,
08/05/2026,SAN MIGUEL,Entrada,A,2,ZACATERA,H4,20:23,,,,
08/05/2026,SAN MIGUEL,Entrada,A,3,GOMEZ FARIAS,H1,20:00,,,,
08/05/2026,SAN MIGUEL,Entrada,A,3,GOMEZ FARIAS,H2,04:30,,,,
08/05/2026,SAN MIGUEL,Entrada,A,3,GOMEZ FARIAS,H3,16:30,,,,
08/05/2026,SAN MIGUEL,Entrada,A,3,GOMEZ FARIAS,H4,20:30,,,,
08/05/2026,SAN MIGUEL,Entrada,A,4,GUADALUPE VICTORIA,H1,20:25,,,,
08/05/2026,SAN MIGUEL,Entrada,A,4,GUADALUPE VICTORIA,H2,04:55,,,,
08/05/2026,SAN MIGUEL,Entrada,A,4,GUADALUPE VICTORIA,H3,16:55,,,,
08/05/2026,SAN MIGUEL,Entrada,A,4,GUADALUPE VICTORIA,H4,20:55,,,,
08/05/2026,SAN MIGUEL,Entrada,A,5,COLONIAS,H1,20:35,,,,
08/05/2026,SAN MIGUEL,Entrada,A,5,COLONIAS,H2,05:05,,,,
08/05/2026,SAN MIGUEL,Entrada,A,5,COLONIAS,H3,17:05,,,,
08/05/2026,SAN MIGUEL,Entrada,A,5,COLONIAS,H4,21:05,,,,
08/05/2026,SAN MIGUEL,Entrada,A,6,AGUA NUEVA,H1,20:50,,,,
08/05/2026,SAN MIGUEL,Entrada,A,6,AGUA NUEVA,H2,05:20,,,,
08/05/2026,SAN MIGUEL,Entrada,A,6,AGUA NUEVA,H3,17:20,,,,
08/05/2026,SAN MIGUEL,Entrada,A,6,AGUA NUEVA,H4,21:20,,,,
08/05/2026,SAN MIGUEL,Entrada,A,7,METALSA,H1,21:20,,,,
08/05/2026,SAN MIGUEL,Entrada,A,7,METALSA,H2,05:50,,,,
08/05/2026,SAN MIGUEL,Entrada,A,7,METALSA,H3,17:50,,,,
08/05/2026,SAN MIGUEL,Entrada,A,7,METALSA,H4,21:50,,,,
08/05/2026,SAN MIGUEL,Salida,N,1,METALSA,H1,15:30,,,,
08/05/2026,SAN MIGUEL,Salida,N,1,METALSA,H2,06:15,,,,
08/05/2026,SAN MIGUEL,Salida,N,1,METALSA,H3,18:15,,,,
08/05/2026,SAN MIGUEL,Salida,N,2,AGUA NUEVA,H1,16:10,,,,
08/05/2026,SAN MIGUEL,Salida,N,2,AGUA NUEVA,H2,06:55,,,,
08/05/2026,SAN MIGUEL,Salida,N,2,AGUA NUEVA,H3,18:55,,,,
08/05/2026,SAN MIGUEL,Salida,N,3,COLONIAS,H1,16:20,,,,
08/05/2026,SAN MIGUEL,Salida,N,3,COLONIAS,H2,07:05,,,,
08/05/2026,SAN MIGUEL,Salida,N,3,COLONIAS,H3,19:05,,,,
08/05/2026,SAN MIGUEL,Salida,N,4,GUADALUPE VICTORIA,H1,16:30,,,,
08/05/2026,SAN MIGUEL,Salida,N,4,GUADALUPE VICTORIA,H2,07:15,,,,
08/05/2026,SAN MIGUEL,Salida,N,4,GUADALUPE VICTORIA,H3,19:15,,,,
08/05/2026,SAN MIGUEL,Salida,N,5,GOMEZ FARIAS,H1,17:05,,,,
08/05/2026,SAN MIGUEL,Salida,N,5,GOMEZ FARIAS,H2,07:50,,,,
08/05/2026,SAN MIGUEL,Salida,N,5,GOMEZ FARIAS,H3,19:50,,,,
08/05/2026,SAN MIGUEL,Salida,N,6,SAN MIGUEL,H1,17:30,,,,
08/05/2026,SAN MIGUEL,Salida,N,6,SAN MIGUEL,H2,08:15,,,,
08/05/2026,SAN MIGUEL,Salida,N,6,SAN MIGUEL,H3,20:15,,,,
08/05/2026,SAN MIGUEL,Salida,N,7,ZACATERA,H1,18:05,,,,
08/05/2026,SAN MIGUEL,Salida,N,7,ZACATERA,H2,08:45,,,,
08/05/2026,SAN MIGUEL,Salida,N,7,ZACATERA,H3,20:45,,,,
08/05/2026,SANTA MARIA - SAN RAFAEL,Entrada,N,1,SAN JOSE ALAMITO,H1,19:00,,,,
08/05/2026,SANTA MARIA - SAN RAFAEL,Entrada,N,1,SAN JOSE ALAMITO,H2,03:30,03:59,-29,1,0
08/05/2026,SANTA MARIA - SAN RAFAEL,Entrada,N,1,SAN JOSE ALAMITO,H3,15:30,16:00,-30,1,0
08/05/2026,SANTA MARIA - SAN RAFAEL,Entrada,N,1,SAN JOSE ALAMITO,H4,19:30,,,,
08/05/2026,SANTA MARIA - SAN RAFAEL,Entrada,N,2,LA HEDIONDA,H1,19:25,,,,
08/05/2026,SANTA MARIA - SAN RAFAEL,Entrada,N,2,LA HEDIONDA,H2,03:55,04:01,-6,1,0
08/05/2026,SANTA MARIA - SAN RAFAEL,Entrada,N,2,LA HEDIONDA,H3,15:55,16:03,-8,1,0
08/05/2026,SANTA MARIA - SAN RAFAEL,Entrada,N,2,LA HEDIONDA,H4,19:55,,,,
08/05/2026,SANTA MARIA - SAN RAFAEL,Entrada,N,3,LA CONCHA,H1,19:40,,,,
08/05/2026,SANTA MARIA - SAN RAFAEL,Entrada,N,3,LA CONCHA,H2,04:10,04:14,-4,1,0
08/05/2026,SANTA MARIA - SAN RAFAEL,Entrada,N,3,LA CONCHA,H3,16:10,,,,
08/05/2026,SANTA MARIA - SAN RAFAEL,Entrada,N,3,LA CONCHA,H4,20:10,,,,
08/05/2026,SANTA MARIA - SAN RAFAEL,Entrada,N,4,STA MARIA DE RAMOS,H1,19:50,,,,
08/05/2026,SANTA MARIA - SAN RAFAEL,Entrada,N,4,STA MARIA DE RAMOS,H2,04:20,04:20,0,1,0
08/05/2026,SANTA MARIA - SAN RAFAEL,Entrada,N,4,STA MARIA DE RAMOS,H3,16:20,16:18,2,1,0
08/05/2026,SANTA MARIA - SAN RAFAEL,Entrada,N,4,STA MARIA DE RAMOS,H4,20:20,,,,
08/05/2026,SANTA MARIA - SAN RAFAEL,Entrada,N,5,SAN RAFAEL,H1,20:05,,,,
08/05/2026,SANTA MARIA - SAN RAFAEL,Entrada,N,5,SAN RAFAEL,H2,04:35,04:31,4,1,0
08/05/2026,SANTA MARIA - SAN RAFAEL,Entrada,N,5,SAN RAFAEL,H3,16:35,16:27,8,1,0
08/05/2026,SANTA MARIA - SAN RAFAEL,Entrada,N,5,SAN RAFAEL,H4,20:35,,,,
08/05/2026,SANTA MARIA - SAN RAFAEL,Entrada,N,6,NAVIDAD,H1,20:10,,,,
08/05/2026,SANTA MARIA - SAN RAFAEL,Entrada,N,6,NAVIDAD,H2,04:40,,,,
08/05/2026,SANTA MARIA - SAN RAFAEL,Entrada,N,6,NAVIDAD,H3,16:40,16:42,-2,1,0
08/05/2026,SANTA MARIA - SAN RAFAEL,Entrada,N,6,NAVIDAD,H4,20:40,,,,
08/05/2026,SANTA MARIA - SAN RAFAEL,Entrada,N,7,ENTRONQUE HUACHICHIL,H1,20:40,,,,
08/05/2026,SANTA MARIA - SAN RAFAEL,Entrada,N,7,ENTRONQUE HUACHICHIL,H2,05:10,05:08,2,1,0
08/05/2026,SANTA MARIA - SAN RAFAEL,Entrada,N,7,ENTRONQUE HUACHICHIL,H3,17:10,17:05,5,1,0
08/05/2026,SANTA MARIA - SAN RAFAEL,Entrada,N,7,ENTRONQUE HUACHICHIL,H4,21:10,,,,
08/05/2026,SANTA MARIA - SAN RAFAEL,Entrada,N,8,METALSA,H1,21:20,,,,
08/05/2026,SANTA MARIA - SAN RAFAEL,Entrada,N,8,METALSA,H2,05:50,05:39,11,1,0
08/05/2026,SANTA MARIA - SAN RAFAEL,Entrada,N,8,METALSA,H3,17:50,17:36,14,1,0
08/05/2026,SANTA MARIA - SAN RAFAEL,Entrada,N,8,METALSA,H4,21:50,,,,
08/05/2026,SANTA MARIA - SAN RAFAEL,Salida,N,1,METALSA,H1,15:30,,,,
08/05/2026,SANTA MARIA - SAN RAFAEL,Salida,N,1,METALSA,H2,06:15,06:15,0,1,0
08/05/2026,SANTA MARIA - SAN RAFAEL,Salida,N,1,METALSA,H3,18:15,18:13,2,1,0
08/05/2026,SANTA MARIA - SAN RAFAEL,Salida,N,2,ENTRONQUE HUACHICHIL,H1,15:31,,,,
08/05/2026,SANTA MARIA - SAN RAFAEL,Salida,N,2,ENTRONQUE HUACHICHIL,H2,06:16,,,,
08/05/2026,SANTA MARIA - SAN RAFAEL,Salida,N,2,ENTRONQUE HUACHICHIL,H3,18:16,,,,
08/05/2026,SANTA MARIA - SAN RAFAEL,Salida,N,3,NAVIDAD,H1,15:32,,,,
08/05/2026,SANTA MARIA - SAN RAFAEL,Salida,N,3,NAVIDAD,H2,06:17,07:19,-62,1,0
08/05/2026,SANTA MARIA - SAN RAFAEL,Salida,N,3,NAVIDAD,H3,18:17,19:07,-50,1,0
08/05/2026,SANTA MARIA - SAN RAFAEL,Salida,N,4,SAN RAFAEL,H1,15:33,,,,
08/05/2026,SANTA MARIA - SAN RAFAEL,Salida,N,4,SAN RAFAEL,H2,06:18,,,,
08/05/2026,SANTA MARIA - SAN RAFAEL,Salida,N,4,SAN RAFAEL,H3,18:18,,,,
08/05/2026,SANTA MARIA - SAN RAFAEL,Salida,N,5,STA MARIA DE RAMOS,H1,16:50,,,,
08/05/2026,SANTA MARIA - SAN RAFAEL,Salida,N,5,STA MARIA DE RAMOS,H2,07:35,07:38,-3,1,0
08/05/2026,SANTA MARIA - SAN RAFAEL,Salida,N,5,STA MARIA DE RAMOS,H3,19:35,19:24,11,1,0
08/05/2026,SANTA MARIA - SAN RAFAEL,Salida,N,6,LA CONCHA,H1,16:55,,,,
08/05/2026,SANTA MARIA - SAN RAFAEL,Salida,N,6,LA CONCHA,H2,07:45,,,,
08/05/2026,SANTA MARIA - SAN RAFAEL,Salida,N,6,LA CONCHA,H3,19:40,19:29,11,1,0
08/05/2026,SANTA MARIA - SAN RAFAEL,Salida,N,7,LA HEDIONDA,H1,17:30,,,,
08/05/2026,SANTA MARIA - SAN RAFAEL,Salida,N,7,LA HEDIONDA,H2,08:00,,,,
08/05/2026,SANTA MARIA - SAN RAFAEL,Salida,N,7,LA HEDIONDA,H3,20:15,19:41,34,1,0
08/05/2026,SANTA MARIA - SAN RAFAEL,Salida,N,8,SAN JOSE ALAMITO,H1,17:55,,,,
08/05/2026,SANTA MARIA - SAN RAFAEL,Salida,N,8,SAN JOSE ALAMITO,H2,08:25,,,,
08/05/2026,SANTA MARIA - SAN RAFAEL,Salida,N,8,SAN JOSE ALAMITO,H3,20:35,19:58,37,1,0
08/05/2026,SECUENCIADOS,Entrada,A,1,CARR. SALTILLO-ZACATECAS,H1,05:45,,,,
08/05/2026,SECUENCIADOS,Entrada,A,1,CARR. SALTILLO-ZACATECAS,H2,17:45,,,,
08/05/2026,SECUENCIADOS,Entrada,A,1,CARR. SALTILLO-ZACATECAS,H3,21:15,,,,
08/05/2026,SECUENCIADOS,Entrada,A,1,CARR. SALTILLO-ZACATECAS,H4,21:45,,,,
08/05/2026,SECUENCIADOS,Entrada,A,2,METALSA,H1,05:50,,,,
08/05/2026,SECUENCIADOS,Entrada,A,2,METALSA,H2,17:50,,,,
08/05/2026,SECUENCIADOS,Entrada,A,2,METALSA,H3,21:20,,,,
08/05/2026,SECUENCIADOS,Entrada,A,2,METALSA,H4,21:50,,,,
08/05/2026,SECUENCIADOS,Salida,A,1,METALSA,H1,05:50,,,,
08/05/2026,SECUENCIADOS,Salida,A,1,METALSA,H2,17:50,,,,
08/05/2026,SECUENCIADOS,Salida,A,1,METALSA,H3,21:20,,,,
08/05/2026,SECUENCIADOS,Salida,A,2,CARR. SALTILLO-ZACATECAS,H1,05:45,,,,
08/05/2026,SECUENCIADOS,Salida,A,2,CARR. SALTILLO-ZACATECAS,H2,17:45,,,,
08/05/2026,SECUENCIADOS,Salida,A,2,CARR. SALTILLO-ZACATECAS,H3,21:15,,,,
08/05/2026,TANQUE DEL CERRO - LA VENTURA,Entrada,A,1,TANQUE DEL CERRO,H1,19:15,,,,
08/05/2026,TANQUE DEL CERRO - LA VENTURA,Entrada,A,1,TANQUE DEL CERRO,H2,03:45,,,,
08/05/2026,TANQUE DEL CERRO - LA VENTURA,Entrada,A,1,TANQUE DEL CERRO,H3,15:45,,,,
08/05/2026,TANQUE DEL CERRO - LA VENTURA,Entrada,A,1,TANQUE DEL CERRO,H4,19:45,,,,
08/05/2026,TANQUE DEL CERRO - LA VENTURA,Entrada,A,2,LA VENTURA,H1,19:35,,,,
08/05/2026,TANQUE DEL CERRO - LA VENTURA,Entrada,A,2,LA VENTURA,H2,04:05,,,,
08/05/2026,TANQUE DEL CERRO - LA VENTURA,Entrada,A,2,LA VENTURA,H3,16:05,,,,
08/05/2026,TANQUE DEL CERRO - LA VENTURA,Entrada,A,2,LA VENTURA,H4,20:05,,,,
08/05/2026,TANQUE DEL CERRO - LA VENTURA,Entrada,A,3,PURISIMA,H1,19:45,,,,
08/05/2026,TANQUE DEL CERRO - LA VENTURA,Entrada,A,3,PURISIMA,H2,04:15,,,,
08/05/2026,TANQUE DEL CERRO - LA VENTURA,Entrada,A,3,PURISIMA,H3,16:15,,,,
08/05/2026,TANQUE DEL CERRO - LA VENTURA,Entrada,A,3,PURISIMA,H4,20:15,,,,
08/05/2026,TANQUE DEL CERRO - LA VENTURA,Entrada,A,4,PRESA SAN PEDRO,H1,19:55,,,,
08/05/2026,TANQUE DEL CERRO - LA VENTURA,Entrada,A,4,PRESA SAN PEDRO,H2,04:25,,,,
08/05/2026,TANQUE DEL CERRO - LA VENTURA,Entrada,A,4,PRESA SAN PEDRO,H3,16:25,,,,
08/05/2026,TANQUE DEL CERRO - LA VENTURA,Entrada,A,4,PRESA SAN PEDRO,H4,20:25,,,,
08/05/2026,TANQUE DEL CERRO - LA VENTURA,Entrada,A,5,TANQUE ESCONDIDO,H1,20:10,,,,
08/05/2026,TANQUE DEL CERRO - LA VENTURA,Entrada,A,5,TANQUE ESCONDIDO,H2,04:40,,,,
08/05/2026,TANQUE DEL CERRO - LA VENTURA,Entrada,A,5,TANQUE ESCONDIDO,H3,16:40,,,,
08/05/2026,TANQUE DEL CERRO - LA VENTURA,Entrada,A,5,TANQUE ESCONDIDO,H4,20:40,,,,
08/05/2026,TANQUE DEL CERRO - LA VENTURA,Entrada,A,6,GUADALUPE VICTORIA,H1,20:38,,,,
08/05/2026,TANQUE DEL CERRO - LA VENTURA,Entrada,A,6,GUADALUPE VICTORIA,H2,05:08,,,,
08/05/2026,TANQUE DEL CERRO - LA VENTURA,Entrada,A,6,GUADALUPE VICTORIA,H3,17:08,,,,
08/05/2026,TANQUE DEL CERRO - LA VENTURA,Entrada,A,6,GUADALUPE VICTORIA,H4,21:08,,,,
08/05/2026,TANQUE DEL CERRO - LA VENTURA,Entrada,A,7,METALSA,H1,21:20,,,,
08/05/2026,TANQUE DEL CERRO - LA VENTURA,Entrada,A,7,METALSA,H2,05:50,,,,
08/05/2026,TANQUE DEL CERRO - LA VENTURA,Entrada,A,7,METALSA,H3,17:50,,,,
08/05/2026,TANQUE DEL CERRO - LA VENTURA,Entrada,A,7,METALSA,H4,21:50,,,,
08/05/2026,TANQUE DEL CERRO - LA VENTURA,Salida,N,1,METALSA,H1,15:30,,,,
08/05/2026,TANQUE DEL CERRO - LA VENTURA,Salida,N,1,METALSA,H2,06:15,06:17,-2,1,0
08/05/2026,TANQUE DEL CERRO - LA VENTURA,Salida,N,1,METALSA,H3,18:15,18:01,14,1,0
08/05/2026,TANQUE DEL CERRO - LA VENTURA,Salida,N,2,GUADALUPE VICTORIA,H1,16:00,,,,
08/05/2026,TANQUE DEL CERRO - LA VENTURA,Salida,N,2,GUADALUPE VICTORIA,H2,06:40,,,,
08/05/2026,TANQUE DEL CERRO - LA VENTURA,Salida,N,2,GUADALUPE VICTORIA,H3,18:40,,,,
08/05/2026,TANQUE DEL CERRO - LA VENTURA,Salida,N,3,TANQUE ESCONDIDO,H1,16:01,,,,
08/05/2026,TANQUE DEL CERRO - LA VENTURA,Salida,N,3,TANQUE ESCONDIDO,H2,06:41,07:27,-46,1,0
08/05/2026,TANQUE DEL CERRO - LA VENTURA,Salida,N,3,TANQUE ESCONDIDO,H3,18:41,19:24,-43,1,0
08/05/2026,TANQUE DEL CERRO - LA VENTURA,Salida,N,4,PRESA SAN PEDRO,H1,16:02,,,,
08/05/2026,TANQUE DEL CERRO - LA VENTURA,Salida,N,4,PRESA SAN PEDRO,H2,06:42,07:34,-52,1,0
08/05/2026,TANQUE DEL CERRO - LA VENTURA,Salida,N,4,PRESA SAN PEDRO,H3,18:42,19:31,-49,1,0
08/05/2026,TANQUE DEL CERRO - LA VENTURA,Salida,N,5,PURISIMA,H1,16:03,,,,
08/05/2026,TANQUE DEL CERRO - LA VENTURA,Salida,N,5,PURISIMA,H2,06:43,07:44,-61,1,0
08/05/2026,TANQUE DEL CERRO - LA VENTURA,Salida,N,5,PURISIMA,H3,18:43,19:44,-61,1,0
08/05/2026,TANQUE DEL CERRO - LA VENTURA,Salida,N,6,LA VENTURA,H1,17:00,,,,
08/05/2026,TANQUE DEL CERRO - LA VENTURA,Salida,N,6,LA VENTURA,H2,06:44,07:57,-73,1,0
08/05/2026,TANQUE DEL CERRO - LA VENTURA,Salida,N,6,LA VENTURA,H3,19:45,19:58,-13,1,0
08/05/2026,TANQUE DEL CERRO - LA VENTURA,Salida,N,7,TANQUE DEL CERRO,H1,17:20,,,,
08/05/2026,TANQUE DEL CERRO - LA VENTURA,Salida,N,7,TANQUE DEL CERRO,H2,08:05,08:07,-2,1,0
08/05/2026,TANQUE DEL CERRO - LA VENTURA,Salida,N,7,TANQUE DEL CERRO,H3,20:05,,,,
08/05/2026,TANQUE NUEVO,Entrada,A,1,MATEHUAPIL,H1,18:20,,,,
08/05/2026,TANQUE NUEVO,Entrada,A,1,MATEHUAPIL,H2,02:50,,,,
08/05/2026,TANQUE NUEVO,Entrada,A,1,MATEHUAPIL,H3,02:50,,,,
08/05/2026,TANQUE NUEVO,Entrada,A,1,MATEHUAPIL,H4,14:50,,,,
08/05/2026,TANQUE NUEVO,Entrada,A,1,MATEHUAPIL,H5,14:50,,,,
08/05/2026,TANQUE NUEVO,Entrada,A,1,MATEHUAPIL,H6,18:50,,,,
08/05/2026,TANQUE NUEVO,Entrada,A,2,TANQUE NUEVO,H1,18:30,,,,
08/05/2026,TANQUE NUEVO,Entrada,A,2,TANQUE NUEVO,H2,03:00,,,,
08/05/2026,TANQUE NUEVO,Entrada,A,2,TANQUE NUEVO,H3,03:00,,,,
08/05/2026,TANQUE NUEVO,Entrada,A,2,TANQUE NUEVO,H4,15:00,,,,
08/05/2026,TANQUE NUEVO,Entrada,A,2,TANQUE NUEVO,H5,15:00,,,,
08/05/2026,TANQUE NUEVO,Entrada,A,2,TANQUE NUEVO,H6,19:00,,,,
08/05/2026,TANQUE NUEVO,Entrada,A,3,CLAVELLINAS,H1,18:50,,,,
08/05/2026,TANQUE NUEVO,Entrada,A,3,CLAVELLINAS,H2,03:20,,,,
08/05/2026,TANQUE NUEVO,Entrada,A,3,CLAVELLINAS,H3,03:20,,,,
08/05/2026,TANQUE NUEVO,Entrada,A,3,CLAVELLINAS,H4,15:20,,,,
08/05/2026,TANQUE NUEVO,Entrada,A,3,CLAVELLINAS,H5,15:20,,,,
08/05/2026,TANQUE NUEVO,Entrada,A,3,CLAVELLINAS,H6,19:20,,,,
08/05/2026,TANQUE NUEVO,Entrada,A,4,EL SALVADOR,H1,19:10,,,,
08/05/2026,TANQUE NUEVO,Entrada,A,4,EL SALVADOR,H2,03:40,,,,
08/05/2026,TANQUE NUEVO,Entrada,A,4,EL SALVADOR,H3,03:40,,,,
08/05/2026,TANQUE NUEVO,Entrada,A,4,EL SALVADOR,H4,15:40,,,,
08/05/2026,TANQUE NUEVO,Entrada,A,4,EL SALVADOR,H5,15:40,,,,
08/05/2026,TANQUE NUEVO,Entrada,A,4,EL SALVADOR,H6,19:40,,,,
08/05/2026,TANQUE NUEVO,Entrada,A,5,LA VENTURA,H1,19:30,,,,
08/05/2026,TANQUE NUEVO,Entrada,A,5,LA VENTURA,H2,04:00,,,,
08/05/2026,TANQUE NUEVO,Entrada,A,5,LA VENTURA,H3,04:00,,,,
08/05/2026,TANQUE NUEVO,Entrada,A,5,LA VENTURA,H4,16:00,,,,
08/05/2026,TANQUE NUEVO,Entrada,A,5,LA VENTURA,H5,16:00,,,,
08/05/2026,TANQUE NUEVO,Entrada,A,5,LA VENTURA,H6,20:10,,,,
08/05/2026,TANQUE NUEVO,Entrada,A,6,PRESA SAN PEDRO,H1,19:45,,,,
08/05/2026,TANQUE NUEVO,Entrada,A,6,PRESA SAN PEDRO,H2,04:15,,,,
08/05/2026,TANQUE NUEVO,Entrada,A,6,PRESA SAN PEDRO,H3,04:15,,,,
08/05/2026,TANQUE NUEVO,Entrada,A,6,PRESA SAN PEDRO,H4,16:15,,,,
08/05/2026,TANQUE NUEVO,Entrada,A,6,PRESA SAN PEDRO,H5,16:15,,,,
08/05/2026,TANQUE NUEVO,Entrada,A,6,PRESA SAN PEDRO,H6,20:35,,,,
08/05/2026,TANQUE NUEVO,Entrada,A,7,TANQUE ESCONDIDO,H1,19:55,,,,
08/05/2026,TANQUE NUEVO,Entrada,A,7,TANQUE ESCONDIDO,H2,04:25,,,,
08/05/2026,TANQUE NUEVO,Entrada,A,7,TANQUE ESCONDIDO,H3,04:25,,,,
08/05/2026,TANQUE NUEVO,Entrada,A,7,TANQUE ESCONDIDO,H4,16:25,,,,
08/05/2026,TANQUE NUEVO,Entrada,A,7,TANQUE ESCONDIDO,H5,16:25,,,,
08/05/2026,TANQUE NUEVO,Entrada,A,7,TANQUE ESCONDIDO,H6,20:45,,,,
08/05/2026,TANQUE NUEVO,Entrada,A,8,METALSA,H1,21:20,,,,
08/05/2026,TANQUE NUEVO,Entrada,A,8,METALSA,H2,05:50,00:05,345,1,0
08/05/2026,TANQUE NUEVO,Entrada,A,8,METALSA,H3,05:50,,,,
08/05/2026,TANQUE NUEVO,Entrada,A,8,METALSA,H4,17:50,,,,
08/05/2026,TANQUE NUEVO,Entrada,A,8,METALSA,H5,17:50,,,,
08/05/2026,TANQUE NUEVO,Entrada,A,8,METALSA,H6,21:50,,,,
08/05/2026,TANQUE NUEVO,Salida,N,1,METALSA,H1,15:30,,,,
08/05/2026,TANQUE NUEVO,Salida,N,1,METALSA,H2,06:15,00:06,369,1,0
08/05/2026,TANQUE NUEVO,Salida,N,1,METALSA,H3,06:15,00:18,357,1,0
08/05/2026,TANQUE NUEVO,Salida,N,1,METALSA,H4,18:15,00:18,357,,0
08/05/2026,TANQUE NUEVO,Salida,N,1,METALSA,H5,18:15,00:18,357,,0
08/05/2026,TANQUE NUEVO,Salida,N,2,TANQUE ESCONDIDO,H1,16:55,,,,
08/05/2026,TANQUE NUEVO,Salida,N,2,TANQUE ESCONDIDO,H2,07:40,,,,
08/05/2026,TANQUE NUEVO,Salida,N,2,TANQUE ESCONDIDO,H3,07:40,00:19,441,1,0
08/05/2026,TANQUE NUEVO,Salida,N,2,TANQUE ESCONDIDO,H4,19:40,00:19,441,,0
08/05/2026,TANQUE NUEVO,Salida,N,2,TANQUE ESCONDIDO,H5,19:40,00:19,441,,0
08/05/2026,TANQUE NUEVO,Salida,N,3,PRESA SAN PEDRO,H1,17:05,,,,
08/05/2026,TANQUE NUEVO,Salida,N,3,PRESA SAN PEDRO,H2,07:50,00:07,463,1,0
08/05/2026,TANQUE NUEVO,Salida,N,3,PRESA SAN PEDRO,H3,07:50,00:19,451,1,0
08/05/2026,TANQUE NUEVO,Salida,N,3,PRESA SAN PEDRO,H4,19:50,00:19,451,,0
08/05/2026,TANQUE NUEVO,Salida,N,3,PRESA SAN PEDRO,H5,19:50,00:19,451,,0
08/05/2026,TANQUE NUEVO,Salida,N,4,LA VENTURA,H1,17:20,,,,
08/05/2026,TANQUE NUEVO,Salida,N,4,LA VENTURA,H2,08:05,00:07,478,1,0
08/05/2026,TANQUE NUEVO,Salida,N,4,LA VENTURA,H3,08:05,00:19,466,1,0
08/05/2026,TANQUE NUEVO,Salida,N,4,LA VENTURA,H4,20:05,00:19,466,,0
08/05/2026,TANQUE NUEVO,Salida,N,4,LA VENTURA,H5,20:05,00:19,466,,0
08/05/2026,TANQUE NUEVO,Salida,N,5,EL SALVADOR,H1,17:40,,,,
08/05/2026,TANQUE NUEVO,Salida,N,5,EL SALVADOR,H2,08:25,,,,
08/05/2026,TANQUE NUEVO,Salida,N,5,EL SALVADOR,H3,08:25,,,,
08/05/2026,TANQUE NUEVO,Salida,N,5,EL SALVADOR,H4,20:25,,,,
08/05/2026,TANQUE NUEVO,Salida,N,5,EL SALVADOR,H5,20:25,,,,
08/05/2026,TANQUE NUEVO,Salida,N,6,CLAVELLINAS,H1,18:00,,,,
08/05/2026,TANQUE NUEVO,Salida,N,6,CLAVELLINAS,H2,08:45,,,,
08/05/2026,TANQUE NUEVO,Salida,N,6,CLAVELLINAS,H3,08:45,,,,
08/05/2026,TANQUE NUEVO,Salida,N,6,CLAVELLINAS,H4,20:45,,,,
08/05/2026,TANQUE NUEVO,Salida,N,6,CLAVELLINAS,H5,20:45,,,,
08/05/2026,TANQUE NUEVO,Salida,N,7,TANQUE NUEVO,H1,18:20,,,,
08/05/2026,TANQUE NUEVO,Salida,N,7,TANQUE NUEVO,H2,09:05,,,,
08/05/2026,TANQUE NUEVO,Salida,N,7,TANQUE NUEVO,H3,09:05,,,,
08/05/2026,TANQUE NUEVO,Salida,N,7,TANQUE NUEVO,H4,21:05,,,,
08/05/2026,TANQUE NUEVO,Salida,N,7,TANQUE NUEVO,H5,21:05,,,,
08/05/2026,TANQUE NUEVO,Salida,N,8,MATEHUAPIL,H1,18:30,,,,
08/05/2026,TANQUE NUEVO,Salida,N,8,MATEHUAPIL,H2,09:15,,,,
08/05/2026,TANQUE NUEVO,Salida,N,8,MATEHUAPIL,H3,09:15,,,,
08/05/2026,TANQUE NUEVO,Salida,N,8,MATEHUAPIL,H4,21:15,,,,
08/05/2026,TANQUE NUEVO,Salida,N,8,MATEHUAPIL,H5,21:15,,,,
08/05/2026,TERESITAS,Entrada,N,1,BLVD ANTONIO CARDENAS Y HUACHICHILES,H1,05:05,05:03,2,1,0
08/05/2026,TERESITAS,Entrada,N,1,BLVD ANTONIO CARDENAS Y HUACHICHILES,H2,17:05,17:04,1,1,0
08/05/2026,TERESITAS,Entrada,N,1,BLVD ANTONIO CARDENAS Y HUACHICHILES,H3,20:35,,,,
08/05/2026,TERESITAS,Entrada,N,1,BLVD ANTONIO CARDENAS Y HUACHICHILES,H4,21:05,,,,
08/05/2026,TERESITAS,Entrada,N,2,RAYADOS Y HUACHICHILES,H1,05:10,05:08,2,1,0
08/05/2026,TERESITAS,Entrada,N,2,RAYADOS Y HUACHICHILES,H2,17:10,17:08,2,1,0
08/05/2026,TERESITAS,Entrada,N,2,RAYADOS Y HUACHICHILES,H3,20:40,,,,
08/05/2026,TERESITAS,Entrada,N,2,RAYADOS Y HUACHICHILES,H4,21:10,,,,
08/05/2026,TERESITAS,Entrada,N,3,SIERRA DE ZAPALINAME Y AV TERESITAS,H1,05:15,05:13,2,1,0
08/05/2026,TERESITAS,Entrada,N,3,SIERRA DE ZAPALINAME Y AV TERESITAS,H2,17:15,17:12,3,1,0
08/05/2026,TERESITAS,Entrada,N,3,SIERRA DE ZAPALINAME Y AV TERESITAS,H3,20:45,,,,
08/05/2026,TERESITAS,Entrada,N,3,SIERRA DE ZAPALINAME Y AV TERESITAS,H4,21:15,,,,
08/05/2026,TERESITAS,Entrada,N,4,AV TERESITAS Y BLVD ANTONIO CARDENAS,H1,05:22,05:20,2,1,0
08/05/2026,TERESITAS,Entrada,N,4,AV TERESITAS Y BLVD ANTONIO CARDENAS,H2,17:22,17:18,4,1,0
08/05/2026,TERESITAS,Entrada,N,4,AV TERESITAS Y BLVD ANTONIO CARDENAS,H3,20:52,,,,
08/05/2026,TERESITAS,Entrada,N,4,AV TERESITAS Y BLVD ANTONIO CARDENAS,H4,21:22,,,,
08/05/2026,TERESITAS,Entrada,N,5,LA ENCANTADA,H1,05:28,05:22,6,1,0
08/05/2026,TERESITAS,Entrada,N,5,LA ENCANTADA,H2,17:28,17:21,7,1,0
08/05/2026,TERESITAS,Entrada,N,5,LA ENCANTADA,H3,20:58,,,,
08/05/2026,TERESITAS,Entrada,N,5,LA ENCANTADA,H4,21:28,,,,
08/05/2026,TERESITAS,Entrada,N,6,CAAR. SALTILLO-ZACATECAS,H1,05:32,05:33,-1,1,0
08/05/2026,TERESITAS,Entrada,N,6,CAAR. SALTILLO-ZACATECAS,H2,17:32,17:25,7,1,0
08/05/2026,TERESITAS,Entrada,N,6,CAAR. SALTILLO-ZACATECAS,H3,21:02,,,,
08/05/2026,TERESITAS,Entrada,N,6,CAAR. SALTILLO-ZACATECAS,H4,21:30,,,,
08/05/2026,TERESITAS,Entrada,N,7,METALSA,H1,05:50,05:49,1,1,0
08/05/2026,TERESITAS,Entrada,N,7,METALSA,H2,17:50,17:38,12,1,0
08/05/2026,TERESITAS,Entrada,N,7,METALSA,H3,21:20,,,,
08/05/2026,TERESITAS,Entrada,N,7,METALSA,H4,21:50,,,,
08/05/2026,TERESITAS,Salida,N,1,METALSA,H1,06:15,06:17,-2,1,0
08/05/2026,TERESITAS,Salida,N,1,METALSA,H2,15:30,,,,
08/05/2026,TERESITAS,Salida,N,1,METALSA,H3,18:15,18:17,-2,1,0
08/05/2026,TERESITAS,Salida,N,2,CARR. SALTILLO-ZACATECAS,H1,06:33,06:33,0,1,0
08/05/2026,TERESITAS,Salida,N,2,CARR. SALTILLO-ZACATECAS,H2,15:48,,,,
08/05/2026,TERESITAS,Salida,N,2,CARR. SALTILLO-ZACATECAS,H3,18:33,,,,
08/05/2026,TERESITAS,Salida,N,3,LA ENCANTADA,H1,06:37,06:36,1,1,0
08/05/2026,TERESITAS,Salida,N,3,LA ENCANTADA,H2,15:52,,,,
08/05/2026,TERESITAS,Salida,N,3,LA ENCANTADA,H3,18:37,18:42,-5,1,0
08/05/2026,TERESITAS,Salida,N,4,AV TERESITAS Y BLVD ANTONIO CARDENAS,H1,06:43,,,,
08/05/2026,TERESITAS,Salida,N,4,AV TERESITAS Y BLVD ANTONIO CARDENAS,H2,15:58,,,,
08/05/2026,TERESITAS,Salida,N,4,AV TERESITAS Y BLVD ANTONIO CARDENAS,H3,18:43,,,,
08/05/2026,TERESITAS,Salida,N,5,SIERRA DE ZAPALINAME Y AV TERESITAS,H1,06:50,,,,
08/05/2026,TERESITAS,Salida,N,5,SIERRA DE ZAPALINAME Y AV TERESITAS,H2,16:05,,,,
08/05/2026,TERESITAS,Salida,N,5,SIERRA DE ZAPALINAME Y AV TERESITAS,H3,18:50,,,,
08/05/2026,TERESITAS,Salida,N,6,RAYADOS Y HUACHICHILES,H1,06:55,,,,
08/05/2026,TERESITAS,Salida,N,6,RAYADOS Y HUACHICHILES,H2,16:10,,,,
08/05/2026,TERESITAS,Salida,N,6,RAYADOS Y HUACHICHILES,H3,18:55,,,,
08/05/2026,TERESITAS,Salida,N,7,BLVD ANTONIO CARDENAS Y HUACHICHILES,H1,07:00,06:36,24,1,0
08/05/2026,TERESITAS,Salida,N,7,BLVD ANTONIO CARDENAS Y HUACHICHILES,H2,16:15,,,,
08/05/2026,TERESITAS,Salida,N,7,BLVD ANTONIO CARDENAS Y HUACHICHILES,H3,19:00,18:43,17,1,0
08/05/2026,VALENCIA,Entrada,N,1,LA RIOJA Y JEREZ,H1,04:30,04:30,0,1,0
08/05/2026,VALENCIA,Entrada,N,1,LA RIOJA Y JEREZ,H2,16:30,,,,
08/05/2026,VALENCIA,Entrada,N,1,LA RIOJA Y JEREZ,H3,20:00,,,,
08/05/2026,VALENCIA,Entrada,N,1,LA RIOJA Y JEREZ,H4,20:30,,,,
08/05/2026,VALENCIA,Entrada,N,2,PERIFERICO LEA Y VITO ALESSIO,H1,04:40,04:46,-6,1,0
08/05/2026,VALENCIA,Entrada,N,2,PERIFERICO LEA Y VITO ALESSIO,H2,16:40,,,,
08/05/2026,VALENCIA,Entrada,N,2,PERIFERICO LEA Y VITO ALESSIO,H3,20:10,,,,
08/05/2026,VALENCIA,Entrada,N,2,PERIFERICO LEA Y VITO ALESSIO,H4,20:40,,,,
08/05/2026,VALENCIA,Entrada,N,3,CARLOS S. Y RANCHO DE PEÑA,H1,04:45,04:52,-7,1,0
08/05/2026,VALENCIA,Entrada,N,3,CARLOS S. Y RANCHO DE PEÑA,H2,16:45,,,,
08/05/2026,VALENCIA,Entrada,N,3,CARLOS S. Y RANCHO DE PEÑA,H3,20:15,,,,
08/05/2026,VALENCIA,Entrada,N,3,CARLOS S. Y RANCHO DE PEÑA,H4,20:45,,,,
08/05/2026,VALENCIA,Entrada,N,4,ALVARO OBREGON,H1,04:55,04:58,-3,1,0
08/05/2026,VALENCIA,Entrada,N,4,ALVARO OBREGON,H2,16:55,,,,
08/05/2026,VALENCIA,Entrada,N,4,ALVARO OBREGON,H3,20:25,,,,
08/05/2026,VALENCIA,Entrada,N,4,ALVARO OBREGON,H4,20:55,,,,
08/05/2026,VALENCIA,Entrada,N,5,MIGUEL HIDALGO Y PEDRO ARANDA,H1,05:00,05:11,-11,1,0
08/05/2026,VALENCIA,Entrada,N,5,MIGUEL HIDALGO Y PEDRO ARANDA,H2,17:00,,,,
08/05/2026,VALENCIA,Entrada,N,5,MIGUEL HIDALGO Y PEDRO ARANDA,H3,20:30,,,,
08/05/2026,VALENCIA,Entrada,N,5,MIGUEL HIDALGO Y PEDRO ARANDA,H4,21:00,,,,
08/05/2026,VALENCIA,Entrada,N,6,PERIFERICO LEA Y W. GONZALEZ,H1,05:05,05:15,-10,1,0
08/05/2026,VALENCIA,Entrada,N,6,PERIFERICO LEA Y W. GONZALEZ,H2,17:05,,,,
08/05/2026,VALENCIA,Entrada,N,6,PERIFERICO LEA Y W. GONZALEZ,H3,20:35,,,,
08/05/2026,VALENCIA,Entrada,N,6,PERIFERICO LEA Y W. GONZALEZ,H4,21:05,,,,
08/05/2026,VALENCIA,Entrada,N,7,CTO DE LA CAÑADA Y BLVD CARDENAS,H1,05:15,05:23,-8,1,0
08/05/2026,VALENCIA,Entrada,N,7,CTO DE LA CAÑADA Y BLVD CARDENAS,H2,17:15,,,,
08/05/2026,VALENCIA,Entrada,N,7,CTO DE LA CAÑADA Y BLVD CARDENAS,H3,20:45,,,,
08/05/2026,VALENCIA,Entrada,N,7,CTO DE LA CAÑADA Y BLVD CARDENAS,H4,21:15,,,,
08/05/2026,VALENCIA,Entrada,N,8,METALSA,H1,05:50,06:04,-14,1,0
08/05/2026,VALENCIA,Entrada,N,8,METALSA,H2,17:50,,,,
08/05/2026,VALENCIA,Entrada,N,8,METALSA,H3,21:20,,,,
08/05/2026,VALENCIA,Entrada,N,8,METALSA,H4,21:50,,,,
08/05/2026,VALENCIA,Salida,N,1,METALSA,H1,06:15,06:16,-1,1,0
08/05/2026,VALENCIA,Salida,N,1,METALSA,H2,15:30,,,,
08/05/2026,VALENCIA,Salida,N,1,METALSA,H3,18:15,18:16,-1,1,0
08/05/2026,VALENCIA,Salida,N,2,CTO DE LA CAÑADA Y BLVD CARDENAS,H1,06:50,06:40,10,1,0
08/05/2026,VALENCIA,Salida,N,2,CTO DE LA CAÑADA Y BLVD CARDENAS,H2,16:05,,,,
08/05/2026,VALENCIA,Salida,N,2,CTO DE LA CAÑADA Y BLVD CARDENAS,H3,18:50,18:48,2,1,0
08/05/2026,VALENCIA,Salida,N,3,PERIFERICO LEA Y W. GONZALEZ,H1,07:00,06:45,15,1,0
08/05/2026,VALENCIA,Salida,N,3,PERIFERICO LEA Y W. GONZALEZ,H2,16:15,,,,
08/05/2026,VALENCIA,Salida,N,3,PERIFERICO LEA Y W. GONZALEZ,H3,19:00,18:56,4,1,0
08/05/2026,VALENCIA,Salida,N,4,MIGUEL HIDALGO Y PEDRO ARANDA,H1,07:05,06:50,15,1,0
08/05/2026,VALENCIA,Salida,N,4,MIGUEL HIDALGO Y PEDRO ARANDA,H2,16:20,,,,
08/05/2026,VALENCIA,Salida,N,4,MIGUEL HIDALGO Y PEDRO ARANDA,H3,19:05,19:00,5,1,0
08/05/2026,VALENCIA,Salida,N,5,ALVARO OBREGON,H1,07:10,,,,
08/05/2026,VALENCIA,Salida,N,5,ALVARO OBREGON,H2,16:25,,,,
08/05/2026,VALENCIA,Salida,N,5,ALVARO OBREGON,H3,19:10,19:15,-5,1,0
08/05/2026,VALENCIA,Salida,N,6,CARLOS S. Y RANCHO DE PEÑA,H1,07:20,07:10,10,1,0
08/05/2026,VALENCIA,Salida,N,6,CARLOS S. Y RANCHO DE PEÑA,H2,16:35,,,,
08/05/2026,VALENCIA,Salida,N,6,CARLOS S. Y RANCHO DE PEÑA,H3,19:20,19:24,-4,1,0
08/05/2026,VALENCIA,Salida,N,7,PERIFERICO LEA Y VITO ALESSIO,H1,07:25,,,,
08/05/2026,VALENCIA,Salida,N,7,PERIFERICO LEA Y VITO ALESSIO,H2,16:40,,,,
08/05/2026,VALENCIA,Salida,N,7,PERIFERICO LEA Y VITO ALESSIO,H3,19:25,,,,
08/05/2026,VALENCIA,Salida,N,8,LA RIOJA Y JEREZ,H1,07:35,,,,
08/05/2026,VALENCIA,Salida,N,8,LA RIOJA Y JEREZ,H2,16:50,,,,
08/05/2026,VALENCIA,Salida,N,8,LA RIOJA Y JEREZ,H3,19:35,19:49,-14,1,0
08/05/2026,ZARAGOZA,Entrada,N,1,FCO. EALY ORTIZ Y EUCALIPTO,H1,04:25,04:27,-2,1,0
08/05/2026,ZARAGOZA,Entrada,N,1,FCO. EALY ORTIZ Y EUCALIPTO,H2,16:25,16:29,-4,1,0
08/05/2026,ZARAGOZA,Entrada,N,1,FCO. EALY ORTIZ Y EUCALIPTO,H3,19:55,,,,
08/05/2026,ZARAGOZA,Entrada,N,1,FCO. EALY ORTIZ Y EUCALIPTO,H4,20:25,,,,
08/05/2026,ZARAGOZA,Entrada,N,2,CHOPO Y EUCALIPTO,H1,04:26,04:28,-2,1,0
08/05/2026,ZARAGOZA,Entrada,N,2,CHOPO Y EUCALIPTO,H2,16:26,16:30,-4,1,0
08/05/2026,ZARAGOZA,Entrada,N,2,CHOPO Y EUCALIPTO,H3,19:56,,,,
08/05/2026,ZARAGOZA,Entrada,N,2,CHOPO Y EUCALIPTO,H4,20:26,,,,
08/05/2026,ZARAGOZA,Entrada,N,3,FUNDADORES Y BLVD. MIRASIERRA,H1,04:36,04:40,-4,1,0
08/05/2026,ZARAGOZA,Entrada,N,3,FUNDADORES Y BLVD. MIRASIERRA,H2,16:36,16:41,-5,1,0
08/05/2026,ZARAGOZA,Entrada,N,3,FUNDADORES Y BLVD. MIRASIERRA,H3,20:06,,,,
08/05/2026,ZARAGOZA,Entrada,N,3,FUNDADORES Y BLVD. MIRASIERRA,H4,20:36,,,,
08/05/2026,ZARAGOZA,Entrada,N,4,CALLE 34 Y JUAN NAVARRO,H1,04:51,04:57,-6,1,0
08/05/2026,ZARAGOZA,Entrada,N,4,CALLE 34 Y JUAN NAVARRO,H2,16:51,16:58,-7,1,0
08/05/2026,ZARAGOZA,Entrada,N,4,CALLE 34 Y JUAN NAVARRO,H3,20:21,,,,
08/05/2026,ZARAGOZA,Entrada,N,4,CALLE 34 Y JUAN NAVARRO,H4,20:51,,,,
08/05/2026,ZARAGOZA,Entrada,N,5,PERIF LEA Y 12 DE OCTUBRE (FIRST CASH),H1,05:03,05:08,-5,1,0
08/05/2026,ZARAGOZA,Entrada,N,5,PERIF LEA Y 12 DE OCTUBRE (FIRST CASH),H2,17:03,17:13,-10,1,0
08/05/2026,ZARAGOZA,Entrada,N,5,PERIF LEA Y 12 DE OCTUBRE (FIRST CASH),H3,20:33,,,,
08/05/2026,ZARAGOZA,Entrada,N,5,PERIF LEA Y 12 DE OCTUBRE (FIRST CASH),H4,21:03,,,,
08/05/2026,ZARAGOZA,Entrada,N,6,GIMNACIO MUNICIPAL,H1,05:05,05:10,-5,1,0
08/05/2026,ZARAGOZA,Entrada,N,6,GIMNACIO MUNICIPAL,H2,17:05,17:14,-9,1,0
08/05/2026,ZARAGOZA,Entrada,N,6,GIMNACIO MUNICIPAL,H3,20:35,,,,
08/05/2026,ZARAGOZA,Entrada,N,6,GIMNACIO MUNICIPAL,H4,21:05,,,,
08/05/2026,ZARAGOZA,Entrada,N,7,L.E.A. Y J. MERY,H1,05:07,05:12,-5,1,0
08/05/2026,ZARAGOZA,Entrada,N,7,L.E.A. Y J. MERY,H2,17:07,17:16,-9,1,0
08/05/2026,ZARAGOZA,Entrada,N,7,L.E.A. Y J. MERY,H3,20:37,,,,
08/05/2026,ZARAGOZA,Entrada,N,7,L.E.A. Y J. MERY,H4,21:07,,,,
08/05/2026,ZARAGOZA,Entrada,N,8,VILLA UNIVERSIDAD,H1,05:09,05:14,-5,1,0
08/05/2026,ZARAGOZA,Entrada,N,8,VILLA UNIVERSIDAD,H2,17:09,17:18,-9,1,0
08/05/2026,ZARAGOZA,Entrada,N,8,VILLA UNIVERSIDAD,H3,20:39,,,,
08/05/2026,ZARAGOZA,Entrada,N,8,VILLA UNIVERSIDAD,H4,21:09,,,,
08/05/2026,ZARAGOZA,Entrada,N,9,ARIZPE DE LA MAZA Y CARR. 54,H1,05:15,05:17,-2,1,0
08/05/2026,ZARAGOZA,Entrada,N,9,ARIZPE DE LA MAZA Y CARR. 54,H2,17:15,17:21,-6,1,0
08/05/2026,ZARAGOZA,Entrada,N,9,ARIZPE DE LA MAZA Y CARR. 54,H3,20:45,,,,
08/05/2026,ZARAGOZA,Entrada,N,9,ARIZPE DE LA MAZA Y CARR. 54,H4,21:15,,,,
08/05/2026,ZARAGOZA,Entrada,N,10,METALSA,H1,05:50,05:51,-1,1,0
08/05/2026,ZARAGOZA,Entrada,N,10,METALSA,H2,17:50,17:44,6,1,0
08/05/2026,ZARAGOZA,Entrada,N,10,METALSA,H3,21:20,,,,
08/05/2026,ZARAGOZA,Entrada,N,10,METALSA,H4,21:50,,,,
08/05/2026,ZARAGOZA,Salida,N,1,METALSA,H1,06:15,06:16,-1,1,0
08/05/2026,ZARAGOZA,Salida,N,1,METALSA,H2,15:30,,,,
08/05/2026,ZARAGOZA,Salida,N,1,METALSA,H3,18:15,18:16,-1,1,0
08/05/2026,ZARAGOZA,Salida,N,2,ARIZPE DE LA MAZA Y CARR. 54,H1,06:44,,,,
08/05/2026,ZARAGOZA,Salida,N,2,ARIZPE DE LA MAZA Y CARR. 54,H2,15:59,,,,
08/05/2026,ZARAGOZA,Salida,N,2,ARIZPE DE LA MAZA Y CARR. 54,H3,18:44,,,,
08/05/2026,ZARAGOZA,Salida,N,3,VILLA UNIVERSIDAD,H1,06:46,,,,
08/05/2026,ZARAGOZA,Salida,N,3,VILLA UNIVERSIDAD,H2,16:01,,,,
08/05/2026,ZARAGOZA,Salida,N,3,VILLA UNIVERSIDAD,H3,18:45,,,,
08/05/2026,ZARAGOZA,Salida,N,4,L.E.A. Y J. MERY,H1,06:49,,,,
08/05/2026,ZARAGOZA,Salida,N,4,L.E.A. Y J. MERY,H2,16:04,,,,
08/05/2026,ZARAGOZA,Salida,N,4,L.E.A. Y J. MERY,H3,18:49,,,,
08/05/2026,ZARAGOZA,Salida,N,5,GIMNACIO MUNICIPAL,H1,06:51,06:41,10,1,0
08/05/2026,ZARAGOZA,Salida,N,5,GIMNACIO MUNICIPAL,H2,16:06,,,,
08/05/2026,ZARAGOZA,Salida,N,5,GIMNACIO MUNICIPAL,H3,18:51,18:50,1,1,0
08/05/2026,ZARAGOZA,Salida,N,6,PERIF LEA Y 12 DE OCTUBRE (FIRST CASH),H1,07:00,,,,
08/05/2026,ZARAGOZA,Salida,N,6,PERIF LEA Y 12 DE OCTUBRE (FIRST CASH),H2,16:10,,,,
08/05/2026,ZARAGOZA,Salida,N,6,PERIF LEA Y 12 DE OCTUBRE (FIRST CASH),H3,19:00,18:53,7,1,0
08/05/2026,ZARAGOZA,Salida,N,7,CALLE 34 Y JUAN NAVARRO,H1,07:04,06:54,10,1,0
08/05/2026,ZARAGOZA,Salida,N,7,CALLE 34 Y JUAN NAVARRO,H2,16:19,,,,
08/05/2026,ZARAGOZA,Salida,N,7,CALLE 34 Y JUAN NAVARRO,H3,19:04,19:09,-5,1,0
08/05/2026,ZARAGOZA,Salida,N,8,FUNDADORES Y BLVD. MIRASIERRA,H1,07:19,,,,
08/05/2026,ZARAGOZA,Salida,N,8,FUNDADORES Y BLVD. MIRASIERRA,H2,16:34,,,,
08/05/2026,ZARAGOZA,Salida,N,8,FUNDADORES Y BLVD. MIRASIERRA,H3,19:19,,,,
08/05/2026,ZARAGOZA,Salida,N,9,CHOPO Y EUCALIPTO,H1,07:29,,,,
08/05/2026,ZARAGOZA,Salida,N,9,CHOPO Y EUCALIPTO,H2,16:44,,,,
08/05/2026,ZARAGOZA,Salida,N,9,CHOPO Y EUCALIPTO,H3,19:29,,,,
08/05/2026,ZARAGOZA,Salida,N,10,FCO. EALY ORTIZ Y EUCALIPTO,H1,07:30,,,,
08/05/2026,ZARAGOZA,Salida,N,10,FCO. EALY ORTIZ Y EUCALIPTO,H2,16:45,,,,
08/05/2026,ZARAGOZA,Salida,N,10,FCO. EALY ORTIZ Y EUCALIPTO,H3,19:30,19:45,-15,1,0
09/05/2026,EL PEÑUELO,Entrada,A,1,LA VENTURA,H1,19:00,,,,
09/05/2026,EL PEÑUELO,Entrada,A,1,LA VENTURA,H2,03:30,,,,
09/05/2026,EL PEÑUELO,Entrada,A,1,LA VENTURA,H3,15:30,,,,
09/05/2026,EL PEÑUELO,Entrada,A,1,LA VENTURA,H4,19:30,,,,
09/05/2026,EL PEÑUELO,Entrada,A,2,METALSA,H1,21:20,,,,
09/05/2026,EL PEÑUELO,Entrada,A,2,METALSA,H2,05:50,,,,
09/05/2026,EL PEÑUELO,Entrada,A,2,METALSA,H3,17:50,,,,
09/05/2026,EL PEÑUELO,Entrada,A,2,METALSA,H4,21:50,,,,
09/05/2026,EL PEÑUELO,Salida,N,1,METALSA,H1,15:30,,,,
09/05/2026,EL PEÑUELO,Salida,N,1,METALSA,H2,06:15,06:17,-2,1,0
09/05/2026,EL PEÑUELO,Salida,N,1,METALSA,H3,18:15,,,,
09/05/2026,EL PEÑUELO,Salida,N,2,LA VENTURA,H1,17:50,,,,
09/05/2026,EL PEÑUELO,Salida,N,2,LA VENTURA,H2,08:35,,,,
09/05/2026,EL PEÑUELO,Salida,N,2,LA VENTURA,H3,20:35,,,,
09/05/2026,EL SALITRE,Entrada,A,1,SALITRE,H1,19:20,,,,
09/05/2026,EL SALITRE,Entrada,A,1,SALITRE,H2,03:50,,,,
09/05/2026,EL SALITRE,Entrada,A,1,SALITRE,H3,15:50,,,,
09/05/2026,EL SALITRE,Entrada,A,1,SALITRE,H4,19:50,,,,
09/05/2026,EL SALITRE,Entrada,A,2,BENITO JUAREZ,H1,19:25,,,,
09/05/2026,EL SALITRE,Entrada,A,2,BENITO JUAREZ,H2,03:55,,,,
09/05/2026,EL SALITRE,Entrada,A,2,BENITO JUAREZ,H3,15:55,,,,
09/05/2026,EL SALITRE,Entrada,A,2,BENITO JUAREZ,H4,19:55,,,,
09/05/2026,EL SALITRE,Entrada,A,3,EL MEZQUITE,H1,19:40,,,,
09/05/2026,EL SALITRE,Entrada,A,3,EL MEZQUITE,H2,04:10,,,,
09/05/2026,EL SALITRE,Entrada,A,3,EL MEZQUITE,H3,16:10,,,,
09/05/2026,EL SALITRE,Entrada,A,3,EL MEZQUITE,H4,20:10,,,,
09/05/2026,EL SALITRE,Entrada,A,4,PRESA DE LOS MUCHAHCOS,H1,19:55,,,,
09/05/2026,EL SALITRE,Entrada,A,4,PRESA DE LOS MUCHAHCOS,H2,04:25,,,,
09/05/2026,EL SALITRE,Entrada,A,4,PRESA DE LOS MUCHAHCOS,H3,16:25,,,,
09/05/2026,EL SALITRE,Entrada,A,4,PRESA DE LOS MUCHAHCOS,H4,20:25,,,,
09/05/2026,EL SALITRE,Entrada,A,5,AGUA NUEVA,H1,20:43,,,,
09/05/2026,EL SALITRE,Entrada,A,5,AGUA NUEVA,H2,05:13,,,,
09/05/2026,EL SALITRE,Entrada,A,5,AGUA NUEVA,H3,17:13,,,,
09/05/2026,EL SALITRE,Entrada,A,5,AGUA NUEVA,H4,21:13,,,,
09/05/2026,EL SALITRE,Entrada,A,6,METALSA,H1,21:20,,,,
09/05/2026,EL SALITRE,Entrada,A,6,METALSA,H2,05:50,,,,
09/05/2026,EL SALITRE,Entrada,A,6,METALSA,H3,17:50,,,,
09/05/2026,EL SALITRE,Entrada,A,6,METALSA,H4,21:50,,,,
09/05/2026,EL SALITRE,Salida,N,1,METALSA,H1,15:30,,,,
09/05/2026,EL SALITRE,Salida,N,1,METALSA,H2,06:15,06:15,0,1,0
09/05/2026,EL SALITRE,Salida,N,1,METALSA,H3,18:15,,,,
09/05/2026,EL SALITRE,Salida,N,2,AGUA NUEVA,H1,15:31,,,,
09/05/2026,EL SALITRE,Salida,N,2,AGUA NUEVA,H2,06:16,06:38,-22,1,0
09/05/2026,EL SALITRE,Salida,N,2,AGUA NUEVA,H3,18:16,,,,
09/05/2026,EL SALITRE,Salida,N,3,PRESA DE LOS MUCHAHCOS,H1,16:55,,,,
09/05/2026,EL SALITRE,Salida,N,3,PRESA DE LOS MUCHAHCOS,H2,07:40,06:56,44,1,0
09/05/2026,EL SALITRE,Salida,N,3,PRESA DE LOS MUCHAHCOS,H3,19:40,,,,
09/05/2026,EL SALITRE,Salida,N,4,EL MEZQUITE,H1,17:10,,,,
09/05/2026,EL SALITRE,Salida,N,4,EL MEZQUITE,H2,07:55,,,,
09/05/2026,EL SALITRE,Salida,N,4,EL MEZQUITE,H3,19:55,,,,
09/05/2026,EL SALITRE,Salida,N,5,BENITO JUAREZ,H1,17:25,,,,
09/05/2026,EL SALITRE,Salida,N,5,BENITO JUAREZ,H2,08:10,,,,
09/05/2026,EL SALITRE,Salida,N,5,BENITO JUAREZ,H3,20:10,,,,
09/05/2026,EL SALITRE,Salida,N,6,SALITRE,H1,17:30,,,,
09/05/2026,EL SALITRE,Salida,N,6,SALITRE,H2,08:15,,,,
09/05/2026,EL SALITRE,Salida,N,6,SALITRE,H3,20:15,,,,
09/05/2026,LA HEDIONDA,Entrada,N,1,LAS ESPERANZAS,H1,20:00,,,,
09/05/2026,LA HEDIONDA,Entrada,N,1,LAS ESPERANZAS,H2,04:30,04:30,0,1,0
09/05/2026,LA HEDIONDA,Entrada,N,1,LAS ESPERANZAS,H3,16:30,,,,
09/05/2026,LA HEDIONDA,Entrada,N,1,LAS ESPERANZAS,H4,20:30,,,,
09/05/2026,LA HEDIONDA,Entrada,N,2,HEDIONDA,H1,20:20,,,,
09/05/2026,LA HEDIONDA,Entrada,N,2,HEDIONDA,H2,04:50,,,,
09/05/2026,LA HEDIONDA,Entrada,N,2,HEDIONDA,H3,16:50,,,,
09/05/2026,LA HEDIONDA,Entrada,N,2,HEDIONDA,H4,20:50,,,,
09/05/2026,LA HEDIONDA,Entrada,N,3,METALSA,H1,21:20,,,,
09/05/2026,LA HEDIONDA,Entrada,N,3,METALSA,H2,05:50,05:40,10,1,0
09/05/2026,LA HEDIONDA,Entrada,N,3,METALSA,H3,17:50,,,,
09/05/2026,LA HEDIONDA,Entrada,N,3,METALSA,H4,21:50,,,,
09/05/2026,LA HEDIONDA,Salida,N,1,METALSA,H1,15:30,,,,
09/05/2026,LA HEDIONDA,Salida,N,1,METALSA,H2,06:15,,,,
09/05/2026,LA HEDIONDA,Salida,N,1,METALSA,H3,18:15,18:19,-4,1,0
09/05/2026,LA HEDIONDA,Salida,N,2,HEDIONDA,H1,16:30,,,,
09/05/2026,LA HEDIONDA,Salida,N,2,HEDIONDA,H2,07:15,,,,
09/05/2026,LA HEDIONDA,Salida,N,2,HEDIONDA,H3,19:15,,,,
09/05/2026,LA HEDIONDA,Salida,N,3,LAS ESPERANZAS,H1,16:50,,,,
09/05/2026,LA HEDIONDA,Salida,N,3,LAS ESPERANZAS,H2,07:35,,,,
09/05/2026,LA HEDIONDA,Salida,N,3,LAS ESPERANZAS,H3,19:35,,,,
09/05/2026,LA SAUCEDA,Entrada,N,1,LA SAUCEDA,H1,04:00,04:03,-3,1,0
09/05/2026,LA SAUCEDA,Entrada,N,1,LA SAUCEDA,H2,16:00,,,,
09/05/2026,LA SAUCEDA,Entrada,N,1,LA SAUCEDA,H3,19:30,,,,
09/05/2026,LA SAUCEDA,Entrada,N,1,LA SAUCEDA,H4,20:00,,,,
09/05/2026,LA SAUCEDA,Entrada,N,2,HIPOLITO,H1,04:15,04:19,-4,1,0
09/05/2026,LA SAUCEDA,Entrada,N,2,HIPOLITO,H2,16:15,,,,
09/05/2026,LA SAUCEDA,Entrada,N,2,HIPOLITO,H3,19:45,,,,
09/05/2026,LA SAUCEDA,Entrada,N,2,HIPOLITO,H4,20:15,,,,
09/05/2026,LA SAUCEDA,Entrada,N,3,SAN ANTONIO DEL JARAL,H1,04:32,04:42,-10,1,0
09/05/2026,LA SAUCEDA,Entrada,N,3,SAN ANTONIO DEL JARAL,H2,16:32,,,,
09/05/2026,LA SAUCEDA,Entrada,N,3,SAN ANTONIO DEL JARAL,H3,20:02,,,,
09/05/2026,LA SAUCEDA,Entrada,N,3,SAN ANTONIO DEL JARAL,H4,20:32,,,,
09/05/2026,LA SAUCEDA,Entrada,N,4,CASETA DE PLAN DE AYALA,H1,04:50,04:59,-9,1,0
09/05/2026,LA SAUCEDA,Entrada,N,4,CASETA DE PLAN DE AYALA,H2,16:50,,,,
09/05/2026,LA SAUCEDA,Entrada,N,4,CASETA DE PLAN DE AYALA,H3,20:20,,,,
09/05/2026,LA SAUCEDA,Entrada,N,4,CASETA DE PLAN DE AYALA,H4,20:42,,,,
09/05/2026,LA SAUCEDA,Entrada,N,5,METALSA,H1,05:50,05:42,8,1,0
09/05/2026,LA SAUCEDA,Entrada,N,5,METALSA,H2,17:50,,,,
09/05/2026,LA SAUCEDA,Entrada,N,5,METALSA,H3,21:20,,,,
09/05/2026,LA SAUCEDA,Entrada,N,5,METALSA,H4,21:50,,,,
09/05/2026,LA SAUCEDA,Salida,N,1,METALSA,H1,06:15,06:17,-2,1,0
09/05/2026,LA SAUCEDA,Salida,N,1,METALSA,H2,15:30,,,,
09/05/2026,LA SAUCEDA,Salida,N,1,METALSA,H3,18:15,,,,
09/05/2026,LA SAUCEDA,Salida,N,2,CASETA DE PLAN DE AYALA,H1,07:15,,,,
09/05/2026,LA SAUCEDA,Salida,N,2,CASETA DE PLAN DE AYALA,H2,16:30,,,,
09/05/2026,LA SAUCEDA,Salida,N,2,CASETA DE PLAN DE AYALA,H3,19:15,,,,
09/05/2026,LA SAUCEDA,Salida,N,3,SAN ANTONIO DEL JARAL,H1,07:33,,,,
09/05/2026,LA SAUCEDA,Salida,N,3,SAN ANTONIO DEL JARAL,H2,16:48,,,,
09/05/2026,LA SAUCEDA,Salida,N,3,SAN ANTONIO DEL JARAL,H3,19:33,,,,
09/05/2026,LA SAUCEDA,Salida,N,4,HIPOLITO,H1,07:50,,,,
09/05/2026,LA SAUCEDA,Salida,N,4,HIPOLITO,H2,17:05,,,,
09/05/2026,LA SAUCEDA,Salida,N,4,HIPOLITO,H3,19:50,,,,
09/05/2026,LA SAUCEDA,Salida,N,5,LA SAUCEDA,H1,08:05,,,,
09/05/2026,LA SAUCEDA,Salida,N,5,LA SAUCEDA,H2,17:20,,,,
09/05/2026,LA SAUCEDA,Salida,N,5,LA SAUCEDA,H3,20:05,,,,
09/05/2026,LOMA LINDA - URDIÑOLA,Entrada,N,1,MEZQUITE Y GORDOLOBO,H1,04:05,04:20,-15,1,0
09/05/2026,LOMA LINDA - URDIÑOLA,Entrada,N,1,MEZQUITE Y GORDOLOBO,H2,16:05,16:17,-12,1,0
09/05/2026,LOMA LINDA - URDIÑOLA,Entrada,N,1,MEZQUITE Y GORDOLOBO,H3,19:35,,,,
09/05/2026,LOMA LINDA - URDIÑOLA,Entrada,N,1,MEZQUITE Y GORDOLOBO,H4,20:05,,,,
09/05/2026,LOMA LINDA - URDIÑOLA,Entrada,N,2,MEZQUITE Y NUECES,H1,04:10,04:14,-4,1,0
09/05/2026,LOMA LINDA - URDIÑOLA,Entrada,N,2,MEZQUITE Y NUECES,H2,16:10,16:12,-2,1,0
09/05/2026,LOMA LINDA - URDIÑOLA,Entrada,N,2,MEZQUITE Y NUECES,H3,19:40,,,,
09/05/2026,LOMA LINDA - URDIÑOLA,Entrada,N,2,MEZQUITE Y NUECES,H4,20:10,,,,
09/05/2026,LOMA LINDA - URDIÑOLA,Entrada,N,3,BLVD SANTA LUCIA Y CALLE 7,H1,04:20,04:21,-1,1,0
09/05/2026,LOMA LINDA - URDIÑOLA,Entrada,N,3,BLVD SANTA LUCIA Y CALLE 7,H2,16:20,16:20,0,1,0
09/05/2026,LOMA LINDA - URDIÑOLA,Entrada,N,3,BLVD SANTA LUCIA Y CALLE 7,H3,19:50,,,,
09/05/2026,LOMA LINDA - URDIÑOLA,Entrada,N,3,BLVD SANTA LUCIA Y CALLE 7,H4,20:20,,,,
09/05/2026,LOMA LINDA - URDIÑOLA,Entrada,N,4,BLVD VALDES SANCHEZ Y (PLANTA LEAR),H1,04:30,04:32,-2,1,0
09/05/2026,LOMA LINDA - URDIÑOLA,Entrada,N,4,BLVD VALDES SANCHEZ Y (PLANTA LEAR),H2,16:30,16:35,-5,1,0
09/05/2026,LOMA LINDA - URDIÑOLA,Entrada,N,4,BLVD VALDES SANCHEZ Y (PLANTA LEAR),H3,20:00,,,,
09/05/2026,LOMA LINDA - URDIÑOLA,Entrada,N,4,BLVD VALDES SANCHEZ Y (PLANTA LEAR),H4,20:30,,,,
09/05/2026,LOMA LINDA - URDIÑOLA,Entrada,N,5,STA. GERTRUDIS Y STA. CECILIA (DEL ACUEDUCTO),H1,04:32,04:29,3,1,0
09/05/2026,LOMA LINDA - URDIÑOLA,Entrada,N,5,STA. GERTRUDIS Y STA. CECILIA (DEL ACUEDUCTO),H2,16:32,16:31,1,1,0
09/05/2026,LOMA LINDA - URDIÑOLA,Entrada,N,5,STA. GERTRUDIS Y STA. CECILIA (DEL ACUEDUCTO),H3,20:02,,,,
09/05/2026,LOMA LINDA - URDIÑOLA,Entrada,N,5,STA. GERTRUDIS Y STA. CECILIA (DEL ACUEDUCTO),H4,20:32,,,,
09/05/2026,LOMA LINDA - URDIÑOLA,Entrada,N,6,DEPOSITO DE AGUA FRACC PLAZA,H1,04:35,04:37,-2,1,0
09/05/2026,LOMA LINDA - URDIÑOLA,Entrada,N,6,DEPOSITO DE AGUA FRACC PLAZA,H2,16:35,16:40,-5,1,0
09/05/2026,LOMA LINDA - URDIÑOLA,Entrada,N,6,DEPOSITO DE AGUA FRACC PLAZA,H3,20:05,,,,
09/05/2026,LOMA LINDA - URDIÑOLA,Entrada,N,6,DEPOSITO DE AGUA FRACC PLAZA,H4,20:35,,,,
09/05/2026,LOMA LINDA - URDIÑOLA,Entrada,N,7,BLVD VALDES SANCHEZ Y BLVD MINERIA,H1,04:40,04:40,0,1,0
09/05/2026,LOMA LINDA - URDIÑOLA,Entrada,N,7,BLVD VALDES SANCHEZ Y BLVD MINERIA,H2,16:40,16:44,-4,1,0
09/05/2026,LOMA LINDA - URDIÑOLA,Entrada,N,7,BLVD VALDES SANCHEZ Y BLVD MINERIA,H3,20:10,,,,
09/05/2026,LOMA LINDA - URDIÑOLA,Entrada,N,7,BLVD VALDES SANCHEZ Y BLVD MINERIA,H4,20:40,,,,
09/05/2026,LOMA LINDA - URDIÑOLA,Entrada,N,8,REFORMA Y URDIÑOLA,H1,04:50,04:49,1,1,0
09/05/2026,LOMA LINDA - URDIÑOLA,Entrada,N,8,REFORMA Y URDIÑOLA,H2,16:50,16:52,-2,1,0
09/05/2026,LOMA LINDA - URDIÑOLA,Entrada,N,8,REFORMA Y URDIÑOLA,H3,20:20,,,,
09/05/2026,LOMA LINDA - URDIÑOLA,Entrada,N,8,REFORMA Y URDIÑOLA,H4,20:50,,,,
09/05/2026,LOMA LINDA - URDIÑOLA,Entrada,N,9,PROL. URDIÑOLA Y J. MERY,H1,04:55,04:56,-1,1,0
09/05/2026,LOMA LINDA - URDIÑOLA,Entrada,N,9,PROL. URDIÑOLA Y J. MERY,H2,16:55,17:01,-6,1,0
09/05/2026,LOMA LINDA - URDIÑOLA,Entrada,N,9,PROL. URDIÑOLA Y J. MERY,H3,20:25,,,,
09/05/2026,LOMA LINDA - URDIÑOLA,Entrada,N,9,PROL. URDIÑOLA Y J. MERY,H4,20:55,,,,
09/05/2026,LOMA LINDA - URDIÑOLA,Entrada,N,10,PROL URDIÑOLA Y PERIFERICO LEA,H1,05:00,05:01,-1,1,0
09/05/2026,LOMA LINDA - URDIÑOLA,Entrada,N,10,PROL URDIÑOLA Y PERIFERICO LEA,H2,17:00,17:11,-11,1,0
09/05/2026,LOMA LINDA - URDIÑOLA,Entrada,N,10,PROL URDIÑOLA Y PERIFERICO LEA,H3,20:30,,,,
09/05/2026,LOMA LINDA - URDIÑOLA,Entrada,N,10,PROL URDIÑOLA Y PERIFERICO LEA,H4,21:00,,,,
09/05/2026,LOMA LINDA - URDIÑOLA,Entrada,N,11,BLVD ANTONIO CARDENAS Y TEODORO SANCHEZ,H1,05:10,05:14,-4,1,0
09/05/2026,LOMA LINDA - URDIÑOLA,Entrada,N,11,BLVD ANTONIO CARDENAS Y TEODORO SANCHEZ,H2,17:10,17:23,-13,1,0
09/05/2026,LOMA LINDA - URDIÑOLA,Entrada,N,11,BLVD ANTONIO CARDENAS Y TEODORO SANCHEZ,H3,20:40,,,,
09/05/2026,LOMA LINDA - URDIÑOLA,Entrada,N,11,BLVD ANTONIO CARDENAS Y TEODORO SANCHEZ,H4,21:10,,,,
09/05/2026,LOMA LINDA - URDIÑOLA,Entrada,N,12,BLVD SANTA ELENA Y GUACALI,H1,05:20,05:22,-2,1,0
09/05/2026,LOMA LINDA - URDIÑOLA,Entrada,N,12,BLVD SANTA ELENA Y GUACALI,H2,17:20,17:41,-21,1,0
09/05/2026,LOMA LINDA - URDIÑOLA,Entrada,N,12,BLVD SANTA ELENA Y GUACALI,H3,20:50,,,,
09/05/2026,LOMA LINDA - URDIÑOLA,Entrada,N,12,BLVD SANTA ELENA Y GUACALI,H4,21:20,,,,
09/05/2026,LOMA LINDA - URDIÑOLA,Entrada,N,13,CARR. SALTILLO-ZACATECAS,H1,05:25,05:26,-1,1,0
09/05/2026,LOMA LINDA - URDIÑOLA,Entrada,N,13,CARR. SALTILLO-ZACATECAS,H2,17:25,17:42,-17,1,0
09/05/2026,LOMA LINDA - URDIÑOLA,Entrada,N,13,CARR. SALTILLO-ZACATECAS,H3,20:55,,,,
09/05/2026,LOMA LINDA - URDIÑOLA,Entrada,N,13,CARR. SALTILLO-ZACATECAS,H4,21:25,,,,
09/05/2026,LOMA LINDA - URDIÑOLA,Entrada,N,14,METALSA,H1,05:50,05:44,6,1,0
09/05/2026,LOMA LINDA - URDIÑOLA,Entrada,N,14,METALSA,H2,17:50,17:56,-6,1,0
09/05/2026,LOMA LINDA - URDIÑOLA,Entrada,N,14,METALSA,H3,21:20,,,,
09/05/2026,LOMA LINDA - URDIÑOLA,Entrada,N,14,METALSA,H4,21:50,,,,
09/05/2026,LOMA LINDA - URDIÑOLA,Salida,N,1,METALSA,H1,06:15,,,,
09/05/2026,LOMA LINDA - URDIÑOLA,Salida,N,1,METALSA,H2,15:30,,,,
09/05/2026,LOMA LINDA - URDIÑOLA,Salida,N,1,METALSA,H3,18:15,18:13,2,1,0
09/05/2026,LOMA LINDA - URDIÑOLA,Salida,N,2,CARR. SALTILLO-ZACATECAS,H1,06:29,,,,
09/05/2026,LOMA LINDA - URDIÑOLA,Salida,N,2,CARR. SALTILLO-ZACATECAS,H2,15:59,,,,
09/05/2026,LOMA LINDA - URDIÑOLA,Salida,N,2,CARR. SALTILLO-ZACATECAS,H3,18:29,,,,
09/05/2026,LOMA LINDA - URDIÑOLA,Salida,N,3,BLVD SANTA ELENA Y GUACALI,H1,06:30,06:29,1,1,0
09/05/2026,LOMA LINDA - URDIÑOLA,Salida,N,3,BLVD SANTA ELENA Y GUACALI,H2,16:00,,,,
09/05/2026,LOMA LINDA - URDIÑOLA,Salida,N,3,BLVD SANTA ELENA Y GUACALI,H3,18:30,18:38,-8,1,0
09/05/2026,LOMA LINDA - URDIÑOLA,Salida,N,4,BLVD ANTONIO CARDENAS Y TEODORO SANCHEZ,H1,06:31,,,,
09/05/2026,LOMA LINDA - URDIÑOLA,Salida,N,4,BLVD ANTONIO CARDENAS Y TEODORO SANCHEZ,H2,16:01,,,,
09/05/2026,LOMA LINDA - URDIÑOLA,Salida,N,4,BLVD ANTONIO CARDENAS Y TEODORO SANCHEZ,H3,18:31,,,,
09/05/2026,LOMA LINDA - URDIÑOLA,Salida,N,5,PROL URDIÑOLA Y PERIFERICO LEA,H1,06:32,,,,
09/05/2026,LOMA LINDA - URDIÑOLA,Salida,N,5,PROL URDIÑOLA Y PERIFERICO LEA,H2,16:02,,,,
09/05/2026,LOMA LINDA - URDIÑOLA,Salida,N,5,PROL URDIÑOLA Y PERIFERICO LEA,H3,18:32,,,,
09/05/2026,LOMA LINDA - URDIÑOLA,Salida,N,6,PROL. URDIÑOLA Y J. MERY,H1,06:33,,,,
09/05/2026,LOMA LINDA - URDIÑOLA,Salida,N,6,PROL. URDIÑOLA Y J. MERY,H2,16:03,,,,
09/05/2026,LOMA LINDA - URDIÑOLA,Salida,N,6,PROL. URDIÑOLA Y J. MERY,H3,18:33,,,,
09/05/2026,LOMA LINDA - URDIÑOLA,Salida,N,7,REFORMA Y URDIÑOLA,H1,06:34,,,,
09/05/2026,LOMA LINDA - URDIÑOLA,Salida,N,7,REFORMA Y URDIÑOLA,H2,16:04,,,,
09/05/2026,LOMA LINDA - URDIÑOLA,Salida,N,7,REFORMA Y URDIÑOLA,H3,18:34,19:11,-37,1,0
09/05/2026,LOMA LINDA - URDIÑOLA,Salida,N,8,BLVD VALDES SANCHEZ Y BLVD MINERIA,H1,06:55,,,,
09/05/2026,LOMA LINDA - URDIÑOLA,Salida,N,8,BLVD VALDES SANCHEZ Y BLVD MINERIA,H2,16:10,,,,
09/05/2026,LOMA LINDA - URDIÑOLA,Salida,N,8,BLVD VALDES SANCHEZ Y BLVD MINERIA,H3,18:55,,,,
09/05/2026,LOMA LINDA - URDIÑOLA,Salida,N,9,DEPOSITO DE AGUA FRACC PLAZA,H1,07:00,,,,
09/05/2026,LOMA LINDA - URDIÑOLA,Salida,N,9,DEPOSITO DE AGUA FRACC PLAZA,H2,16:15,,,,
09/05/2026,LOMA LINDA - URDIÑOLA,Salida,N,9,DEPOSITO DE AGUA FRACC PLAZA,H3,19:00,,,,
09/05/2026,LOMA LINDA - URDIÑOLA,Salida,N,10,BLVD VALDES SANCHEZ Y (PLANTA LEAR),H1,07:05,,,,
09/05/2026,LOMA LINDA - URDIÑOLA,Salida,N,10,BLVD VALDES SANCHEZ Y (PLANTA LEAR),H2,16:20,,,,
09/05/2026,LOMA LINDA - URDIÑOLA,Salida,N,10,BLVD VALDES SANCHEZ Y (PLANTA LEAR),H3,19:05,,,,
09/05/2026,LOMA LINDA - URDIÑOLA,Salida,N,11,BLVD SANTA LUCIA Y BLVD FUNDADORES,H1,07:15,,,,
09/05/2026,LOMA LINDA - URDIÑOLA,Salida,N,11,BLVD SANTA LUCIA Y BLVD FUNDADORES,H2,16:30,,,,
09/05/2026,LOMA LINDA - URDIÑOLA,Salida,N,11,BLVD SANTA LUCIA Y BLVD FUNDADORES,H3,19:15,,,,
09/05/2026,LOMA LINDA - URDIÑOLA,Salida,N,12,BLVD SANTA LUCIA Y CALLE 7,H1,07:16,,,,
09/05/2026,LOMA LINDA - URDIÑOLA,Salida,N,12,BLVD SANTA LUCIA Y CALLE 7,H2,16:31,,,,
09/05/2026,LOMA LINDA - URDIÑOLA,Salida,N,12,BLVD SANTA LUCIA Y CALLE 7,H3,19:16,,,,
09/05/2026,LOMA LINDA - URDIÑOLA,Salida,N,13,MEZQUITE Y NUECES,H1,07:25,,,,
09/05/2026,LOMA LINDA - URDIÑOLA,Salida,N,13,MEZQUITE Y NUECES,H2,16:40,,,,
09/05/2026,LOMA LINDA - URDIÑOLA,Salida,N,13,MEZQUITE Y NUECES,H3,19:25,,,,
09/05/2026,LOMA LINDA - URDIÑOLA,Salida,N,14,MEZQUITE Y GORDOLOBO,H1,07:30,07:06,24,1,0
09/05/2026,LOMA LINDA - URDIÑOLA,Salida,N,14,MEZQUITE Y GORDOLOBO,H2,16:45,,,,
09/05/2026,LOMA LINDA - URDIÑOLA,Salida,N,14,MEZQUITE Y GORDOLOBO,H3,19:30,19:36,-6,1,0
09/05/2026,LOS HOYOS - MACUYU,Entrada,A,1,LOS HOYOS,H1,03:20,,,,
09/05/2026,LOS HOYOS - MACUYU,Entrada,A,1,LOS HOYOS,H2,15:20,,,,
09/05/2026,LOS HOYOS - MACUYU,Entrada,A,1,LOS HOYOS,H3,18:50,,,,
09/05/2026,LOS HOYOS - MACUYU,Entrada,A,1,LOS HOYOS,H4,19:20,,,,
09/05/2026,LOS HOYOS - MACUYU,Entrada,A,2,HUARICHE,H1,03:38,,,,
09/05/2026,LOS HOYOS - MACUYU,Entrada,A,2,HUARICHE,H2,15:38,,,,
09/05/2026,LOS HOYOS - MACUYU,Entrada,A,2,HUARICHE,H3,19:08,,,,
09/05/2026,LOS HOYOS - MACUYU,Entrada,A,2,HUARICHE,H4,19:38,,,,
09/05/2026,LOS HOYOS - MACUYU,Entrada,A,3,PRESA DE GUADALUPE,H1,04:08,,,,
09/05/2026,LOS HOYOS - MACUYU,Entrada,A,3,PRESA DE GUADALUPE,H2,16:08,,,,
09/05/2026,LOS HOYOS - MACUYU,Entrada,A,3,PRESA DE GUADALUPE,H3,19:38,,,,
09/05/2026,LOS HOYOS - MACUYU,Entrada,A,3,PRESA DE GUADALUPE,H4,20:08,,,,
09/05/2026,LOS HOYOS - MACUYU,Entrada,A,4,MACUYU,H1,04:14,,,,
09/05/2026,LOS HOYOS - MACUYU,Entrada,A,4,MACUYU,H2,16:14,,,,
09/05/2026,LOS HOYOS - MACUYU,Entrada,A,4,MACUYU,H3,19:44,,,,
09/05/2026,LOS HOYOS - MACUYU,Entrada,A,4,MACUYU,H4,20:14,,,,
09/05/2026,LOS HOYOS - MACUYU,Entrada,A,5,DOS DE ABRIL,H1,04:24,,,,
09/05/2026,LOS HOYOS - MACUYU,Entrada,A,5,DOS DE ABRIL,H2,16:24,,,,
09/05/2026,LOS HOYOS - MACUYU,Entrada,A,5,DOS DE ABRIL,H3,19:54,,,,
09/05/2026,LOS HOYOS - MACUYU,Entrada,A,5,DOS DE ABRIL,H4,20:24,,,,
09/05/2026,LOS HOYOS - MACUYU,Entrada,A,6,LA PAZ,H1,04:50,,,,
09/05/2026,LOS HOYOS - MACUYU,Entrada,A,6,LA PAZ,H2,16:50,,,,
09/05/2026,LOS HOYOS - MACUYU,Entrada,A,6,LA PAZ,H3,20:20,,,,
09/05/2026,LOS HOYOS - MACUYU,Entrada,A,6,LA PAZ,H4,20:50,,,,
09/05/2026,LOS HOYOS - MACUYU,Entrada,A,7,DERRAMADERO,H1,05:08,,,,
09/05/2026,LOS HOYOS - MACUYU,Entrada,A,7,DERRAMADERO,H2,17:08,,,,
09/05/2026,LOS HOYOS - MACUYU,Entrada,A,7,DERRAMADERO,H3,20:38,,,,
09/05/2026,LOS HOYOS - MACUYU,Entrada,A,7,DERRAMADERO,H4,21:08,,,,
09/05/2026,LOS HOYOS - MACUYU,Entrada,A,8,METALSA,H1,05:50,05:46,4,1,0
09/05/2026,LOS HOYOS - MACUYU,Entrada,A,8,METALSA,H2,17:50,,,,
09/05/2026,LOS HOYOS - MACUYU,Entrada,A,8,METALSA,H3,21:20,,,,
09/05/2026,LOS HOYOS - MACUYU,Entrada,A,8,METALSA,H4,21:50,,,,
09/05/2026,LOS HOYOS - MACUYU,Salida,N,1,METALSA,H1,15:30,,,,
09/05/2026,LOS HOYOS - MACUYU,Salida,N,1,METALSA,H2,06:15,06:16,-1,1,0
09/05/2026,LOS HOYOS - MACUYU,Salida,N,1,METALSA,H3,18:15,18:16,-1,1,0
09/05/2026,LOS HOYOS - MACUYU,Salida,N,2,DERRAMADERO,H1,15:41,,,,
09/05/2026,LOS HOYOS - MACUYU,Salida,N,2,DERRAMADERO,H2,06:26,06:44,-18,1,0
09/05/2026,LOS HOYOS - MACUYU,Salida,N,2,DERRAMADERO,H3,18:26,,,,
09/05/2026,LOS HOYOS - MACUYU,Salida,N,3,LA PAZ,H1,15:42,,,,
09/05/2026,LOS HOYOS - MACUYU,Salida,N,3,LA PAZ,H2,06:27,07:05,-38,1,0
09/05/2026,LOS HOYOS - MACUYU,Salida,N,3,LA PAZ,H3,18:27,19:04,-37,1,0
09/05/2026,LOS HOYOS - MACUYU,Salida,N,4,DOS DE ABRIL,H1,15:44,,,,
09/05/2026,LOS HOYOS - MACUYU,Salida,N,4,DOS DE ABRIL,H2,06:29,07:30,-61,1,0
09/05/2026,LOS HOYOS - MACUYU,Salida,N,4,DOS DE ABRIL,H3,18:29,19:30,-61,1,0
09/05/2026,LOS HOYOS - MACUYU,Salida,N,5,MACUYU,H1,15:45,,,,
09/05/2026,LOS HOYOS - MACUYU,Salida,N,5,MACUYU,H2,06:30,07:38,-68,1,0
09/05/2026,LOS HOYOS - MACUYU,Salida,N,5,MACUYU,H3,18:30,19:35,-65,1,0
09/05/2026,LOS HOYOS - MACUYU,Salida,N,6,PRESA DE GUADALUPE,H1,16:00,,,,
09/05/2026,LOS HOYOS - MACUYU,Salida,N,6,PRESA DE GUADALUPE,H2,06:31,07:47,-76,1,0
09/05/2026,LOS HOYOS - MACUYU,Salida,N,6,PRESA DE GUADALUPE,H3,18:35,19:40,-65,1,0
09/05/2026,LOS HOYOS - MACUYU,Salida,N,7,HUARICHE,H1,17:18,,,,
09/05/2026,LOS HOYOS - MACUYU,Salida,N,7,HUARICHE,H2,08:03,,,,
09/05/2026,LOS HOYOS - MACUYU,Salida,N,7,HUARICHE,H3,20:03,,,,
09/05/2026,LOS HOYOS - MACUYU,Salida,N,8,LOS HOYOS,H1,17:30,,,,
09/05/2026,LOS HOYOS - MACUYU,Salida,N,8,LOS HOYOS,H2,08:15,,,,
09/05/2026,LOS HOYOS - MACUYU,Salida,N,8,LOS HOYOS,H3,20:15,,,,
09/05/2026,OTILIO,Entrada,N,1,CALLE 23 Y CALLE 16,H1,04:25,04:25,0,1,0
09/05/2026,OTILIO,Entrada,N,1,CALLE 23 Y CALLE 16,H2,16:25,16:25,0,1,0
09/05/2026,OTILIO,Entrada,N,1,CALLE 23 Y CALLE 16,H3,19:55,,,,
09/05/2026,OTILIO,Entrada,N,1,CALLE 23 Y CALLE 16,H4,20:25,,,,
09/05/2026,OTILIO,Entrada,N,2,MARMOL Y EMILIANO ZAPATA,H1,04:27,04:32,-5,1,0
09/05/2026,OTILIO,Entrada,N,2,MARMOL Y EMILIANO ZAPATA,H2,16:27,16:31,-4,1,0
09/05/2026,OTILIO,Entrada,N,2,MARMOL Y EMILIANO ZAPATA,H3,19:57,,,,
09/05/2026,OTILIO,Entrada,N,2,MARMOL Y EMILIANO ZAPATA,H4,20:27,,,,
09/05/2026,OTILIO,Entrada,N,3,LIBERTAD Y OTILIO,H1,04:31,04:36,-5,1,0
09/05/2026,OTILIO,Entrada,N,3,LIBERTAD Y OTILIO,H2,16:31,16:35,-4,1,0
09/05/2026,OTILIO,Entrada,N,3,LIBERTAD Y OTILIO,H3,20:01,,,,
09/05/2026,OTILIO,Entrada,N,3,LIBERTAD Y OTILIO,H4,20:31,,,,
09/05/2026,OTILIO,Entrada,N,4,ONCEAVA Y ESCUADRON DE LA AVIACION,H1,04:42,04:43,-1,1,0
09/05/2026,OTILIO,Entrada,N,4,ONCEAVA Y ESCUADRON DE LA AVIACION,H2,16:42,16:44,-2,1,0
09/05/2026,OTILIO,Entrada,N,4,ONCEAVA Y ESCUADRON DE LA AVIACION,H3,20:12,,,,
09/05/2026,OTILIO,Entrada,N,4,ONCEAVA Y ESCUADRON DE LA AVIACION,H4,20:42,,,,
09/05/2026,OTILIO,Entrada,N,5,BLVD JUAREZ Y MIGUEL HIDALGO,H1,04:52,04:53,-1,1,0
09/05/2026,OTILIO,Entrada,N,5,BLVD JUAREZ Y MIGUEL HIDALGO,H2,16:52,16:54,-2,1,0
09/05/2026,OTILIO,Entrada,N,5,BLVD JUAREZ Y MIGUEL HIDALGO,H3,20:22,,,,
09/05/2026,OTILIO,Entrada,N,5,BLVD JUAREZ Y MIGUEL HIDALGO,H4,20:52,,,,
09/05/2026,OTILIO,Entrada,N,6,IGNACIO ALLENDE Y CALLE 13,H1,04:58,04:57,1,1,0
09/05/2026,OTILIO,Entrada,N,6,IGNACIO ALLENDE Y CALLE 13,H2,16:58,16:58,0,1,0
09/05/2026,OTILIO,Entrada,N,6,IGNACIO ALLENDE Y CALLE 13,H3,20:28,,,,
09/05/2026,OTILIO,Entrada,N,6,IGNACIO ALLENDE Y CALLE 13,H4,20:58,,,,
09/05/2026,OTILIO,Entrada,N,7,LOMAS DE LOURDES Y LUIS PASTEUR,H1,05:06,05:04,2,1,0
09/05/2026,OTILIO,Entrada,N,7,LOMAS DE LOURDES Y LUIS PASTEUR,H2,17:06,17:05,1,1,0
09/05/2026,OTILIO,Entrada,N,7,LOMAS DE LOURDES Y LUIS PASTEUR,H3,20:36,,,,
09/05/2026,OTILIO,Entrada,N,7,LOMAS DE LOURDES Y LUIS PASTEUR,H4,21:06,,,,
09/05/2026,OTILIO,Entrada,N,8,CARR. SALTILLO-ZACATECAS,H1,05:15,,,,
09/05/2026,OTILIO,Entrada,N,8,CARR. SALTILLO-ZACATECAS,H2,17:15,,,,
09/05/2026,OTILIO,Entrada,N,8,CARR. SALTILLO-ZACATECAS,H3,20:45,,,,
09/05/2026,OTILIO,Entrada,N,8,CARR. SALTILLO-ZACATECAS,H4,21:15,,,,
09/05/2026,OTILIO,Entrada,N,9,METALSA,H1,05:50,05:36,14,1,0
09/05/2026,OTILIO,Entrada,N,9,METALSA,H2,17:50,17:29,21,1,0
09/05/2026,OTILIO,Entrada,N,9,METALSA,H3,21:20,,,,
09/05/2026,OTILIO,Entrada,N,9,METALSA,H4,21:50,,,,
09/05/2026,OTILIO,Salida,N,1,METALSA,H1,06:15,,,,
09/05/2026,OTILIO,Salida,N,1,METALSA,H2,15:30,,,,
09/05/2026,OTILIO,Salida,N,1,METALSA,H3,18:15,,,,
09/05/2026,OTILIO,Salida,N,2,CARR. SALTILLO-ZACATECAS,H1,06:50,,,,
09/05/2026,OTILIO,Salida,N,2,CARR. SALTILLO-ZACATECAS,H2,16:05,,,,
09/05/2026,OTILIO,Salida,N,2,CARR. SALTILLO-ZACATECAS,H3,18:50,,,,
09/05/2026,OTILIO,Salida,N,3,LOMAS DE LOURDES Y LUIS PASTEUR,H1,06:59,,,,
09/05/2026,OTILIO,Salida,N,3,LOMAS DE LOURDES Y LUIS PASTEUR,H2,16:14,,,,
09/05/2026,OTILIO,Salida,N,3,LOMAS DE LOURDES Y LUIS PASTEUR,H3,18:59,,,,
09/05/2026,OTILIO,Salida,N,4,IGNACIO ALLENDE Y CALLE 13,H1,07:07,,,,
09/05/2026,OTILIO,Salida,N,4,IGNACIO ALLENDE Y CALLE 13,H2,16:22,,,,
09/05/2026,OTILIO,Salida,N,4,IGNACIO ALLENDE Y CALLE 13,H3,19:07,,,,
09/05/2026,OTILIO,Salida,N,5,BLVD JUAREZ Y MIGUEL HIDALGO,H1,07:13,,,,
09/05/2026,OTILIO,Salida,N,5,BLVD JUAREZ Y MIGUEL HIDALGO,H2,16:28,,,,
09/05/2026,OTILIO,Salida,N,5,BLVD JUAREZ Y MIGUEL HIDALGO,H3,19:13,,,,
09/05/2026,OTILIO,Salida,N,6,ONCEAVA Y ESCUADRON DE LA AVIACION,H1,07:23,,,,
09/05/2026,OTILIO,Salida,N,6,ONCEAVA Y ESCUADRON DE LA AVIACION,H2,16:38,,,,
09/05/2026,OTILIO,Salida,N,6,ONCEAVA Y ESCUADRON DE LA AVIACION,H3,19:23,,,,
09/05/2026,OTILIO,Salida,N,7,LIBERTAD Y OTILIO,H1,07:34,,,,
09/05/2026,OTILIO,Salida,N,7,LIBERTAD Y OTILIO,H2,16:49,,,,
09/05/2026,OTILIO,Salida,N,7,LIBERTAD Y OTILIO,H3,19:34,,,,
09/05/2026,OTILIO,Salida,N,8,MARMOL Y EMILIANO ZAPATA,H1,07:38,,,,
09/05/2026,OTILIO,Salida,N,8,MARMOL Y EMILIANO ZAPATA,H2,16:53,,,,
09/05/2026,OTILIO,Salida,N,8,MARMOL Y EMILIANO ZAPATA,H3,19:38,,,,
09/05/2026,OTILIO,Salida,N,9,CALLE 23 Y CALLE 16,H1,07:40,,,,
09/05/2026,OTILIO,Salida,N,9,CALLE 23 Y CALLE 16,H2,16:55,,,,
09/05/2026,OTILIO,Salida,N,9,CALLE 23 Y CALLE 16,H3,19:40,,,,
09/05/2026,PARRAS CASETA,Entrada,A,1,RAMOS ARIZPE (PLAZA DEL RELOJ),H1,18:30,,,,
09/05/2026,PARRAS CASETA,Entrada,A,1,RAMOS ARIZPE (PLAZA DEL RELOJ),H2,03:00,,,,
09/05/2026,PARRAS CASETA,Entrada,A,1,RAMOS ARIZPE (PLAZA DEL RELOJ),H3,15:00,,,,
09/05/2026,PARRAS CASETA,Entrada,A,1,RAMOS ARIZPE (PLAZA DEL RELOJ),H4,19:00,,,,
09/05/2026,PARRAS CASETA,Entrada,A,2,HEROICO COLEGIO MILITAR Y MELCHOR OCAMPO (ALAMEDA),H1,18:32,,,,
09/05/2026,PARRAS CASETA,Entrada,A,2,HEROICO COLEGIO MILITAR Y MELCHOR OCAMPO (ALAMEDA),H2,03:02,,,,
09/05/2026,PARRAS CASETA,Entrada,A,2,HEROICO COLEGIO MILITAR Y MELCHOR OCAMPO (ALAMEDA),H3,15:02,,,,
09/05/2026,PARRAS CASETA,Entrada,A,2,HEROICO COLEGIO MILITAR Y MELCHOR OCAMPO (ALAMEDA),H4,19:02,,,,
09/05/2026,PARRAS CASETA,Entrada,A,3,FALCON Y FCO SARABIA (TORTILLERIA 4 CAMINO),H1,18:40,,,,
09/05/2026,PARRAS CASETA,Entrada,A,3,FALCON Y FCO SARABIA (TORTILLERIA 4 CAMINO),H2,03:10,,,,
09/05/2026,PARRAS CASETA,Entrada,A,3,FALCON Y FCO SARABIA (TORTILLERIA 4 CAMINO),H3,15:10,,,,
09/05/2026,PARRAS CASETA,Entrada,A,3,FALCON Y FCO SARABIA (TORTILLERIA 4 CAMINO),H4,19:10,,,,
09/05/2026,PARRAS CASETA,Entrada,A,4,OSCAR FLORES TAPIA y JAVIER MINA,H1,18:45,,,,
09/05/2026,PARRAS CASETA,Entrada,A,4,OSCAR FLORES TAPIA y JAVIER MINA,H2,03:15,,,,
09/05/2026,PARRAS CASETA,Entrada,A,4,OSCAR FLORES TAPIA y JAVIER MINA,H3,15:15,,,,
09/05/2026,PARRAS CASETA,Entrada,A,4,OSCAR FLORES TAPIA y JAVIER MINA,H4,19:15,,,,
09/05/2026,PARRAS CASETA,Entrada,A,5,CALZADA DEL MARQUEZ (OXXO GAS),H1,18:50,,,,
09/05/2026,PARRAS CASETA,Entrada,A,5,CALZADA DEL MARQUEZ (OXXO GAS),H2,03:20,,,,
09/05/2026,PARRAS CASETA,Entrada,A,5,CALZADA DEL MARQUEZ (OXXO GAS),H3,15:20,,,,
09/05/2026,PARRAS CASETA,Entrada,A,5,CALZADA DEL MARQUEZ (OXXO GAS),H4,19:20,,,,
09/05/2026,PARRAS CASETA,Entrada,A,6,16 DE SEPTIEMBRE (FABRICA DICKIES),H1,18:57,,,,
09/05/2026,PARRAS CASETA,Entrada,A,6,16 DE SEPTIEMBRE (FABRICA DICKIES),H2,03:27,,,,
09/05/2026,PARRAS CASETA,Entrada,A,6,16 DE SEPTIEMBRE (FABRICA DICKIES),H3,15:27,,,,
09/05/2026,PARRAS CASETA,Entrada,A,6,16 DE SEPTIEMBRE (FABRICA DICKIES),H4,19:27,,,,
09/05/2026,PARRAS CASETA,Entrada,A,7,EJIDO 28 AGOSTO,H1,19:25,,,,
09/05/2026,PARRAS CASETA,Entrada,A,7,EJIDO 28 AGOSTO,H2,03:55,,,,
09/05/2026,PARRAS CASETA,Entrada,A,7,EJIDO 28 AGOSTO,H3,15:55,,,,
09/05/2026,PARRAS CASETA,Entrada,A,7,EJIDO 28 AGOSTO,H4,19:55,,,,
09/05/2026,PARRAS CASETA,Entrada,A,8,KM 42,H1,19:45,,,,
09/05/2026,PARRAS CASETA,Entrada,A,8,KM 42,H2,04:15,,,,
09/05/2026,PARRAS CASETA,Entrada,A,8,KM 42,H3,16:15,,,,
09/05/2026,PARRAS CASETA,Entrada,A,8,KM 42,H4,20:15,,,,
09/05/2026,PARRAS CASETA,Entrada,A,9,EJIDO JALPA,H1,19:50,,,,
09/05/2026,PARRAS CASETA,Entrada,A,9,EJIDO JALPA,H2,04:20,,,,
09/05/2026,PARRAS CASETA,Entrada,A,9,EJIDO JALPA,H3,16:20,,,,
09/05/2026,PARRAS CASETA,Entrada,A,9,EJIDO JALPA,H4,20:20,,,,
09/05/2026,PARRAS CASETA,Entrada,A,10,METALSA,H1,21:20,,,,
09/05/2026,PARRAS CASETA,Entrada,A,10,METALSA,H2,05:50,,,,
09/05/2026,PARRAS CASETA,Entrada,A,10,METALSA,H3,17:50,,,,
09/05/2026,PARRAS CASETA,Entrada,A,10,METALSA,H4,21:50,,,,
09/05/2026,PARRAS CASETA,Salida,N,1,METALSA,H1,15:30,,,,
09/05/2026,PARRAS CASETA,Salida,N,1,METALSA,H2,06:15,06:19,-4,1,0
09/05/2026,PARRAS CASETA,Salida,N,1,METALSA,H3,18:15,,,,
09/05/2026,PARRAS CASETA,Salida,N,2,EJIDO PAILA,H1,15:45,,,,
09/05/2026,PARRAS CASETA,Salida,N,2,EJIDO PAILA,H2,06:30,,,,
09/05/2026,PARRAS CASETA,Salida,N,2,EJIDO PAILA,H3,18:30,,,,
09/05/2026,PARRAS CASETA,Salida,N,3,KM 42,H1,15:50,,,,
09/05/2026,PARRAS CASETA,Salida,N,3,KM 42,H2,06:35,,,,
09/05/2026,PARRAS CASETA,Salida,N,3,KM 42,H3,18:35,,,,
09/05/2026,PARRAS CASETA,Salida,N,4,EJIDO 28 AGOSTO,H1,17:10,,,,
09/05/2026,PARRAS CASETA,Salida,N,4,EJIDO 28 AGOSTO,H2,07:55,,,,
09/05/2026,PARRAS CASETA,Salida,N,4,EJIDO 28 AGOSTO,H3,19:55,,,,
09/05/2026,PARRAS CASETA,Salida,N,5,16 DE SEPTIEMBRE (FABRICA DICKIES),H1,17:45,,,,
09/05/2026,PARRAS CASETA,Salida,N,5,16 DE SEPTIEMBRE (FABRICA DICKIES),H2,08:30,,,,
09/05/2026,PARRAS CASETA,Salida,N,5,16 DE SEPTIEMBRE (FABRICA DICKIES),H3,20:30,,,,
09/05/2026,PARRAS CASETA,Salida,N,6,CALZADA DEL MARQUEZ (OXXO GAS),H1,17:55,,,,
09/05/2026,PARRAS CASETA,Salida,N,6,CALZADA DEL MARQUEZ (OXXO GAS),H2,08:40,,,,
09/05/2026,PARRAS CASETA,Salida,N,6,CALZADA DEL MARQUEZ (OXXO GAS),H3,20:40,20:34,6,1,0
09/05/2026,PARRAS CASETA,Salida,N,7,OSCAR FLORES TAPIA y JAVIER MINA,H1,18:00,,,,
09/05/2026,PARRAS CASETA,Salida,N,7,OSCAR FLORES TAPIA y JAVIER MINA,H2,08:45,,,,
09/05/2026,PARRAS CASETA,Salida,N,7,OSCAR FLORES TAPIA y JAVIER MINA,H3,20:45,20:41,4,1,0
09/05/2026,PARRAS CASETA,Salida,N,8,FALCON Y FCO SARABIA (TORTILLERIA 4 CAMINO),H1,18:05,,,,
09/05/2026,PARRAS CASETA,Salida,N,8,FALCON Y FCO SARABIA (TORTILLERIA 4 CAMINO),H2,08:50,,,,
09/05/2026,PARRAS CASETA,Salida,N,8,FALCON Y FCO SARABIA (TORTILLERIA 4 CAMINO),H3,20:50,,,,
09/05/2026,PARRAS CASETA,Salida,N,9,HEROICO COLEGIO MILITAR Y MELCHOR OCAMPO (ALAMEDA),H1,18:18,,,,
09/05/2026,PARRAS CASETA,Salida,N,9,HEROICO COLEGIO MILITAR Y MELCHOR OCAMPO (ALAMEDA),H2,09:03,08:40,23,1,0
09/05/2026,PARRAS CASETA,Salida,N,9,HEROICO COLEGIO MILITAR Y MELCHOR OCAMPO (ALAMEDA),H3,21:03,,,,
09/05/2026,PARRAS CASETA,Salida,N,10,RAMOS ARIZPE (PLAZA DEL RELOJ),H1,18:20,,,,
09/05/2026,PARRAS CASETA,Salida,N,10,RAMOS ARIZPE (PLAZA DEL RELOJ),H2,09:05,,,,
09/05/2026,PARRAS CASETA,Salida,N,10,RAMOS ARIZPE (PLAZA DEL RELOJ),H3,21:05,,,,
09/05/2026,PARRAS LIBRE,Entrada,A,1,TACUBATA Y FRANCISCO I MADERO,H1,18:30,,,,
09/05/2026,PARRAS LIBRE,Entrada,A,1,TACUBATA Y FRANCISCO I MADERO,H2,03:00,,,,
09/05/2026,PARRAS LIBRE,Entrada,A,1,TACUBATA Y FRANCISCO I MADERO,H3,03:00,,,,
09/05/2026,PARRAS LIBRE,Entrada,A,1,TACUBATA Y FRANCISCO I MADERO,H4,15:00,,,,
09/05/2026,PARRAS LIBRE,Entrada,A,1,TACUBATA Y FRANCISCO I MADERO,H5,15:00,,,,
09/05/2026,PARRAS LIBRE,Entrada,A,1,TACUBATA Y FRANCISCO I MADERO,H6,19:05,,,,
09/05/2026,PARRAS LIBRE,Entrada,A,2,SANTA CATARINA Y VIESCA,H1,18:36,,,,
09/05/2026,PARRAS LIBRE,Entrada,A,2,SANTA CATARINA Y VIESCA,H2,03:06,,,,
09/05/2026,PARRAS LIBRE,Entrada,A,2,SANTA CATARINA Y VIESCA,H3,03:06,,,,
09/05/2026,PARRAS LIBRE,Entrada,A,2,SANTA CATARINA Y VIESCA,H4,15:06,,,,
09/05/2026,PARRAS LIBRE,Entrada,A,2,SANTA CATARINA Y VIESCA,H5,15:06,,,,
09/05/2026,PARRAS LIBRE,Entrada,A,2,SANTA CATARINA Y VIESCA,H6,19:09,,,,
09/05/2026,PARRAS LIBRE,Entrada,A,3,MANUEL ZAVALA Y MAR DE GALILEA,H1,18:50,,,,
09/05/2026,PARRAS LIBRE,Entrada,A,3,MANUEL ZAVALA Y MAR DE GALILEA,H2,03:20,,,,
09/05/2026,PARRAS LIBRE,Entrada,A,3,MANUEL ZAVALA Y MAR DE GALILEA,H3,03:20,,,,
09/05/2026,PARRAS LIBRE,Entrada,A,3,MANUEL ZAVALA Y MAR DE GALILEA,H4,15:20,,,,
09/05/2026,PARRAS LIBRE,Entrada,A,3,MANUEL ZAVALA Y MAR DE GALILEA,H5,15:20,,,,
09/05/2026,PARRAS LIBRE,Entrada,A,3,MANUEL ZAVALA Y MAR DE GALILEA,H6,19:11,,,,
09/05/2026,PARRAS LIBRE,Entrada,A,4,GENERAL CEPEDA Y RAMOS ARIZPE,H1,18:55,,,,
09/05/2026,PARRAS LIBRE,Entrada,A,4,GENERAL CEPEDA Y RAMOS ARIZPE,H2,03:25,,,,
09/05/2026,PARRAS LIBRE,Entrada,A,4,GENERAL CEPEDA Y RAMOS ARIZPE,H3,03:25,,,,
09/05/2026,PARRAS LIBRE,Entrada,A,4,GENERAL CEPEDA Y RAMOS ARIZPE,H4,15:25,,,,
09/05/2026,PARRAS LIBRE,Entrada,A,4,GENERAL CEPEDA Y RAMOS ARIZPE,H5,15:25,,,,
09/05/2026,PARRAS LIBRE,Entrada,A,4,GENERAL CEPEDA Y RAMOS ARIZPE,H6,19:14,,,,
09/05/2026,PARRAS LIBRE,Entrada,A,5,GENERAL CEPEDA Y COLIMA,H1,19:03,,,,
09/05/2026,PARRAS LIBRE,Entrada,A,5,GENERAL CEPEDA Y COLIMA,H2,03:33,,,,
09/05/2026,PARRAS LIBRE,Entrada,A,5,GENERAL CEPEDA Y COLIMA,H3,03:33,,,,
09/05/2026,PARRAS LIBRE,Entrada,A,5,GENERAL CEPEDA Y COLIMA,H4,15:33,,,,
09/05/2026,PARRAS LIBRE,Entrada,A,5,GENERAL CEPEDA Y COLIMA,H5,15:33,,,,
09/05/2026,PARRAS LIBRE,Entrada,A,5,GENERAL CEPEDA Y COLIMA,H6,19:15,,,,
09/05/2026,PARRAS LIBRE,Entrada,A,6,CAMINO GRAL. CEPEDA Y EJIDO PARRAS,H1,19:05,,,,
09/05/2026,PARRAS LIBRE,Entrada,A,6,CAMINO GRAL. CEPEDA Y EJIDO PARRAS,H2,03:35,,,,
09/05/2026,PARRAS LIBRE,Entrada,A,6,CAMINO GRAL. CEPEDA Y EJIDO PARRAS,H3,03:35,,,,
09/05/2026,PARRAS LIBRE,Entrada,A,6,CAMINO GRAL. CEPEDA Y EJIDO PARRAS,H4,15:35,,,,
09/05/2026,PARRAS LIBRE,Entrada,A,6,CAMINO GRAL. CEPEDA Y EJIDO PARRAS,H5,15:35,,,,
09/05/2026,PARRAS LIBRE,Entrada,A,6,CAMINO GRAL. CEPEDA Y EJIDO PARRAS,H6,19:17,,,,
09/05/2026,PARRAS LIBRE,Entrada,A,7,METALSA,H1,21:20,,,,
09/05/2026,PARRAS LIBRE,Entrada,A,7,METALSA,H2,05:50,,,,
09/05/2026,PARRAS LIBRE,Entrada,A,7,METALSA,H3,05:50,,,,
09/05/2026,PARRAS LIBRE,Entrada,A,7,METALSA,H4,17:50,,,,
09/05/2026,PARRAS LIBRE,Entrada,A,7,METALSA,H5,17:50,,,,
09/05/2026,PARRAS LIBRE,Entrada,A,7,METALSA,H6,21:50,,,,
09/05/2026,PARRAS LIBRE,Salida,N,1,METALSA,H1,15:30,,,,
09/05/2026,PARRAS LIBRE,Salida,N,1,METALSA,H2,06:15,,,,
09/05/2026,PARRAS LIBRE,Salida,N,1,METALSA,H3,06:15,,,,
09/05/2026,PARRAS LIBRE,Salida,N,1,METALSA,H4,18:15,,,,
09/05/2026,PARRAS LIBRE,Salida,N,1,METALSA,H5,18:15,,,,
09/05/2026,PARRAS LIBRE,Salida,N,2,CAMINO GRAL. CEPEDA Y EJIDO PARRAS,H1,17:45,,,,
09/05/2026,PARRAS LIBRE,Salida,N,2,CAMINO GRAL. CEPEDA Y EJIDO PARRAS,H2,08:30,,,,
09/05/2026,PARRAS LIBRE,Salida,N,2,CAMINO GRAL. CEPEDA Y EJIDO PARRAS,H3,08:30,,,,
09/05/2026,PARRAS LIBRE,Salida,N,2,CAMINO GRAL. CEPEDA Y EJIDO PARRAS,H4,20:30,,,,
09/05/2026,PARRAS LIBRE,Salida,N,2,CAMINO GRAL. CEPEDA Y EJIDO PARRAS,H5,20:30,,,,
09/05/2026,PARRAS LIBRE,Salida,N,3,GENERAL CEPEDA Y COLIMA,H1,17:47,,,,
09/05/2026,PARRAS LIBRE,Salida,N,3,GENERAL CEPEDA Y COLIMA,H2,08:32,,,,
09/05/2026,PARRAS LIBRE,Salida,N,3,GENERAL CEPEDA Y COLIMA,H3,08:32,,,,
09/05/2026,PARRAS LIBRE,Salida,N,3,GENERAL CEPEDA Y COLIMA,H4,20:32,,,,
09/05/2026,PARRAS LIBRE,Salida,N,3,GENERAL CEPEDA Y COLIMA,H5,20:32,,,,
09/05/2026,PARRAS LIBRE,Salida,N,4,GENERAL CEPEDA Y RAMOS ARIZPE,H1,17:55,,,,
09/05/2026,PARRAS LIBRE,Salida,N,4,GENERAL CEPEDA Y RAMOS ARIZPE,H2,08:40,,,,
09/05/2026,PARRAS LIBRE,Salida,N,4,GENERAL CEPEDA Y RAMOS ARIZPE,H3,08:40,,,,
09/05/2026,PARRAS LIBRE,Salida,N,4,GENERAL CEPEDA Y RAMOS ARIZPE,H4,20:40,,,,
09/05/2026,PARRAS LIBRE,Salida,N,4,GENERAL CEPEDA Y RAMOS ARIZPE,H5,20:40,,,,
09/05/2026,PARRAS LIBRE,Salida,N,5,MANUEL ZAVALA Y MAR DE GALILEA,H1,18:00,,,,
09/05/2026,PARRAS LIBRE,Salida,N,5,MANUEL ZAVALA Y MAR DE GALILEA,H2,08:45,,,,
09/05/2026,PARRAS LIBRE,Salida,N,5,MANUEL ZAVALA Y MAR DE GALILEA,H3,08:45,,,,
09/05/2026,PARRAS LIBRE,Salida,N,5,MANUEL ZAVALA Y MAR DE GALILEA,H4,20:45,,,,
09/05/2026,PARRAS LIBRE,Salida,N,5,MANUEL ZAVALA Y MAR DE GALILEA,H5,20:45,,,,
09/05/2026,PARRAS LIBRE,Salida,N,6,SANTA CATARINA Y VIESCA,H1,18:14,,,,
09/05/2026,PARRAS LIBRE,Salida,N,6,SANTA CATARINA Y VIESCA,H2,08:59,,,,
09/05/2026,PARRAS LIBRE,Salida,N,6,SANTA CATARINA Y VIESCA,H3,08:59,,,,
09/05/2026,PARRAS LIBRE,Salida,N,6,SANTA CATARINA Y VIESCA,H4,20:59,,,,
09/05/2026,PARRAS LIBRE,Salida,N,6,SANTA CATARINA Y VIESCA,H5,20:59,,,,
09/05/2026,PARRAS LIBRE,Salida,N,7,TACUBATA Y FRANCISCO I MADERO,H1,18:20,,,,
09/05/2026,PARRAS LIBRE,Salida,N,7,TACUBATA Y FRANCISCO I MADERO,H2,09:05,,,,
09/05/2026,PARRAS LIBRE,Salida,N,7,TACUBATA Y FRANCISCO I MADERO,H3,09:05,,,,
09/05/2026,PARRAS LIBRE,Salida,N,7,TACUBATA Y FRANCISCO I MADERO,H4,21:05,,,,
09/05/2026,PARRAS LIBRE,Salida,N,7,TACUBATA Y FRANCISCO I MADERO,H5,21:05,,,,
09/05/2026,PORVENIR - GENERAL CEPEDA,Entrada,A,1,PORVENIR,H1,03:45,,,,
09/05/2026,PORVENIR - GENERAL CEPEDA,Entrada,A,1,PORVENIR,H2,15:45,,,,
09/05/2026,PORVENIR - GENERAL CEPEDA,Entrada,A,1,PORVENIR,H3,19:15,,,,
09/05/2026,PORVENIR - GENERAL CEPEDA,Entrada,A,1,PORVENIR,H4,19:45,,,,
09/05/2026,PORVENIR - GENERAL CEPEDA,Entrada,A,2,GUELATAO,H1,03:50,,,,
09/05/2026,PORVENIR - GENERAL CEPEDA,Entrada,A,2,GUELATAO,H2,15:50,,,,
09/05/2026,PORVENIR - GENERAL CEPEDA,Entrada,A,2,GUELATAO,H3,19:20,,,,
09/05/2026,PORVENIR - GENERAL CEPEDA,Entrada,A,2,GUELATAO,H4,19:50,,,,
09/05/2026,PORVENIR - GENERAL CEPEDA,Entrada,A,3,BLVD; DIANA LAURA,H1,04:06,,,,
09/05/2026,PORVENIR - GENERAL CEPEDA,Entrada,A,3,BLVD; DIANA LAURA,H2,16:06,,,,
09/05/2026,PORVENIR - GENERAL CEPEDA,Entrada,A,3,BLVD; DIANA LAURA,H3,19:36,,,,
09/05/2026,PORVENIR - GENERAL CEPEDA,Entrada,A,3,BLVD; DIANA LAURA,H4,20:06,,,,
09/05/2026,PORVENIR - GENERAL CEPEDA,Entrada,A,4,MARIANO MATAMOROS,H1,04:09,,,,
09/05/2026,PORVENIR - GENERAL CEPEDA,Entrada,A,4,MARIANO MATAMOROS,H2,16:09,,,,
09/05/2026,PORVENIR - GENERAL CEPEDA,Entrada,A,4,MARIANO MATAMOROS,H3,19:39,,,,
09/05/2026,PORVENIR - GENERAL CEPEDA,Entrada,A,4,MARIANO MATAMOROS,H4,20:09,,,,
09/05/2026,PORVENIR - GENERAL CEPEDA,Entrada,A,5,LOS PRESIDENTES,H1,04:11,,,,
09/05/2026,PORVENIR - GENERAL CEPEDA,Entrada,A,5,LOS PRESIDENTES,H2,16:11,,,,
09/05/2026,PORVENIR - GENERAL CEPEDA,Entrada,A,5,LOS PRESIDENTES,H3,19:41,,,,
09/05/2026,PORVENIR - GENERAL CEPEDA,Entrada,A,5,LOS PRESIDENTES,H4,20:11,,,,
09/05/2026,PORVENIR - GENERAL CEPEDA,Entrada,A,6,MIGUEL HIDALGO,H1,04:16,,,,
09/05/2026,PORVENIR - GENERAL CEPEDA,Entrada,A,6,MIGUEL HIDALGO,H2,16:16,,,,
09/05/2026,PORVENIR - GENERAL CEPEDA,Entrada,A,6,MIGUEL HIDALGO,H3,19:46,,,,
09/05/2026,PORVENIR - GENERAL CEPEDA,Entrada,A,6,MIGUEL HIDALGO,H4,20:16,,,,
09/05/2026,PORVENIR - GENERAL CEPEDA,Entrada,A,7,BENITO JUAREZ,H1,04:19,,,,
09/05/2026,PORVENIR - GENERAL CEPEDA,Entrada,A,7,BENITO JUAREZ,H2,16:19,,,,
09/05/2026,PORVENIR - GENERAL CEPEDA,Entrada,A,7,BENITO JUAREZ,H3,19:49,,,,
09/05/2026,PORVENIR - GENERAL CEPEDA,Entrada,A,7,BENITO JUAREZ,H4,20:19,,,,
09/05/2026,PORVENIR - GENERAL CEPEDA,Entrada,A,8,SAN JOSE,H1,04:50,,,,
09/05/2026,PORVENIR - GENERAL CEPEDA,Entrada,A,8,SAN JOSE,H2,16:50,,,,
09/05/2026,PORVENIR - GENERAL CEPEDA,Entrada,A,8,SAN JOSE,H3,20:20,,,,
09/05/2026,PORVENIR - GENERAL CEPEDA,Entrada,A,8,SAN JOSE,H4,20:50,,,,
09/05/2026,PORVENIR - GENERAL CEPEDA,Entrada,A,9,RANCHO NUEVO,H1,05:00,,,,
09/05/2026,PORVENIR - GENERAL CEPEDA,Entrada,A,9,RANCHO NUEVO,H2,17:00,,,,
09/05/2026,PORVENIR - GENERAL CEPEDA,Entrada,A,9,RANCHO NUEVO,H3,20:30,,,,
09/05/2026,PORVENIR - GENERAL CEPEDA,Entrada,A,9,RANCHO NUEVO,H4,21:00,,,,
09/05/2026,PORVENIR - GENERAL CEPEDA,Entrada,A,10,SANTA TERESA,H1,05:06,,,,
09/05/2026,PORVENIR - GENERAL CEPEDA,Entrada,A,10,SANTA TERESA,H2,17:06,,,,
09/05/2026,PORVENIR - GENERAL CEPEDA,Entrada,A,10,SANTA TERESA,H3,20:36,,,,
09/05/2026,PORVENIR - GENERAL CEPEDA,Entrada,A,10,SANTA TERESA,H4,21:06,,,,
09/05/2026,PORVENIR - GENERAL CEPEDA,Entrada,A,11,CHAPULA,H1,05:15,,,,
09/05/2026,PORVENIR - GENERAL CEPEDA,Entrada,A,11,CHAPULA,H2,17:15,,,,
09/05/2026,PORVENIR - GENERAL CEPEDA,Entrada,A,11,CHAPULA,H3,20:45,,,,
09/05/2026,PORVENIR - GENERAL CEPEDA,Entrada,A,11,CHAPULA,H4,21:15,,,,
09/05/2026,PORVENIR - GENERAL CEPEDA,Entrada,A,12,DERRAMADERO,H1,05:20,,,,
09/05/2026,PORVENIR - GENERAL CEPEDA,Entrada,A,12,DERRAMADERO,H2,17:20,,,,
09/05/2026,PORVENIR - GENERAL CEPEDA,Entrada,A,12,DERRAMADERO,H3,20:50,,,,
09/05/2026,PORVENIR - GENERAL CEPEDA,Entrada,A,12,DERRAMADERO,H4,21:20,,,,
09/05/2026,PORVENIR - GENERAL CEPEDA,Entrada,A,13,SAN JUAN DE LA VAQUERIA,H1,05:28,,,,
09/05/2026,PORVENIR - GENERAL CEPEDA,Entrada,A,13,SAN JUAN DE LA VAQUERIA,H2,17:28,,,,
09/05/2026,PORVENIR - GENERAL CEPEDA,Entrada,A,13,SAN JUAN DE LA VAQUERIA,H3,20:58,,,,
09/05/2026,PORVENIR - GENERAL CEPEDA,Entrada,A,13,SAN JUAN DE LA VAQUERIA,H4,21:28,,,,
09/05/2026,PORVENIR - GENERAL CEPEDA,Entrada,A,14,METALSA,H1,05:50,05:46,4,1,0
09/05/2026,PORVENIR - GENERAL CEPEDA,Entrada,A,14,METALSA,H2,17:50,,,,
09/05/2026,PORVENIR - GENERAL CEPEDA,Entrada,A,14,METALSA,H3,21:20,,,,
09/05/2026,PORVENIR - GENERAL CEPEDA,Entrada,A,14,METALSA,H4,21:50,,,,
09/05/2026,PORVENIR - GENERAL CEPEDA,Salida,N,1,METALSA,H1,06:15,06:19,-4,1,0
09/05/2026,PORVENIR - GENERAL CEPEDA,Salida,N,1,METALSA,H2,15:30,,,,
09/05/2026,PORVENIR - GENERAL CEPEDA,Salida,N,1,METALSA,H3,18:15,18:18,-3,1,0
09/05/2026,PORVENIR - GENERAL CEPEDA,Salida,N,2,SAN JUAN DE LA VAQUERIA,H1,06:50,06:35,15,1,0
09/05/2026,PORVENIR - GENERAL CEPEDA,Salida,N,2,SAN JUAN DE LA VAQUERIA,H2,16:05,,,,
09/05/2026,PORVENIR - GENERAL CEPEDA,Salida,N,2,SAN JUAN DE LA VAQUERIA,H3,18:50,18:35,15,1,0
09/05/2026,PORVENIR - GENERAL CEPEDA,Salida,N,3,DERRAMADERO,H1,06:55,06:45,10,1,0
09/05/2026,PORVENIR - GENERAL CEPEDA,Salida,N,3,DERRAMADERO,H2,16:10,,,,
09/05/2026,PORVENIR - GENERAL CEPEDA,Salida,N,3,DERRAMADERO,H3,18:55,18:44,11,1,0
09/05/2026,PORVENIR - GENERAL CEPEDA,Salida,N,4,CHAPULA,H1,06:56,06:44,12,1,0
09/05/2026,PORVENIR - GENERAL CEPEDA,Salida,N,4,CHAPULA,H2,16:15,,,,
09/05/2026,PORVENIR - GENERAL CEPEDA,Salida,N,4,CHAPULA,H3,19:00,18:48,12,1,0
09/05/2026,PORVENIR - GENERAL CEPEDA,Salida,N,5,SANTA TERESA,H1,06:57,06:56,1,1,0
09/05/2026,PORVENIR - GENERAL CEPEDA,Salida,N,5,SANTA TERESA,H2,16:18,,,,
09/05/2026,PORVENIR - GENERAL CEPEDA,Salida,N,5,SANTA TERESA,H3,19:03,18:55,8,1,0
09/05/2026,PORVENIR - GENERAL CEPEDA,Salida,N,6,RANCHO NUEVO,H1,07:10,07:01,9,1,0
09/05/2026,PORVENIR - GENERAL CEPEDA,Salida,N,6,RANCHO NUEVO,H2,16:25,,,,
09/05/2026,PORVENIR - GENERAL CEPEDA,Salida,N,6,RANCHO NUEVO,H3,19:10,19:00,10,1,0
09/05/2026,PORVENIR - GENERAL CEPEDA,Salida,N,7,SAN JOSE,H1,07:11,,,,
09/05/2026,PORVENIR - GENERAL CEPEDA,Salida,N,7,SAN JOSE,H2,16:26,,,,
09/05/2026,PORVENIR - GENERAL CEPEDA,Salida,N,7,SAN JOSE,H3,19:11,19:11,0,1,0
09/05/2026,PORVENIR - GENERAL CEPEDA,Salida,N,8,BENITO JUAREZ,H1,07:12,,,,
09/05/2026,PORVENIR - GENERAL CEPEDA,Salida,N,8,BENITO JUAREZ,H2,16:27,,,,
09/05/2026,PORVENIR - GENERAL CEPEDA,Salida,N,8,BENITO JUAREZ,H3,19:12,,,,
09/05/2026,PORVENIR - GENERAL CEPEDA,Salida,N,9,MIGUEL HIDALGO,H1,07:13,07:30,-17,1,0
09/05/2026,PORVENIR - GENERAL CEPEDA,Salida,N,9,MIGUEL HIDALGO,H2,16:28,,,,
09/05/2026,PORVENIR - GENERAL CEPEDA,Salida,N,9,MIGUEL HIDALGO,H3,19:13,19:43,-30,1,0
09/05/2026,PORVENIR - GENERAL CEPEDA,Salida,N,10,LOS PRESIDENTES,H1,07:14,07:28,-14,1,0
09/05/2026,PORVENIR - GENERAL CEPEDA,Salida,N,10,LOS PRESIDENTES,H2,16:29,,,,
09/05/2026,PORVENIR - GENERAL CEPEDA,Salida,N,10,LOS PRESIDENTES,H3,19:14,19:42,-28,1,0
09/05/2026,PORVENIR - GENERAL CEPEDA,Salida,N,11,MARIANO MATAMOROS,H1,07:30,07:28,2,1,0
09/05/2026,PORVENIR - GENERAL CEPEDA,Salida,N,11,MARIANO MATAMOROS,H2,16:45,,,,
09/05/2026,PORVENIR - GENERAL CEPEDA,Salida,N,11,MARIANO MATAMOROS,H3,19:30,19:42,-12,1,0
09/05/2026,PORVENIR - GENERAL CEPEDA,Salida,N,12,BLVD; DIANA LAURA,H1,07:31,07:26,5,1,0
09/05/2026,PORVENIR - GENERAL CEPEDA,Salida,N,12,BLVD; DIANA LAURA,H2,16:46,,,,
09/05/2026,PORVENIR - GENERAL CEPEDA,Salida,N,12,BLVD; DIANA LAURA,H3,19:31,19:40,-9,1,0
09/05/2026,PORVENIR - GENERAL CEPEDA,Salida,N,13,GUELATAO,H1,07:40,07:44,-4,1,0
09/05/2026,PORVENIR - GENERAL CEPEDA,Salida,N,13,GUELATAO,H2,16:55,,,,
09/05/2026,PORVENIR - GENERAL CEPEDA,Salida,N,13,GUELATAO,H3,19:40,,,,
09/05/2026,PORVENIR - GENERAL CEPEDA,Salida,N,14,PORVENIR,H1,07:45,07:49,-4,1,0
09/05/2026,PORVENIR - GENERAL CEPEDA,Salida,N,14,PORVENIR,H2,17:00,,,,
09/05/2026,PORVENIR - GENERAL CEPEDA,Salida,N,14,PORVENIR,H3,19:45,,,,
09/05/2026,PUERTO MEXICO,Entrada,A,1,PUERTO MEXICO,H1,20:10,,,,
09/05/2026,PUERTO MEXICO,Entrada,A,1,PUERTO MEXICO,H2,04:40,,,,
09/05/2026,PUERTO MEXICO,Entrada,A,1,PUERTO MEXICO,H3,04:40,,,,
09/05/2026,PUERTO MEXICO,Entrada,A,1,PUERTO MEXICO,H4,16:40,,,,
09/05/2026,PUERTO MEXICO,Entrada,A,1,PUERTO MEXICO,H5,16:40,,,,
09/05/2026,PUERTO MEXICO,Entrada,A,1,PUERTO MEXICO,H6,20:40,,,,
09/05/2026,PUERTO MEXICO,Entrada,A,2,CUIJE,H1,20:22,,,,
09/05/2026,PUERTO MEXICO,Entrada,A,2,CUIJE,H2,04:52,,,,
09/05/2026,PUERTO MEXICO,Entrada,A,2,CUIJE,H3,04:52,,,,
09/05/2026,PUERTO MEXICO,Entrada,A,2,CUIJE,H4,16:52,,,,
09/05/2026,PUERTO MEXICO,Entrada,A,2,CUIJE,H5,16:52,,,,
09/05/2026,PUERTO MEXICO,Entrada,A,2,CUIJE,H6,20:52,,,,
09/05/2026,PUERTO MEXICO,Entrada,A,3,NAVIDAD,H1,20:32,,,,
09/05/2026,PUERTO MEXICO,Entrada,A,3,NAVIDAD,H2,05:02,,,,
09/05/2026,PUERTO MEXICO,Entrada,A,3,NAVIDAD,H3,05:02,,,,
09/05/2026,PUERTO MEXICO,Entrada,A,3,NAVIDAD,H4,17:02,,,,
09/05/2026,PUERTO MEXICO,Entrada,A,3,NAVIDAD,H5,17:02,,,,
09/05/2026,PUERTO MEXICO,Entrada,A,3,NAVIDAD,H6,21:02,,,,
09/05/2026,PUERTO MEXICO,Entrada,A,4,CHAPULTEPEC,H1,20:45,,,,
09/05/2026,PUERTO MEXICO,Entrada,A,4,CHAPULTEPEC,H2,05:15,,,,
09/05/2026,PUERTO MEXICO,Entrada,A,4,CHAPULTEPEC,H3,05:15,,,,
09/05/2026,PUERTO MEXICO,Entrada,A,4,CHAPULTEPEC,H4,17:15,,,,
09/05/2026,PUERTO MEXICO,Entrada,A,4,CHAPULTEPEC,H5,17:15,,,,
09/05/2026,PUERTO MEXICO,Entrada,A,4,CHAPULTEPEC,H6,21:15,,,,
09/05/2026,PUERTO MEXICO,Entrada,A,5,JAHUEY,H1,21:00,,,,
09/05/2026,PUERTO MEXICO,Entrada,A,5,JAHUEY,H2,05:30,,,,
09/05/2026,PUERTO MEXICO,Entrada,A,5,JAHUEY,H3,05:30,,,,
09/05/2026,PUERTO MEXICO,Entrada,A,5,JAHUEY,H4,17:30,,,,
09/05/2026,PUERTO MEXICO,Entrada,A,5,JAHUEY,H5,17:30,,,,
09/05/2026,PUERTO MEXICO,Entrada,A,5,JAHUEY,H6,21:30,,,,
09/05/2026,PUERTO MEXICO,Entrada,A,6,METALSA,H1,21:20,,,,
09/05/2026,PUERTO MEXICO,Entrada,A,6,METALSA,H2,05:50,,,,
09/05/2026,PUERTO MEXICO,Entrada,A,6,METALSA,H3,05:50,,,,
09/05/2026,PUERTO MEXICO,Entrada,A,6,METALSA,H4,17:50,,,,
09/05/2026,PUERTO MEXICO,Entrada,A,6,METALSA,H5,17:50,,,,
09/05/2026,PUERTO MEXICO,Entrada,A,6,METALSA,H6,21:50,,,,
09/05/2026,PUERTO MEXICO,Salida,A,1,METALSA,H1,15:30,,,,
09/05/2026,PUERTO MEXICO,Salida,A,1,METALSA,H2,06:15,,,,
09/05/2026,PUERTO MEXICO,Salida,A,1,METALSA,H3,06:15,,,,
09/05/2026,PUERTO MEXICO,Salida,A,1,METALSA,H4,18:15,,,,
09/05/2026,PUERTO MEXICO,Salida,A,1,METALSA,H5,18:15,,,,
09/05/2026,PUERTO MEXICO,Salida,A,2,JAHUEY,H1,15:50,,,,
09/05/2026,PUERTO MEXICO,Salida,A,2,JAHUEY,H2,06:35,,,,
09/05/2026,PUERTO MEXICO,Salida,A,2,JAHUEY,H3,06:35,,,,
09/05/2026,PUERTO MEXICO,Salida,A,2,JAHUEY,H4,18:35,,,,
09/05/2026,PUERTO MEXICO,Salida,A,2,JAHUEY,H5,18:35,,,,
09/05/2026,PUERTO MEXICO,Salida,A,3,CHAPULTEPEC,H1,16:05,,,,
09/05/2026,PUERTO MEXICO,Salida,A,3,CHAPULTEPEC,H2,06:50,,,,
09/05/2026,PUERTO MEXICO,Salida,A,3,CHAPULTEPEC,H3,06:50,,,,
09/05/2026,PUERTO MEXICO,Salida,A,3,CHAPULTEPEC,H4,18:50,,,,
09/05/2026,PUERTO MEXICO,Salida,A,3,CHAPULTEPEC,H5,18:50,,,,
09/05/2026,PUERTO MEXICO,Salida,A,4,NAVIDAD,H1,16:18,,,,
09/05/2026,PUERTO MEXICO,Salida,A,4,NAVIDAD,H2,07:03,,,,
09/05/2026,PUERTO MEXICO,Salida,A,4,NAVIDAD,H3,07:03,,,,
09/05/2026,PUERTO MEXICO,Salida,A,4,NAVIDAD,H4,19:03,,,,
09/05/2026,PUERTO MEXICO,Salida,A,4,NAVIDAD,H5,19:03,,,,
09/05/2026,PUERTO MEXICO,Salida,A,5,CUIJE,H1,16:28,,,,
09/05/2026,PUERTO MEXICO,Salida,A,5,CUIJE,H2,07:13,,,,
09/05/2026,PUERTO MEXICO,Salida,A,5,CUIJE,H3,07:13,,,,
09/05/2026,PUERTO MEXICO,Salida,A,5,CUIJE,H4,19:13,,,,
09/05/2026,PUERTO MEXICO,Salida,A,5,CUIJE,H5,19:13,,,,
09/05/2026,PUERTO MEXICO,Salida,A,6,PUERTO MEXICO,H1,16:40,,,,
09/05/2026,PUERTO MEXICO,Salida,A,6,PUERTO MEXICO,H2,07:25,,,,
09/05/2026,PUERTO MEXICO,Salida,A,6,PUERTO MEXICO,H3,07:25,,,,
09/05/2026,PUERTO MEXICO,Salida,A,6,PUERTO MEXICO,H4,19:25,,,,
09/05/2026,PUERTO MEXICO,Salida,A,6,PUERTO MEXICO,H5,19:25,,,,
09/05/2026,ROMA,Entrada,N,1,FCO. LAZACORTA Y JOSE MARIANO MICHELENA,H1,04:45,04:46,-1,1,0
09/05/2026,ROMA,Entrada,N,1,FCO. LAZACORTA Y JOSE MARIANO MICHELENA,H2,16:45,16:47,-2,1,0
09/05/2026,ROMA,Entrada,N,1,FCO. LAZACORTA Y JOSE MARIANO MICHELENA,H3,20:15,,,,
09/05/2026,ROMA,Entrada,N,1,FCO. LAZACORTA Y JOSE MARIANO MICHELENA,H4,20:45,,,,
09/05/2026,ROMA,Entrada,N,2,SIERRA DE LOS PINOS Y PRINCIPAL,H1,04:48,04:48,0,1,0
09/05/2026,ROMA,Entrada,N,2,SIERRA DE LOS PINOS Y PRINCIPAL,H2,16:48,16:48,0,1,0
09/05/2026,ROMA,Entrada,N,2,SIERRA DE LOS PINOS Y PRINCIPAL,H3,20:18,,,,
09/05/2026,ROMA,Entrada,N,2,SIERRA DE LOS PINOS Y PRINCIPAL,H4,20:48,,,,
09/05/2026,ROMA,Entrada,N,3,OSA MAYOR Y BUSTAMANTE,H1,04:53,04:54,-1,1,0
09/05/2026,ROMA,Entrada,N,3,OSA MAYOR Y BUSTAMANTE,H2,16:53,16:55,-2,1,0
09/05/2026,ROMA,Entrada,N,3,OSA MAYOR Y BUSTAMANTE,H3,20:23,,,,
09/05/2026,ROMA,Entrada,N,3,OSA MAYOR Y BUSTAMANTE,H4,20:53,,,,
09/05/2026,ROMA,Entrada,N,4,EUGENIO REYES Y PEDRO AMPUDIA,H1,05:01,05:06,-5,1,0
09/05/2026,ROMA,Entrada,N,4,EUGENIO REYES Y PEDRO AMPUDIA,H2,17:01,17:06,-5,1,0
09/05/2026,ROMA,Entrada,N,4,EUGENIO REYES Y PEDRO AMPUDIA,H3,20:31,,,,
09/05/2026,ROMA,Entrada,N,4,EUGENIO REYES Y PEDRO AMPUDIA,H4,21:01,,,,
09/05/2026,ROMA,Entrada,N,5,FELIPE BERRIOZABAL Y MARAVILLAS,H1,05:06,05:08,-2,1,0
09/05/2026,ROMA,Entrada,N,5,FELIPE BERRIOZABAL Y MARAVILLAS,H2,17:06,17:09,-3,1,0
09/05/2026,ROMA,Entrada,N,5,FELIPE BERRIOZABAL Y MARAVILLAS,H3,20:36,,,,
09/05/2026,ROMA,Entrada,N,5,FELIPE BERRIOZABAL Y MARAVILLAS,H4,21:06,,,,
09/05/2026,ROMA,Entrada,N,6,FCO I MADERO Y CALZ ANTONIO NARRO,H1,05:15,05:20,-5,1,0
09/05/2026,ROMA,Entrada,N,6,FCO I MADERO Y CALZ ANTONIO NARRO,H2,17:15,17:19,-4,1,0
09/05/2026,ROMA,Entrada,N,6,FCO I MADERO Y CALZ ANTONIO NARRO,H3,20:45,,,,
09/05/2026,ROMA,Entrada,N,6,FCO I MADERO Y CALZ ANTONIO NARRO,H4,21:15,,,,
09/05/2026,ROMA,Entrada,N,7,CARR. SALTILLO-ZACATECAS,H1,05:20,05:31,-11,1,0
09/05/2026,ROMA,Entrada,N,7,CARR. SALTILLO-ZACATECAS,H2,17:20,17:25,-5,1,0
09/05/2026,ROMA,Entrada,N,7,CARR. SALTILLO-ZACATECAS,H3,20:50,,,,
09/05/2026,ROMA,Entrada,N,7,CARR. SALTILLO-ZACATECAS,H4,21:20,,,,
09/05/2026,ROMA,Entrada,N,8,METALSA,H1,05:50,05:50,0,1,0
09/05/2026,ROMA,Entrada,N,8,METALSA,H2,17:50,17:39,11,1,0
09/05/2026,ROMA,Entrada,N,8,METALSA,H3,21:20,,,,
09/05/2026,ROMA,Entrada,N,8,METALSA,H4,21:50,,,,
09/05/2026,ROMA,Salida,N,1,METALSA,H1,06:15,06:17,-2,1,0
09/05/2026,ROMA,Salida,N,1,METALSA,H2,15:30,,,,
09/05/2026,ROMA,Salida,N,1,METALSA,H3,18:15,18:17,-2,1,0
09/05/2026,ROMA,Salida,N,2,CARR. SALTILLO-ZACATECAS,H1,06:45,06:33,12,1,0
09/05/2026,ROMA,Salida,N,2,CARR. SALTILLO-ZACATECAS,H2,16:00,,,,
09/05/2026,ROMA,Salida,N,2,CARR. SALTILLO-ZACATECAS,H3,18:45,18:41,4,1,0
09/05/2026,ROMA,Salida,N,3,FCO I MADERO Y CALZ ANTONIO NARRO,H1,06:50,06:39,11,1,0
09/05/2026,ROMA,Salida,N,3,FCO I MADERO Y CALZ ANTONIO NARRO,H2,16:05,,,,
09/05/2026,ROMA,Salida,N,3,FCO I MADERO Y CALZ ANTONIO NARRO,H3,18:50,18:49,1,1,0
09/05/2026,ROMA,Salida,N,4,FELIPE BERRIOZABAL Y MARAVILLAS,H1,06:59,06:51,8,1,0
09/05/2026,ROMA,Salida,N,4,FELIPE BERRIOZABAL Y MARAVILLAS,H2,16:14,,,,
09/05/2026,ROMA,Salida,N,4,FELIPE BERRIOZABAL Y MARAVILLAS,H3,18:59,18:59,0,1,0
09/05/2026,ROMA,Salida,N,5,EUGENIO REYES Y PEDRO AMPUDIA,H1,07:04,06:54,10,1,0
09/05/2026,ROMA,Salida,N,5,EUGENIO REYES Y PEDRO AMPUDIA,H2,16:19,,,,
09/05/2026,ROMA,Salida,N,5,EUGENIO REYES Y PEDRO AMPUDIA,H3,19:04,19:01,3,1,0
09/05/2026,ROMA,Salida,N,6,OSA MAYOR Y BUSTAMANTE,H1,07:12,07:03,9,1,0
09/05/2026,ROMA,Salida,N,6,OSA MAYOR Y BUSTAMANTE,H2,16:27,,,,
09/05/2026,ROMA,Salida,N,6,OSA MAYOR Y BUSTAMANTE,H3,19:12,19:10,2,1,0
09/05/2026,ROMA,Salida,N,7,SIERRA DE LOS PINOS Y PRINCIPAL,H1,07:17,,,,
09/05/2026,ROMA,Salida,N,7,SIERRA DE LOS PINOS Y PRINCIPAL,H2,16:32,,,,
09/05/2026,ROMA,Salida,N,7,SIERRA DE LOS PINOS Y PRINCIPAL,H3,19:17,,,,
09/05/2026,ROMA,Salida,N,8,FCO. LAZACORTA Y JOSE MARIANO MICHELENA,H1,07:20,07:07,13,1,0
09/05/2026,ROMA,Salida,N,8,FCO. LAZACORTA Y JOSE MARIANO MICHELENA,H2,16:35,,,,
09/05/2026,ROMA,Salida,N,8,FCO. LAZACORTA Y JOSE MARIANO MICHELENA,H3,19:20,19:18,2,1,0
09/05/2026,SALTILLO 2000,Entrada,N,1,PALACIO DE JUSTICIA,H1,04:30,04:32,-2,1,0
09/05/2026,SALTILLO 2000,Entrada,N,1,PALACIO DE JUSTICIA,H2,16:30,16:32,-2,1,0
09/05/2026,SALTILLO 2000,Entrada,N,1,PALACIO DE JUSTICIA,H3,20:00,,,,
09/05/2026,SALTILLO 2000,Entrada,N,1,PALACIO DE JUSTICIA,H4,20:30,,,,
09/05/2026,SALTILLO 2000,Entrada,N,2,ROTONDA SALTILLO 2000,H1,04:35,04:35,0,1,0
09/05/2026,SALTILLO 2000,Entrada,N,2,ROTONDA SALTILLO 2000,H2,16:35,16:35,0,1,0
09/05/2026,SALTILLO 2000,Entrada,N,2,ROTONDA SALTILLO 2000,H3,20:05,,,,
09/05/2026,SALTILLO 2000,Entrada,N,2,ROTONDA SALTILLO 2000,H4,20:35,,,,
09/05/2026,SALTILLO 2000,Entrada,N,3,CUQUITA DE CEPEDA DAVILA  (OXXO),H1,04:45,04:42,3,1,0
09/05/2026,SALTILLO 2000,Entrada,N,3,CUQUITA DE CEPEDA DAVILA  (OXXO),H2,16:45,16:46,-1,1,0
09/05/2026,SALTILLO 2000,Entrada,N,3,CUQUITA DE CEPEDA DAVILA  (OXXO),H3,20:15,,,,
09/05/2026,SALTILLO 2000,Entrada,N,3,CUQUITA DE CEPEDA DAVILA  (OXXO),H4,20:45,,,,
09/05/2026,SALTILLO 2000,Entrada,N,4,FCO I MADERO Y  PEDRO AMPUDIA,H1,04:50,04:51,-1,1,0
09/05/2026,SALTILLO 2000,Entrada,N,4,FCO I MADERO Y  PEDRO AMPUDIA,H2,16:50,16:57,-7,1,0
09/05/2026,SALTILLO 2000,Entrada,N,4,FCO I MADERO Y  PEDRO AMPUDIA,H3,20:20,,,,
09/05/2026,SALTILLO 2000,Entrada,N,4,FCO I MADERO Y  PEDRO AMPUDIA,H4,20:50,,,,
09/05/2026,SALTILLO 2000,Entrada,N,5,PERIF. L.E.A. Y CALZ. ANTONIO NARRO,H1,05:08,05:03,5,1,0
09/05/2026,SALTILLO 2000,Entrada,N,5,PERIF. L.E.A. Y CALZ. ANTONIO NARRO,H2,17:08,17:13,-5,1,0
09/05/2026,SALTILLO 2000,Entrada,N,5,PERIF. L.E.A. Y CALZ. ANTONIO NARRO,H3,20:38,,,,
09/05/2026,SALTILLO 2000,Entrada,N,5,PERIF. L.E.A. Y CALZ. ANTONIO NARRO,H4,21:08,,,,
09/05/2026,SALTILLO 2000,Entrada,N,6,BLVD. HACIENDA NARRO,H1,05:20,05:17,3,1,0
09/05/2026,SALTILLO 2000,Entrada,N,6,BLVD. HACIENDA NARRO,H2,17:20,17:26,-6,1,0
09/05/2026,SALTILLO 2000,Entrada,N,6,BLVD. HACIENDA NARRO,H3,20:50,,,,
09/05/2026,SALTILLO 2000,Entrada,N,6,BLVD. HACIENDA NARRO,H4,21:20,,,,
09/05/2026,SALTILLO 2000,Entrada,N,7,METALSA,H1,05:50,05:47,3,1,0
09/05/2026,SALTILLO 2000,Entrada,N,7,METALSA,H2,17:50,17:45,5,1,0
09/05/2026,SALTILLO 2000,Entrada,N,7,METALSA,H3,21:20,,,,
09/05/2026,SALTILLO 2000,Entrada,N,7,METALSA,H4,21:50,,,,
09/05/2026,SALTILLO 2000,Salida,N,1,METALSA,H1,06:15,06:15,0,1,0
09/05/2026,SALTILLO 2000,Salida,N,1,METALSA,H2,15:30,,,,
09/05/2026,SALTILLO 2000,Salida,N,1,METALSA,H3,18:15,18:16,-1,1,0
09/05/2026,SALTILLO 2000,Salida,N,2,BLVD. HACIENDA NARRO,H1,06:45,06:36,9,1,0
09/05/2026,SALTILLO 2000,Salida,N,2,BLVD. HACIENDA NARRO,H2,16:00,,,,
09/05/2026,SALTILLO 2000,Salida,N,2,BLVD. HACIENDA NARRO,H3,18:45,18:48,-3,1,0
09/05/2026,SALTILLO 2000,Salida,N,3,PERIF. L.E.A. Y CALZ. ANTONIO NARRO,H1,06:57,06:51,6,1,0
09/05/2026,SALTILLO 2000,Salida,N,3,PERIF. L.E.A. Y CALZ. ANTONIO NARRO,H2,16:12,,,,
09/05/2026,SALTILLO 2000,Salida,N,3,PERIF. L.E.A. Y CALZ. ANTONIO NARRO,H3,18:57,19:00,-3,1,0
09/05/2026,SALTILLO 2000,Salida,N,4,FCO I MADERO Y  PEDRO AMPUDIA,H1,07:15,07:03,12,1,0
09/05/2026,SALTILLO 2000,Salida,N,4,FCO I MADERO Y  PEDRO AMPUDIA,H2,16:30,,,,
09/05/2026,SALTILLO 2000,Salida,N,4,FCO I MADERO Y  PEDRO AMPUDIA,H3,19:15,19:18,-3,1,0
09/05/2026,SALTILLO 2000,Salida,N,5,CUQUITA DE CEPEDA DAVILA  (OXXO),H1,07:20,07:12,8,1,0
09/05/2026,SALTILLO 2000,Salida,N,5,CUQUITA DE CEPEDA DAVILA  (OXXO),H2,16:35,,,,
09/05/2026,SALTILLO 2000,Salida,N,5,CUQUITA DE CEPEDA DAVILA  (OXXO),H3,19:20,19:28,-8,1,0
09/05/2026,SALTILLO 2000,Salida,N,6,ROTONDA SALTILLO 2000,H1,07:30,,,,
09/05/2026,SALTILLO 2000,Salida,N,6,ROTONDA SALTILLO 2000,H2,16:45,,,,
09/05/2026,SALTILLO 2000,Salida,N,6,ROTONDA SALTILLO 2000,H3,19:30,,,,
09/05/2026,SALTILLO 2000,Salida,N,7,PALACIO DE JUSTICIA,H1,07:35,,,,
09/05/2026,SALTILLO 2000,Salida,N,7,PALACIO DE JUSTICIA,H2,16:50,,,,
09/05/2026,SALTILLO 2000,Salida,N,7,PALACIO DE JUSTICIA,H3,19:35,,,,
09/05/2026,SAN FRANCISCO,Entrada,A,1,LA CUCHILLA,H1,19:35,,,,
09/05/2026,SAN FRANCISCO,Entrada,A,1,LA CUCHILLA,H2,04:05,,,,
09/05/2026,SAN FRANCISCO,Entrada,A,1,LA CUCHILLA,H3,16:05,,,,
09/05/2026,SAN FRANCISCO,Entrada,A,1,LA CUCHILLA,H4,20:05,,,,
09/05/2026,SAN FRANCISCO,Entrada,A,2,SAN JUAN RETIRO,H1,19:44,,,,
09/05/2026,SAN FRANCISCO,Entrada,A,2,SAN JUAN RETIRO,H2,04:14,,,,
09/05/2026,SAN FRANCISCO,Entrada,A,2,SAN JUAN RETIRO,H3,16:14,,,,
09/05/2026,SAN FRANCISCO,Entrada,A,2,SAN JUAN RETIRO,H4,20:14,,,,
09/05/2026,SAN FRANCISCO,Entrada,A,3,NUEVO GOMEZ,H1,19:54,,,,
09/05/2026,SAN FRANCISCO,Entrada,A,3,NUEVO GOMEZ,H2,04:24,,,,
09/05/2026,SAN FRANCISCO,Entrada,A,3,NUEVO GOMEZ,H3,16:24,,,,
09/05/2026,SAN FRANCISCO,Entrada,A,3,NUEVO GOMEZ,H4,20:24,,,,
09/05/2026,SAN FRANCISCO,Entrada,A,4,SAN FRANCISCO,H1,20:06,,,,
09/05/2026,SAN FRANCISCO,Entrada,A,4,SAN FRANCISCO,H2,04:36,,,,
09/05/2026,SAN FRANCISCO,Entrada,A,4,SAN FRANCISCO,H3,16:36,,,,
09/05/2026,SAN FRANCISCO,Entrada,A,4,SAN FRANCISCO,H4,20:36,,,,
09/05/2026,SAN FRANCISCO,Entrada,A,5,MANGAS,H1,20:16,,,,
09/05/2026,SAN FRANCISCO,Entrada,A,5,MANGAS,H2,04:46,,,,
09/05/2026,SAN FRANCISCO,Entrada,A,5,MANGAS,H3,16:46,,,,
09/05/2026,SAN FRANCISCO,Entrada,A,5,MANGAS,H4,20:46,,,,
09/05/2026,SAN FRANCISCO,Entrada,A,6,COLONIAS,H1,20:52,,,,
09/05/2026,SAN FRANCISCO,Entrada,A,6,COLONIAS,H2,05:22,,,,
09/05/2026,SAN FRANCISCO,Entrada,A,6,COLONIAS,H3,17:22,,,,
09/05/2026,SAN FRANCISCO,Entrada,A,6,COLONIAS,H4,21:22,,,,
09/05/2026,SAN FRANCISCO,Entrada,A,7,AGUA NUEVA,H1,21:00,,,,
09/05/2026,SAN FRANCISCO,Entrada,A,7,AGUA NUEVA,H2,05:30,,,,
09/05/2026,SAN FRANCISCO,Entrada,A,7,AGUA NUEVA,H3,17:30,,,,
09/05/2026,SAN FRANCISCO,Entrada,A,7,AGUA NUEVA,H4,21:25,,,,
09/05/2026,SAN FRANCISCO,Entrada,A,8,METALSA,H1,21:20,,,,
09/05/2026,SAN FRANCISCO,Entrada,A,8,METALSA,H2,05:50,,,,
09/05/2026,SAN FRANCISCO,Entrada,A,8,METALSA,H3,17:50,,,,
09/05/2026,SAN FRANCISCO,Entrada,A,8,METALSA,H4,21:50,,,,
09/05/2026,SAN FRANCISCO,Salida,N,1,METALSA,H1,15:30,,,,
09/05/2026,SAN FRANCISCO,Salida,N,1,METALSA,H2,18:15,18:18,-3,1,0
09/05/2026,SAN FRANCISCO,Salida,N,1,METALSA,H3,06:15,06:28,-13,1,0
09/05/2026,SAN FRANCISCO,Salida,N,2,AGUA NUEVA,H1,15:59,,,,
09/05/2026,SAN FRANCISCO,Salida,N,2,AGUA NUEVA,H2,18:44,18:27,17,1,0
09/05/2026,SAN FRANCISCO,Salida,N,2,AGUA NUEVA,H3,06:44,06:38,6,1,0
09/05/2026,SAN FRANCISCO,Salida,N,3,COLONIAS,H1,16:10,,,,
09/05/2026,SAN FRANCISCO,Salida,N,3,COLONIAS,H2,18:55,18:42,13,1,0
09/05/2026,SAN FRANCISCO,Salida,N,3,COLONIAS,H3,06:55,06:52,3,1,0
09/05/2026,SAN FRANCISCO,Salida,N,4,MANGAS,H1,16:34,,,,
09/05/2026,SAN FRANCISCO,Salida,N,4,MANGAS,H2,19:19,19:07,12,1,0
09/05/2026,SAN FRANCISCO,Salida,N,4,MANGAS,H3,07:19,,,,
09/05/2026,SAN FRANCISCO,Salida,N,5,SAN FRANCISCO,H1,16:46,,,,
09/05/2026,SAN FRANCISCO,Salida,N,5,SAN FRANCISCO,H2,19:31,19:18,13,1,0
09/05/2026,SAN FRANCISCO,Salida,N,5,SAN FRANCISCO,H3,07:31,07:14,17,1,0
09/05/2026,SAN FRANCISCO,Salida,N,6,NUEVO GOMEZ,H1,16:56,,,,
09/05/2026,SAN FRANCISCO,Salida,N,6,NUEVO GOMEZ,H2,19:41,,,,
09/05/2026,SAN FRANCISCO,Salida,N,6,NUEVO GOMEZ,H3,07:41,,,,
09/05/2026,SAN FRANCISCO,Salida,N,7,SAN JUAN RETIRO,H1,17:06,,,,
09/05/2026,SAN FRANCISCO,Salida,N,7,SAN JUAN RETIRO,H2,19:51,,,,
09/05/2026,SAN FRANCISCO,Salida,N,7,SAN JUAN RETIRO,H3,07:51,07:32,19,1,0
09/05/2026,SAN FRANCISCO,Salida,N,8,LA CUCHILLA,H1,17:15,,,,
09/05/2026,SAN FRANCISCO,Salida,N,8,LA CUCHILLA,H2,20:00,19:34,26,1,0
09/05/2026,SAN FRANCISCO,Salida,N,8,LA CUCHILLA,H3,08:00,,,,
09/05/2026,SAN MIGUEL,Entrada,A,1,SAN MIGUEL,H1,19:50,,,,
09/05/2026,SAN MIGUEL,Entrada,A,1,SAN MIGUEL,H2,04:20,,,,
09/05/2026,SAN MIGUEL,Entrada,A,1,SAN MIGUEL,H3,16:20,,,,
09/05/2026,SAN MIGUEL,Entrada,A,1,SAN MIGUEL,H4,20:20,,,,
09/05/2026,SAN MIGUEL,Entrada,A,2,ZACATERA,H1,19:53,,,,
09/05/2026,SAN MIGUEL,Entrada,A,2,ZACATERA,H2,04:23,,,,
09/05/2026,SAN MIGUEL,Entrada,A,2,ZACATERA,H3,16:23,,,,
09/05/2026,SAN MIGUEL,Entrada,A,2,ZACATERA,H4,20:23,,,,
09/05/2026,SAN MIGUEL,Entrada,A,3,GOMEZ FARIAS,H1,20:00,,,,
09/05/2026,SAN MIGUEL,Entrada,A,3,GOMEZ FARIAS,H2,04:30,,,,
09/05/2026,SAN MIGUEL,Entrada,A,3,GOMEZ FARIAS,H3,16:30,,,,
09/05/2026,SAN MIGUEL,Entrada,A,3,GOMEZ FARIAS,H4,20:30,,,,
09/05/2026,SAN MIGUEL,Entrada,A,4,GUADALUPE VICTORIA,H1,20:25,,,,
09/05/2026,SAN MIGUEL,Entrada,A,4,GUADALUPE VICTORIA,H2,04:55,,,,
09/05/2026,SAN MIGUEL,Entrada,A,4,GUADALUPE VICTORIA,H3,16:55,,,,
09/05/2026,SAN MIGUEL,Entrada,A,4,GUADALUPE VICTORIA,H4,20:55,,,,
09/05/2026,SAN MIGUEL,Entrada,A,5,COLONIAS,H1,20:35,,,,
09/05/2026,SAN MIGUEL,Entrada,A,5,COLONIAS,H2,05:05,,,,
09/05/2026,SAN MIGUEL,Entrada,A,5,COLONIAS,H3,17:05,,,,
09/05/2026,SAN MIGUEL,Entrada,A,5,COLONIAS,H4,21:05,,,,
09/05/2026,SAN MIGUEL,Entrada,A,6,AGUA NUEVA,H1,20:50,,,,
09/05/2026,SAN MIGUEL,Entrada,A,6,AGUA NUEVA,H2,05:20,,,,
09/05/2026,SAN MIGUEL,Entrada,A,6,AGUA NUEVA,H3,17:20,,,,
09/05/2026,SAN MIGUEL,Entrada,A,6,AGUA NUEVA,H4,21:20,,,,
09/05/2026,SAN MIGUEL,Entrada,A,7,METALSA,H1,21:20,,,,
09/05/2026,SAN MIGUEL,Entrada,A,7,METALSA,H2,05:50,,,,
09/05/2026,SAN MIGUEL,Entrada,A,7,METALSA,H3,17:50,,,,
09/05/2026,SAN MIGUEL,Entrada,A,7,METALSA,H4,21:50,,,,
09/05/2026,SAN MIGUEL,Salida,N,1,METALSA,H1,15:30,,,,
09/05/2026,SAN MIGUEL,Salida,N,1,METALSA,H2,06:15,,,,
09/05/2026,SAN MIGUEL,Salida,N,1,METALSA,H3,18:15,,,,
09/05/2026,SAN MIGUEL,Salida,N,2,AGUA NUEVA,H1,16:10,,,,
09/05/2026,SAN MIGUEL,Salida,N,2,AGUA NUEVA,H2,06:55,,,,
09/05/2026,SAN MIGUEL,Salida,N,2,AGUA NUEVA,H3,18:55,,,,
09/05/2026,SAN MIGUEL,Salida,N,3,COLONIAS,H1,16:20,,,,
09/05/2026,SAN MIGUEL,Salida,N,3,COLONIAS,H2,07:05,,,,
09/05/2026,SAN MIGUEL,Salida,N,3,COLONIAS,H3,19:05,,,,
09/05/2026,SAN MIGUEL,Salida,N,4,GUADALUPE VICTORIA,H1,16:30,,,,
09/05/2026,SAN MIGUEL,Salida,N,4,GUADALUPE VICTORIA,H2,07:15,,,,
09/05/2026,SAN MIGUEL,Salida,N,4,GUADALUPE VICTORIA,H3,19:15,,,,
09/05/2026,SAN MIGUEL,Salida,N,5,GOMEZ FARIAS,H1,17:05,,,,
09/05/2026,SAN MIGUEL,Salida,N,5,GOMEZ FARIAS,H2,07:50,,,,
09/05/2026,SAN MIGUEL,Salida,N,5,GOMEZ FARIAS,H3,19:50,,,,
09/05/2026,SAN MIGUEL,Salida,N,6,SAN MIGUEL,H1,17:30,,,,
09/05/2026,SAN MIGUEL,Salida,N,6,SAN MIGUEL,H2,08:15,,,,
09/05/2026,SAN MIGUEL,Salida,N,6,SAN MIGUEL,H3,20:15,,,,
09/05/2026,SAN MIGUEL,Salida,N,7,ZACATERA,H1,18:05,,,,
09/05/2026,SAN MIGUEL,Salida,N,7,ZACATERA,H2,08:45,,,,
09/05/2026,SAN MIGUEL,Salida,N,7,ZACATERA,H3,20:45,,,,
09/05/2026,SANTA MARIA - SAN RAFAEL,Entrada,N,1,SAN JOSE ALAMITO,H1,19:00,,,,
09/05/2026,SANTA MARIA - SAN RAFAEL,Entrada,N,1,SAN JOSE ALAMITO,H2,03:30,03:59,-29,1,0
09/05/2026,SANTA MARIA - SAN RAFAEL,Entrada,N,1,SAN JOSE ALAMITO,H3,15:30,16:00,-30,1,0
09/05/2026,SANTA MARIA - SAN RAFAEL,Entrada,N,1,SAN JOSE ALAMITO,H4,19:30,,,,
09/05/2026,SANTA MARIA - SAN RAFAEL,Entrada,N,2,LA HEDIONDA,H1,19:25,,,,
09/05/2026,SANTA MARIA - SAN RAFAEL,Entrada,N,2,LA HEDIONDA,H2,03:55,04:01,-6,1,0
09/05/2026,SANTA MARIA - SAN RAFAEL,Entrada,N,2,LA HEDIONDA,H3,15:55,16:03,-8,1,0
09/05/2026,SANTA MARIA - SAN RAFAEL,Entrada,N,2,LA HEDIONDA,H4,19:55,,,,
09/05/2026,SANTA MARIA - SAN RAFAEL,Entrada,N,3,LA CONCHA,H1,19:40,,,,
09/05/2026,SANTA MARIA - SAN RAFAEL,Entrada,N,3,LA CONCHA,H2,04:10,04:14,-4,1,0
09/05/2026,SANTA MARIA - SAN RAFAEL,Entrada,N,3,LA CONCHA,H3,16:10,,,,
09/05/2026,SANTA MARIA - SAN RAFAEL,Entrada,N,3,LA CONCHA,H4,20:10,,,,
09/05/2026,SANTA MARIA - SAN RAFAEL,Entrada,N,4,STA MARIA DE RAMOS,H1,19:50,,,,
09/05/2026,SANTA MARIA - SAN RAFAEL,Entrada,N,4,STA MARIA DE RAMOS,H2,04:20,04:20,0,1,0
09/05/2026,SANTA MARIA - SAN RAFAEL,Entrada,N,4,STA MARIA DE RAMOS,H3,16:20,16:18,2,1,0
09/05/2026,SANTA MARIA - SAN RAFAEL,Entrada,N,4,STA MARIA DE RAMOS,H4,20:20,,,,
09/05/2026,SANTA MARIA - SAN RAFAEL,Entrada,N,5,SAN RAFAEL,H1,20:05,,,,
09/05/2026,SANTA MARIA - SAN RAFAEL,Entrada,N,5,SAN RAFAEL,H2,04:35,04:31,4,1,0
09/05/2026,SANTA MARIA - SAN RAFAEL,Entrada,N,5,SAN RAFAEL,H3,16:35,16:27,8,1,0
09/05/2026,SANTA MARIA - SAN RAFAEL,Entrada,N,5,SAN RAFAEL,H4,20:35,,,,
09/05/2026,SANTA MARIA - SAN RAFAEL,Entrada,N,6,NAVIDAD,H1,20:10,,,,
09/05/2026,SANTA MARIA - SAN RAFAEL,Entrada,N,6,NAVIDAD,H2,04:40,,,,
09/05/2026,SANTA MARIA - SAN RAFAEL,Entrada,N,6,NAVIDAD,H3,16:40,16:42,-2,1,0
09/05/2026,SANTA MARIA - SAN RAFAEL,Entrada,N,6,NAVIDAD,H4,20:40,,,,
09/05/2026,SANTA MARIA - SAN RAFAEL,Entrada,N,7,ENTRONQUE HUACHICHIL,H1,20:40,,,,
09/05/2026,SANTA MARIA - SAN RAFAEL,Entrada,N,7,ENTRONQUE HUACHICHIL,H2,05:10,05:08,2,1,0
09/05/2026,SANTA MARIA - SAN RAFAEL,Entrada,N,7,ENTRONQUE HUACHICHIL,H3,17:10,17:05,5,1,0
09/05/2026,SANTA MARIA - SAN RAFAEL,Entrada,N,7,ENTRONQUE HUACHICHIL,H4,21:10,,,,
09/05/2026,SANTA MARIA - SAN RAFAEL,Entrada,N,8,METALSA,H1,21:20,,,,
09/05/2026,SANTA MARIA - SAN RAFAEL,Entrada,N,8,METALSA,H2,05:50,05:39,11,1,0
09/05/2026,SANTA MARIA - SAN RAFAEL,Entrada,N,8,METALSA,H3,17:50,17:36,14,1,0
09/05/2026,SANTA MARIA - SAN RAFAEL,Entrada,N,8,METALSA,H4,21:50,,,,
09/05/2026,SANTA MARIA - SAN RAFAEL,Salida,N,1,METALSA,H1,15:30,,,,
09/05/2026,SANTA MARIA - SAN RAFAEL,Salida,N,1,METALSA,H2,06:15,06:15,0,1,0
09/05/2026,SANTA MARIA - SAN RAFAEL,Salida,N,1,METALSA,H3,18:15,18:13,2,1,0
09/05/2026,SANTA MARIA - SAN RAFAEL,Salida,N,2,ENTRONQUE HUACHICHIL,H1,15:31,,,,
09/05/2026,SANTA MARIA - SAN RAFAEL,Salida,N,2,ENTRONQUE HUACHICHIL,H2,06:16,,,,
09/05/2026,SANTA MARIA - SAN RAFAEL,Salida,N,2,ENTRONQUE HUACHICHIL,H3,18:16,,,,
09/05/2026,SANTA MARIA - SAN RAFAEL,Salida,N,3,NAVIDAD,H1,15:32,,,,
09/05/2026,SANTA MARIA - SAN RAFAEL,Salida,N,3,NAVIDAD,H2,06:17,07:19,-62,1,0
09/05/2026,SANTA MARIA - SAN RAFAEL,Salida,N,3,NAVIDAD,H3,18:17,19:07,-50,1,0
09/05/2026,SANTA MARIA - SAN RAFAEL,Salida,N,4,SAN RAFAEL,H1,15:33,,,,
09/05/2026,SANTA MARIA - SAN RAFAEL,Salida,N,4,SAN RAFAEL,H2,06:18,,,,
09/05/2026,SANTA MARIA - SAN RAFAEL,Salida,N,4,SAN RAFAEL,H3,18:18,,,,
09/05/2026,SANTA MARIA - SAN RAFAEL,Salida,N,5,STA MARIA DE RAMOS,H1,16:50,,,,
09/05/2026,SANTA MARIA - SAN RAFAEL,Salida,N,5,STA MARIA DE RAMOS,H2,07:35,07:38,-3,1,0
09/05/2026,SANTA MARIA - SAN RAFAEL,Salida,N,5,STA MARIA DE RAMOS,H3,19:35,19:24,11,1,0
09/05/2026,SANTA MARIA - SAN RAFAEL,Salida,N,6,LA CONCHA,H1,16:55,,,,
09/05/2026,SANTA MARIA - SAN RAFAEL,Salida,N,6,LA CONCHA,H2,07:45,,,,
09/05/2026,SANTA MARIA - SAN RAFAEL,Salida,N,6,LA CONCHA,H3,19:40,19:29,11,1,0
09/05/2026,SANTA MARIA - SAN RAFAEL,Salida,N,7,LA HEDIONDA,H1,17:30,,,,
09/05/2026,SANTA MARIA - SAN RAFAEL,Salida,N,7,LA HEDIONDA,H2,08:00,,,,
09/05/2026,SANTA MARIA - SAN RAFAEL,Salida,N,7,LA HEDIONDA,H3,20:15,19:41,34,1,0
09/05/2026,SANTA MARIA - SAN RAFAEL,Salida,N,8,SAN JOSE ALAMITO,H1,17:55,,,,
09/05/2026,SANTA MARIA - SAN RAFAEL,Salida,N,8,SAN JOSE ALAMITO,H2,08:25,,,,
09/05/2026,SANTA MARIA - SAN RAFAEL,Salida,N,8,SAN JOSE ALAMITO,H3,20:35,19:58,37,1,0
09/05/2026,SECUENCIADOS,Entrada,A,1,CARR. SALTILLO-ZACATECAS,H1,05:45,,,,
09/05/2026,SECUENCIADOS,Entrada,A,1,CARR. SALTILLO-ZACATECAS,H2,17:45,,,,
09/05/2026,SECUENCIADOS,Entrada,A,1,CARR. SALTILLO-ZACATECAS,H3,21:15,,,,
09/05/2026,SECUENCIADOS,Entrada,A,1,CARR. SALTILLO-ZACATECAS,H4,21:45,,,,
09/05/2026,SECUENCIADOS,Entrada,A,2,METALSA,H1,05:50,,,,
09/05/2026,SECUENCIADOS,Entrada,A,2,METALSA,H2,17:50,,,,
09/05/2026,SECUENCIADOS,Entrada,A,2,METALSA,H3,21:20,,,,
09/05/2026,SECUENCIADOS,Entrada,A,2,METALSA,H4,21:50,,,,
09/05/2026,SECUENCIADOS,Salida,A,1,METALSA,H1,05:50,,,,
09/05/2026,SECUENCIADOS,Salida,A,1,METALSA,H2,17:50,,,,
09/05/2026,SECUENCIADOS,Salida,A,1,METALSA,H3,21:20,,,,
09/05/2026,SECUENCIADOS,Salida,A,2,CARR. SALTILLO-ZACATECAS,H1,05:45,,,,
09/05/2026,SECUENCIADOS,Salida,A,2,CARR. SALTILLO-ZACATECAS,H2,17:45,,,,
09/05/2026,SECUENCIADOS,Salida,A,2,CARR. SALTILLO-ZACATECAS,H3,21:15,,,,
09/05/2026,TANQUE DEL CERRO - LA VENTURA,Entrada,A,1,TANQUE DEL CERRO,H1,19:15,,,,
09/05/2026,TANQUE DEL CERRO - LA VENTURA,Entrada,A,1,TANQUE DEL CERRO,H2,03:45,,,,
09/05/2026,TANQUE DEL CERRO - LA VENTURA,Entrada,A,1,TANQUE DEL CERRO,H3,15:45,,,,
09/05/2026,TANQUE DEL CERRO - LA VENTURA,Entrada,A,1,TANQUE DEL CERRO,H4,19:45,,,,
09/05/2026,TANQUE DEL CERRO - LA VENTURA,Entrada,A,2,LA VENTURA,H1,19:35,,,,
09/05/2026,TANQUE DEL CERRO - LA VENTURA,Entrada,A,2,LA VENTURA,H2,04:05,,,,
09/05/2026,TANQUE DEL CERRO - LA VENTURA,Entrada,A,2,LA VENTURA,H3,16:05,,,,
09/05/2026,TANQUE DEL CERRO - LA VENTURA,Entrada,A,2,LA VENTURA,H4,20:05,,,,
09/05/2026,TANQUE DEL CERRO - LA VENTURA,Entrada,A,3,PURISIMA,H1,19:45,,,,
09/05/2026,TANQUE DEL CERRO - LA VENTURA,Entrada,A,3,PURISIMA,H2,04:15,,,,
09/05/2026,TANQUE DEL CERRO - LA VENTURA,Entrada,A,3,PURISIMA,H3,16:15,,,,
09/05/2026,TANQUE DEL CERRO - LA VENTURA,Entrada,A,3,PURISIMA,H4,20:15,,,,
09/05/2026,TANQUE DEL CERRO - LA VENTURA,Entrada,A,4,PRESA SAN PEDRO,H1,19:55,,,,
09/05/2026,TANQUE DEL CERRO - LA VENTURA,Entrada,A,4,PRESA SAN PEDRO,H2,04:25,,,,
09/05/2026,TANQUE DEL CERRO - LA VENTURA,Entrada,A,4,PRESA SAN PEDRO,H3,16:25,,,,
09/05/2026,TANQUE DEL CERRO - LA VENTURA,Entrada,A,4,PRESA SAN PEDRO,H4,20:25,,,,
09/05/2026,TANQUE DEL CERRO - LA VENTURA,Entrada,A,5,TANQUE ESCONDIDO,H1,20:10,,,,
09/05/2026,TANQUE DEL CERRO - LA VENTURA,Entrada,A,5,TANQUE ESCONDIDO,H2,04:40,,,,
09/05/2026,TANQUE DEL CERRO - LA VENTURA,Entrada,A,5,TANQUE ESCONDIDO,H3,16:40,,,,
09/05/2026,TANQUE DEL CERRO - LA VENTURA,Entrada,A,5,TANQUE ESCONDIDO,H4,20:40,,,,
09/05/2026,TANQUE DEL CERRO - LA VENTURA,Entrada,A,6,GUADALUPE VICTORIA,H1,20:38,,,,
09/05/2026,TANQUE DEL CERRO - LA VENTURA,Entrada,A,6,GUADALUPE VICTORIA,H2,05:08,,,,
09/05/2026,TANQUE DEL CERRO - LA VENTURA,Entrada,A,6,GUADALUPE VICTORIA,H3,17:08,,,,
09/05/2026,TANQUE DEL CERRO - LA VENTURA,Entrada,A,6,GUADALUPE VICTORIA,H4,21:08,,,,
09/05/2026,TANQUE DEL CERRO - LA VENTURA,Entrada,A,7,METALSA,H1,21:20,,,,
09/05/2026,TANQUE DEL CERRO - LA VENTURA,Entrada,A,7,METALSA,H2,05:50,,,,
09/05/2026,TANQUE DEL CERRO - LA VENTURA,Entrada,A,7,METALSA,H3,17:50,,,,
09/05/2026,TANQUE DEL CERRO - LA VENTURA,Entrada,A,7,METALSA,H4,21:50,,,,
09/05/2026,TANQUE DEL CERRO - LA VENTURA,Salida,N,1,METALSA,H1,15:30,,,,
09/05/2026,TANQUE DEL CERRO - LA VENTURA,Salida,N,1,METALSA,H2,06:15,06:17,-2,1,0
09/05/2026,TANQUE DEL CERRO - LA VENTURA,Salida,N,1,METALSA,H3,18:15,18:01,14,1,0
09/05/2026,TANQUE DEL CERRO - LA VENTURA,Salida,N,2,GUADALUPE VICTORIA,H1,16:00,,,,
09/05/2026,TANQUE DEL CERRO - LA VENTURA,Salida,N,2,GUADALUPE VICTORIA,H2,06:40,,,,
09/05/2026,TANQUE DEL CERRO - LA VENTURA,Salida,N,2,GUADALUPE VICTORIA,H3,18:40,,,,
09/05/2026,TANQUE DEL CERRO - LA VENTURA,Salida,N,3,TANQUE ESCONDIDO,H1,16:01,,,,
09/05/2026,TANQUE DEL CERRO - LA VENTURA,Salida,N,3,TANQUE ESCONDIDO,H2,06:41,07:27,-46,1,0
09/05/2026,TANQUE DEL CERRO - LA VENTURA,Salida,N,3,TANQUE ESCONDIDO,H3,18:41,19:24,-43,1,0
09/05/2026,TANQUE DEL CERRO - LA VENTURA,Salida,N,4,PRESA SAN PEDRO,H1,16:02,,,,
09/05/2026,TANQUE DEL CERRO - LA VENTURA,Salida,N,4,PRESA SAN PEDRO,H2,06:42,07:34,-52,1,0
09/05/2026,TANQUE DEL CERRO - LA VENTURA,Salida,N,4,PRESA SAN PEDRO,H3,18:42,19:31,-49,1,0
09/05/2026,TANQUE DEL CERRO - LA VENTURA,Salida,N,5,PURISIMA,H1,16:03,,,,
09/05/2026,TANQUE DEL CERRO - LA VENTURA,Salida,N,5,PURISIMA,H2,06:43,07:44,-61,1,0
09/05/2026,TANQUE DEL CERRO - LA VENTURA,Salida,N,5,PURISIMA,H3,18:43,19:44,-61,1,0
09/05/2026,TANQUE DEL CERRO - LA VENTURA,Salida,N,6,LA VENTURA,H1,17:00,,,,
09/05/2026,TANQUE DEL CERRO - LA VENTURA,Salida,N,6,LA VENTURA,H2,06:44,07:57,-73,1,0
09/05/2026,TANQUE DEL CERRO - LA VENTURA,Salida,N,6,LA VENTURA,H3,19:45,19:58,-13,1,0
09/05/2026,TANQUE DEL CERRO - LA VENTURA,Salida,N,7,TANQUE DEL CERRO,H1,17:20,,,,
09/05/2026,TANQUE DEL CERRO - LA VENTURA,Salida,N,7,TANQUE DEL CERRO,H2,08:05,08:07,-2,1,0
09/05/2026,TANQUE DEL CERRO - LA VENTURA,Salida,N,7,TANQUE DEL CERRO,H3,20:05,,,,
09/05/2026,TANQUE NUEVO,Entrada,A,1,MATEHUAPIL,H1,18:20,,,,
09/05/2026,TANQUE NUEVO,Entrada,A,1,MATEHUAPIL,H2,02:50,,,,
09/05/2026,TANQUE NUEVO,Entrada,A,1,MATEHUAPIL,H3,02:50,,,,
09/05/2026,TANQUE NUEVO,Entrada,A,1,MATEHUAPIL,H4,14:50,,,,
09/05/2026,TANQUE NUEVO,Entrada,A,1,MATEHUAPIL,H5,14:50,,,,
09/05/2026,TANQUE NUEVO,Entrada,A,1,MATEHUAPIL,H6,18:50,,,,
09/05/2026,TANQUE NUEVO,Entrada,A,2,TANQUE NUEVO,H1,18:30,,,,
09/05/2026,TANQUE NUEVO,Entrada,A,2,TANQUE NUEVO,H2,03:00,,,,
09/05/2026,TANQUE NUEVO,Entrada,A,2,TANQUE NUEVO,H3,03:00,,,,
09/05/2026,TANQUE NUEVO,Entrada,A,2,TANQUE NUEVO,H4,15:00,,,,
09/05/2026,TANQUE NUEVO,Entrada,A,2,TANQUE NUEVO,H5,15:00,,,,
09/05/2026,TANQUE NUEVO,Entrada,A,2,TANQUE NUEVO,H6,19:00,,,,
09/05/2026,TANQUE NUEVO,Entrada,A,3,CLAVELLINAS,H1,18:50,,,,
09/05/2026,TANQUE NUEVO,Entrada,A,3,CLAVELLINAS,H2,03:20,,,,
09/05/2026,TANQUE NUEVO,Entrada,A,3,CLAVELLINAS,H3,03:20,,,,
09/05/2026,TANQUE NUEVO,Entrada,A,3,CLAVELLINAS,H4,15:20,,,,
09/05/2026,TANQUE NUEVO,Entrada,A,3,CLAVELLINAS,H5,15:20,,,,
09/05/2026,TANQUE NUEVO,Entrada,A,3,CLAVELLINAS,H6,19:20,,,,
09/05/2026,TANQUE NUEVO,Entrada,A,4,EL SALVADOR,H1,19:10,,,,
09/05/2026,TANQUE NUEVO,Entrada,A,4,EL SALVADOR,H2,03:40,,,,
09/05/2026,TANQUE NUEVO,Entrada,A,4,EL SALVADOR,H3,03:40,,,,
09/05/2026,TANQUE NUEVO,Entrada,A,4,EL SALVADOR,H4,15:40,,,,
09/05/2026,TANQUE NUEVO,Entrada,A,4,EL SALVADOR,H5,15:40,,,,
09/05/2026,TANQUE NUEVO,Entrada,A,4,EL SALVADOR,H6,19:40,,,,
09/05/2026,TANQUE NUEVO,Entrada,A,5,LA VENTURA,H1,19:30,,,,
09/05/2026,TANQUE NUEVO,Entrada,A,5,LA VENTURA,H2,04:00,,,,
09/05/2026,TANQUE NUEVO,Entrada,A,5,LA VENTURA,H3,04:00,,,,
09/05/2026,TANQUE NUEVO,Entrada,A,5,LA VENTURA,H4,16:00,,,,
09/05/2026,TANQUE NUEVO,Entrada,A,5,LA VENTURA,H5,16:00,,,,
09/05/2026,TANQUE NUEVO,Entrada,A,5,LA VENTURA,H6,20:10,,,,
09/05/2026,TANQUE NUEVO,Entrada,A,6,PRESA SAN PEDRO,H1,19:45,,,,
09/05/2026,TANQUE NUEVO,Entrada,A,6,PRESA SAN PEDRO,H2,04:15,,,,
09/05/2026,TANQUE NUEVO,Entrada,A,6,PRESA SAN PEDRO,H3,04:15,,,,
09/05/2026,TANQUE NUEVO,Entrada,A,6,PRESA SAN PEDRO,H4,16:15,,,,
09/05/2026,TANQUE NUEVO,Entrada,A,6,PRESA SAN PEDRO,H5,16:15,,,,
09/05/2026,TANQUE NUEVO,Entrada,A,6,PRESA SAN PEDRO,H6,20:35,,,,
09/05/2026,TANQUE NUEVO,Entrada,A,7,TANQUE ESCONDIDO,H1,19:55,,,,
09/05/2026,TANQUE NUEVO,Entrada,A,7,TANQUE ESCONDIDO,H2,04:25,,,,
09/05/2026,TANQUE NUEVO,Entrada,A,7,TANQUE ESCONDIDO,H3,04:25,,,,
09/05/2026,TANQUE NUEVO,Entrada,A,7,TANQUE ESCONDIDO,H4,16:25,,,,
09/05/2026,TANQUE NUEVO,Entrada,A,7,TANQUE ESCONDIDO,H5,16:25,,,,
09/05/2026,TANQUE NUEVO,Entrada,A,7,TANQUE ESCONDIDO,H6,20:45,,,,
09/05/2026,TANQUE NUEVO,Entrada,A,8,METALSA,H1,21:20,,,,
09/05/2026,TANQUE NUEVO,Entrada,A,8,METALSA,H2,05:50,00:05,345,1,0
09/05/2026,TANQUE NUEVO,Entrada,A,8,METALSA,H3,05:50,,,,
09/05/2026,TANQUE NUEVO,Entrada,A,8,METALSA,H4,17:50,,,,
09/05/2026,TANQUE NUEVO,Entrada,A,8,METALSA,H5,17:50,,,,
09/05/2026,TANQUE NUEVO,Entrada,A,8,METALSA,H6,21:50,,,,
09/05/2026,TANQUE NUEVO,Salida,N,1,METALSA,H1,15:30,,,,
09/05/2026,TANQUE NUEVO,Salida,N,1,METALSA,H2,06:15,00:06,369,1,0
09/05/2026,TANQUE NUEVO,Salida,N,1,METALSA,H3,06:15,00:18,357,1,0
09/05/2026,TANQUE NUEVO,Salida,N,1,METALSA,H4,18:15,00:18,357,,0
09/05/2026,TANQUE NUEVO,Salida,N,1,METALSA,H5,18:15,00:18,357,,0
09/05/2026,TANQUE NUEVO,Salida,N,2,TANQUE ESCONDIDO,H1,16:55,,,,
09/05/2026,TANQUE NUEVO,Salida,N,2,TANQUE ESCONDIDO,H2,07:40,,,,
09/05/2026,TANQUE NUEVO,Salida,N,2,TANQUE ESCONDIDO,H3,07:40,00:19,441,1,0
09/05/2026,TANQUE NUEVO,Salida,N,2,TANQUE ESCONDIDO,H4,19:40,00:19,441,,0
09/05/2026,TANQUE NUEVO,Salida,N,2,TANQUE ESCONDIDO,H5,19:40,00:19,441,,0
09/05/2026,TANQUE NUEVO,Salida,N,3,PRESA SAN PEDRO,H1,17:05,,,,
09/05/2026,TANQUE NUEVO,Salida,N,3,PRESA SAN PEDRO,H2,07:50,00:07,463,1,0
09/05/2026,TANQUE NUEVO,Salida,N,3,PRESA SAN PEDRO,H3,07:50,00:19,451,1,0
09/05/2026,TANQUE NUEVO,Salida,N,3,PRESA SAN PEDRO,H4,19:50,00:19,451,,0
09/05/2026,TANQUE NUEVO,Salida,N,3,PRESA SAN PEDRO,H5,19:50,00:19,451,,0
09/05/2026,TANQUE NUEVO,Salida,N,4,LA VENTURA,H1,17:20,,,,
09/05/2026,TANQUE NUEVO,Salida,N,4,LA VENTURA,H2,08:05,00:07,478,1,0
09/05/2026,TANQUE NUEVO,Salida,N,4,LA VENTURA,H3,08:05,00:19,466,1,0
09/05/2026,TANQUE NUEVO,Salida,N,4,LA VENTURA,H4,20:05,00:19,466,,0
09/05/2026,TANQUE NUEVO,Salida,N,4,LA VENTURA,H5,20:05,00:19,466,,0
09/05/2026,TANQUE NUEVO,Salida,N,5,EL SALVADOR,H1,17:40,,,,
09/05/2026,TANQUE NUEVO,Salida,N,5,EL SALVADOR,H2,08:25,,,,
09/05/2026,TANQUE NUEVO,Salida,N,5,EL SALVADOR,H3,08:25,,,,
09/05/2026,TANQUE NUEVO,Salida,N,5,EL SALVADOR,H4,20:25,,,,
09/05/2026,TANQUE NUEVO,Salida,N,5,EL SALVADOR,H5,20:25,,,,
09/05/2026,TANQUE NUEVO,Salida,N,6,CLAVELLINAS,H1,18:00,,,,
09/05/2026,TANQUE NUEVO,Salida,N,6,CLAVELLINAS,H2,08:45,,,,
09/05/2026,TANQUE NUEVO,Salida,N,6,CLAVELLINAS,H3,08:45,,,,
09/05/2026,TANQUE NUEVO,Salida,N,6,CLAVELLINAS,H4,20:45,,,,
09/05/2026,TANQUE NUEVO,Salida,N,6,CLAVELLINAS,H5,20:45,,,,
09/05/2026,TANQUE NUEVO,Salida,N,7,TANQUE NUEVO,H1,18:20,,,,
09/05/2026,TANQUE NUEVO,Salida,N,7,TANQUE NUEVO,H2,09:05,,,,
09/05/2026,TANQUE NUEVO,Salida,N,7,TANQUE NUEVO,H3,09:05,,,,
09/05/2026,TANQUE NUEVO,Salida,N,7,TANQUE NUEVO,H4,21:05,,,,
09/05/2026,TANQUE NUEVO,Salida,N,7,TANQUE NUEVO,H5,21:05,,,,
09/05/2026,TANQUE NUEVO,Salida,N,8,MATEHUAPIL,H1,18:30,,,,
09/05/2026,TANQUE NUEVO,Salida,N,8,MATEHUAPIL,H2,09:15,,,,
09/05/2026,TANQUE NUEVO,Salida,N,8,MATEHUAPIL,H3,09:15,,,,
09/05/2026,TANQUE NUEVO,Salida,N,8,MATEHUAPIL,H4,21:15,,,,
09/05/2026,TANQUE NUEVO,Salida,N,8,MATEHUAPIL,H5,21:15,,,,
09/05/2026,TERESITAS,Entrada,N,1,BLVD ANTONIO CARDENAS Y HUACHICHILES,H1,05:05,05:03,2,1,0
09/05/2026,TERESITAS,Entrada,N,1,BLVD ANTONIO CARDENAS Y HUACHICHILES,H2,17:05,17:04,1,1,0
09/05/2026,TERESITAS,Entrada,N,1,BLVD ANTONIO CARDENAS Y HUACHICHILES,H3,20:35,,,,
09/05/2026,TERESITAS,Entrada,N,1,BLVD ANTONIO CARDENAS Y HUACHICHILES,H4,21:05,,,,
09/05/2026,TERESITAS,Entrada,N,2,RAYADOS Y HUACHICHILES,H1,05:10,05:08,2,1,0
09/05/2026,TERESITAS,Entrada,N,2,RAYADOS Y HUACHICHILES,H2,17:10,17:08,2,1,0
09/05/2026,TERESITAS,Entrada,N,2,RAYADOS Y HUACHICHILES,H3,20:40,,,,
09/05/2026,TERESITAS,Entrada,N,2,RAYADOS Y HUACHICHILES,H4,21:10,,,,
09/05/2026,TERESITAS,Entrada,N,3,SIERRA DE ZAPALINAME Y AV TERESITAS,H1,05:15,05:13,2,1,0
09/05/2026,TERESITAS,Entrada,N,3,SIERRA DE ZAPALINAME Y AV TERESITAS,H2,17:15,17:12,3,1,0
09/05/2026,TERESITAS,Entrada,N,3,SIERRA DE ZAPALINAME Y AV TERESITAS,H3,20:45,,,,
09/05/2026,TERESITAS,Entrada,N,3,SIERRA DE ZAPALINAME Y AV TERESITAS,H4,21:15,,,,
09/05/2026,TERESITAS,Entrada,N,4,AV TERESITAS Y BLVD ANTONIO CARDENAS,H1,05:22,05:20,2,1,0
09/05/2026,TERESITAS,Entrada,N,4,AV TERESITAS Y BLVD ANTONIO CARDENAS,H2,17:22,17:18,4,1,0
09/05/2026,TERESITAS,Entrada,N,4,AV TERESITAS Y BLVD ANTONIO CARDENAS,H3,20:52,,,,
09/05/2026,TERESITAS,Entrada,N,4,AV TERESITAS Y BLVD ANTONIO CARDENAS,H4,21:22,,,,
09/05/2026,TERESITAS,Entrada,N,5,LA ENCANTADA,H1,05:28,05:22,6,1,0
09/05/2026,TERESITAS,Entrada,N,5,LA ENCANTADA,H2,17:28,17:21,7,1,0
09/05/2026,TERESITAS,Entrada,N,5,LA ENCANTADA,H3,20:58,,,,
09/05/2026,TERESITAS,Entrada,N,5,LA ENCANTADA,H4,21:28,,,,
09/05/2026,TERESITAS,Entrada,N,6,CAAR. SALTILLO-ZACATECAS,H1,05:32,05:33,-1,1,0
09/05/2026,TERESITAS,Entrada,N,6,CAAR. SALTILLO-ZACATECAS,H2,17:32,17:25,7,1,0
09/05/2026,TERESITAS,Entrada,N,6,CAAR. SALTILLO-ZACATECAS,H3,21:02,,,,
09/05/2026,TERESITAS,Entrada,N,6,CAAR. SALTILLO-ZACATECAS,H4,21:30,,,,
09/05/2026,TERESITAS,Entrada,N,7,METALSA,H1,05:50,05:49,1,1,0
09/05/2026,TERESITAS,Entrada,N,7,METALSA,H2,17:50,17:38,12,1,0
09/05/2026,TERESITAS,Entrada,N,7,METALSA,H3,21:20,,,,
09/05/2026,TERESITAS,Entrada,N,7,METALSA,H4,21:50,,,,
09/05/2026,TERESITAS,Salida,N,1,METALSA,H1,06:15,06:17,-2,1,0
09/05/2026,TERESITAS,Salida,N,1,METALSA,H2,15:30,,,,
09/05/2026,TERESITAS,Salida,N,1,METALSA,H3,18:15,18:17,-2,1,0
09/05/2026,TERESITAS,Salida,N,2,CARR. SALTILLO-ZACATECAS,H1,06:33,06:33,0,1,0
09/05/2026,TERESITAS,Salida,N,2,CARR. SALTILLO-ZACATECAS,H2,15:48,,,,
09/05/2026,TERESITAS,Salida,N,2,CARR. SALTILLO-ZACATECAS,H3,18:33,,,,
09/05/2026,TERESITAS,Salida,N,3,LA ENCANTADA,H1,06:37,06:36,1,1,0
09/05/2026,TERESITAS,Salida,N,3,LA ENCANTADA,H2,15:52,,,,
09/05/2026,TERESITAS,Salida,N,3,LA ENCANTADA,H3,18:37,18:42,-5,1,0
09/05/2026,TERESITAS,Salida,N,4,AV TERESITAS Y BLVD ANTONIO CARDENAS,H1,06:43,,,,
09/05/2026,TERESITAS,Salida,N,4,AV TERESITAS Y BLVD ANTONIO CARDENAS,H2,15:58,,,,
09/05/2026,TERESITAS,Salida,N,4,AV TERESITAS Y BLVD ANTONIO CARDENAS,H3,18:43,,,,
09/05/2026,TERESITAS,Salida,N,5,SIERRA DE ZAPALINAME Y AV TERESITAS,H1,06:50,,,,
09/05/2026,TERESITAS,Salida,N,5,SIERRA DE ZAPALINAME Y AV TERESITAS,H2,16:05,,,,
09/05/2026,TERESITAS,Salida,N,5,SIERRA DE ZAPALINAME Y AV TERESITAS,H3,18:50,,,,
09/05/2026,TERESITAS,Salida,N,6,RAYADOS Y HUACHICHILES,H1,06:55,,,,
09/05/2026,TERESITAS,Salida,N,6,RAYADOS Y HUACHICHILES,H2,16:10,,,,
09/05/2026,TERESITAS,Salida,N,6,RAYADOS Y HUACHICHILES,H3,18:55,,,,
09/05/2026,TERESITAS,Salida,N,7,BLVD ANTONIO CARDENAS Y HUACHICHILES,H1,07:00,06:36,24,1,0
09/05/2026,TERESITAS,Salida,N,7,BLVD ANTONIO CARDENAS Y HUACHICHILES,H2,16:15,,,,
09/05/2026,TERESITAS,Salida,N,7,BLVD ANTONIO CARDENAS Y HUACHICHILES,H3,19:00,18:43,17,1,0
09/05/2026,VALENCIA,Entrada,N,1,LA RIOJA Y JEREZ,H1,04:30,04:30,0,1,0
09/05/2026,VALENCIA,Entrada,N,1,LA RIOJA Y JEREZ,H2,16:30,,,,
09/05/2026,VALENCIA,Entrada,N,1,LA RIOJA Y JEREZ,H3,20:00,,,,
09/05/2026,VALENCIA,Entrada,N,1,LA RIOJA Y JEREZ,H4,20:30,,,,
09/05/2026,VALENCIA,Entrada,N,2,PERIFERICO LEA Y VITO ALESSIO,H1,04:40,04:46,-6,1,0
09/05/2026,VALENCIA,Entrada,N,2,PERIFERICO LEA Y VITO ALESSIO,H2,16:40,,,,
09/05/2026,VALENCIA,Entrada,N,2,PERIFERICO LEA Y VITO ALESSIO,H3,20:10,,,,
09/05/2026,VALENCIA,Entrada,N,2,PERIFERICO LEA Y VITO ALESSIO,H4,20:40,,,,
09/05/2026,VALENCIA,Entrada,N,3,CARLOS S. Y RANCHO DE PEÑA,H1,04:45,04:52,-7,1,0
09/05/2026,VALENCIA,Entrada,N,3,CARLOS S. Y RANCHO DE PEÑA,H2,16:45,,,,
09/05/2026,VALENCIA,Entrada,N,3,CARLOS S. Y RANCHO DE PEÑA,H3,20:15,,,,
09/05/2026,VALENCIA,Entrada,N,3,CARLOS S. Y RANCHO DE PEÑA,H4,20:45,,,,
09/05/2026,VALENCIA,Entrada,N,4,ALVARO OBREGON,H1,04:55,04:58,-3,1,0
09/05/2026,VALENCIA,Entrada,N,4,ALVARO OBREGON,H2,16:55,,,,
09/05/2026,VALENCIA,Entrada,N,4,ALVARO OBREGON,H3,20:25,,,,
09/05/2026,VALENCIA,Entrada,N,4,ALVARO OBREGON,H4,20:55,,,,
09/05/2026,VALENCIA,Entrada,N,5,MIGUEL HIDALGO Y PEDRO ARANDA,H1,05:00,05:11,-11,1,0
09/05/2026,VALENCIA,Entrada,N,5,MIGUEL HIDALGO Y PEDRO ARANDA,H2,17:00,,,,
09/05/2026,VALENCIA,Entrada,N,5,MIGUEL HIDALGO Y PEDRO ARANDA,H3,20:30,,,,
09/05/2026,VALENCIA,Entrada,N,5,MIGUEL HIDALGO Y PEDRO ARANDA,H4,21:00,,,,
09/05/2026,VALENCIA,Entrada,N,6,PERIFERICO LEA Y W. GONZALEZ,H1,05:05,05:15,-10,1,0
09/05/2026,VALENCIA,Entrada,N,6,PERIFERICO LEA Y W. GONZALEZ,H2,17:05,,,,
09/05/2026,VALENCIA,Entrada,N,6,PERIFERICO LEA Y W. GONZALEZ,H3,20:35,,,,
09/05/2026,VALENCIA,Entrada,N,6,PERIFERICO LEA Y W. GONZALEZ,H4,21:05,,,,
09/05/2026,VALENCIA,Entrada,N,7,CTO DE LA CAÑADA Y BLVD CARDENAS,H1,05:15,05:23,-8,1,0
09/05/2026,VALENCIA,Entrada,N,7,CTO DE LA CAÑADA Y BLVD CARDENAS,H2,17:15,,,,
09/05/2026,VALENCIA,Entrada,N,7,CTO DE LA CAÑADA Y BLVD CARDENAS,H3,20:45,,,,
09/05/2026,VALENCIA,Entrada,N,7,CTO DE LA CAÑADA Y BLVD CARDENAS,H4,21:15,,,,
09/05/2026,VALENCIA,Entrada,N,8,METALSA,H1,05:50,06:04,-14,1,0
09/05/2026,VALENCIA,Entrada,N,8,METALSA,H2,17:50,,,,
09/05/2026,VALENCIA,Entrada,N,8,METALSA,H3,21:20,,,,
09/05/2026,VALENCIA,Entrada,N,8,METALSA,H4,21:50,,,,
09/05/2026,VALENCIA,Salida,N,1,METALSA,H1,06:15,06:16,-1,1,0
09/05/2026,VALENCIA,Salida,N,1,METALSA,H2,15:30,,,,
09/05/2026,VALENCIA,Salida,N,1,METALSA,H3,18:15,18:16,-1,1,0
09/05/2026,VALENCIA,Salida,N,2,CTO DE LA CAÑADA Y BLVD CARDENAS,H1,06:50,06:40,10,1,0
09/05/2026,VALENCIA,Salida,N,2,CTO DE LA CAÑADA Y BLVD CARDENAS,H2,16:05,,,,
09/05/2026,VALENCIA,Salida,N,2,CTO DE LA CAÑADA Y BLVD CARDENAS,H3,18:50,18:48,2,1,0
09/05/2026,VALENCIA,Salida,N,3,PERIFERICO LEA Y W. GONZALEZ,H1,07:00,06:45,15,1,0
09/05/2026,VALENCIA,Salida,N,3,PERIFERICO LEA Y W. GONZALEZ,H2,16:15,,,,
09/05/2026,VALENCIA,Salida,N,3,PERIFERICO LEA Y W. GONZALEZ,H3,19:00,18:56,4,1,0
09/05/2026,VALENCIA,Salida,N,4,MIGUEL HIDALGO Y PEDRO ARANDA,H1,07:05,06:50,15,1,0
09/05/2026,VALENCIA,Salida,N,4,MIGUEL HIDALGO Y PEDRO ARANDA,H2,16:20,,,,
09/05/2026,VALENCIA,Salida,N,4,MIGUEL HIDALGO Y PEDRO ARANDA,H3,19:05,19:00,5,1,0
09/05/2026,VALENCIA,Salida,N,5,ALVARO OBREGON,H1,07:10,,,,
09/05/2026,VALENCIA,Salida,N,5,ALVARO OBREGON,H2,16:25,,,,
09/05/2026,VALENCIA,Salida,N,5,ALVARO OBREGON,H3,19:10,19:15,-5,1,0
09/05/2026,VALENCIA,Salida,N,6,CARLOS S. Y RANCHO DE PEÑA,H1,07:20,07:10,10,1,0
09/05/2026,VALENCIA,Salida,N,6,CARLOS S. Y RANCHO DE PEÑA,H2,16:35,,,,
09/05/2026,VALENCIA,Salida,N,6,CARLOS S. Y RANCHO DE PEÑA,H3,19:20,19:24,-4,1,0
09/05/2026,VALENCIA,Salida,N,7,PERIFERICO LEA Y VITO ALESSIO,H1,07:25,,,,
09/05/2026,VALENCIA,Salida,N,7,PERIFERICO LEA Y VITO ALESSIO,H2,16:40,,,,
09/05/2026,VALENCIA,Salida,N,7,PERIFERICO LEA Y VITO ALESSIO,H3,19:25,,,,
09/05/2026,VALENCIA,Salida,N,8,LA RIOJA Y JEREZ,H1,07:35,,,,
09/05/2026,VALENCIA,Salida,N,8,LA RIOJA Y JEREZ,H2,16:50,,,,
09/05/2026,VALENCIA,Salida,N,8,LA RIOJA Y JEREZ,H3,19:35,19:49,-14,1,0
09/05/2026,ZARAGOZA,Entrada,N,1,FCO. EALY ORTIZ Y EUCALIPTO,H1,04:25,04:27,-2,1,0
09/05/2026,ZARAGOZA,Entrada,N,1,FCO. EALY ORTIZ Y EUCALIPTO,H2,16:25,16:29,-4,1,0
09/05/2026,ZARAGOZA,Entrada,N,1,FCO. EALY ORTIZ Y EUCALIPTO,H3,19:55,,,,
09/05/2026,ZARAGOZA,Entrada,N,1,FCO. EALY ORTIZ Y EUCALIPTO,H4,20:25,,,,
09/05/2026,ZARAGOZA,Entrada,N,2,CHOPO Y EUCALIPTO,H1,04:26,04:28,-2,1,0
09/05/2026,ZARAGOZA,Entrada,N,2,CHOPO Y EUCALIPTO,H2,16:26,16:30,-4,1,0
09/05/2026,ZARAGOZA,Entrada,N,2,CHOPO Y EUCALIPTO,H3,19:56,,,,
09/05/2026,ZARAGOZA,Entrada,N,2,CHOPO Y EUCALIPTO,H4,20:26,,,,
09/05/2026,ZARAGOZA,Entrada,N,3,FUNDADORES Y BLVD. MIRASIERRA,H1,04:36,04:40,-4,1,0
09/05/2026,ZARAGOZA,Entrada,N,3,FUNDADORES Y BLVD. MIRASIERRA,H2,16:36,16:41,-5,1,0
09/05/2026,ZARAGOZA,Entrada,N,3,FUNDADORES Y BLVD. MIRASIERRA,H3,20:06,,,,
09/05/2026,ZARAGOZA,Entrada,N,3,FUNDADORES Y BLVD. MIRASIERRA,H4,20:36,,,,
09/05/2026,ZARAGOZA,Entrada,N,4,CALLE 34 Y JUAN NAVARRO,H1,04:51,04:57,-6,1,0
09/05/2026,ZARAGOZA,Entrada,N,4,CALLE 34 Y JUAN NAVARRO,H2,16:51,16:58,-7,1,0
09/05/2026,ZARAGOZA,Entrada,N,4,CALLE 34 Y JUAN NAVARRO,H3,20:21,,,,
09/05/2026,ZARAGOZA,Entrada,N,4,CALLE 34 Y JUAN NAVARRO,H4,20:51,,,,
09/05/2026,ZARAGOZA,Entrada,N,5,PERIF LEA Y 12 DE OCTUBRE (FIRST CASH),H1,05:03,05:08,-5,1,0
09/05/2026,ZARAGOZA,Entrada,N,5,PERIF LEA Y 12 DE OCTUBRE (FIRST CASH),H2,17:03,17:13,-10,1,0
09/05/2026,ZARAGOZA,Entrada,N,5,PERIF LEA Y 12 DE OCTUBRE (FIRST CASH),H3,20:33,,,,
09/05/2026,ZARAGOZA,Entrada,N,5,PERIF LEA Y 12 DE OCTUBRE (FIRST CASH),H4,21:03,,,,
09/05/2026,ZARAGOZA,Entrada,N,6,GIMNACIO MUNICIPAL,H1,05:05,05:10,-5,1,0
09/05/2026,ZARAGOZA,Entrada,N,6,GIMNACIO MUNICIPAL,H2,17:05,17:14,-9,1,0
09/05/2026,ZARAGOZA,Entrada,N,6,GIMNACIO MUNICIPAL,H3,20:35,,,,
09/05/2026,ZARAGOZA,Entrada,N,6,GIMNACIO MUNICIPAL,H4,21:05,,,,
09/05/2026,ZARAGOZA,Entrada,N,7,L.E.A. Y J. MERY,H1,05:07,05:12,-5,1,0
09/05/2026,ZARAGOZA,Entrada,N,7,L.E.A. Y J. MERY,H2,17:07,17:16,-9,1,0
09/05/2026,ZARAGOZA,Entrada,N,7,L.E.A. Y J. MERY,H3,20:37,,,,
09/05/2026,ZARAGOZA,Entrada,N,7,L.E.A. Y J. MERY,H4,21:07,,,,
09/05/2026,ZARAGOZA,Entrada,N,8,VILLA UNIVERSIDAD,H1,05:09,05:14,-5,1,0
09/05/2026,ZARAGOZA,Entrada,N,8,VILLA UNIVERSIDAD,H2,17:09,17:18,-9,1,0
09/05/2026,ZARAGOZA,Entrada,N,8,VILLA UNIVERSIDAD,H3,20:39,,,,
09/05/2026,ZARAGOZA,Entrada,N,8,VILLA UNIVERSIDAD,H4,21:09,,,,
09/05/2026,ZARAGOZA,Entrada,N,9,ARIZPE DE LA MAZA Y CARR. 54,H1,05:15,05:17,-2,1,0
09/05/2026,ZARAGOZA,Entrada,N,9,ARIZPE DE LA MAZA Y CARR. 54,H2,17:15,17:21,-6,1,0
09/05/2026,ZARAGOZA,Entrada,N,9,ARIZPE DE LA MAZA Y CARR. 54,H3,20:45,,,,
09/05/2026,ZARAGOZA,Entrada,N,9,ARIZPE DE LA MAZA Y CARR. 54,H4,21:15,,,,
09/05/2026,ZARAGOZA,Entrada,N,10,METALSA,H1,05:50,05:51,-1,1,0
09/05/2026,ZARAGOZA,Entrada,N,10,METALSA,H2,17:50,17:44,6,1,0
09/05/2026,ZARAGOZA,Entrada,N,10,METALSA,H3,21:20,,,,
09/05/2026,ZARAGOZA,Entrada,N,10,METALSA,H4,21:50,,,,
09/05/2026,ZARAGOZA,Salida,N,1,METALSA,H1,06:15,06:16,-1,1,0
09/05/2026,ZARAGOZA,Salida,N,1,METALSA,H2,15:30,,,,
09/05/2026,ZARAGOZA,Salida,N,1,METALSA,H3,18:15,18:16,-1,1,0
09/05/2026,ZARAGOZA,Salida,N,2,ARIZPE DE LA MAZA Y CARR. 54,H1,06:44,,,,
09/05/2026,ZARAGOZA,Salida,N,2,ARIZPE DE LA MAZA Y CARR. 54,H2,15:59,,,,
09/05/2026,ZARAGOZA,Salida,N,2,ARIZPE DE LA MAZA Y CARR. 54,H3,18:44,,,,
09/05/2026,ZARAGOZA,Salida,N,3,VILLA UNIVERSIDAD,H1,06:46,,,,
09/05/2026,ZARAGOZA,Salida,N,3,VILLA UNIVERSIDAD,H2,16:01,,,,
09/05/2026,ZARAGOZA,Salida,N,3,VILLA UNIVERSIDAD,H3,18:45,,,,
09/05/2026,ZARAGOZA,Salida,N,4,L.E.A. Y J. MERY,H1,06:49,,,,
09/05/2026,ZARAGOZA,Salida,N,4,L.E.A. Y J. MERY,H2,16:04,,,,
09/05/2026,ZARAGOZA,Salida,N,4,L.E.A. Y J. MERY,H3,18:49,,,,
09/05/2026,ZARAGOZA,Salida,N,5,GIMNACIO MUNICIPAL,H1,06:51,06:41,10,1,0
09/05/2026,ZARAGOZA,Salida,N,5,GIMNACIO MUNICIPAL,H2,16:06,,,,
09/05/2026,ZARAGOZA,Salida,N,5,GIMNACIO MUNICIPAL,H3,18:51,18:50,1,1,0
09/05/2026,ZARAGOZA,Salida,N,6,PERIF LEA Y 12 DE OCTUBRE (FIRST CASH),H1,07:00,,,,
09/05/2026,ZARAGOZA,Salida,N,6,PERIF LEA Y 12 DE OCTUBRE (FIRST CASH),H2,16:10,,,,
09/05/2026,ZARAGOZA,Salida,N,6,PERIF LEA Y 12 DE OCTUBRE (FIRST CASH),H3,19:00,18:53,7,1,0
09/05/2026,ZARAGOZA,Salida,N,7,CALLE 34 Y JUAN NAVARRO,H1,07:04,06:54,10,1,0
09/05/2026,ZARAGOZA,Salida,N,7,CALLE 34 Y JUAN NAVARRO,H2,16:19,,,,
09/05/2026,ZARAGOZA,Salida,N,7,CALLE 34 Y JUAN NAVARRO,H3,19:04,19:09,-5,1,0
09/05/2026,ZARAGOZA,Salida,N,8,FUNDADORES Y BLVD. MIRASIERRA,H1,07:19,,,,
09/05/2026,ZARAGOZA,Salida,N,8,FUNDADORES Y BLVD. MIRASIERRA,H2,16:34,,,,
09/05/2026,ZARAGOZA,Salida,N,8,FUNDADORES Y BLVD. MIRASIERRA,H3,19:19,,,,
09/05/2026,ZARAGOZA,Salida,N,9,CHOPO Y EUCALIPTO,H1,07:29,,,,
09/05/2026,ZARAGOZA,Salida,N,9,CHOPO Y EUCALIPTO,H2,16:44,,,,
09/05/2026,ZARAGOZA,Salida,N,9,CHOPO Y EUCALIPTO,H3,19:29,,,,
09/05/2026,ZARAGOZA,Salida,N,10,FCO. EALY ORTIZ Y EUCALIPTO,H1,07:30,,,,
09/05/2026,ZARAGOZA,Salida,N,10,FCO. EALY ORTIZ Y EUCALIPTO,H2,16:45,,,,
09/05/2026,ZARAGOZA,Salida,N,10,FCO. EALY ORTIZ Y EUCALIPTO,H3,19:30,19:45,-15,1,0
10/05/2026,EL PEÑUELO,Entrada,A,1,LA VENTURA,H1,19:00,,,,
10/05/2026,EL PEÑUELO,Entrada,A,1,LA VENTURA,H2,03:30,,,,
10/05/2026,EL PEÑUELO,Entrada,A,1,LA VENTURA,H3,15:30,,,,
10/05/2026,EL PEÑUELO,Entrada,A,1,LA VENTURA,H4,19:30,,,,
10/05/2026,EL PEÑUELO,Entrada,A,2,METALSA,H1,21:20,,,,
10/05/2026,EL PEÑUELO,Entrada,A,2,METALSA,H2,05:50,,,,
10/05/2026,EL PEÑUELO,Entrada,A,2,METALSA,H3,17:50,,,,
10/05/2026,EL PEÑUELO,Entrada,A,2,METALSA,H4,21:50,,,,
10/05/2026,EL PEÑUELO,Salida,N,1,METALSA,H1,15:30,,,,
10/05/2026,EL PEÑUELO,Salida,N,1,METALSA,H2,06:15,06:17,-2,1,0
10/05/2026,EL PEÑUELO,Salida,N,1,METALSA,H3,18:15,,,,
10/05/2026,EL PEÑUELO,Salida,N,2,LA VENTURA,H1,17:50,,,,
10/05/2026,EL PEÑUELO,Salida,N,2,LA VENTURA,H2,08:35,,,,
10/05/2026,EL PEÑUELO,Salida,N,2,LA VENTURA,H3,20:35,,,,
10/05/2026,EL SALITRE,Entrada,A,1,SALITRE,H1,19:20,,,,
10/05/2026,EL SALITRE,Entrada,A,1,SALITRE,H2,03:50,,,,
10/05/2026,EL SALITRE,Entrada,A,1,SALITRE,H3,15:50,,,,
10/05/2026,EL SALITRE,Entrada,A,1,SALITRE,H4,19:50,,,,
10/05/2026,EL SALITRE,Entrada,A,2,BENITO JUAREZ,H1,19:25,,,,
10/05/2026,EL SALITRE,Entrada,A,2,BENITO JUAREZ,H2,03:55,,,,
10/05/2026,EL SALITRE,Entrada,A,2,BENITO JUAREZ,H3,15:55,,,,
10/05/2026,EL SALITRE,Entrada,A,2,BENITO JUAREZ,H4,19:55,,,,
10/05/2026,EL SALITRE,Entrada,A,3,EL MEZQUITE,H1,19:40,,,,
10/05/2026,EL SALITRE,Entrada,A,3,EL MEZQUITE,H2,04:10,,,,
10/05/2026,EL SALITRE,Entrada,A,3,EL MEZQUITE,H3,16:10,,,,
10/05/2026,EL SALITRE,Entrada,A,3,EL MEZQUITE,H4,20:10,,,,
10/05/2026,EL SALITRE,Entrada,A,4,PRESA DE LOS MUCHAHCOS,H1,19:55,,,,
10/05/2026,EL SALITRE,Entrada,A,4,PRESA DE LOS MUCHAHCOS,H2,04:25,,,,
10/05/2026,EL SALITRE,Entrada,A,4,PRESA DE LOS MUCHAHCOS,H3,16:25,,,,
10/05/2026,EL SALITRE,Entrada,A,4,PRESA DE LOS MUCHAHCOS,H4,20:25,,,,
10/05/2026,EL SALITRE,Entrada,A,5,AGUA NUEVA,H1,20:43,,,,
10/05/2026,EL SALITRE,Entrada,A,5,AGUA NUEVA,H2,05:13,,,,
10/05/2026,EL SALITRE,Entrada,A,5,AGUA NUEVA,H3,17:13,,,,
10/05/2026,EL SALITRE,Entrada,A,5,AGUA NUEVA,H4,21:13,,,,
10/05/2026,EL SALITRE,Entrada,A,6,METALSA,H1,21:20,,,,
10/05/2026,EL SALITRE,Entrada,A,6,METALSA,H2,05:50,,,,
10/05/2026,EL SALITRE,Entrada,A,6,METALSA,H3,17:50,,,,
10/05/2026,EL SALITRE,Entrada,A,6,METALSA,H4,21:50,,,,
10/05/2026,EL SALITRE,Salida,N,1,METALSA,H1,15:30,,,,
10/05/2026,EL SALITRE,Salida,N,1,METALSA,H2,06:15,06:15,0,1,0
10/05/2026,EL SALITRE,Salida,N,1,METALSA,H3,18:15,,,,
10/05/2026,EL SALITRE,Salida,N,2,AGUA NUEVA,H1,15:31,,,,
10/05/2026,EL SALITRE,Salida,N,2,AGUA NUEVA,H2,06:16,06:38,-22,1,0
10/05/2026,EL SALITRE,Salida,N,2,AGUA NUEVA,H3,18:16,,,,
10/05/2026,EL SALITRE,Salida,N,3,PRESA DE LOS MUCHAHCOS,H1,16:55,,,,
10/05/2026,EL SALITRE,Salida,N,3,PRESA DE LOS MUCHAHCOS,H2,07:40,06:56,44,1,0
10/05/2026,EL SALITRE,Salida,N,3,PRESA DE LOS MUCHAHCOS,H3,19:40,,,,
10/05/2026,EL SALITRE,Salida,N,4,EL MEZQUITE,H1,17:10,,,,
10/05/2026,EL SALITRE,Salida,N,4,EL MEZQUITE,H2,07:55,,,,
10/05/2026,EL SALITRE,Salida,N,4,EL MEZQUITE,H3,19:55,,,,
10/05/2026,EL SALITRE,Salida,N,5,BENITO JUAREZ,H1,17:25,,,,
10/05/2026,EL SALITRE,Salida,N,5,BENITO JUAREZ,H2,08:10,,,,
10/05/2026,EL SALITRE,Salida,N,5,BENITO JUAREZ,H3,20:10,,,,
10/05/2026,EL SALITRE,Salida,N,6,SALITRE,H1,17:30,,,,
10/05/2026,EL SALITRE,Salida,N,6,SALITRE,H2,08:15,,,,
10/05/2026,EL SALITRE,Salida,N,6,SALITRE,H3,20:15,,,,
10/05/2026,LA HEDIONDA,Entrada,N,1,LAS ESPERANZAS,H1,20:00,,,,
10/05/2026,LA HEDIONDA,Entrada,N,1,LAS ESPERANZAS,H2,04:30,04:30,0,1,0
10/05/2026,LA HEDIONDA,Entrada,N,1,LAS ESPERANZAS,H3,16:30,,,,
10/05/2026,LA HEDIONDA,Entrada,N,1,LAS ESPERANZAS,H4,20:30,,,,
10/05/2026,LA HEDIONDA,Entrada,N,2,HEDIONDA,H1,20:20,,,,
10/05/2026,LA HEDIONDA,Entrada,N,2,HEDIONDA,H2,04:50,,,,
10/05/2026,LA HEDIONDA,Entrada,N,2,HEDIONDA,H3,16:50,,,,
10/05/2026,LA HEDIONDA,Entrada,N,2,HEDIONDA,H4,20:50,,,,
10/05/2026,LA HEDIONDA,Entrada,N,3,METALSA,H1,21:20,,,,
10/05/2026,LA HEDIONDA,Entrada,N,3,METALSA,H2,05:50,05:40,10,1,0
10/05/2026,LA HEDIONDA,Entrada,N,3,METALSA,H3,17:50,,,,
10/05/2026,LA HEDIONDA,Entrada,N,3,METALSA,H4,21:50,,,,
10/05/2026,LA HEDIONDA,Salida,N,1,METALSA,H1,15:30,,,,
10/05/2026,LA HEDIONDA,Salida,N,1,METALSA,H2,06:15,,,,
10/05/2026,LA HEDIONDA,Salida,N,1,METALSA,H3,18:15,18:19,-4,1,0
10/05/2026,LA HEDIONDA,Salida,N,2,HEDIONDA,H1,16:30,,,,
10/05/2026,LA HEDIONDA,Salida,N,2,HEDIONDA,H2,07:15,,,,
10/05/2026,LA HEDIONDA,Salida,N,2,HEDIONDA,H3,19:15,,,,
10/05/2026,LA HEDIONDA,Salida,N,3,LAS ESPERANZAS,H1,16:50,,,,
10/05/2026,LA HEDIONDA,Salida,N,3,LAS ESPERANZAS,H2,07:35,,,,
10/05/2026,LA HEDIONDA,Salida,N,3,LAS ESPERANZAS,H3,19:35,,,,
10/05/2026,LA SAUCEDA,Entrada,N,1,LA SAUCEDA,H1,04:00,04:03,-3,1,0
10/05/2026,LA SAUCEDA,Entrada,N,1,LA SAUCEDA,H2,16:00,,,,
10/05/2026,LA SAUCEDA,Entrada,N,1,LA SAUCEDA,H3,19:30,,,,
10/05/2026,LA SAUCEDA,Entrada,N,1,LA SAUCEDA,H4,20:00,,,,
10/05/2026,LA SAUCEDA,Entrada,N,2,HIPOLITO,H1,04:15,04:19,-4,1,0
10/05/2026,LA SAUCEDA,Entrada,N,2,HIPOLITO,H2,16:15,,,,
10/05/2026,LA SAUCEDA,Entrada,N,2,HIPOLITO,H3,19:45,,,,
10/05/2026,LA SAUCEDA,Entrada,N,2,HIPOLITO,H4,20:15,,,,
10/05/2026,LA SAUCEDA,Entrada,N,3,SAN ANTONIO DEL JARAL,H1,04:32,04:42,-10,1,0
10/05/2026,LA SAUCEDA,Entrada,N,3,SAN ANTONIO DEL JARAL,H2,16:32,,,,
10/05/2026,LA SAUCEDA,Entrada,N,3,SAN ANTONIO DEL JARAL,H3,20:02,,,,
10/05/2026,LA SAUCEDA,Entrada,N,3,SAN ANTONIO DEL JARAL,H4,20:32,,,,
10/05/2026,LA SAUCEDA,Entrada,N,4,CASETA DE PLAN DE AYALA,H1,04:50,04:59,-9,1,0
10/05/2026,LA SAUCEDA,Entrada,N,4,CASETA DE PLAN DE AYALA,H2,16:50,,,,
10/05/2026,LA SAUCEDA,Entrada,N,4,CASETA DE PLAN DE AYALA,H3,20:20,,,,
10/05/2026,LA SAUCEDA,Entrada,N,4,CASETA DE PLAN DE AYALA,H4,20:42,,,,
10/05/2026,LA SAUCEDA,Entrada,N,5,METALSA,H1,05:50,05:42,8,1,0
10/05/2026,LA SAUCEDA,Entrada,N,5,METALSA,H2,17:50,,,,
10/05/2026,LA SAUCEDA,Entrada,N,5,METALSA,H3,21:20,,,,
10/05/2026,LA SAUCEDA,Entrada,N,5,METALSA,H4,21:50,,,,
10/05/2026,LA SAUCEDA,Salida,N,1,METALSA,H1,06:15,06:17,-2,1,0
10/05/2026,LA SAUCEDA,Salida,N,1,METALSA,H2,15:30,,,,
10/05/2026,LA SAUCEDA,Salida,N,1,METALSA,H3,18:15,,,,
10/05/2026,LA SAUCEDA,Salida,N,2,CASETA DE PLAN DE AYALA,H1,07:15,,,,
10/05/2026,LA SAUCEDA,Salida,N,2,CASETA DE PLAN DE AYALA,H2,16:30,,,,
10/05/2026,LA SAUCEDA,Salida,N,2,CASETA DE PLAN DE AYALA,H3,19:15,,,,
10/05/2026,LA SAUCEDA,Salida,N,3,SAN ANTONIO DEL JARAL,H1,07:33,,,,
10/05/2026,LA SAUCEDA,Salida,N,3,SAN ANTONIO DEL JARAL,H2,16:48,,,,
10/05/2026,LA SAUCEDA,Salida,N,3,SAN ANTONIO DEL JARAL,H3,19:33,,,,
10/05/2026,LA SAUCEDA,Salida,N,4,HIPOLITO,H1,07:50,,,,
10/05/2026,LA SAUCEDA,Salida,N,4,HIPOLITO,H2,17:05,,,,
10/05/2026,LA SAUCEDA,Salida,N,4,HIPOLITO,H3,19:50,,,,
10/05/2026,LA SAUCEDA,Salida,N,5,LA SAUCEDA,H1,08:05,,,,
10/05/2026,LA SAUCEDA,Salida,N,5,LA SAUCEDA,H2,17:20,,,,
10/05/2026,LA SAUCEDA,Salida,N,5,LA SAUCEDA,H3,20:05,,,,
10/05/2026,LOMA LINDA - URDIÑOLA,Entrada,N,1,MEZQUITE Y GORDOLOBO,H1,04:05,04:20,-15,1,0
10/05/2026,LOMA LINDA - URDIÑOLA,Entrada,N,1,MEZQUITE Y GORDOLOBO,H2,16:05,16:17,-12,1,0
10/05/2026,LOMA LINDA - URDIÑOLA,Entrada,N,1,MEZQUITE Y GORDOLOBO,H3,19:35,,,,
10/05/2026,LOMA LINDA - URDIÑOLA,Entrada,N,1,MEZQUITE Y GORDOLOBO,H4,20:05,,,,
10/05/2026,LOMA LINDA - URDIÑOLA,Entrada,N,2,MEZQUITE Y NUECES,H1,04:10,04:14,-4,1,0
10/05/2026,LOMA LINDA - URDIÑOLA,Entrada,N,2,MEZQUITE Y NUECES,H2,16:10,16:12,-2,1,0
10/05/2026,LOMA LINDA - URDIÑOLA,Entrada,N,2,MEZQUITE Y NUECES,H3,19:40,,,,
10/05/2026,LOMA LINDA - URDIÑOLA,Entrada,N,2,MEZQUITE Y NUECES,H4,20:10,,,,
10/05/2026,LOMA LINDA - URDIÑOLA,Entrada,N,3,BLVD SANTA LUCIA Y CALLE 7,H1,04:20,04:21,-1,1,0
10/05/2026,LOMA LINDA - URDIÑOLA,Entrada,N,3,BLVD SANTA LUCIA Y CALLE 7,H2,16:20,16:20,0,1,0
10/05/2026,LOMA LINDA - URDIÑOLA,Entrada,N,3,BLVD SANTA LUCIA Y CALLE 7,H3,19:50,,,,
10/05/2026,LOMA LINDA - URDIÑOLA,Entrada,N,3,BLVD SANTA LUCIA Y CALLE 7,H4,20:20,,,,
10/05/2026,LOMA LINDA - URDIÑOLA,Entrada,N,4,BLVD VALDES SANCHEZ Y (PLANTA LEAR),H1,04:30,04:32,-2,1,0
10/05/2026,LOMA LINDA - URDIÑOLA,Entrada,N,4,BLVD VALDES SANCHEZ Y (PLANTA LEAR),H2,16:30,16:35,-5,1,0
10/05/2026,LOMA LINDA - URDIÑOLA,Entrada,N,4,BLVD VALDES SANCHEZ Y (PLANTA LEAR),H3,20:00,,,,
10/05/2026,LOMA LINDA - URDIÑOLA,Entrada,N,4,BLVD VALDES SANCHEZ Y (PLANTA LEAR),H4,20:30,,,,
10/05/2026,LOMA LINDA - URDIÑOLA,Entrada,N,5,STA. GERTRUDIS Y STA. CECILIA (DEL ACUEDUCTO),H1,04:32,04:29,3,1,0
10/05/2026,LOMA LINDA - URDIÑOLA,Entrada,N,5,STA. GERTRUDIS Y STA. CECILIA (DEL ACUEDUCTO),H2,16:32,16:31,1,1,0
10/05/2026,LOMA LINDA - URDIÑOLA,Entrada,N,5,STA. GERTRUDIS Y STA. CECILIA (DEL ACUEDUCTO),H3,20:02,,,,
10/05/2026,LOMA LINDA - URDIÑOLA,Entrada,N,5,STA. GERTRUDIS Y STA. CECILIA (DEL ACUEDUCTO),H4,20:32,,,,
10/05/2026,LOMA LINDA - URDIÑOLA,Entrada,N,6,DEPOSITO DE AGUA FRACC PLAZA,H1,04:35,04:37,-2,1,0
10/05/2026,LOMA LINDA - URDIÑOLA,Entrada,N,6,DEPOSITO DE AGUA FRACC PLAZA,H2,16:35,16:40,-5,1,0
10/05/2026,LOMA LINDA - URDIÑOLA,Entrada,N,6,DEPOSITO DE AGUA FRACC PLAZA,H3,20:05,,,,
10/05/2026,LOMA LINDA - URDIÑOLA,Entrada,N,6,DEPOSITO DE AGUA FRACC PLAZA,H4,20:35,,,,
10/05/2026,LOMA LINDA - URDIÑOLA,Entrada,N,7,BLVD VALDES SANCHEZ Y BLVD MINERIA,H1,04:40,04:40,0,1,0
10/05/2026,LOMA LINDA - URDIÑOLA,Entrada,N,7,BLVD VALDES SANCHEZ Y BLVD MINERIA,H2,16:40,16:44,-4,1,0
10/05/2026,LOMA LINDA - URDIÑOLA,Entrada,N,7,BLVD VALDES SANCHEZ Y BLVD MINERIA,H3,20:10,,,,
10/05/2026,LOMA LINDA - URDIÑOLA,Entrada,N,7,BLVD VALDES SANCHEZ Y BLVD MINERIA,H4,20:40,,,,
10/05/2026,LOMA LINDA - URDIÑOLA,Entrada,N,8,REFORMA Y URDIÑOLA,H1,04:50,04:49,1,1,0
10/05/2026,LOMA LINDA - URDIÑOLA,Entrada,N,8,REFORMA Y URDIÑOLA,H2,16:50,16:52,-2,1,0
10/05/2026,LOMA LINDA - URDIÑOLA,Entrada,N,8,REFORMA Y URDIÑOLA,H3,20:20,,,,
10/05/2026,LOMA LINDA - URDIÑOLA,Entrada,N,8,REFORMA Y URDIÑOLA,H4,20:50,,,,
10/05/2026,LOMA LINDA - URDIÑOLA,Entrada,N,9,PROL. URDIÑOLA Y J. MERY,H1,04:55,04:56,-1,1,0
10/05/2026,LOMA LINDA - URDIÑOLA,Entrada,N,9,PROL. URDIÑOLA Y J. MERY,H2,16:55,17:01,-6,1,0
10/05/2026,LOMA LINDA - URDIÑOLA,Entrada,N,9,PROL. URDIÑOLA Y J. MERY,H3,20:25,,,,
10/05/2026,LOMA LINDA - URDIÑOLA,Entrada,N,9,PROL. URDIÑOLA Y J. MERY,H4,20:55,,,,
10/05/2026,LOMA LINDA - URDIÑOLA,Entrada,N,10,PROL URDIÑOLA Y PERIFERICO LEA,H1,05:00,05:01,-1,1,0
10/05/2026,LOMA LINDA - URDIÑOLA,Entrada,N,10,PROL URDIÑOLA Y PERIFERICO LEA,H2,17:00,17:11,-11,1,0
10/05/2026,LOMA LINDA - URDIÑOLA,Entrada,N,10,PROL URDIÑOLA Y PERIFERICO LEA,H3,20:30,,,,
10/05/2026,LOMA LINDA - URDIÑOLA,Entrada,N,10,PROL URDIÑOLA Y PERIFERICO LEA,H4,21:00,,,,
10/05/2026,LOMA LINDA - URDIÑOLA,Entrada,N,11,BLVD ANTONIO CARDENAS Y TEODORO SANCHEZ,H1,05:10,05:14,-4,1,0
10/05/2026,LOMA LINDA - URDIÑOLA,Entrada,N,11,BLVD ANTONIO CARDENAS Y TEODORO SANCHEZ,H2,17:10,17:23,-13,1,0
10/05/2026,LOMA LINDA - URDIÑOLA,Entrada,N,11,BLVD ANTONIO CARDENAS Y TEODORO SANCHEZ,H3,20:40,,,,
10/05/2026,LOMA LINDA - URDIÑOLA,Entrada,N,11,BLVD ANTONIO CARDENAS Y TEODORO SANCHEZ,H4,21:10,,,,
10/05/2026,LOMA LINDA - URDIÑOLA,Entrada,N,12,BLVD SANTA ELENA Y GUACALI,H1,05:20,05:22,-2,1,0
10/05/2026,LOMA LINDA - URDIÑOLA,Entrada,N,12,BLVD SANTA ELENA Y GUACALI,H2,17:20,17:41,-21,1,0
10/05/2026,LOMA LINDA - URDIÑOLA,Entrada,N,12,BLVD SANTA ELENA Y GUACALI,H3,20:50,,,,
10/05/2026,LOMA LINDA - URDIÑOLA,Entrada,N,12,BLVD SANTA ELENA Y GUACALI,H4,21:20,,,,
10/05/2026,LOMA LINDA - URDIÑOLA,Entrada,N,13,CARR. SALTILLO-ZACATECAS,H1,05:25,05:26,-1,1,0
10/05/2026,LOMA LINDA - URDIÑOLA,Entrada,N,13,CARR. SALTILLO-ZACATECAS,H2,17:25,17:42,-17,1,0
10/05/2026,LOMA LINDA - URDIÑOLA,Entrada,N,13,CARR. SALTILLO-ZACATECAS,H3,20:55,,,,
10/05/2026,LOMA LINDA - URDIÑOLA,Entrada,N,13,CARR. SALTILLO-ZACATECAS,H4,21:25,,,,
10/05/2026,LOMA LINDA - URDIÑOLA,Entrada,N,14,METALSA,H1,05:50,05:44,6,1,0
10/05/2026,LOMA LINDA - URDIÑOLA,Entrada,N,14,METALSA,H2,17:50,17:56,-6,1,0
10/05/2026,LOMA LINDA - URDIÑOLA,Entrada,N,14,METALSA,H3,21:20,,,,
10/05/2026,LOMA LINDA - URDIÑOLA,Entrada,N,14,METALSA,H4,21:50,,,,
10/05/2026,LOMA LINDA - URDIÑOLA,Salida,N,1,METALSA,H1,06:15,,,,
10/05/2026,LOMA LINDA - URDIÑOLA,Salida,N,1,METALSA,H2,15:30,,,,
10/05/2026,LOMA LINDA - URDIÑOLA,Salida,N,1,METALSA,H3,18:15,18:13,2,1,0
10/05/2026,LOMA LINDA - URDIÑOLA,Salida,N,2,CARR. SALTILLO-ZACATECAS,H1,06:29,,,,
10/05/2026,LOMA LINDA - URDIÑOLA,Salida,N,2,CARR. SALTILLO-ZACATECAS,H2,15:59,,,,
10/05/2026,LOMA LINDA - URDIÑOLA,Salida,N,2,CARR. SALTILLO-ZACATECAS,H3,18:29,,,,
10/05/2026,LOMA LINDA - URDIÑOLA,Salida,N,3,BLVD SANTA ELENA Y GUACALI,H1,06:30,06:29,1,1,0
10/05/2026,LOMA LINDA - URDIÑOLA,Salida,N,3,BLVD SANTA ELENA Y GUACALI,H2,16:00,,,,
10/05/2026,LOMA LINDA - URDIÑOLA,Salida,N,3,BLVD SANTA ELENA Y GUACALI,H3,18:30,18:38,-8,1,0
10/05/2026,LOMA LINDA - URDIÑOLA,Salida,N,4,BLVD ANTONIO CARDENAS Y TEODORO SANCHEZ,H1,06:31,,,,
10/05/2026,LOMA LINDA - URDIÑOLA,Salida,N,4,BLVD ANTONIO CARDENAS Y TEODORO SANCHEZ,H2,16:01,,,,
10/05/2026,LOMA LINDA - URDIÑOLA,Salida,N,4,BLVD ANTONIO CARDENAS Y TEODORO SANCHEZ,H3,18:31,,,,
10/05/2026,LOMA LINDA - URDIÑOLA,Salida,N,5,PROL URDIÑOLA Y PERIFERICO LEA,H1,06:32,,,,
10/05/2026,LOMA LINDA - URDIÑOLA,Salida,N,5,PROL URDIÑOLA Y PERIFERICO LEA,H2,16:02,,,,
10/05/2026,LOMA LINDA - URDIÑOLA,Salida,N,5,PROL URDIÑOLA Y PERIFERICO LEA,H3,18:32,,,,
10/05/2026,LOMA LINDA - URDIÑOLA,Salida,N,6,PROL. URDIÑOLA Y J. MERY,H1,06:33,,,,
10/05/2026,LOMA LINDA - URDIÑOLA,Salida,N,6,PROL. URDIÑOLA Y J. MERY,H2,16:03,,,,
10/05/2026,LOMA LINDA - URDIÑOLA,Salida,N,6,PROL. URDIÑOLA Y J. MERY,H3,18:33,,,,
10/05/2026,LOMA LINDA - URDIÑOLA,Salida,N,7,REFORMA Y URDIÑOLA,H1,06:34,,,,
10/05/2026,LOMA LINDA - URDIÑOLA,Salida,N,7,REFORMA Y URDIÑOLA,H2,16:04,,,,
10/05/2026,LOMA LINDA - URDIÑOLA,Salida,N,7,REFORMA Y URDIÑOLA,H3,18:34,19:11,-37,1,0
10/05/2026,LOMA LINDA - URDIÑOLA,Salida,N,8,BLVD VALDES SANCHEZ Y BLVD MINERIA,H1,06:55,,,,
10/05/2026,LOMA LINDA - URDIÑOLA,Salida,N,8,BLVD VALDES SANCHEZ Y BLVD MINERIA,H2,16:10,,,,
10/05/2026,LOMA LINDA - URDIÑOLA,Salida,N,8,BLVD VALDES SANCHEZ Y BLVD MINERIA,H3,18:55,,,,
10/05/2026,LOMA LINDA - URDIÑOLA,Salida,N,9,DEPOSITO DE AGUA FRACC PLAZA,H1,07:00,,,,
10/05/2026,LOMA LINDA - URDIÑOLA,Salida,N,9,DEPOSITO DE AGUA FRACC PLAZA,H2,16:15,,,,
10/05/2026,LOMA LINDA - URDIÑOLA,Salida,N,9,DEPOSITO DE AGUA FRACC PLAZA,H3,19:00,,,,
10/05/2026,LOMA LINDA - URDIÑOLA,Salida,N,10,BLVD VALDES SANCHEZ Y (PLANTA LEAR),H1,07:05,,,,
10/05/2026,LOMA LINDA - URDIÑOLA,Salida,N,10,BLVD VALDES SANCHEZ Y (PLANTA LEAR),H2,16:20,,,,
10/05/2026,LOMA LINDA - URDIÑOLA,Salida,N,10,BLVD VALDES SANCHEZ Y (PLANTA LEAR),H3,19:05,,,,
10/05/2026,LOMA LINDA - URDIÑOLA,Salida,N,11,BLVD SANTA LUCIA Y BLVD FUNDADORES,H1,07:15,,,,
10/05/2026,LOMA LINDA - URDIÑOLA,Salida,N,11,BLVD SANTA LUCIA Y BLVD FUNDADORES,H2,16:30,,,,
10/05/2026,LOMA LINDA - URDIÑOLA,Salida,N,11,BLVD SANTA LUCIA Y BLVD FUNDADORES,H3,19:15,,,,
10/05/2026,LOMA LINDA - URDIÑOLA,Salida,N,12,BLVD SANTA LUCIA Y CALLE 7,H1,07:16,,,,
10/05/2026,LOMA LINDA - URDIÑOLA,Salida,N,12,BLVD SANTA LUCIA Y CALLE 7,H2,16:31,,,,
10/05/2026,LOMA LINDA - URDIÑOLA,Salida,N,12,BLVD SANTA LUCIA Y CALLE 7,H3,19:16,,,,
10/05/2026,LOMA LINDA - URDIÑOLA,Salida,N,13,MEZQUITE Y NUECES,H1,07:25,,,,
10/05/2026,LOMA LINDA - URDIÑOLA,Salida,N,13,MEZQUITE Y NUECES,H2,16:40,,,,
10/05/2026,LOMA LINDA - URDIÑOLA,Salida,N,13,MEZQUITE Y NUECES,H3,19:25,,,,
10/05/2026,LOMA LINDA - URDIÑOLA,Salida,N,14,MEZQUITE Y GORDOLOBO,H1,07:30,07:06,24,1,0
10/05/2026,LOMA LINDA - URDIÑOLA,Salida,N,14,MEZQUITE Y GORDOLOBO,H2,16:45,,,,
10/05/2026,LOMA LINDA - URDIÑOLA,Salida,N,14,MEZQUITE Y GORDOLOBO,H3,19:30,19:36,-6,1,0
10/05/2026,LOS HOYOS - MACUYU,Entrada,A,1,LOS HOYOS,H1,03:20,,,,
10/05/2026,LOS HOYOS - MACUYU,Entrada,A,1,LOS HOYOS,H2,15:20,,,,
10/05/2026,LOS HOYOS - MACUYU,Entrada,A,1,LOS HOYOS,H3,18:50,,,,
10/05/2026,LOS HOYOS - MACUYU,Entrada,A,1,LOS HOYOS,H4,19:20,,,,
10/05/2026,LOS HOYOS - MACUYU,Entrada,A,2,HUARICHE,H1,03:38,,,,
10/05/2026,LOS HOYOS - MACUYU,Entrada,A,2,HUARICHE,H2,15:38,,,,
10/05/2026,LOS HOYOS - MACUYU,Entrada,A,2,HUARICHE,H3,19:08,,,,
10/05/2026,LOS HOYOS - MACUYU,Entrada,A,2,HUARICHE,H4,19:38,,,,
10/05/2026,LOS HOYOS - MACUYU,Entrada,A,3,PRESA DE GUADALUPE,H1,04:08,,,,
10/05/2026,LOS HOYOS - MACUYU,Entrada,A,3,PRESA DE GUADALUPE,H2,16:08,,,,
10/05/2026,LOS HOYOS - MACUYU,Entrada,A,3,PRESA DE GUADALUPE,H3,19:38,,,,
10/05/2026,LOS HOYOS - MACUYU,Entrada,A,3,PRESA DE GUADALUPE,H4,20:08,,,,
10/05/2026,LOS HOYOS - MACUYU,Entrada,A,4,MACUYU,H1,04:14,,,,
10/05/2026,LOS HOYOS - MACUYU,Entrada,A,4,MACUYU,H2,16:14,,,,
10/05/2026,LOS HOYOS - MACUYU,Entrada,A,4,MACUYU,H3,19:44,,,,
10/05/2026,LOS HOYOS - MACUYU,Entrada,A,4,MACUYU,H4,20:14,,,,
10/05/2026,LOS HOYOS - MACUYU,Entrada,A,5,DOS DE ABRIL,H1,04:24,,,,
10/05/2026,LOS HOYOS - MACUYU,Entrada,A,5,DOS DE ABRIL,H2,16:24,,,,
10/05/2026,LOS HOYOS - MACUYU,Entrada,A,5,DOS DE ABRIL,H3,19:54,,,,
10/05/2026,LOS HOYOS - MACUYU,Entrada,A,5,DOS DE ABRIL,H4,20:24,,,,
10/05/2026,LOS HOYOS - MACUYU,Entrada,A,6,LA PAZ,H1,04:50,,,,
10/05/2026,LOS HOYOS - MACUYU,Entrada,A,6,LA PAZ,H2,16:50,,,,
10/05/2026,LOS HOYOS - MACUYU,Entrada,A,6,LA PAZ,H3,20:20,,,,
10/05/2026,LOS HOYOS - MACUYU,Entrada,A,6,LA PAZ,H4,20:50,,,,
10/05/2026,LOS HOYOS - MACUYU,Entrada,A,7,DERRAMADERO,H1,05:08,,,,
10/05/2026,LOS HOYOS - MACUYU,Entrada,A,7,DERRAMADERO,H2,17:08,,,,
10/05/2026,LOS HOYOS - MACUYU,Entrada,A,7,DERRAMADERO,H3,20:38,,,,
10/05/2026,LOS HOYOS - MACUYU,Entrada,A,7,DERRAMADERO,H4,21:08,,,,
10/05/2026,LOS HOYOS - MACUYU,Entrada,A,8,METALSA,H1,05:50,05:46,4,1,0
10/05/2026,LOS HOYOS - MACUYU,Entrada,A,8,METALSA,H2,17:50,,,,
10/05/2026,LOS HOYOS - MACUYU,Entrada,A,8,METALSA,H3,21:20,,,,
10/05/2026,LOS HOYOS - MACUYU,Entrada,A,8,METALSA,H4,21:50,,,,
10/05/2026,LOS HOYOS - MACUYU,Salida,N,1,METALSA,H1,15:30,,,,
10/05/2026,LOS HOYOS - MACUYU,Salida,N,1,METALSA,H2,06:15,06:16,-1,1,0
10/05/2026,LOS HOYOS - MACUYU,Salida,N,1,METALSA,H3,18:15,18:16,-1,1,0
10/05/2026,LOS HOYOS - MACUYU,Salida,N,2,DERRAMADERO,H1,15:41,,,,
10/05/2026,LOS HOYOS - MACUYU,Salida,N,2,DERRAMADERO,H2,06:26,06:44,-18,1,0
10/05/2026,LOS HOYOS - MACUYU,Salida,N,2,DERRAMADERO,H3,18:26,,,,
10/05/2026,LOS HOYOS - MACUYU,Salida,N,3,LA PAZ,H1,15:42,,,,
10/05/2026,LOS HOYOS - MACUYU,Salida,N,3,LA PAZ,H2,06:27,07:05,-38,1,0
10/05/2026,LOS HOYOS - MACUYU,Salida,N,3,LA PAZ,H3,18:27,19:04,-37,1,0
10/05/2026,LOS HOYOS - MACUYU,Salida,N,4,DOS DE ABRIL,H1,15:44,,,,
10/05/2026,LOS HOYOS - MACUYU,Salida,N,4,DOS DE ABRIL,H2,06:29,07:30,-61,1,0
10/05/2026,LOS HOYOS - MACUYU,Salida,N,4,DOS DE ABRIL,H3,18:29,19:30,-61,1,0
10/05/2026,LOS HOYOS - MACUYU,Salida,N,5,MACUYU,H1,15:45,,,,
10/05/2026,LOS HOYOS - MACUYU,Salida,N,5,MACUYU,H2,06:30,07:38,-68,1,0
10/05/2026,LOS HOYOS - MACUYU,Salida,N,5,MACUYU,H3,18:30,19:35,-65,1,0
10/05/2026,LOS HOYOS - MACUYU,Salida,N,6,PRESA DE GUADALUPE,H1,16:00,,,,
10/05/2026,LOS HOYOS - MACUYU,Salida,N,6,PRESA DE GUADALUPE,H2,06:31,07:47,-76,1,0
10/05/2026,LOS HOYOS - MACUYU,Salida,N,6,PRESA DE GUADALUPE,H3,18:35,19:40,-65,1,0
10/05/2026,LOS HOYOS - MACUYU,Salida,N,7,HUARICHE,H1,17:18,,,,
10/05/2026,LOS HOYOS - MACUYU,Salida,N,7,HUARICHE,H2,08:03,,,,
10/05/2026,LOS HOYOS - MACUYU,Salida,N,7,HUARICHE,H3,20:03,,,,
10/05/2026,LOS HOYOS - MACUYU,Salida,N,8,LOS HOYOS,H1,17:30,,,,
10/05/2026,LOS HOYOS - MACUYU,Salida,N,8,LOS HOYOS,H2,08:15,,,,
10/05/2026,LOS HOYOS - MACUYU,Salida,N,8,LOS HOYOS,H3,20:15,,,,
10/05/2026,OTILIO,Entrada,N,1,CALLE 23 Y CALLE 16,H1,04:25,04:25,0,1,0
10/05/2026,OTILIO,Entrada,N,1,CALLE 23 Y CALLE 16,H2,16:25,16:25,0,1,0
10/05/2026,OTILIO,Entrada,N,1,CALLE 23 Y CALLE 16,H3,19:55,,,,
10/05/2026,OTILIO,Entrada,N,1,CALLE 23 Y CALLE 16,H4,20:25,,,,
10/05/2026,OTILIO,Entrada,N,2,MARMOL Y EMILIANO ZAPATA,H1,04:27,04:32,-5,1,0
10/05/2026,OTILIO,Entrada,N,2,MARMOL Y EMILIANO ZAPATA,H2,16:27,16:31,-4,1,0
10/05/2026,OTILIO,Entrada,N,2,MARMOL Y EMILIANO ZAPATA,H3,19:57,,,,
10/05/2026,OTILIO,Entrada,N,2,MARMOL Y EMILIANO ZAPATA,H4,20:27,,,,
10/05/2026,OTILIO,Entrada,N,3,LIBERTAD Y OTILIO,H1,04:31,04:36,-5,1,0
10/05/2026,OTILIO,Entrada,N,3,LIBERTAD Y OTILIO,H2,16:31,16:35,-4,1,0
10/05/2026,OTILIO,Entrada,N,3,LIBERTAD Y OTILIO,H3,20:01,,,,
10/05/2026,OTILIO,Entrada,N,3,LIBERTAD Y OTILIO,H4,20:31,,,,
10/05/2026,OTILIO,Entrada,N,4,ONCEAVA Y ESCUADRON DE LA AVIACION,H1,04:42,04:43,-1,1,0
10/05/2026,OTILIO,Entrada,N,4,ONCEAVA Y ESCUADRON DE LA AVIACION,H2,16:42,16:44,-2,1,0
10/05/2026,OTILIO,Entrada,N,4,ONCEAVA Y ESCUADRON DE LA AVIACION,H3,20:12,,,,
10/05/2026,OTILIO,Entrada,N,4,ONCEAVA Y ESCUADRON DE LA AVIACION,H4,20:42,,,,
10/05/2026,OTILIO,Entrada,N,5,BLVD JUAREZ Y MIGUEL HIDALGO,H1,04:52,04:53,-1,1,0
10/05/2026,OTILIO,Entrada,N,5,BLVD JUAREZ Y MIGUEL HIDALGO,H2,16:52,16:54,-2,1,0
10/05/2026,OTILIO,Entrada,N,5,BLVD JUAREZ Y MIGUEL HIDALGO,H3,20:22,,,,
10/05/2026,OTILIO,Entrada,N,5,BLVD JUAREZ Y MIGUEL HIDALGO,H4,20:52,,,,
10/05/2026,OTILIO,Entrada,N,6,IGNACIO ALLENDE Y CALLE 13,H1,04:58,04:57,1,1,0
10/05/2026,OTILIO,Entrada,N,6,IGNACIO ALLENDE Y CALLE 13,H2,16:58,16:58,0,1,0
10/05/2026,OTILIO,Entrada,N,6,IGNACIO ALLENDE Y CALLE 13,H3,20:28,,,,
10/05/2026,OTILIO,Entrada,N,6,IGNACIO ALLENDE Y CALLE 13,H4,20:58,,,,
10/05/2026,OTILIO,Entrada,N,7,LOMAS DE LOURDES Y LUIS PASTEUR,H1,05:06,05:04,2,1,0
10/05/2026,OTILIO,Entrada,N,7,LOMAS DE LOURDES Y LUIS PASTEUR,H2,17:06,17:05,1,1,0
10/05/2026,OTILIO,Entrada,N,7,LOMAS DE LOURDES Y LUIS PASTEUR,H3,20:36,,,,
10/05/2026,OTILIO,Entrada,N,7,LOMAS DE LOURDES Y LUIS PASTEUR,H4,21:06,,,,
10/05/2026,OTILIO,Entrada,N,8,CARR. SALTILLO-ZACATECAS,H1,05:15,,,,
10/05/2026,OTILIO,Entrada,N,8,CARR. SALTILLO-ZACATECAS,H2,17:15,,,,
10/05/2026,OTILIO,Entrada,N,8,CARR. SALTILLO-ZACATECAS,H3,20:45,,,,
10/05/2026,OTILIO,Entrada,N,8,CARR. SALTILLO-ZACATECAS,H4,21:15,,,,
10/05/2026,OTILIO,Entrada,N,9,METALSA,H1,05:50,05:36,14,1,0
10/05/2026,OTILIO,Entrada,N,9,METALSA,H2,17:50,17:29,21,1,0
10/05/2026,OTILIO,Entrada,N,9,METALSA,H3,21:20,,,,
10/05/2026,OTILIO,Entrada,N,9,METALSA,H4,21:50,,,,
10/05/2026,OTILIO,Salida,N,1,METALSA,H1,06:15,,,,
10/05/2026,OTILIO,Salida,N,1,METALSA,H2,15:30,,,,
10/05/2026,OTILIO,Salida,N,1,METALSA,H3,18:15,,,,
10/05/2026,OTILIO,Salida,N,2,CARR. SALTILLO-ZACATECAS,H1,06:50,,,,
10/05/2026,OTILIO,Salida,N,2,CARR. SALTILLO-ZACATECAS,H2,16:05,,,,
10/05/2026,OTILIO,Salida,N,2,CARR. SALTILLO-ZACATECAS,H3,18:50,,,,
10/05/2026,OTILIO,Salida,N,3,LOMAS DE LOURDES Y LUIS PASTEUR,H1,06:59,,,,
10/05/2026,OTILIO,Salida,N,3,LOMAS DE LOURDES Y LUIS PASTEUR,H2,16:14,,,,
10/05/2026,OTILIO,Salida,N,3,LOMAS DE LOURDES Y LUIS PASTEUR,H3,18:59,,,,
10/05/2026,OTILIO,Salida,N,4,IGNACIO ALLENDE Y CALLE 13,H1,07:07,,,,
10/05/2026,OTILIO,Salida,N,4,IGNACIO ALLENDE Y CALLE 13,H2,16:22,,,,
10/05/2026,OTILIO,Salida,N,4,IGNACIO ALLENDE Y CALLE 13,H3,19:07,,,,
10/05/2026,OTILIO,Salida,N,5,BLVD JUAREZ Y MIGUEL HIDALGO,H1,07:13,,,,
10/05/2026,OTILIO,Salida,N,5,BLVD JUAREZ Y MIGUEL HIDALGO,H2,16:28,,,,
10/05/2026,OTILIO,Salida,N,5,BLVD JUAREZ Y MIGUEL HIDALGO,H3,19:13,,,,
10/05/2026,OTILIO,Salida,N,6,ONCEAVA Y ESCUADRON DE LA AVIACION,H1,07:23,,,,
10/05/2026,OTILIO,Salida,N,6,ONCEAVA Y ESCUADRON DE LA AVIACION,H2,16:38,,,,
10/05/2026,OTILIO,Salida,N,6,ONCEAVA Y ESCUADRON DE LA AVIACION,H3,19:23,,,,
10/05/2026,OTILIO,Salida,N,7,LIBERTAD Y OTILIO,H1,07:34,,,,
10/05/2026,OTILIO,Salida,N,7,LIBERTAD Y OTILIO,H2,16:49,,,,
10/05/2026,OTILIO,Salida,N,7,LIBERTAD Y OTILIO,H3,19:34,,,,
10/05/2026,OTILIO,Salida,N,8,MARMOL Y EMILIANO ZAPATA,H1,07:38,,,,
10/05/2026,OTILIO,Salida,N,8,MARMOL Y EMILIANO ZAPATA,H2,16:53,,,,
10/05/2026,OTILIO,Salida,N,8,MARMOL Y EMILIANO ZAPATA,H3,19:38,,,,
10/05/2026,OTILIO,Salida,N,9,CALLE 23 Y CALLE 16,H1,07:40,,,,
10/05/2026,OTILIO,Salida,N,9,CALLE 23 Y CALLE 16,H2,16:55,,,,
10/05/2026,OTILIO,Salida,N,9,CALLE 23 Y CALLE 16,H3,19:40,,,,
10/05/2026,PARRAS CASETA,Entrada,A,1,RAMOS ARIZPE (PLAZA DEL RELOJ),H1,18:30,,,,
10/05/2026,PARRAS CASETA,Entrada,A,1,RAMOS ARIZPE (PLAZA DEL RELOJ),H2,03:00,,,,
10/05/2026,PARRAS CASETA,Entrada,A,1,RAMOS ARIZPE (PLAZA DEL RELOJ),H3,15:00,,,,
10/05/2026,PARRAS CASETA,Entrada,A,1,RAMOS ARIZPE (PLAZA DEL RELOJ),H4,19:00,,,,
10/05/2026,PARRAS CASETA,Entrada,A,2,HEROICO COLEGIO MILITAR Y MELCHOR OCAMPO (ALAMEDA),H1,18:32,,,,
10/05/2026,PARRAS CASETA,Entrada,A,2,HEROICO COLEGIO MILITAR Y MELCHOR OCAMPO (ALAMEDA),H2,03:02,,,,
10/05/2026,PARRAS CASETA,Entrada,A,2,HEROICO COLEGIO MILITAR Y MELCHOR OCAMPO (ALAMEDA),H3,15:02,,,,
10/05/2026,PARRAS CASETA,Entrada,A,2,HEROICO COLEGIO MILITAR Y MELCHOR OCAMPO (ALAMEDA),H4,19:02,,,,
10/05/2026,PARRAS CASETA,Entrada,A,3,FALCON Y FCO SARABIA (TORTILLERIA 4 CAMINO),H1,18:40,,,,
10/05/2026,PARRAS CASETA,Entrada,A,3,FALCON Y FCO SARABIA (TORTILLERIA 4 CAMINO),H2,03:10,,,,
10/05/2026,PARRAS CASETA,Entrada,A,3,FALCON Y FCO SARABIA (TORTILLERIA 4 CAMINO),H3,15:10,,,,
10/05/2026,PARRAS CASETA,Entrada,A,3,FALCON Y FCO SARABIA (TORTILLERIA 4 CAMINO),H4,19:10,,,,
10/05/2026,PARRAS CASETA,Entrada,A,4,OSCAR FLORES TAPIA y JAVIER MINA,H1,18:45,,,,
10/05/2026,PARRAS CASETA,Entrada,A,4,OSCAR FLORES TAPIA y JAVIER MINA,H2,03:15,,,,
10/05/2026,PARRAS CASETA,Entrada,A,4,OSCAR FLORES TAPIA y JAVIER MINA,H3,15:15,,,,
10/05/2026,PARRAS CASETA,Entrada,A,4,OSCAR FLORES TAPIA y JAVIER MINA,H4,19:15,,,,
10/05/2026,PARRAS CASETA,Entrada,A,5,CALZADA DEL MARQUEZ (OXXO GAS),H1,18:50,,,,
10/05/2026,PARRAS CASETA,Entrada,A,5,CALZADA DEL MARQUEZ (OXXO GAS),H2,03:20,,,,
10/05/2026,PARRAS CASETA,Entrada,A,5,CALZADA DEL MARQUEZ (OXXO GAS),H3,15:20,,,,
10/05/2026,PARRAS CASETA,Entrada,A,5,CALZADA DEL MARQUEZ (OXXO GAS),H4,19:20,,,,
10/05/2026,PARRAS CASETA,Entrada,A,6,16 DE SEPTIEMBRE (FABRICA DICKIES),H1,18:57,,,,
10/05/2026,PARRAS CASETA,Entrada,A,6,16 DE SEPTIEMBRE (FABRICA DICKIES),H2,03:27,,,,
10/05/2026,PARRAS CASETA,Entrada,A,6,16 DE SEPTIEMBRE (FABRICA DICKIES),H3,15:27,,,,
10/05/2026,PARRAS CASETA,Entrada,A,6,16 DE SEPTIEMBRE (FABRICA DICKIES),H4,19:27,,,,
10/05/2026,PARRAS CASETA,Entrada,A,7,EJIDO 28 AGOSTO,H1,19:25,,,,
10/05/2026,PARRAS CASETA,Entrada,A,7,EJIDO 28 AGOSTO,H2,03:55,,,,
10/05/2026,PARRAS CASETA,Entrada,A,7,EJIDO 28 AGOSTO,H3,15:55,,,,
10/05/2026,PARRAS CASETA,Entrada,A,7,EJIDO 28 AGOSTO,H4,19:55,,,,
10/05/2026,PARRAS CASETA,Entrada,A,8,KM 42,H1,19:45,,,,
10/05/2026,PARRAS CASETA,Entrada,A,8,KM 42,H2,04:15,,,,
10/05/2026,PARRAS CASETA,Entrada,A,8,KM 42,H3,16:15,,,,
10/05/2026,PARRAS CASETA,Entrada,A,8,KM 42,H4,20:15,,,,
10/05/2026,PARRAS CASETA,Entrada,A,9,EJIDO JALPA,H1,19:50,,,,
10/05/2026,PARRAS CASETA,Entrada,A,9,EJIDO JALPA,H2,04:20,,,,
10/05/2026,PARRAS CASETA,Entrada,A,9,EJIDO JALPA,H3,16:20,,,,
10/05/2026,PARRAS CASETA,Entrada,A,9,EJIDO JALPA,H4,20:20,,,,
10/05/2026,PARRAS CASETA,Entrada,A,10,METALSA,H1,21:20,,,,
10/05/2026,PARRAS CASETA,Entrada,A,10,METALSA,H2,05:50,,,,
10/05/2026,PARRAS CASETA,Entrada,A,10,METALSA,H3,17:50,,,,
10/05/2026,PARRAS CASETA,Entrada,A,10,METALSA,H4,21:50,,,,
10/05/2026,PARRAS CASETA,Salida,N,1,METALSA,H1,15:30,,,,
10/05/2026,PARRAS CASETA,Salida,N,1,METALSA,H2,06:15,06:19,-4,1,0
10/05/2026,PARRAS CASETA,Salida,N,1,METALSA,H3,18:15,,,,
10/05/2026,PARRAS CASETA,Salida,N,2,EJIDO PAILA,H1,15:45,,,,
10/05/2026,PARRAS CASETA,Salida,N,2,EJIDO PAILA,H2,06:30,,,,
10/05/2026,PARRAS CASETA,Salida,N,2,EJIDO PAILA,H3,18:30,,,,
10/05/2026,PARRAS CASETA,Salida,N,3,KM 42,H1,15:50,,,,
10/05/2026,PARRAS CASETA,Salida,N,3,KM 42,H2,06:35,,,,
10/05/2026,PARRAS CASETA,Salida,N,3,KM 42,H3,18:35,,,,
10/05/2026,PARRAS CASETA,Salida,N,4,EJIDO 28 AGOSTO,H1,17:10,,,,
10/05/2026,PARRAS CASETA,Salida,N,4,EJIDO 28 AGOSTO,H2,07:55,,,,
10/05/2026,PARRAS CASETA,Salida,N,4,EJIDO 28 AGOSTO,H3,19:55,,,,
10/05/2026,PARRAS CASETA,Salida,N,5,16 DE SEPTIEMBRE (FABRICA DICKIES),H1,17:45,,,,
10/05/2026,PARRAS CASETA,Salida,N,5,16 DE SEPTIEMBRE (FABRICA DICKIES),H2,08:30,,,,
10/05/2026,PARRAS CASETA,Salida,N,5,16 DE SEPTIEMBRE (FABRICA DICKIES),H3,20:30,,,,
10/05/2026,PARRAS CASETA,Salida,N,6,CALZADA DEL MARQUEZ (OXXO GAS),H1,17:55,,,,
10/05/2026,PARRAS CASETA,Salida,N,6,CALZADA DEL MARQUEZ (OXXO GAS),H2,08:40,,,,
10/05/2026,PARRAS CASETA,Salida,N,6,CALZADA DEL MARQUEZ (OXXO GAS),H3,20:40,20:34,6,1,0
10/05/2026,PARRAS CASETA,Salida,N,7,OSCAR FLORES TAPIA y JAVIER MINA,H1,18:00,,,,
10/05/2026,PARRAS CASETA,Salida,N,7,OSCAR FLORES TAPIA y JAVIER MINA,H2,08:45,,,,
10/05/2026,PARRAS CASETA,Salida,N,7,OSCAR FLORES TAPIA y JAVIER MINA,H3,20:45,20:41,4,1,0
10/05/2026,PARRAS CASETA,Salida,N,8,FALCON Y FCO SARABIA (TORTILLERIA 4 CAMINO),H1,18:05,,,,
10/05/2026,PARRAS CASETA,Salida,N,8,FALCON Y FCO SARABIA (TORTILLERIA 4 CAMINO),H2,08:50,,,,
10/05/2026,PARRAS CASETA,Salida,N,8,FALCON Y FCO SARABIA (TORTILLERIA 4 CAMINO),H3,20:50,,,,
10/05/2026,PARRAS CASETA,Salida,N,9,HEROICO COLEGIO MILITAR Y MELCHOR OCAMPO (ALAMEDA),H1,18:18,,,,
10/05/2026,PARRAS CASETA,Salida,N,9,HEROICO COLEGIO MILITAR Y MELCHOR OCAMPO (ALAMEDA),H2,09:03,08:40,23,1,0
10/05/2026,PARRAS CASETA,Salida,N,9,HEROICO COLEGIO MILITAR Y MELCHOR OCAMPO (ALAMEDA),H3,21:03,,,,
10/05/2026,PARRAS CASETA,Salida,N,10,RAMOS ARIZPE (PLAZA DEL RELOJ),H1,18:20,,,,
10/05/2026,PARRAS CASETA,Salida,N,10,RAMOS ARIZPE (PLAZA DEL RELOJ),H2,09:05,,,,
10/05/2026,PARRAS CASETA,Salida,N,10,RAMOS ARIZPE (PLAZA DEL RELOJ),H3,21:05,,,,
10/05/2026,PARRAS LIBRE,Entrada,A,1,TACUBATA Y FRANCISCO I MADERO,H1,18:30,,,,
10/05/2026,PARRAS LIBRE,Entrada,A,1,TACUBATA Y FRANCISCO I MADERO,H2,03:00,,,,
10/05/2026,PARRAS LIBRE,Entrada,A,1,TACUBATA Y FRANCISCO I MADERO,H3,03:00,,,,
10/05/2026,PARRAS LIBRE,Entrada,A,1,TACUBATA Y FRANCISCO I MADERO,H4,15:00,,,,
10/05/2026,PARRAS LIBRE,Entrada,A,1,TACUBATA Y FRANCISCO I MADERO,H5,15:00,,,,
10/05/2026,PARRAS LIBRE,Entrada,A,1,TACUBATA Y FRANCISCO I MADERO,H6,19:05,,,,
10/05/2026,PARRAS LIBRE,Entrada,A,2,SANTA CATARINA Y VIESCA,H1,18:36,,,,
10/05/2026,PARRAS LIBRE,Entrada,A,2,SANTA CATARINA Y VIESCA,H2,03:06,,,,
10/05/2026,PARRAS LIBRE,Entrada,A,2,SANTA CATARINA Y VIESCA,H3,03:06,,,,
10/05/2026,PARRAS LIBRE,Entrada,A,2,SANTA CATARINA Y VIESCA,H4,15:06,,,,
10/05/2026,PARRAS LIBRE,Entrada,A,2,SANTA CATARINA Y VIESCA,H5,15:06,,,,
10/05/2026,PARRAS LIBRE,Entrada,A,2,SANTA CATARINA Y VIESCA,H6,19:09,,,,
10/05/2026,PARRAS LIBRE,Entrada,A,3,MANUEL ZAVALA Y MAR DE GALILEA,H1,18:50,,,,
10/05/2026,PARRAS LIBRE,Entrada,A,3,MANUEL ZAVALA Y MAR DE GALILEA,H2,03:20,,,,
10/05/2026,PARRAS LIBRE,Entrada,A,3,MANUEL ZAVALA Y MAR DE GALILEA,H3,03:20,,,,
10/05/2026,PARRAS LIBRE,Entrada,A,3,MANUEL ZAVALA Y MAR DE GALILEA,H4,15:20,,,,
10/05/2026,PARRAS LIBRE,Entrada,A,3,MANUEL ZAVALA Y MAR DE GALILEA,H5,15:20,,,,
10/05/2026,PARRAS LIBRE,Entrada,A,3,MANUEL ZAVALA Y MAR DE GALILEA,H6,19:11,,,,
10/05/2026,PARRAS LIBRE,Entrada,A,4,GENERAL CEPEDA Y RAMOS ARIZPE,H1,18:55,,,,
10/05/2026,PARRAS LIBRE,Entrada,A,4,GENERAL CEPEDA Y RAMOS ARIZPE,H2,03:25,,,,
10/05/2026,PARRAS LIBRE,Entrada,A,4,GENERAL CEPEDA Y RAMOS ARIZPE,H3,03:25,,,,
10/05/2026,PARRAS LIBRE,Entrada,A,4,GENERAL CEPEDA Y RAMOS ARIZPE,H4,15:25,,,,
10/05/2026,PARRAS LIBRE,Entrada,A,4,GENERAL CEPEDA Y RAMOS ARIZPE,H5,15:25,,,,
10/05/2026,PARRAS LIBRE,Entrada,A,4,GENERAL CEPEDA Y RAMOS ARIZPE,H6,19:14,,,,
10/05/2026,PARRAS LIBRE,Entrada,A,5,GENERAL CEPEDA Y COLIMA,H1,19:03,,,,
10/05/2026,PARRAS LIBRE,Entrada,A,5,GENERAL CEPEDA Y COLIMA,H2,03:33,,,,
10/05/2026,PARRAS LIBRE,Entrada,A,5,GENERAL CEPEDA Y COLIMA,H3,03:33,,,,
10/05/2026,PARRAS LIBRE,Entrada,A,5,GENERAL CEPEDA Y COLIMA,H4,15:33,,,,
10/05/2026,PARRAS LIBRE,Entrada,A,5,GENERAL CEPEDA Y COLIMA,H5,15:33,,,,
10/05/2026,PARRAS LIBRE,Entrada,A,5,GENERAL CEPEDA Y COLIMA,H6,19:15,,,,
10/05/2026,PARRAS LIBRE,Entrada,A,6,CAMINO GRAL. CEPEDA Y EJIDO PARRAS,H1,19:05,,,,
10/05/2026,PARRAS LIBRE,Entrada,A,6,CAMINO GRAL. CEPEDA Y EJIDO PARRAS,H2,03:35,,,,
10/05/2026,PARRAS LIBRE,Entrada,A,6,CAMINO GRAL. CEPEDA Y EJIDO PARRAS,H3,03:35,,,,
10/05/2026,PARRAS LIBRE,Entrada,A,6,CAMINO GRAL. CEPEDA Y EJIDO PARRAS,H4,15:35,,,,
10/05/2026,PARRAS LIBRE,Entrada,A,6,CAMINO GRAL. CEPEDA Y EJIDO PARRAS,H5,15:35,,,,
10/05/2026,PARRAS LIBRE,Entrada,A,6,CAMINO GRAL. CEPEDA Y EJIDO PARRAS,H6,19:17,,,,
10/05/2026,PARRAS LIBRE,Entrada,A,7,METALSA,H1,21:20,,,,
10/05/2026,PARRAS LIBRE,Entrada,A,7,METALSA,H2,05:50,,,,
10/05/2026,PARRAS LIBRE,Entrada,A,7,METALSA,H3,05:50,,,,
10/05/2026,PARRAS LIBRE,Entrada,A,7,METALSA,H4,17:50,,,,
10/05/2026,PARRAS LIBRE,Entrada,A,7,METALSA,H5,17:50,,,,
10/05/2026,PARRAS LIBRE,Entrada,A,7,METALSA,H6,21:50,,,,
10/05/2026,PARRAS LIBRE,Salida,N,1,METALSA,H1,15:30,,,,
10/05/2026,PARRAS LIBRE,Salida,N,1,METALSA,H2,06:15,,,,
10/05/2026,PARRAS LIBRE,Salida,N,1,METALSA,H3,06:15,,,,
10/05/2026,PARRAS LIBRE,Salida,N,1,METALSA,H4,18:15,,,,
10/05/2026,PARRAS LIBRE,Salida,N,1,METALSA,H5,18:15,,,,
10/05/2026,PARRAS LIBRE,Salida,N,2,CAMINO GRAL. CEPEDA Y EJIDO PARRAS,H1,17:45,,,,
10/05/2026,PARRAS LIBRE,Salida,N,2,CAMINO GRAL. CEPEDA Y EJIDO PARRAS,H2,08:30,,,,
10/05/2026,PARRAS LIBRE,Salida,N,2,CAMINO GRAL. CEPEDA Y EJIDO PARRAS,H3,08:30,,,,
10/05/2026,PARRAS LIBRE,Salida,N,2,CAMINO GRAL. CEPEDA Y EJIDO PARRAS,H4,20:30,,,,
10/05/2026,PARRAS LIBRE,Salida,N,2,CAMINO GRAL. CEPEDA Y EJIDO PARRAS,H5,20:30,,,,
10/05/2026,PARRAS LIBRE,Salida,N,3,GENERAL CEPEDA Y COLIMA,H1,17:47,,,,
10/05/2026,PARRAS LIBRE,Salida,N,3,GENERAL CEPEDA Y COLIMA,H2,08:32,,,,
10/05/2026,PARRAS LIBRE,Salida,N,3,GENERAL CEPEDA Y COLIMA,H3,08:32,,,,
10/05/2026,PARRAS LIBRE,Salida,N,3,GENERAL CEPEDA Y COLIMA,H4,20:32,,,,
10/05/2026,PARRAS LIBRE,Salida,N,3,GENERAL CEPEDA Y COLIMA,H5,20:32,,,,
10/05/2026,PARRAS LIBRE,Salida,N,4,GENERAL CEPEDA Y RAMOS ARIZPE,H1,17:55,,,,
10/05/2026,PARRAS LIBRE,Salida,N,4,GENERAL CEPEDA Y RAMOS ARIZPE,H2,08:40,,,,
10/05/2026,PARRAS LIBRE,Salida,N,4,GENERAL CEPEDA Y RAMOS ARIZPE,H3,08:40,,,,
10/05/2026,PARRAS LIBRE,Salida,N,4,GENERAL CEPEDA Y RAMOS ARIZPE,H4,20:40,,,,
10/05/2026,PARRAS LIBRE,Salida,N,4,GENERAL CEPEDA Y RAMOS ARIZPE,H5,20:40,,,,
10/05/2026,PARRAS LIBRE,Salida,N,5,MANUEL ZAVALA Y MAR DE GALILEA,H1,18:00,,,,
10/05/2026,PARRAS LIBRE,Salida,N,5,MANUEL ZAVALA Y MAR DE GALILEA,H2,08:45,,,,
10/05/2026,PARRAS LIBRE,Salida,N,5,MANUEL ZAVALA Y MAR DE GALILEA,H3,08:45,,,,
10/05/2026,PARRAS LIBRE,Salida,N,5,MANUEL ZAVALA Y MAR DE GALILEA,H4,20:45,,,,
10/05/2026,PARRAS LIBRE,Salida,N,5,MANUEL ZAVALA Y MAR DE GALILEA,H5,20:45,,,,
10/05/2026,PARRAS LIBRE,Salida,N,6,SANTA CATARINA Y VIESCA,H1,18:14,,,,
10/05/2026,PARRAS LIBRE,Salida,N,6,SANTA CATARINA Y VIESCA,H2,08:59,,,,
10/05/2026,PARRAS LIBRE,Salida,N,6,SANTA CATARINA Y VIESCA,H3,08:59,,,,
10/05/2026,PARRAS LIBRE,Salida,N,6,SANTA CATARINA Y VIESCA,H4,20:59,,,,
10/05/2026,PARRAS LIBRE,Salida,N,6,SANTA CATARINA Y VIESCA,H5,20:59,,,,
10/05/2026,PARRAS LIBRE,Salida,N,7,TACUBATA Y FRANCISCO I MADERO,H1,18:20,,,,
10/05/2026,PARRAS LIBRE,Salida,N,7,TACUBATA Y FRANCISCO I MADERO,H2,09:05,,,,
10/05/2026,PARRAS LIBRE,Salida,N,7,TACUBATA Y FRANCISCO I MADERO,H3,09:05,,,,
10/05/2026,PARRAS LIBRE,Salida,N,7,TACUBATA Y FRANCISCO I MADERO,H4,21:05,,,,
10/05/2026,PARRAS LIBRE,Salida,N,7,TACUBATA Y FRANCISCO I MADERO,H5,21:05,,,,
10/05/2026,PORVENIR - GENERAL CEPEDA,Entrada,A,1,PORVENIR,H1,03:45,,,,
10/05/2026,PORVENIR - GENERAL CEPEDA,Entrada,A,1,PORVENIR,H2,15:45,,,,
10/05/2026,PORVENIR - GENERAL CEPEDA,Entrada,A,1,PORVENIR,H3,19:15,,,,
10/05/2026,PORVENIR - GENERAL CEPEDA,Entrada,A,1,PORVENIR,H4,19:45,,,,
10/05/2026,PORVENIR - GENERAL CEPEDA,Entrada,A,2,GUELATAO,H1,03:50,,,,
10/05/2026,PORVENIR - GENERAL CEPEDA,Entrada,A,2,GUELATAO,H2,15:50,,,,
10/05/2026,PORVENIR - GENERAL CEPEDA,Entrada,A,2,GUELATAO,H3,19:20,,,,
10/05/2026,PORVENIR - GENERAL CEPEDA,Entrada,A,2,GUELATAO,H4,19:50,,,,
10/05/2026,PORVENIR - GENERAL CEPEDA,Entrada,A,3,BLVD; DIANA LAURA,H1,04:06,,,,
10/05/2026,PORVENIR - GENERAL CEPEDA,Entrada,A,3,BLVD; DIANA LAURA,H2,16:06,,,,
10/05/2026,PORVENIR - GENERAL CEPEDA,Entrada,A,3,BLVD; DIANA LAURA,H3,19:36,,,,
10/05/2026,PORVENIR - GENERAL CEPEDA,Entrada,A,3,BLVD; DIANA LAURA,H4,20:06,,,,
10/05/2026,PORVENIR - GENERAL CEPEDA,Entrada,A,4,MARIANO MATAMOROS,H1,04:09,,,,
10/05/2026,PORVENIR - GENERAL CEPEDA,Entrada,A,4,MARIANO MATAMOROS,H2,16:09,,,,
10/05/2026,PORVENIR - GENERAL CEPEDA,Entrada,A,4,MARIANO MATAMOROS,H3,19:39,,,,
10/05/2026,PORVENIR - GENERAL CEPEDA,Entrada,A,4,MARIANO MATAMOROS,H4,20:09,,,,
10/05/2026,PORVENIR - GENERAL CEPEDA,Entrada,A,5,LOS PRESIDENTES,H1,04:11,,,,
10/05/2026,PORVENIR - GENERAL CEPEDA,Entrada,A,5,LOS PRESIDENTES,H2,16:11,,,,
10/05/2026,PORVENIR - GENERAL CEPEDA,Entrada,A,5,LOS PRESIDENTES,H3,19:41,,,,
10/05/2026,PORVENIR - GENERAL CEPEDA,Entrada,A,5,LOS PRESIDENTES,H4,20:11,,,,
10/05/2026,PORVENIR - GENERAL CEPEDA,Entrada,A,6,MIGUEL HIDALGO,H1,04:16,,,,
10/05/2026,PORVENIR - GENERAL CEPEDA,Entrada,A,6,MIGUEL HIDALGO,H2,16:16,,,,
10/05/2026,PORVENIR - GENERAL CEPEDA,Entrada,A,6,MIGUEL HIDALGO,H3,19:46,,,,
10/05/2026,PORVENIR - GENERAL CEPEDA,Entrada,A,6,MIGUEL HIDALGO,H4,20:16,,,,
10/05/2026,PORVENIR - GENERAL CEPEDA,Entrada,A,7,BENITO JUAREZ,H1,04:19,,,,
10/05/2026,PORVENIR - GENERAL CEPEDA,Entrada,A,7,BENITO JUAREZ,H2,16:19,,,,
10/05/2026,PORVENIR - GENERAL CEPEDA,Entrada,A,7,BENITO JUAREZ,H3,19:49,,,,
10/05/2026,PORVENIR - GENERAL CEPEDA,Entrada,A,7,BENITO JUAREZ,H4,20:19,,,,
10/05/2026,PORVENIR - GENERAL CEPEDA,Entrada,A,8,SAN JOSE,H1,04:50,,,,
10/05/2026,PORVENIR - GENERAL CEPEDA,Entrada,A,8,SAN JOSE,H2,16:50,,,,
10/05/2026,PORVENIR - GENERAL CEPEDA,Entrada,A,8,SAN JOSE,H3,20:20,,,,
10/05/2026,PORVENIR - GENERAL CEPEDA,Entrada,A,8,SAN JOSE,H4,20:50,,,,
10/05/2026,PORVENIR - GENERAL CEPEDA,Entrada,A,9,RANCHO NUEVO,H1,05:00,,,,
10/05/2026,PORVENIR - GENERAL CEPEDA,Entrada,A,9,RANCHO NUEVO,H2,17:00,,,,
10/05/2026,PORVENIR - GENERAL CEPEDA,Entrada,A,9,RANCHO NUEVO,H3,20:30,,,,
10/05/2026,PORVENIR - GENERAL CEPEDA,Entrada,A,9,RANCHO NUEVO,H4,21:00,,,,
10/05/2026,PORVENIR - GENERAL CEPEDA,Entrada,A,10,SANTA TERESA,H1,05:06,,,,
10/05/2026,PORVENIR - GENERAL CEPEDA,Entrada,A,10,SANTA TERESA,H2,17:06,,,,
10/05/2026,PORVENIR - GENERAL CEPEDA,Entrada,A,10,SANTA TERESA,H3,20:36,,,,
10/05/2026,PORVENIR - GENERAL CEPEDA,Entrada,A,10,SANTA TERESA,H4,21:06,,,,
10/05/2026,PORVENIR - GENERAL CEPEDA,Entrada,A,11,CHAPULA,H1,05:15,,,,
10/05/2026,PORVENIR - GENERAL CEPEDA,Entrada,A,11,CHAPULA,H2,17:15,,,,
10/05/2026,PORVENIR - GENERAL CEPEDA,Entrada,A,11,CHAPULA,H3,20:45,,,,
10/05/2026,PORVENIR - GENERAL CEPEDA,Entrada,A,11,CHAPULA,H4,21:15,,,,
10/05/2026,PORVENIR - GENERAL CEPEDA,Entrada,A,12,DERRAMADERO,H1,05:20,,,,
10/05/2026,PORVENIR - GENERAL CEPEDA,Entrada,A,12,DERRAMADERO,H2,17:20,,,,
10/05/2026,PORVENIR - GENERAL CEPEDA,Entrada,A,12,DERRAMADERO,H3,20:50,,,,
10/05/2026,PORVENIR - GENERAL CEPEDA,Entrada,A,12,DERRAMADERO,H4,21:20,,,,
10/05/2026,PORVENIR - GENERAL CEPEDA,Entrada,A,13,SAN JUAN DE LA VAQUERIA,H1,05:28,,,,
10/05/2026,PORVENIR - GENERAL CEPEDA,Entrada,A,13,SAN JUAN DE LA VAQUERIA,H2,17:28,,,,
10/05/2026,PORVENIR - GENERAL CEPEDA,Entrada,A,13,SAN JUAN DE LA VAQUERIA,H3,20:58,,,,
10/05/2026,PORVENIR - GENERAL CEPEDA,Entrada,A,13,SAN JUAN DE LA VAQUERIA,H4,21:28,,,,
10/05/2026,PORVENIR - GENERAL CEPEDA,Entrada,A,14,METALSA,H1,05:50,05:46,4,1,0
10/05/2026,PORVENIR - GENERAL CEPEDA,Entrada,A,14,METALSA,H2,17:50,,,,
10/05/2026,PORVENIR - GENERAL CEPEDA,Entrada,A,14,METALSA,H3,21:20,,,,
10/05/2026,PORVENIR - GENERAL CEPEDA,Entrada,A,14,METALSA,H4,21:50,,,,
10/05/2026,PORVENIR - GENERAL CEPEDA,Salida,N,1,METALSA,H1,06:15,06:19,-4,1,0
10/05/2026,PORVENIR - GENERAL CEPEDA,Salida,N,1,METALSA,H2,15:30,,,,
10/05/2026,PORVENIR - GENERAL CEPEDA,Salida,N,1,METALSA,H3,18:15,18:18,-3,1,0
10/05/2026,PORVENIR - GENERAL CEPEDA,Salida,N,2,SAN JUAN DE LA VAQUERIA,H1,06:50,06:35,15,1,0
10/05/2026,PORVENIR - GENERAL CEPEDA,Salida,N,2,SAN JUAN DE LA VAQUERIA,H2,16:05,,,,
10/05/2026,PORVENIR - GENERAL CEPEDA,Salida,N,2,SAN JUAN DE LA VAQUERIA,H3,18:50,18:35,15,1,0
10/05/2026,PORVENIR - GENERAL CEPEDA,Salida,N,3,DERRAMADERO,H1,06:55,06:45,10,1,0
10/05/2026,PORVENIR - GENERAL CEPEDA,Salida,N,3,DERRAMADERO,H2,16:10,,,,
10/05/2026,PORVENIR - GENERAL CEPEDA,Salida,N,3,DERRAMADERO,H3,18:55,18:44,11,1,0
10/05/2026,PORVENIR - GENERAL CEPEDA,Salida,N,4,CHAPULA,H1,06:56,06:44,12,1,0
10/05/2026,PORVENIR - GENERAL CEPEDA,Salida,N,4,CHAPULA,H2,16:15,,,,
10/05/2026,PORVENIR - GENERAL CEPEDA,Salida,N,4,CHAPULA,H3,19:00,18:48,12,1,0
10/05/2026,PORVENIR - GENERAL CEPEDA,Salida,N,5,SANTA TERESA,H1,06:57,06:56,1,1,0
10/05/2026,PORVENIR - GENERAL CEPEDA,Salida,N,5,SANTA TERESA,H2,16:18,,,,
10/05/2026,PORVENIR - GENERAL CEPEDA,Salida,N,5,SANTA TERESA,H3,19:03,18:55,8,1,0
10/05/2026,PORVENIR - GENERAL CEPEDA,Salida,N,6,RANCHO NUEVO,H1,07:10,07:01,9,1,0
10/05/2026,PORVENIR - GENERAL CEPEDA,Salida,N,6,RANCHO NUEVO,H2,16:25,,,,
10/05/2026,PORVENIR - GENERAL CEPEDA,Salida,N,6,RANCHO NUEVO,H3,19:10,19:00,10,1,0
10/05/2026,PORVENIR - GENERAL CEPEDA,Salida,N,7,SAN JOSE,H1,07:11,,,,
10/05/2026,PORVENIR - GENERAL CEPEDA,Salida,N,7,SAN JOSE,H2,16:26,,,,
10/05/2026,PORVENIR - GENERAL CEPEDA,Salida,N,7,SAN JOSE,H3,19:11,19:11,0,1,0
10/05/2026,PORVENIR - GENERAL CEPEDA,Salida,N,8,BENITO JUAREZ,H1,07:12,,,,
10/05/2026,PORVENIR - GENERAL CEPEDA,Salida,N,8,BENITO JUAREZ,H2,16:27,,,,
10/05/2026,PORVENIR - GENERAL CEPEDA,Salida,N,8,BENITO JUAREZ,H3,19:12,,,,
10/05/2026,PORVENIR - GENERAL CEPEDA,Salida,N,9,MIGUEL HIDALGO,H1,07:13,07:30,-17,1,0
10/05/2026,PORVENIR - GENERAL CEPEDA,Salida,N,9,MIGUEL HIDALGO,H2,16:28,,,,
10/05/2026,PORVENIR - GENERAL CEPEDA,Salida,N,9,MIGUEL HIDALGO,H3,19:13,19:43,-30,1,0
10/05/2026,PORVENIR - GENERAL CEPEDA,Salida,N,10,LOS PRESIDENTES,H1,07:14,07:28,-14,1,0
10/05/2026,PORVENIR - GENERAL CEPEDA,Salida,N,10,LOS PRESIDENTES,H2,16:29,,,,
10/05/2026,PORVENIR - GENERAL CEPEDA,Salida,N,10,LOS PRESIDENTES,H3,19:14,19:42,-28,1,0
10/05/2026,PORVENIR - GENERAL CEPEDA,Salida,N,11,MARIANO MATAMOROS,H1,07:30,07:28,2,1,0
10/05/2026,PORVENIR - GENERAL CEPEDA,Salida,N,11,MARIANO MATAMOROS,H2,16:45,,,,
10/05/2026,PORVENIR - GENERAL CEPEDA,Salida,N,11,MARIANO MATAMOROS,H3,19:30,19:42,-12,1,0
10/05/2026,PORVENIR - GENERAL CEPEDA,Salida,N,12,BLVD; DIANA LAURA,H1,07:31,07:26,5,1,0
10/05/2026,PORVENIR - GENERAL CEPEDA,Salida,N,12,BLVD; DIANA LAURA,H2,16:46,,,,
10/05/2026,PORVENIR - GENERAL CEPEDA,Salida,N,12,BLVD; DIANA LAURA,H3,19:31,19:40,-9,1,0
10/05/2026,PORVENIR - GENERAL CEPEDA,Salida,N,13,GUELATAO,H1,07:40,07:44,-4,1,0
10/05/2026,PORVENIR - GENERAL CEPEDA,Salida,N,13,GUELATAO,H2,16:55,,,,
10/05/2026,PORVENIR - GENERAL CEPEDA,Salida,N,13,GUELATAO,H3,19:40,,,,
10/05/2026,PORVENIR - GENERAL CEPEDA,Salida,N,14,PORVENIR,H1,07:45,07:49,-4,1,0
10/05/2026,PORVENIR - GENERAL CEPEDA,Salida,N,14,PORVENIR,H2,17:00,,,,
10/05/2026,PORVENIR - GENERAL CEPEDA,Salida,N,14,PORVENIR,H3,19:45,,,,
10/05/2026,PUERTO MEXICO,Entrada,A,1,PUERTO MEXICO,H1,20:10,,,,
10/05/2026,PUERTO MEXICO,Entrada,A,1,PUERTO MEXICO,H2,04:40,,,,
10/05/2026,PUERTO MEXICO,Entrada,A,1,PUERTO MEXICO,H3,04:40,,,,
10/05/2026,PUERTO MEXICO,Entrada,A,1,PUERTO MEXICO,H4,16:40,,,,
10/05/2026,PUERTO MEXICO,Entrada,A,1,PUERTO MEXICO,H5,16:40,,,,
10/05/2026,PUERTO MEXICO,Entrada,A,1,PUERTO MEXICO,H6,20:40,,,,
10/05/2026,PUERTO MEXICO,Entrada,A,2,CUIJE,H1,20:22,,,,
10/05/2026,PUERTO MEXICO,Entrada,A,2,CUIJE,H2,04:52,,,,
10/05/2026,PUERTO MEXICO,Entrada,A,2,CUIJE,H3,04:52,,,,
10/05/2026,PUERTO MEXICO,Entrada,A,2,CUIJE,H4,16:52,,,,
10/05/2026,PUERTO MEXICO,Entrada,A,2,CUIJE,H5,16:52,,,,
10/05/2026,PUERTO MEXICO,Entrada,A,2,CUIJE,H6,20:52,,,,
10/05/2026,PUERTO MEXICO,Entrada,A,3,NAVIDAD,H1,20:32,,,,
10/05/2026,PUERTO MEXICO,Entrada,A,3,NAVIDAD,H2,05:02,,,,
10/05/2026,PUERTO MEXICO,Entrada,A,3,NAVIDAD,H3,05:02,,,,
10/05/2026,PUERTO MEXICO,Entrada,A,3,NAVIDAD,H4,17:02,,,,
10/05/2026,PUERTO MEXICO,Entrada,A,3,NAVIDAD,H5,17:02,,,,
10/05/2026,PUERTO MEXICO,Entrada,A,3,NAVIDAD,H6,21:02,,,,
10/05/2026,PUERTO MEXICO,Entrada,A,4,CHAPULTEPEC,H1,20:45,,,,
10/05/2026,PUERTO MEXICO,Entrada,A,4,CHAPULTEPEC,H2,05:15,,,,
10/05/2026,PUERTO MEXICO,Entrada,A,4,CHAPULTEPEC,H3,05:15,,,,
10/05/2026,PUERTO MEXICO,Entrada,A,4,CHAPULTEPEC,H4,17:15,,,,
10/05/2026,PUERTO MEXICO,Entrada,A,4,CHAPULTEPEC,H5,17:15,,,,
10/05/2026,PUERTO MEXICO,Entrada,A,4,CHAPULTEPEC,H6,21:15,,,,
10/05/2026,PUERTO MEXICO,Entrada,A,5,JAHUEY,H1,21:00,,,,
10/05/2026,PUERTO MEXICO,Entrada,A,5,JAHUEY,H2,05:30,,,,
10/05/2026,PUERTO MEXICO,Entrada,A,5,JAHUEY,H3,05:30,,,,
10/05/2026,PUERTO MEXICO,Entrada,A,5,JAHUEY,H4,17:30,,,,
10/05/2026,PUERTO MEXICO,Entrada,A,5,JAHUEY,H5,17:30,,,,
10/05/2026,PUERTO MEXICO,Entrada,A,5,JAHUEY,H6,21:30,,,,
10/05/2026,PUERTO MEXICO,Entrada,A,6,METALSA,H1,21:20,,,,
10/05/2026,PUERTO MEXICO,Entrada,A,6,METALSA,H2,05:50,,,,
10/05/2026,PUERTO MEXICO,Entrada,A,6,METALSA,H3,05:50,,,,
10/05/2026,PUERTO MEXICO,Entrada,A,6,METALSA,H4,17:50,,,,
10/05/2026,PUERTO MEXICO,Entrada,A,6,METALSA,H5,17:50,,,,
10/05/2026,PUERTO MEXICO,Entrada,A,6,METALSA,H6,21:50,,,,
10/05/2026,PUERTO MEXICO,Salida,A,1,METALSA,H1,15:30,,,,
10/05/2026,PUERTO MEXICO,Salida,A,1,METALSA,H2,06:15,,,,
10/05/2026,PUERTO MEXICO,Salida,A,1,METALSA,H3,06:15,,,,
10/05/2026,PUERTO MEXICO,Salida,A,1,METALSA,H4,18:15,,,,
10/05/2026,PUERTO MEXICO,Salida,A,1,METALSA,H5,18:15,,,,
10/05/2026,PUERTO MEXICO,Salida,A,2,JAHUEY,H1,15:50,,,,
10/05/2026,PUERTO MEXICO,Salida,A,2,JAHUEY,H2,06:35,,,,
10/05/2026,PUERTO MEXICO,Salida,A,2,JAHUEY,H3,06:35,,,,
10/05/2026,PUERTO MEXICO,Salida,A,2,JAHUEY,H4,18:35,,,,
10/05/2026,PUERTO MEXICO,Salida,A,2,JAHUEY,H5,18:35,,,,
10/05/2026,PUERTO MEXICO,Salida,A,3,CHAPULTEPEC,H1,16:05,,,,
10/05/2026,PUERTO MEXICO,Salida,A,3,CHAPULTEPEC,H2,06:50,,,,
10/05/2026,PUERTO MEXICO,Salida,A,3,CHAPULTEPEC,H3,06:50,,,,
10/05/2026,PUERTO MEXICO,Salida,A,3,CHAPULTEPEC,H4,18:50,,,,
10/05/2026,PUERTO MEXICO,Salida,A,3,CHAPULTEPEC,H5,18:50,,,,
10/05/2026,PUERTO MEXICO,Salida,A,4,NAVIDAD,H1,16:18,,,,
10/05/2026,PUERTO MEXICO,Salida,A,4,NAVIDAD,H2,07:03,,,,
10/05/2026,PUERTO MEXICO,Salida,A,4,NAVIDAD,H3,07:03,,,,
10/05/2026,PUERTO MEXICO,Salida,A,4,NAVIDAD,H4,19:03,,,,
10/05/2026,PUERTO MEXICO,Salida,A,4,NAVIDAD,H5,19:03,,,,
10/05/2026,PUERTO MEXICO,Salida,A,5,CUIJE,H1,16:28,,,,
10/05/2026,PUERTO MEXICO,Salida,A,5,CUIJE,H2,07:13,,,,
10/05/2026,PUERTO MEXICO,Salida,A,5,CUIJE,H3,07:13,,,,
10/05/2026,PUERTO MEXICO,Salida,A,5,CUIJE,H4,19:13,,,,
10/05/2026,PUERTO MEXICO,Salida,A,5,CUIJE,H5,19:13,,,,
10/05/2026,PUERTO MEXICO,Salida,A,6,PUERTO MEXICO,H1,16:40,,,,
10/05/2026,PUERTO MEXICO,Salida,A,6,PUERTO MEXICO,H2,07:25,,,,
10/05/2026,PUERTO MEXICO,Salida,A,6,PUERTO MEXICO,H3,07:25,,,,
10/05/2026,PUERTO MEXICO,Salida,A,6,PUERTO MEXICO,H4,19:25,,,,
10/05/2026,PUERTO MEXICO,Salida,A,6,PUERTO MEXICO,H5,19:25,,,,
10/05/2026,ROMA,Entrada,N,1,FCO. LAZACORTA Y JOSE MARIANO MICHELENA,H1,04:45,04:46,-1,1,0
10/05/2026,ROMA,Entrada,N,1,FCO. LAZACORTA Y JOSE MARIANO MICHELENA,H2,16:45,16:47,-2,1,0
10/05/2026,ROMA,Entrada,N,1,FCO. LAZACORTA Y JOSE MARIANO MICHELENA,H3,20:15,,,,
10/05/2026,ROMA,Entrada,N,1,FCO. LAZACORTA Y JOSE MARIANO MICHELENA,H4,20:45,,,,
10/05/2026,ROMA,Entrada,N,2,SIERRA DE LOS PINOS Y PRINCIPAL,H1,04:48,04:48,0,1,0
10/05/2026,ROMA,Entrada,N,2,SIERRA DE LOS PINOS Y PRINCIPAL,H2,16:48,16:48,0,1,0
10/05/2026,ROMA,Entrada,N,2,SIERRA DE LOS PINOS Y PRINCIPAL,H3,20:18,,,,
10/05/2026,ROMA,Entrada,N,2,SIERRA DE LOS PINOS Y PRINCIPAL,H4,20:48,,,,
10/05/2026,ROMA,Entrada,N,3,OSA MAYOR Y BUSTAMANTE,H1,04:53,04:54,-1,1,0
10/05/2026,ROMA,Entrada,N,3,OSA MAYOR Y BUSTAMANTE,H2,16:53,16:55,-2,1,0
10/05/2026,ROMA,Entrada,N,3,OSA MAYOR Y BUSTAMANTE,H3,20:23,,,,
10/05/2026,ROMA,Entrada,N,3,OSA MAYOR Y BUSTAMANTE,H4,20:53,,,,
10/05/2026,ROMA,Entrada,N,4,EUGENIO REYES Y PEDRO AMPUDIA,H1,05:01,05:06,-5,1,0
10/05/2026,ROMA,Entrada,N,4,EUGENIO REYES Y PEDRO AMPUDIA,H2,17:01,17:06,-5,1,0
10/05/2026,ROMA,Entrada,N,4,EUGENIO REYES Y PEDRO AMPUDIA,H3,20:31,,,,
10/05/2026,ROMA,Entrada,N,4,EUGENIO REYES Y PEDRO AMPUDIA,H4,21:01,,,,
10/05/2026,ROMA,Entrada,N,5,FELIPE BERRIOZABAL Y MARAVILLAS,H1,05:06,05:08,-2,1,0
10/05/2026,ROMA,Entrada,N,5,FELIPE BERRIOZABAL Y MARAVILLAS,H2,17:06,17:09,-3,1,0
10/05/2026,ROMA,Entrada,N,5,FELIPE BERRIOZABAL Y MARAVILLAS,H3,20:36,,,,
10/05/2026,ROMA,Entrada,N,5,FELIPE BERRIOZABAL Y MARAVILLAS,H4,21:06,,,,
10/05/2026,ROMA,Entrada,N,6,FCO I MADERO Y CALZ ANTONIO NARRO,H1,05:15,05:20,-5,1,0
10/05/2026,ROMA,Entrada,N,6,FCO I MADERO Y CALZ ANTONIO NARRO,H2,17:15,17:19,-4,1,0
10/05/2026,ROMA,Entrada,N,6,FCO I MADERO Y CALZ ANTONIO NARRO,H3,20:45,,,,
10/05/2026,ROMA,Entrada,N,6,FCO I MADERO Y CALZ ANTONIO NARRO,H4,21:15,,,,
10/05/2026,ROMA,Entrada,N,7,CARR. SALTILLO-ZACATECAS,H1,05:20,05:31,-11,1,0
10/05/2026,ROMA,Entrada,N,7,CARR. SALTILLO-ZACATECAS,H2,17:20,17:25,-5,1,0
10/05/2026,ROMA,Entrada,N,7,CARR. SALTILLO-ZACATECAS,H3,20:50,,,,
10/05/2026,ROMA,Entrada,N,7,CARR. SALTILLO-ZACATECAS,H4,21:20,,,,
10/05/2026,ROMA,Entrada,N,8,METALSA,H1,05:50,05:50,0,1,0
10/05/2026,ROMA,Entrada,N,8,METALSA,H2,17:50,17:39,11,1,0
10/05/2026,ROMA,Entrada,N,8,METALSA,H3,21:20,,,,
10/05/2026,ROMA,Entrada,N,8,METALSA,H4,21:50,,,,
10/05/2026,ROMA,Salida,N,1,METALSA,H1,06:15,06:17,-2,1,0
10/05/2026,ROMA,Salida,N,1,METALSA,H2,15:30,,,,
10/05/2026,ROMA,Salida,N,1,METALSA,H3,18:15,18:17,-2,1,0
10/05/2026,ROMA,Salida,N,2,CARR. SALTILLO-ZACATECAS,H1,06:45,06:33,12,1,0
10/05/2026,ROMA,Salida,N,2,CARR. SALTILLO-ZACATECAS,H2,16:00,,,,
10/05/2026,ROMA,Salida,N,2,CARR. SALTILLO-ZACATECAS,H3,18:45,18:41,4,1,0
10/05/2026,ROMA,Salida,N,3,FCO I MADERO Y CALZ ANTONIO NARRO,H1,06:50,06:39,11,1,0
10/05/2026,ROMA,Salida,N,3,FCO I MADERO Y CALZ ANTONIO NARRO,H2,16:05,,,,
10/05/2026,ROMA,Salida,N,3,FCO I MADERO Y CALZ ANTONIO NARRO,H3,18:50,18:49,1,1,0
10/05/2026,ROMA,Salida,N,4,FELIPE BERRIOZABAL Y MARAVILLAS,H1,06:59,06:51,8,1,0
10/05/2026,ROMA,Salida,N,4,FELIPE BERRIOZABAL Y MARAVILLAS,H2,16:14,,,,
10/05/2026,ROMA,Salida,N,4,FELIPE BERRIOZABAL Y MARAVILLAS,H3,18:59,18:59,0,1,0
10/05/2026,ROMA,Salida,N,5,EUGENIO REYES Y PEDRO AMPUDIA,H1,07:04,06:54,10,1,0
10/05/2026,ROMA,Salida,N,5,EUGENIO REYES Y PEDRO AMPUDIA,H2,16:19,,,,
10/05/2026,ROMA,Salida,N,5,EUGENIO REYES Y PEDRO AMPUDIA,H3,19:04,19:01,3,1,0
10/05/2026,ROMA,Salida,N,6,OSA MAYOR Y BUSTAMANTE,H1,07:12,07:03,9,1,0
10/05/2026,ROMA,Salida,N,6,OSA MAYOR Y BUSTAMANTE,H2,16:27,,,,
10/05/2026,ROMA,Salida,N,6,OSA MAYOR Y BUSTAMANTE,H3,19:12,19:10,2,1,0
10/05/2026,ROMA,Salida,N,7,SIERRA DE LOS PINOS Y PRINCIPAL,H1,07:17,,,,
10/05/2026,ROMA,Salida,N,7,SIERRA DE LOS PINOS Y PRINCIPAL,H2,16:32,,,,
10/05/2026,ROMA,Salida,N,7,SIERRA DE LOS PINOS Y PRINCIPAL,H3,19:17,,,,
10/05/2026,ROMA,Salida,N,8,FCO. LAZACORTA Y JOSE MARIANO MICHELENA,H1,07:20,07:07,13,1,0
10/05/2026,ROMA,Salida,N,8,FCO. LAZACORTA Y JOSE MARIANO MICHELENA,H2,16:35,,,,
10/05/2026,ROMA,Salida,N,8,FCO. LAZACORTA Y JOSE MARIANO MICHELENA,H3,19:20,19:18,2,1,0
10/05/2026,SALTILLO 2000,Entrada,N,1,PALACIO DE JUSTICIA,H1,04:30,04:32,-2,1,0
10/05/2026,SALTILLO 2000,Entrada,N,1,PALACIO DE JUSTICIA,H2,16:30,16:32,-2,1,0
10/05/2026,SALTILLO 2000,Entrada,N,1,PALACIO DE JUSTICIA,H3,20:00,,,,
10/05/2026,SALTILLO 2000,Entrada,N,1,PALACIO DE JUSTICIA,H4,20:30,,,,
10/05/2026,SALTILLO 2000,Entrada,N,2,ROTONDA SALTILLO 2000,H1,04:35,04:35,0,1,0
10/05/2026,SALTILLO 2000,Entrada,N,2,ROTONDA SALTILLO 2000,H2,16:35,16:35,0,1,0
10/05/2026,SALTILLO 2000,Entrada,N,2,ROTONDA SALTILLO 2000,H3,20:05,,,,
10/05/2026,SALTILLO 2000,Entrada,N,2,ROTONDA SALTILLO 2000,H4,20:35,,,,
10/05/2026,SALTILLO 2000,Entrada,N,3,CUQUITA DE CEPEDA DAVILA  (OXXO),H1,04:45,04:42,3,1,0
10/05/2026,SALTILLO 2000,Entrada,N,3,CUQUITA DE CEPEDA DAVILA  (OXXO),H2,16:45,16:46,-1,1,0
10/05/2026,SALTILLO 2000,Entrada,N,3,CUQUITA DE CEPEDA DAVILA  (OXXO),H3,20:15,,,,
10/05/2026,SALTILLO 2000,Entrada,N,3,CUQUITA DE CEPEDA DAVILA  (OXXO),H4,20:45,,,,
10/05/2026,SALTILLO 2000,Entrada,N,4,FCO I MADERO Y  PEDRO AMPUDIA,H1,04:50,04:51,-1,1,0
10/05/2026,SALTILLO 2000,Entrada,N,4,FCO I MADERO Y  PEDRO AMPUDIA,H2,16:50,16:57,-7,1,0
10/05/2026,SALTILLO 2000,Entrada,N,4,FCO I MADERO Y  PEDRO AMPUDIA,H3,20:20,,,,
10/05/2026,SALTILLO 2000,Entrada,N,4,FCO I MADERO Y  PEDRO AMPUDIA,H4,20:50,,,,
10/05/2026,SALTILLO 2000,Entrada,N,5,PERIF. L.E.A. Y CALZ. ANTONIO NARRO,H1,05:08,05:03,5,1,0
10/05/2026,SALTILLO 2000,Entrada,N,5,PERIF. L.E.A. Y CALZ. ANTONIO NARRO,H2,17:08,17:13,-5,1,0
10/05/2026,SALTILLO 2000,Entrada,N,5,PERIF. L.E.A. Y CALZ. ANTONIO NARRO,H3,20:38,,,,
10/05/2026,SALTILLO 2000,Entrada,N,5,PERIF. L.E.A. Y CALZ. ANTONIO NARRO,H4,21:08,,,,
10/05/2026,SALTILLO 2000,Entrada,N,6,BLVD. HACIENDA NARRO,H1,05:20,05:17,3,1,0
10/05/2026,SALTILLO 2000,Entrada,N,6,BLVD. HACIENDA NARRO,H2,17:20,17:26,-6,1,0
10/05/2026,SALTILLO 2000,Entrada,N,6,BLVD. HACIENDA NARRO,H3,20:50,,,,
10/05/2026,SALTILLO 2000,Entrada,N,6,BLVD. HACIENDA NARRO,H4,21:20,,,,
10/05/2026,SALTILLO 2000,Entrada,N,7,METALSA,H1,05:50,05:47,3,1,0
10/05/2026,SALTILLO 2000,Entrada,N,7,METALSA,H2,17:50,17:45,5,1,0
10/05/2026,SALTILLO 2000,Entrada,N,7,METALSA,H3,21:20,,,,
10/05/2026,SALTILLO 2000,Entrada,N,7,METALSA,H4,21:50,,,,
10/05/2026,SALTILLO 2000,Salida,N,1,METALSA,H1,06:15,06:15,0,1,0
10/05/2026,SALTILLO 2000,Salida,N,1,METALSA,H2,15:30,,,,
10/05/2026,SALTILLO 2000,Salida,N,1,METALSA,H3,18:15,18:16,-1,1,0
10/05/2026,SALTILLO 2000,Salida,N,2,BLVD. HACIENDA NARRO,H1,06:45,06:36,9,1,0
10/05/2026,SALTILLO 2000,Salida,N,2,BLVD. HACIENDA NARRO,H2,16:00,,,,
10/05/2026,SALTILLO 2000,Salida,N,2,BLVD. HACIENDA NARRO,H3,18:45,18:48,-3,1,0
10/05/2026,SALTILLO 2000,Salida,N,3,PERIF. L.E.A. Y CALZ. ANTONIO NARRO,H1,06:57,06:51,6,1,0
10/05/2026,SALTILLO 2000,Salida,N,3,PERIF. L.E.A. Y CALZ. ANTONIO NARRO,H2,16:12,,,,
10/05/2026,SALTILLO 2000,Salida,N,3,PERIF. L.E.A. Y CALZ. ANTONIO NARRO,H3,18:57,19:00,-3,1,0
10/05/2026,SALTILLO 2000,Salida,N,4,FCO I MADERO Y  PEDRO AMPUDIA,H1,07:15,07:03,12,1,0
10/05/2026,SALTILLO 2000,Salida,N,4,FCO I MADERO Y  PEDRO AMPUDIA,H2,16:30,,,,
10/05/2026,SALTILLO 2000,Salida,N,4,FCO I MADERO Y  PEDRO AMPUDIA,H3,19:15,19:18,-3,1,0
10/05/2026,SALTILLO 2000,Salida,N,5,CUQUITA DE CEPEDA DAVILA  (OXXO),H1,07:20,07:12,8,1,0
10/05/2026,SALTILLO 2000,Salida,N,5,CUQUITA DE CEPEDA DAVILA  (OXXO),H2,16:35,,,,
10/05/2026,SALTILLO 2000,Salida,N,5,CUQUITA DE CEPEDA DAVILA  (OXXO),H3,19:20,19:28,-8,1,0
10/05/2026,SALTILLO 2000,Salida,N,6,ROTONDA SALTILLO 2000,H1,07:30,,,,
10/05/2026,SALTILLO 2000,Salida,N,6,ROTONDA SALTILLO 2000,H2,16:45,,,,
10/05/2026,SALTILLO 2000,Salida,N,6,ROTONDA SALTILLO 2000,H3,19:30,,,,
10/05/2026,SALTILLO 2000,Salida,N,7,PALACIO DE JUSTICIA,H1,07:35,,,,
10/05/2026,SALTILLO 2000,Salida,N,7,PALACIO DE JUSTICIA,H2,16:50,,,,
10/05/2026,SALTILLO 2000,Salida,N,7,PALACIO DE JUSTICIA,H3,19:35,,,,
10/05/2026,SAN FRANCISCO,Entrada,A,1,LA CUCHILLA,H1,19:35,,,,
10/05/2026,SAN FRANCISCO,Entrada,A,1,LA CUCHILLA,H2,04:05,,,,
10/05/2026,SAN FRANCISCO,Entrada,A,1,LA CUCHILLA,H3,16:05,,,,
10/05/2026,SAN FRANCISCO,Entrada,A,1,LA CUCHILLA,H4,20:05,,,,
10/05/2026,SAN FRANCISCO,Entrada,A,2,SAN JUAN RETIRO,H1,19:44,,,,
10/05/2026,SAN FRANCISCO,Entrada,A,2,SAN JUAN RETIRO,H2,04:14,,,,
10/05/2026,SAN FRANCISCO,Entrada,A,2,SAN JUAN RETIRO,H3,16:14,,,,
10/05/2026,SAN FRANCISCO,Entrada,A,2,SAN JUAN RETIRO,H4,20:14,,,,
10/05/2026,SAN FRANCISCO,Entrada,A,3,NUEVO GOMEZ,H1,19:54,,,,
10/05/2026,SAN FRANCISCO,Entrada,A,3,NUEVO GOMEZ,H2,04:24,,,,
10/05/2026,SAN FRANCISCO,Entrada,A,3,NUEVO GOMEZ,H3,16:24,,,,
10/05/2026,SAN FRANCISCO,Entrada,A,3,NUEVO GOMEZ,H4,20:24,,,,
10/05/2026,SAN FRANCISCO,Entrada,A,4,SAN FRANCISCO,H1,20:06,,,,
10/05/2026,SAN FRANCISCO,Entrada,A,4,SAN FRANCISCO,H2,04:36,,,,
10/05/2026,SAN FRANCISCO,Entrada,A,4,SAN FRANCISCO,H3,16:36,,,,
10/05/2026,SAN FRANCISCO,Entrada,A,4,SAN FRANCISCO,H4,20:36,,,,
10/05/2026,SAN FRANCISCO,Entrada,A,5,MANGAS,H1,20:16,,,,
10/05/2026,SAN FRANCISCO,Entrada,A,5,MANGAS,H2,04:46,,,,
10/05/2026,SAN FRANCISCO,Entrada,A,5,MANGAS,H3,16:46,,,,
10/05/2026,SAN FRANCISCO,Entrada,A,5,MANGAS,H4,20:46,,,,
10/05/2026,SAN FRANCISCO,Entrada,A,6,COLONIAS,H1,20:52,,,,
10/05/2026,SAN FRANCISCO,Entrada,A,6,COLONIAS,H2,05:22,,,,
10/05/2026,SAN FRANCISCO,Entrada,A,6,COLONIAS,H3,17:22,,,,
10/05/2026,SAN FRANCISCO,Entrada,A,6,COLONIAS,H4,21:22,,,,
10/05/2026,SAN FRANCISCO,Entrada,A,7,AGUA NUEVA,H1,21:00,,,,
10/05/2026,SAN FRANCISCO,Entrada,A,7,AGUA NUEVA,H2,05:30,,,,
10/05/2026,SAN FRANCISCO,Entrada,A,7,AGUA NUEVA,H3,17:30,,,,
10/05/2026,SAN FRANCISCO,Entrada,A,7,AGUA NUEVA,H4,21:25,,,,
10/05/2026,SAN FRANCISCO,Entrada,A,8,METALSA,H1,21:20,,,,
10/05/2026,SAN FRANCISCO,Entrada,A,8,METALSA,H2,05:50,,,,
10/05/2026,SAN FRANCISCO,Entrada,A,8,METALSA,H3,17:50,,,,
10/05/2026,SAN FRANCISCO,Entrada,A,8,METALSA,H4,21:50,,,,
10/05/2026,SAN FRANCISCO,Salida,N,1,METALSA,H1,15:30,,,,
10/05/2026,SAN FRANCISCO,Salida,N,1,METALSA,H2,18:15,18:18,-3,1,0
10/05/2026,SAN FRANCISCO,Salida,N,1,METALSA,H3,06:15,06:28,-13,1,0
10/05/2026,SAN FRANCISCO,Salida,N,2,AGUA NUEVA,H1,15:59,,,,
10/05/2026,SAN FRANCISCO,Salida,N,2,AGUA NUEVA,H2,18:44,18:27,17,1,0
10/05/2026,SAN FRANCISCO,Salida,N,2,AGUA NUEVA,H3,06:44,06:38,6,1,0
10/05/2026,SAN FRANCISCO,Salida,N,3,COLONIAS,H1,16:10,,,,
10/05/2026,SAN FRANCISCO,Salida,N,3,COLONIAS,H2,18:55,18:42,13,1,0
10/05/2026,SAN FRANCISCO,Salida,N,3,COLONIAS,H3,06:55,06:52,3,1,0
10/05/2026,SAN FRANCISCO,Salida,N,4,MANGAS,H1,16:34,,,,
10/05/2026,SAN FRANCISCO,Salida,N,4,MANGAS,H2,19:19,19:07,12,1,0
10/05/2026,SAN FRANCISCO,Salida,N,4,MANGAS,H3,07:19,,,,
10/05/2026,SAN FRANCISCO,Salida,N,5,SAN FRANCISCO,H1,16:46,,,,
10/05/2026,SAN FRANCISCO,Salida,N,5,SAN FRANCISCO,H2,19:31,19:18,13,1,0
10/05/2026,SAN FRANCISCO,Salida,N,5,SAN FRANCISCO,H3,07:31,07:14,17,1,0
10/05/2026,SAN FRANCISCO,Salida,N,6,NUEVO GOMEZ,H1,16:56,,,,
10/05/2026,SAN FRANCISCO,Salida,N,6,NUEVO GOMEZ,H2,19:41,,,,
10/05/2026,SAN FRANCISCO,Salida,N,6,NUEVO GOMEZ,H3,07:41,,,,
10/05/2026,SAN FRANCISCO,Salida,N,7,SAN JUAN RETIRO,H1,17:06,,,,
10/05/2026,SAN FRANCISCO,Salida,N,7,SAN JUAN RETIRO,H2,19:51,,,,
10/05/2026,SAN FRANCISCO,Salida,N,7,SAN JUAN RETIRO,H3,07:51,07:32,19,1,0
10/05/2026,SAN FRANCISCO,Salida,N,8,LA CUCHILLA,H1,17:15,,,,
10/05/2026,SAN FRANCISCO,Salida,N,8,LA CUCHILLA,H2,20:00,19:34,26,1,0
10/05/2026,SAN FRANCISCO,Salida,N,8,LA CUCHILLA,H3,08:00,,,,
10/05/2026,SAN MIGUEL,Entrada,A,1,SAN MIGUEL,H1,19:50,,,,
10/05/2026,SAN MIGUEL,Entrada,A,1,SAN MIGUEL,H2,04:20,,,,
10/05/2026,SAN MIGUEL,Entrada,A,1,SAN MIGUEL,H3,16:20,,,,
10/05/2026,SAN MIGUEL,Entrada,A,1,SAN MIGUEL,H4,20:20,,,,
10/05/2026,SAN MIGUEL,Entrada,A,2,ZACATERA,H1,19:53,,,,
10/05/2026,SAN MIGUEL,Entrada,A,2,ZACATERA,H2,04:23,,,,
10/05/2026,SAN MIGUEL,Entrada,A,2,ZACATERA,H3,16:23,,,,
10/05/2026,SAN MIGUEL,Entrada,A,2,ZACATERA,H4,20:23,,,,
10/05/2026,SAN MIGUEL,Entrada,A,3,GOMEZ FARIAS,H1,20:00,,,,
10/05/2026,SAN MIGUEL,Entrada,A,3,GOMEZ FARIAS,H2,04:30,,,,
10/05/2026,SAN MIGUEL,Entrada,A,3,GOMEZ FARIAS,H3,16:30,,,,
10/05/2026,SAN MIGUEL,Entrada,A,3,GOMEZ FARIAS,H4,20:30,,,,
10/05/2026,SAN MIGUEL,Entrada,A,4,GUADALUPE VICTORIA,H1,20:25,,,,
10/05/2026,SAN MIGUEL,Entrada,A,4,GUADALUPE VICTORIA,H2,04:55,,,,
10/05/2026,SAN MIGUEL,Entrada,A,4,GUADALUPE VICTORIA,H3,16:55,,,,
10/05/2026,SAN MIGUEL,Entrada,A,4,GUADALUPE VICTORIA,H4,20:55,,,,
10/05/2026,SAN MIGUEL,Entrada,A,5,COLONIAS,H1,20:35,,,,
10/05/2026,SAN MIGUEL,Entrada,A,5,COLONIAS,H2,05:05,,,,
10/05/2026,SAN MIGUEL,Entrada,A,5,COLONIAS,H3,17:05,,,,
10/05/2026,SAN MIGUEL,Entrada,A,5,COLONIAS,H4,21:05,,,,
10/05/2026,SAN MIGUEL,Entrada,A,6,AGUA NUEVA,H1,20:50,,,,
10/05/2026,SAN MIGUEL,Entrada,A,6,AGUA NUEVA,H2,05:20,,,,
10/05/2026,SAN MIGUEL,Entrada,A,6,AGUA NUEVA,H3,17:20,,,,
10/05/2026,SAN MIGUEL,Entrada,A,6,AGUA NUEVA,H4,21:20,,,,
10/05/2026,SAN MIGUEL,Entrada,A,7,METALSA,H1,21:20,,,,
10/05/2026,SAN MIGUEL,Entrada,A,7,METALSA,H2,05:50,,,,
10/05/2026,SAN MIGUEL,Entrada,A,7,METALSA,H3,17:50,,,,
10/05/2026,SAN MIGUEL,Entrada,A,7,METALSA,H4,21:50,,,,
10/05/2026,SAN MIGUEL,Salida,N,1,METALSA,H1,15:30,,,,
10/05/2026,SAN MIGUEL,Salida,N,1,METALSA,H2,06:15,,,,
10/05/2026,SAN MIGUEL,Salida,N,1,METALSA,H3,18:15,,,,
10/05/2026,SAN MIGUEL,Salida,N,2,AGUA NUEVA,H1,16:10,,,,
10/05/2026,SAN MIGUEL,Salida,N,2,AGUA NUEVA,H2,06:55,,,,
10/05/2026,SAN MIGUEL,Salida,N,2,AGUA NUEVA,H3,18:55,,,,
10/05/2026,SAN MIGUEL,Salida,N,3,COLONIAS,H1,16:20,,,,
10/05/2026,SAN MIGUEL,Salida,N,3,COLONIAS,H2,07:05,,,,
10/05/2026,SAN MIGUEL,Salida,N,3,COLONIAS,H3,19:05,,,,
10/05/2026,SAN MIGUEL,Salida,N,4,GUADALUPE VICTORIA,H1,16:30,,,,
10/05/2026,SAN MIGUEL,Salida,N,4,GUADALUPE VICTORIA,H2,07:15,,,,
10/05/2026,SAN MIGUEL,Salida,N,4,GUADALUPE VICTORIA,H3,19:15,,,,
10/05/2026,SAN MIGUEL,Salida,N,5,GOMEZ FARIAS,H1,17:05,,,,
10/05/2026,SAN MIGUEL,Salida,N,5,GOMEZ FARIAS,H2,07:50,,,,
10/05/2026,SAN MIGUEL,Salida,N,5,GOMEZ FARIAS,H3,19:50,,,,
10/05/2026,SAN MIGUEL,Salida,N,6,SAN MIGUEL,H1,17:30,,,,
10/05/2026,SAN MIGUEL,Salida,N,6,SAN MIGUEL,H2,08:15,,,,
10/05/2026,SAN MIGUEL,Salida,N,6,SAN MIGUEL,H3,20:15,,,,
10/05/2026,SAN MIGUEL,Salida,N,7,ZACATERA,H1,18:05,,,,
10/05/2026,SAN MIGUEL,Salida,N,7,ZACATERA,H2,08:45,,,,
10/05/2026,SAN MIGUEL,Salida,N,7,ZACATERA,H3,20:45,,,,
10/05/2026,SANTA MARIA - SAN RAFAEL,Entrada,N,1,SAN JOSE ALAMITO,H1,19:00,,,,
10/05/2026,SANTA MARIA - SAN RAFAEL,Entrada,N,1,SAN JOSE ALAMITO,H2,03:30,03:59,-29,1,0
10/05/2026,SANTA MARIA - SAN RAFAEL,Entrada,N,1,SAN JOSE ALAMITO,H3,15:30,16:00,-30,1,0
10/05/2026,SANTA MARIA - SAN RAFAEL,Entrada,N,1,SAN JOSE ALAMITO,H4,19:30,,,,
10/05/2026,SANTA MARIA - SAN RAFAEL,Entrada,N,2,LA HEDIONDA,H1,19:25,,,,
10/05/2026,SANTA MARIA - SAN RAFAEL,Entrada,N,2,LA HEDIONDA,H2,03:55,04:01,-6,1,0
10/05/2026,SANTA MARIA - SAN RAFAEL,Entrada,N,2,LA HEDIONDA,H3,15:55,16:03,-8,1,0
10/05/2026,SANTA MARIA - SAN RAFAEL,Entrada,N,2,LA HEDIONDA,H4,19:55,,,,
10/05/2026,SANTA MARIA - SAN RAFAEL,Entrada,N,3,LA CONCHA,H1,19:40,,,,
10/05/2026,SANTA MARIA - SAN RAFAEL,Entrada,N,3,LA CONCHA,H2,04:10,04:14,-4,1,0
10/05/2026,SANTA MARIA - SAN RAFAEL,Entrada,N,3,LA CONCHA,H3,16:10,,,,
10/05/2026,SANTA MARIA - SAN RAFAEL,Entrada,N,3,LA CONCHA,H4,20:10,,,,
10/05/2026,SANTA MARIA - SAN RAFAEL,Entrada,N,4,STA MARIA DE RAMOS,H1,19:50,,,,
10/05/2026,SANTA MARIA - SAN RAFAEL,Entrada,N,4,STA MARIA DE RAMOS,H2,04:20,04:20,0,1,0
10/05/2026,SANTA MARIA - SAN RAFAEL,Entrada,N,4,STA MARIA DE RAMOS,H3,16:20,16:18,2,1,0
10/05/2026,SANTA MARIA - SAN RAFAEL,Entrada,N,4,STA MARIA DE RAMOS,H4,20:20,,,,
10/05/2026,SANTA MARIA - SAN RAFAEL,Entrada,N,5,SAN RAFAEL,H1,20:05,,,,
10/05/2026,SANTA MARIA - SAN RAFAEL,Entrada,N,5,SAN RAFAEL,H2,04:35,04:31,4,1,0
10/05/2026,SANTA MARIA - SAN RAFAEL,Entrada,N,5,SAN RAFAEL,H3,16:35,16:27,8,1,0
10/05/2026,SANTA MARIA - SAN RAFAEL,Entrada,N,5,SAN RAFAEL,H4,20:35,,,,
10/05/2026,SANTA MARIA - SAN RAFAEL,Entrada,N,6,NAVIDAD,H1,20:10,,,,
10/05/2026,SANTA MARIA - SAN RAFAEL,Entrada,N,6,NAVIDAD,H2,04:40,,,,
10/05/2026,SANTA MARIA - SAN RAFAEL,Entrada,N,6,NAVIDAD,H3,16:40,16:42,-2,1,0
10/05/2026,SANTA MARIA - SAN RAFAEL,Entrada,N,6,NAVIDAD,H4,20:40,,,,
10/05/2026,SANTA MARIA - SAN RAFAEL,Entrada,N,7,ENTRONQUE HUACHICHIL,H1,20:40,,,,
10/05/2026,SANTA MARIA - SAN RAFAEL,Entrada,N,7,ENTRONQUE HUACHICHIL,H2,05:10,05:08,2,1,0
10/05/2026,SANTA MARIA - SAN RAFAEL,Entrada,N,7,ENTRONQUE HUACHICHIL,H3,17:10,17:05,5,1,0
10/05/2026,SANTA MARIA - SAN RAFAEL,Entrada,N,7,ENTRONQUE HUACHICHIL,H4,21:10,,,,
10/05/2026,SANTA MARIA - SAN RAFAEL,Entrada,N,8,METALSA,H1,21:20,,,,
10/05/2026,SANTA MARIA - SAN RAFAEL,Entrada,N,8,METALSA,H2,05:50,05:39,11,1,0
10/05/2026,SANTA MARIA - SAN RAFAEL,Entrada,N,8,METALSA,H3,17:50,17:36,14,1,0
10/05/2026,SANTA MARIA - SAN RAFAEL,Entrada,N,8,METALSA,H4,21:50,,,,
10/05/2026,SANTA MARIA - SAN RAFAEL,Salida,N,1,METALSA,H1,15:30,,,,
10/05/2026,SANTA MARIA - SAN RAFAEL,Salida,N,1,METALSA,H2,06:15,06:15,0,1,0
10/05/2026,SANTA MARIA - SAN RAFAEL,Salida,N,1,METALSA,H3,18:15,18:13,2,1,0
10/05/2026,SANTA MARIA - SAN RAFAEL,Salida,N,2,ENTRONQUE HUACHICHIL,H1,15:31,,,,
10/05/2026,SANTA MARIA - SAN RAFAEL,Salida,N,2,ENTRONQUE HUACHICHIL,H2,06:16,,,,
10/05/2026,SANTA MARIA - SAN RAFAEL,Salida,N,2,ENTRONQUE HUACHICHIL,H3,18:16,,,,
10/05/2026,SANTA MARIA - SAN RAFAEL,Salida,N,3,NAVIDAD,H1,15:32,,,,
10/05/2026,SANTA MARIA - SAN RAFAEL,Salida,N,3,NAVIDAD,H2,06:17,07:19,-62,1,0
10/05/2026,SANTA MARIA - SAN RAFAEL,Salida,N,3,NAVIDAD,H3,18:17,19:07,-50,1,0
10/05/2026,SANTA MARIA - SAN RAFAEL,Salida,N,4,SAN RAFAEL,H1,15:33,,,,
10/05/2026,SANTA MARIA - SAN RAFAEL,Salida,N,4,SAN RAFAEL,H2,06:18,,,,
10/05/2026,SANTA MARIA - SAN RAFAEL,Salida,N,4,SAN RAFAEL,H3,18:18,,,,
10/05/2026,SANTA MARIA - SAN RAFAEL,Salida,N,5,STA MARIA DE RAMOS,H1,16:50,,,,
10/05/2026,SANTA MARIA - SAN RAFAEL,Salida,N,5,STA MARIA DE RAMOS,H2,07:35,07:38,-3,1,0
10/05/2026,SANTA MARIA - SAN RAFAEL,Salida,N,5,STA MARIA DE RAMOS,H3,19:35,19:24,11,1,0
10/05/2026,SANTA MARIA - SAN RAFAEL,Salida,N,6,LA CONCHA,H1,16:55,,,,
10/05/2026,SANTA MARIA - SAN RAFAEL,Salida,N,6,LA CONCHA,H2,07:45,,,,
10/05/2026,SANTA MARIA - SAN RAFAEL,Salida,N,6,LA CONCHA,H3,19:40,19:29,11,1,0
10/05/2026,SANTA MARIA - SAN RAFAEL,Salida,N,7,LA HEDIONDA,H1,17:30,,,,
10/05/2026,SANTA MARIA - SAN RAFAEL,Salida,N,7,LA HEDIONDA,H2,08:00,,,,
10/05/2026,SANTA MARIA - SAN RAFAEL,Salida,N,7,LA HEDIONDA,H3,20:15,19:41,34,1,0
10/05/2026,SANTA MARIA - SAN RAFAEL,Salida,N,8,SAN JOSE ALAMITO,H1,17:55,,,,
10/05/2026,SANTA MARIA - SAN RAFAEL,Salida,N,8,SAN JOSE ALAMITO,H2,08:25,,,,
10/05/2026,SANTA MARIA - SAN RAFAEL,Salida,N,8,SAN JOSE ALAMITO,H3,20:35,19:58,37,1,0
10/05/2026,SECUENCIADOS,Entrada,A,1,CARR. SALTILLO-ZACATECAS,H1,05:45,,,,
10/05/2026,SECUENCIADOS,Entrada,A,1,CARR. SALTILLO-ZACATECAS,H2,17:45,,,,
10/05/2026,SECUENCIADOS,Entrada,A,1,CARR. SALTILLO-ZACATECAS,H3,21:15,,,,
10/05/2026,SECUENCIADOS,Entrada,A,1,CARR. SALTILLO-ZACATECAS,H4,21:45,,,,
10/05/2026,SECUENCIADOS,Entrada,A,2,METALSA,H1,05:50,,,,
10/05/2026,SECUENCIADOS,Entrada,A,2,METALSA,H2,17:50,,,,
10/05/2026,SECUENCIADOS,Entrada,A,2,METALSA,H3,21:20,,,,
10/05/2026,SECUENCIADOS,Entrada,A,2,METALSA,H4,21:50,,,,
10/05/2026,SECUENCIADOS,Salida,A,1,METALSA,H1,05:50,,,,
10/05/2026,SECUENCIADOS,Salida,A,1,METALSA,H2,17:50,,,,
10/05/2026,SECUENCIADOS,Salida,A,1,METALSA,H3,21:20,,,,
10/05/2026,SECUENCIADOS,Salida,A,2,CARR. SALTILLO-ZACATECAS,H1,05:45,,,,
10/05/2026,SECUENCIADOS,Salida,A,2,CARR. SALTILLO-ZACATECAS,H2,17:45,,,,
10/05/2026,SECUENCIADOS,Salida,A,2,CARR. SALTILLO-ZACATECAS,H3,21:15,,,,
10/05/2026,TANQUE DEL CERRO - LA VENTURA,Entrada,A,1,TANQUE DEL CERRO,H1,19:15,,,,
10/05/2026,TANQUE DEL CERRO - LA VENTURA,Entrada,A,1,TANQUE DEL CERRO,H2,03:45,,,,
10/05/2026,TANQUE DEL CERRO - LA VENTURA,Entrada,A,1,TANQUE DEL CERRO,H3,15:45,,,,
10/05/2026,TANQUE DEL CERRO - LA VENTURA,Entrada,A,1,TANQUE DEL CERRO,H4,19:45,,,,
10/05/2026,TANQUE DEL CERRO - LA VENTURA,Entrada,A,2,LA VENTURA,H1,19:35,,,,
10/05/2026,TANQUE DEL CERRO - LA VENTURA,Entrada,A,2,LA VENTURA,H2,04:05,,,,
10/05/2026,TANQUE DEL CERRO - LA VENTURA,Entrada,A,2,LA VENTURA,H3,16:05,,,,
10/05/2026,TANQUE DEL CERRO - LA VENTURA,Entrada,A,2,LA VENTURA,H4,20:05,,,,
10/05/2026,TANQUE DEL CERRO - LA VENTURA,Entrada,A,3,PURISIMA,H1,19:45,,,,
10/05/2026,TANQUE DEL CERRO - LA VENTURA,Entrada,A,3,PURISIMA,H2,04:15,,,,
10/05/2026,TANQUE DEL CERRO - LA VENTURA,Entrada,A,3,PURISIMA,H3,16:15,,,,
10/05/2026,TANQUE DEL CERRO - LA VENTURA,Entrada,A,3,PURISIMA,H4,20:15,,,,
10/05/2026,TANQUE DEL CERRO - LA VENTURA,Entrada,A,4,PRESA SAN PEDRO,H1,19:55,,,,
10/05/2026,TANQUE DEL CERRO - LA VENTURA,Entrada,A,4,PRESA SAN PEDRO,H2,04:25,,,,
10/05/2026,TANQUE DEL CERRO - LA VENTURA,Entrada,A,4,PRESA SAN PEDRO,H3,16:25,,,,
10/05/2026,TANQUE DEL CERRO - LA VENTURA,Entrada,A,4,PRESA SAN PEDRO,H4,20:25,,,,
10/05/2026,TANQUE DEL CERRO - LA VENTURA,Entrada,A,5,TANQUE ESCONDIDO,H1,20:10,,,,
10/05/2026,TANQUE DEL CERRO - LA VENTURA,Entrada,A,5,TANQUE ESCONDIDO,H2,04:40,,,,
10/05/2026,TANQUE DEL CERRO - LA VENTURA,Entrada,A,5,TANQUE ESCONDIDO,H3,16:40,,,,
10/05/2026,TANQUE DEL CERRO - LA VENTURA,Entrada,A,5,TANQUE ESCONDIDO,H4,20:40,,,,
10/05/2026,TANQUE DEL CERRO - LA VENTURA,Entrada,A,6,GUADALUPE VICTORIA,H1,20:38,,,,
10/05/2026,TANQUE DEL CERRO - LA VENTURA,Entrada,A,6,GUADALUPE VICTORIA,H2,05:08,,,,
10/05/2026,TANQUE DEL CERRO - LA VENTURA,Entrada,A,6,GUADALUPE VICTORIA,H3,17:08,,,,
10/05/2026,TANQUE DEL CERRO - LA VENTURA,Entrada,A,6,GUADALUPE VICTORIA,H4,21:08,,,,
10/05/2026,TANQUE DEL CERRO - LA VENTURA,Entrada,A,7,METALSA,H1,21:20,,,,
10/05/2026,TANQUE DEL CERRO - LA VENTURA,Entrada,A,7,METALSA,H2,05:50,,,,
10/05/2026,TANQUE DEL CERRO - LA VENTURA,Entrada,A,7,METALSA,H3,17:50,,,,
10/05/2026,TANQUE DEL CERRO - LA VENTURA,Entrada,A,7,METALSA,H4,21:50,,,,
10/05/2026,TANQUE DEL CERRO - LA VENTURA,Salida,N,1,METALSA,H1,15:30,,,,
10/05/2026,TANQUE DEL CERRO - LA VENTURA,Salida,N,1,METALSA,H2,06:15,06:17,-2,1,0
10/05/2026,TANQUE DEL CERRO - LA VENTURA,Salida,N,1,METALSA,H3,18:15,18:01,14,1,0
10/05/2026,TANQUE DEL CERRO - LA VENTURA,Salida,N,2,GUADALUPE VICTORIA,H1,16:00,,,,
10/05/2026,TANQUE DEL CERRO - LA VENTURA,Salida,N,2,GUADALUPE VICTORIA,H2,06:40,,,,
10/05/2026,TANQUE DEL CERRO - LA VENTURA,Salida,N,2,GUADALUPE VICTORIA,H3,18:40,,,,
10/05/2026,TANQUE DEL CERRO - LA VENTURA,Salida,N,3,TANQUE ESCONDIDO,H1,16:01,,,,
10/05/2026,TANQUE DEL CERRO - LA VENTURA,Salida,N,3,TANQUE ESCONDIDO,H2,06:41,07:27,-46,1,0
10/05/2026,TANQUE DEL CERRO - LA VENTURA,Salida,N,3,TANQUE ESCONDIDO,H3,18:41,19:24,-43,1,0
10/05/2026,TANQUE DEL CERRO - LA VENTURA,Salida,N,4,PRESA SAN PEDRO,H1,16:02,,,,
10/05/2026,TANQUE DEL CERRO - LA VENTURA,Salida,N,4,PRESA SAN PEDRO,H2,06:42,07:34,-52,1,0
10/05/2026,TANQUE DEL CERRO - LA VENTURA,Salida,N,4,PRESA SAN PEDRO,H3,18:42,19:31,-49,1,0
10/05/2026,TANQUE DEL CERRO - LA VENTURA,Salida,N,5,PURISIMA,H1,16:03,,,,
10/05/2026,TANQUE DEL CERRO - LA VENTURA,Salida,N,5,PURISIMA,H2,06:43,07:44,-61,1,0
10/05/2026,TANQUE DEL CERRO - LA VENTURA,Salida,N,5,PURISIMA,H3,18:43,19:44,-61,1,0
10/05/2026,TANQUE DEL CERRO - LA VENTURA,Salida,N,6,LA VENTURA,H1,17:00,,,,
10/05/2026,TANQUE DEL CERRO - LA VENTURA,Salida,N,6,LA VENTURA,H2,06:44,07:57,-73,1,0
10/05/2026,TANQUE DEL CERRO - LA VENTURA,Salida,N,6,LA VENTURA,H3,19:45,19:58,-13,1,0
10/05/2026,TANQUE DEL CERRO - LA VENTURA,Salida,N,7,TANQUE DEL CERRO,H1,17:20,,,,
10/05/2026,TANQUE DEL CERRO - LA VENTURA,Salida,N,7,TANQUE DEL CERRO,H2,08:05,08:07,-2,1,0
10/05/2026,TANQUE DEL CERRO - LA VENTURA,Salida,N,7,TANQUE DEL CERRO,H3,20:05,,,,
10/05/2026,TANQUE NUEVO,Entrada,A,1,MATEHUAPIL,H1,18:20,,,,
10/05/2026,TANQUE NUEVO,Entrada,A,1,MATEHUAPIL,H2,02:50,,,,
10/05/2026,TANQUE NUEVO,Entrada,A,1,MATEHUAPIL,H3,02:50,,,,
10/05/2026,TANQUE NUEVO,Entrada,A,1,MATEHUAPIL,H4,14:50,,,,
10/05/2026,TANQUE NUEVO,Entrada,A,1,MATEHUAPIL,H5,14:50,,,,
10/05/2026,TANQUE NUEVO,Entrada,A,1,MATEHUAPIL,H6,18:50,,,,
10/05/2026,TANQUE NUEVO,Entrada,A,2,TANQUE NUEVO,H1,18:30,,,,
10/05/2026,TANQUE NUEVO,Entrada,A,2,TANQUE NUEVO,H2,03:00,,,,
10/05/2026,TANQUE NUEVO,Entrada,A,2,TANQUE NUEVO,H3,03:00,,,,
10/05/2026,TANQUE NUEVO,Entrada,A,2,TANQUE NUEVO,H4,15:00,,,,
10/05/2026,TANQUE NUEVO,Entrada,A,2,TANQUE NUEVO,H5,15:00,,,,
10/05/2026,TANQUE NUEVO,Entrada,A,2,TANQUE NUEVO,H6,19:00,,,,
10/05/2026,TANQUE NUEVO,Entrada,A,3,CLAVELLINAS,H1,18:50,,,,
10/05/2026,TANQUE NUEVO,Entrada,A,3,CLAVELLINAS,H2,03:20,,,,
10/05/2026,TANQUE NUEVO,Entrada,A,3,CLAVELLINAS,H3,03:20,,,,
10/05/2026,TANQUE NUEVO,Entrada,A,3,CLAVELLINAS,H4,15:20,,,,
10/05/2026,TANQUE NUEVO,Entrada,A,3,CLAVELLINAS,H5,15:20,,,,
10/05/2026,TANQUE NUEVO,Entrada,A,3,CLAVELLINAS,H6,19:20,,,,
10/05/2026,TANQUE NUEVO,Entrada,A,4,EL SALVADOR,H1,19:10,,,,
10/05/2026,TANQUE NUEVO,Entrada,A,4,EL SALVADOR,H2,03:40,,,,
10/05/2026,TANQUE NUEVO,Entrada,A,4,EL SALVADOR,H3,03:40,,,,
10/05/2026,TANQUE NUEVO,Entrada,A,4,EL SALVADOR,H4,15:40,,,,
10/05/2026,TANQUE NUEVO,Entrada,A,4,EL SALVADOR,H5,15:40,,,,
10/05/2026,TANQUE NUEVO,Entrada,A,4,EL SALVADOR,H6,19:40,,,,
10/05/2026,TANQUE NUEVO,Entrada,A,5,LA VENTURA,H1,19:30,,,,
10/05/2026,TANQUE NUEVO,Entrada,A,5,LA VENTURA,H2,04:00,,,,
10/05/2026,TANQUE NUEVO,Entrada,A,5,LA VENTURA,H3,04:00,,,,
10/05/2026,TANQUE NUEVO,Entrada,A,5,LA VENTURA,H4,16:00,,,,
10/05/2026,TANQUE NUEVO,Entrada,A,5,LA VENTURA,H5,16:00,,,,
10/05/2026,TANQUE NUEVO,Entrada,A,5,LA VENTURA,H6,20:10,,,,
10/05/2026,TANQUE NUEVO,Entrada,A,6,PRESA SAN PEDRO,H1,19:45,,,,
10/05/2026,TANQUE NUEVO,Entrada,A,6,PRESA SAN PEDRO,H2,04:15,,,,
10/05/2026,TANQUE NUEVO,Entrada,A,6,PRESA SAN PEDRO,H3,04:15,,,,
10/05/2026,TANQUE NUEVO,Entrada,A,6,PRESA SAN PEDRO,H4,16:15,,,,
10/05/2026,TANQUE NUEVO,Entrada,A,6,PRESA SAN PEDRO,H5,16:15,,,,
10/05/2026,TANQUE NUEVO,Entrada,A,6,PRESA SAN PEDRO,H6,20:35,,,,
10/05/2026,TANQUE NUEVO,Entrada,A,7,TANQUE ESCONDIDO,H1,19:55,,,,
10/05/2026,TANQUE NUEVO,Entrada,A,7,TANQUE ESCONDIDO,H2,04:25,,,,
10/05/2026,TANQUE NUEVO,Entrada,A,7,TANQUE ESCONDIDO,H3,04:25,,,,
10/05/2026,TANQUE NUEVO,Entrada,A,7,TANQUE ESCONDIDO,H4,16:25,,,,
10/05/2026,TANQUE NUEVO,Entrada,A,7,TANQUE ESCONDIDO,H5,16:25,,,,
10/05/2026,TANQUE NUEVO,Entrada,A,7,TANQUE ESCONDIDO,H6,20:45,,,,
10/05/2026,TANQUE NUEVO,Entrada,A,8,METALSA,H1,21:20,,,,
10/05/2026,TANQUE NUEVO,Entrada,A,8,METALSA,H2,05:50,00:05,345,1,0
10/05/2026,TANQUE NUEVO,Entrada,A,8,METALSA,H3,05:50,,,,
10/05/2026,TANQUE NUEVO,Entrada,A,8,METALSA,H4,17:50,,,,
10/05/2026,TANQUE NUEVO,Entrada,A,8,METALSA,H5,17:50,,,,
10/05/2026,TANQUE NUEVO,Entrada,A,8,METALSA,H6,21:50,,,,
10/05/2026,TANQUE NUEVO,Salida,N,1,METALSA,H1,15:30,,,,
10/05/2026,TANQUE NUEVO,Salida,N,1,METALSA,H2,06:15,00:06,369,1,0
10/05/2026,TANQUE NUEVO,Salida,N,1,METALSA,H3,06:15,00:18,357,1,0
10/05/2026,TANQUE NUEVO,Salida,N,1,METALSA,H4,18:15,00:18,357,,0
10/05/2026,TANQUE NUEVO,Salida,N,1,METALSA,H5,18:15,00:18,357,,0
10/05/2026,TANQUE NUEVO,Salida,N,2,TANQUE ESCONDIDO,H1,16:55,,,,
10/05/2026,TANQUE NUEVO,Salida,N,2,TANQUE ESCONDIDO,H2,07:40,,,,
10/05/2026,TANQUE NUEVO,Salida,N,2,TANQUE ESCONDIDO,H3,07:40,00:19,441,1,0
10/05/2026,TANQUE NUEVO,Salida,N,2,TANQUE ESCONDIDO,H4,19:40,00:19,441,,0
10/05/2026,TANQUE NUEVO,Salida,N,2,TANQUE ESCONDIDO,H5,19:40,00:19,441,,0
10/05/2026,TANQUE NUEVO,Salida,N,3,PRESA SAN PEDRO,H1,17:05,,,,
10/05/2026,TANQUE NUEVO,Salida,N,3,PRESA SAN PEDRO,H2,07:50,00:07,463,1,0
10/05/2026,TANQUE NUEVO,Salida,N,3,PRESA SAN PEDRO,H3,07:50,00:19,451,1,0
10/05/2026,TANQUE NUEVO,Salida,N,3,PRESA SAN PEDRO,H4,19:50,00:19,451,,0
10/05/2026,TANQUE NUEVO,Salida,N,3,PRESA SAN PEDRO,H5,19:50,00:19,451,,0
10/05/2026,TANQUE NUEVO,Salida,N,4,LA VENTURA,H1,17:20,,,,
10/05/2026,TANQUE NUEVO,Salida,N,4,LA VENTURA,H2,08:05,00:07,478,1,0
10/05/2026,TANQUE NUEVO,Salida,N,4,LA VENTURA,H3,08:05,00:19,466,1,0
10/05/2026,TANQUE NUEVO,Salida,N,4,LA VENTURA,H4,20:05,00:19,466,,0
10/05/2026,TANQUE NUEVO,Salida,N,4,LA VENTURA,H5,20:05,00:19,466,,0
10/05/2026,TANQUE NUEVO,Salida,N,5,EL SALVADOR,H1,17:40,,,,
10/05/2026,TANQUE NUEVO,Salida,N,5,EL SALVADOR,H2,08:25,,,,
10/05/2026,TANQUE NUEVO,Salida,N,5,EL SALVADOR,H3,08:25,,,,
10/05/2026,TANQUE NUEVO,Salida,N,5,EL SALVADOR,H4,20:25,,,,
10/05/2026,TANQUE NUEVO,Salida,N,5,EL SALVADOR,H5,20:25,,,,
10/05/2026,TANQUE NUEVO,Salida,N,6,CLAVELLINAS,H1,18:00,,,,
10/05/2026,TANQUE NUEVO,Salida,N,6,CLAVELLINAS,H2,08:45,,,,
10/05/2026,TANQUE NUEVO,Salida,N,6,CLAVELLINAS,H3,08:45,,,,
10/05/2026,TANQUE NUEVO,Salida,N,6,CLAVELLINAS,H4,20:45,,,,
10/05/2026,TANQUE NUEVO,Salida,N,6,CLAVELLINAS,H5,20:45,,,,
10/05/2026,TANQUE NUEVO,Salida,N,7,TANQUE NUEVO,H1,18:20,,,,
10/05/2026,TANQUE NUEVO,Salida,N,7,TANQUE NUEVO,H2,09:05,,,,
10/05/2026,TANQUE NUEVO,Salida,N,7,TANQUE NUEVO,H3,09:05,,,,
10/05/2026,TANQUE NUEVO,Salida,N,7,TANQUE NUEVO,H4,21:05,,,,
10/05/2026,TANQUE NUEVO,Salida,N,7,TANQUE NUEVO,H5,21:05,,,,
10/05/2026,TANQUE NUEVO,Salida,N,8,MATEHUAPIL,H1,18:30,,,,
10/05/2026,TANQUE NUEVO,Salida,N,8,MATEHUAPIL,H2,09:15,,,,
10/05/2026,TANQUE NUEVO,Salida,N,8,MATEHUAPIL,H3,09:15,,,,
10/05/2026,TANQUE NUEVO,Salida,N,8,MATEHUAPIL,H4,21:15,,,,
10/05/2026,TANQUE NUEVO,Salida,N,8,MATEHUAPIL,H5,21:15,,,,
10/05/2026,TERESITAS,Entrada,N,1,BLVD ANTONIO CARDENAS Y HUACHICHILES,H1,05:05,05:03,2,1,0
10/05/2026,TERESITAS,Entrada,N,1,BLVD ANTONIO CARDENAS Y HUACHICHILES,H2,17:05,17:04,1,1,0
10/05/2026,TERESITAS,Entrada,N,1,BLVD ANTONIO CARDENAS Y HUACHICHILES,H3,20:35,,,,
10/05/2026,TERESITAS,Entrada,N,1,BLVD ANTONIO CARDENAS Y HUACHICHILES,H4,21:05,,,,
10/05/2026,TERESITAS,Entrada,N,2,RAYADOS Y HUACHICHILES,H1,05:10,05:08,2,1,0
10/05/2026,TERESITAS,Entrada,N,2,RAYADOS Y HUACHICHILES,H2,17:10,17:08,2,1,0
10/05/2026,TERESITAS,Entrada,N,2,RAYADOS Y HUACHICHILES,H3,20:40,,,,
10/05/2026,TERESITAS,Entrada,N,2,RAYADOS Y HUACHICHILES,H4,21:10,,,,
10/05/2026,TERESITAS,Entrada,N,3,SIERRA DE ZAPALINAME Y AV TERESITAS,H1,05:15,05:13,2,1,0
10/05/2026,TERESITAS,Entrada,N,3,SIERRA DE ZAPALINAME Y AV TERESITAS,H2,17:15,17:12,3,1,0
10/05/2026,TERESITAS,Entrada,N,3,SIERRA DE ZAPALINAME Y AV TERESITAS,H3,20:45,,,,
10/05/2026,TERESITAS,Entrada,N,3,SIERRA DE ZAPALINAME Y AV TERESITAS,H4,21:15,,,,
10/05/2026,TERESITAS,Entrada,N,4,AV TERESITAS Y BLVD ANTONIO CARDENAS,H1,05:22,05:20,2,1,0
10/05/2026,TERESITAS,Entrada,N,4,AV TERESITAS Y BLVD ANTONIO CARDENAS,H2,17:22,17:18,4,1,0
10/05/2026,TERESITAS,Entrada,N,4,AV TERESITAS Y BLVD ANTONIO CARDENAS,H3,20:52,,,,
10/05/2026,TERESITAS,Entrada,N,4,AV TERESITAS Y BLVD ANTONIO CARDENAS,H4,21:22,,,,
10/05/2026,TERESITAS,Entrada,N,5,LA ENCANTADA,H1,05:28,05:22,6,1,0
10/05/2026,TERESITAS,Entrada,N,5,LA ENCANTADA,H2,17:28,17:21,7,1,0
10/05/2026,TERESITAS,Entrada,N,5,LA ENCANTADA,H3,20:58,,,,
10/05/2026,TERESITAS,Entrada,N,5,LA ENCANTADA,H4,21:28,,,,
10/05/2026,TERESITAS,Entrada,N,6,CAAR. SALTILLO-ZACATECAS,H1,05:32,05:33,-1,1,0
10/05/2026,TERESITAS,Entrada,N,6,CAAR. SALTILLO-ZACATECAS,H2,17:32,17:25,7,1,0
10/05/2026,TERESITAS,Entrada,N,6,CAAR. SALTILLO-ZACATECAS,H3,21:02,,,,
10/05/2026,TERESITAS,Entrada,N,6,CAAR. SALTILLO-ZACATECAS,H4,21:30,,,,
10/05/2026,TERESITAS,Entrada,N,7,METALSA,H1,05:50,05:49,1,1,0
10/05/2026,TERESITAS,Entrada,N,7,METALSA,H2,17:50,17:38,12,1,0
10/05/2026,TERESITAS,Entrada,N,7,METALSA,H3,21:20,,,,
10/05/2026,TERESITAS,Entrada,N,7,METALSA,H4,21:50,,,,
10/05/2026,TERESITAS,Salida,N,1,METALSA,H1,06:15,06:17,-2,1,0
10/05/2026,TERESITAS,Salida,N,1,METALSA,H2,15:30,,,,
10/05/2026,TERESITAS,Salida,N,1,METALSA,H3,18:15,18:17,-2,1,0
10/05/2026,TERESITAS,Salida,N,2,CARR. SALTILLO-ZACATECAS,H1,06:33,06:33,0,1,0
10/05/2026,TERESITAS,Salida,N,2,CARR. SALTILLO-ZACATECAS,H2,15:48,,,,
10/05/2026,TERESITAS,Salida,N,2,CARR. SALTILLO-ZACATECAS,H3,18:33,,,,
10/05/2026,TERESITAS,Salida,N,3,LA ENCANTADA,H1,06:37,06:36,1,1,0
10/05/2026,TERESITAS,Salida,N,3,LA ENCANTADA,H2,15:52,,,,
10/05/2026,TERESITAS,Salida,N,3,LA ENCANTADA,H3,18:37,18:42,-5,1,0
10/05/2026,TERESITAS,Salida,N,4,AV TERESITAS Y BLVD ANTONIO CARDENAS,H1,06:43,,,,
10/05/2026,TERESITAS,Salida,N,4,AV TERESITAS Y BLVD ANTONIO CARDENAS,H2,15:58,,,,
10/05/2026,TERESITAS,Salida,N,4,AV TERESITAS Y BLVD ANTONIO CARDENAS,H3,18:43,,,,
10/05/2026,TERESITAS,Salida,N,5,SIERRA DE ZAPALINAME Y AV TERESITAS,H1,06:50,,,,
10/05/2026,TERESITAS,Salida,N,5,SIERRA DE ZAPALINAME Y AV TERESITAS,H2,16:05,,,,
10/05/2026,TERESITAS,Salida,N,5,SIERRA DE ZAPALINAME Y AV TERESITAS,H3,18:50,,,,
10/05/2026,TERESITAS,Salida,N,6,RAYADOS Y HUACHICHILES,H1,06:55,,,,
10/05/2026,TERESITAS,Salida,N,6,RAYADOS Y HUACHICHILES,H2,16:10,,,,
10/05/2026,TERESITAS,Salida,N,6,RAYADOS Y HUACHICHILES,H3,18:55,,,,
10/05/2026,TERESITAS,Salida,N,7,BLVD ANTONIO CARDENAS Y HUACHICHILES,H1,07:00,06:36,24,1,0
10/05/2026,TERESITAS,Salida,N,7,BLVD ANTONIO CARDENAS Y HUACHICHILES,H2,16:15,,,,
10/05/2026,TERESITAS,Salida,N,7,BLVD ANTONIO CARDENAS Y HUACHICHILES,H3,19:00,18:43,17,1,0
10/05/2026,VALENCIA,Entrada,N,1,LA RIOJA Y JEREZ,H1,04:30,04:30,0,1,0
10/05/2026,VALENCIA,Entrada,N,1,LA RIOJA Y JEREZ,H2,16:30,,,,
10/05/2026,VALENCIA,Entrada,N,1,LA RIOJA Y JEREZ,H3,20:00,,,,
10/05/2026,VALENCIA,Entrada,N,1,LA RIOJA Y JEREZ,H4,20:30,,,,
10/05/2026,VALENCIA,Entrada,N,2,PERIFERICO LEA Y VITO ALESSIO,H1,04:40,04:46,-6,1,0
10/05/2026,VALENCIA,Entrada,N,2,PERIFERICO LEA Y VITO ALESSIO,H2,16:40,,,,
10/05/2026,VALENCIA,Entrada,N,2,PERIFERICO LEA Y VITO ALESSIO,H3,20:10,,,,
10/05/2026,VALENCIA,Entrada,N,2,PERIFERICO LEA Y VITO ALESSIO,H4,20:40,,,,
10/05/2026,VALENCIA,Entrada,N,3,CARLOS S. Y RANCHO DE PEÑA,H1,04:45,04:52,-7,1,0
10/05/2026,VALENCIA,Entrada,N,3,CARLOS S. Y RANCHO DE PEÑA,H2,16:45,,,,
10/05/2026,VALENCIA,Entrada,N,3,CARLOS S. Y RANCHO DE PEÑA,H3,20:15,,,,
10/05/2026,VALENCIA,Entrada,N,3,CARLOS S. Y RANCHO DE PEÑA,H4,20:45,,,,
10/05/2026,VALENCIA,Entrada,N,4,ALVARO OBREGON,H1,04:55,04:58,-3,1,0
10/05/2026,VALENCIA,Entrada,N,4,ALVARO OBREGON,H2,16:55,,,,
10/05/2026,VALENCIA,Entrada,N,4,ALVARO OBREGON,H3,20:25,,,,
10/05/2026,VALENCIA,Entrada,N,4,ALVARO OBREGON,H4,20:55,,,,
10/05/2026,VALENCIA,Entrada,N,5,MIGUEL HIDALGO Y PEDRO ARANDA,H1,05:00,05:11,-11,1,0
10/05/2026,VALENCIA,Entrada,N,5,MIGUEL HIDALGO Y PEDRO ARANDA,H2,17:00,,,,
10/05/2026,VALENCIA,Entrada,N,5,MIGUEL HIDALGO Y PEDRO ARANDA,H3,20:30,,,,
10/05/2026,VALENCIA,Entrada,N,5,MIGUEL HIDALGO Y PEDRO ARANDA,H4,21:00,,,,
10/05/2026,VALENCIA,Entrada,N,6,PERIFERICO LEA Y W. GONZALEZ,H1,05:05,05:15,-10,1,0
10/05/2026,VALENCIA,Entrada,N,6,PERIFERICO LEA Y W. GONZALEZ,H2,17:05,,,,
10/05/2026,VALENCIA,Entrada,N,6,PERIFERICO LEA Y W. GONZALEZ,H3,20:35,,,,
10/05/2026,VALENCIA,Entrada,N,6,PERIFERICO LEA Y W. GONZALEZ,H4,21:05,,,,
10/05/2026,VALENCIA,Entrada,N,7,CTO DE LA CAÑADA Y BLVD CARDENAS,H1,05:15,05:23,-8,1,0
10/05/2026,VALENCIA,Entrada,N,7,CTO DE LA CAÑADA Y BLVD CARDENAS,H2,17:15,,,,
10/05/2026,VALENCIA,Entrada,N,7,CTO DE LA CAÑADA Y BLVD CARDENAS,H3,20:45,,,,
10/05/2026,VALENCIA,Entrada,N,7,CTO DE LA CAÑADA Y BLVD CARDENAS,H4,21:15,,,,
10/05/2026,VALENCIA,Entrada,N,8,METALSA,H1,05:50,06:04,-14,1,0
10/05/2026,VALENCIA,Entrada,N,8,METALSA,H2,17:50,,,,
10/05/2026,VALENCIA,Entrada,N,8,METALSA,H3,21:20,,,,
10/05/2026,VALENCIA,Entrada,N,8,METALSA,H4,21:50,,,,
10/05/2026,VALENCIA,Salida,N,1,METALSA,H1,06:15,06:16,-1,1,0
10/05/2026,VALENCIA,Salida,N,1,METALSA,H2,15:30,,,,
10/05/2026,VALENCIA,Salida,N,1,METALSA,H3,18:15,18:16,-1,1,0
10/05/2026,VALENCIA,Salida,N,2,CTO DE LA CAÑADA Y BLVD CARDENAS,H1,06:50,06:40,10,1,0
10/05/2026,VALENCIA,Salida,N,2,CTO DE LA CAÑADA Y BLVD CARDENAS,H2,16:05,,,,
10/05/2026,VALENCIA,Salida,N,2,CTO DE LA CAÑADA Y BLVD CARDENAS,H3,18:50,18:48,2,1,0
10/05/2026,VALENCIA,Salida,N,3,PERIFERICO LEA Y W. GONZALEZ,H1,07:00,06:45,15,1,0
10/05/2026,VALENCIA,Salida,N,3,PERIFERICO LEA Y W. GONZALEZ,H2,16:15,,,,
10/05/2026,VALENCIA,Salida,N,3,PERIFERICO LEA Y W. GONZALEZ,H3,19:00,18:56,4,1,0
10/05/2026,VALENCIA,Salida,N,4,MIGUEL HIDALGO Y PEDRO ARANDA,H1,07:05,06:50,15,1,0
10/05/2026,VALENCIA,Salida,N,4,MIGUEL HIDALGO Y PEDRO ARANDA,H2,16:20,,,,
10/05/2026,VALENCIA,Salida,N,4,MIGUEL HIDALGO Y PEDRO ARANDA,H3,19:05,19:00,5,1,0
10/05/2026,VALENCIA,Salida,N,5,ALVARO OBREGON,H1,07:10,,,,
10/05/2026,VALENCIA,Salida,N,5,ALVARO OBREGON,H2,16:25,,,,
10/05/2026,VALENCIA,Salida,N,5,ALVARO OBREGON,H3,19:10,19:15,-5,1,0
10/05/2026,VALENCIA,Salida,N,6,CARLOS S. Y RANCHO DE PEÑA,H1,07:20,07:10,10,1,0
10/05/2026,VALENCIA,Salida,N,6,CARLOS S. Y RANCHO DE PEÑA,H2,16:35,,,,
10/05/2026,VALENCIA,Salida,N,6,CARLOS S. Y RANCHO DE PEÑA,H3,19:20,19:24,-4,1,0
10/05/2026,VALENCIA,Salida,N,7,PERIFERICO LEA Y VITO ALESSIO,H1,07:25,,,,
10/05/2026,VALENCIA,Salida,N,7,PERIFERICO LEA Y VITO ALESSIO,H2,16:40,,,,
10/05/2026,VALENCIA,Salida,N,7,PERIFERICO LEA Y VITO ALESSIO,H3,19:25,,,,
10/05/2026,VALENCIA,Salida,N,8,LA RIOJA Y JEREZ,H1,07:35,,,,
10/05/2026,VALENCIA,Salida,N,8,LA RIOJA Y JEREZ,H2,16:50,,,,
10/05/2026,VALENCIA,Salida,N,8,LA RIOJA Y JEREZ,H3,19:35,19:49,-14,1,0
10/05/2026,ZARAGOZA,Entrada,N,1,FCO. EALY ORTIZ Y EUCALIPTO,H1,04:25,04:27,-2,1,0
10/05/2026,ZARAGOZA,Entrada,N,1,FCO. EALY ORTIZ Y EUCALIPTO,H2,16:25,16:29,-4,1,0
10/05/2026,ZARAGOZA,Entrada,N,1,FCO. EALY ORTIZ Y EUCALIPTO,H3,19:55,,,,
10/05/2026,ZARAGOZA,Entrada,N,1,FCO. EALY ORTIZ Y EUCALIPTO,H4,20:25,,,,
10/05/2026,ZARAGOZA,Entrada,N,2,CHOPO Y EUCALIPTO,H1,04:26,04:28,-2,1,0
10/05/2026,ZARAGOZA,Entrada,N,2,CHOPO Y EUCALIPTO,H2,16:26,16:30,-4,1,0
10/05/2026,ZARAGOZA,Entrada,N,2,CHOPO Y EUCALIPTO,H3,19:56,,,,
10/05/2026,ZARAGOZA,Entrada,N,2,CHOPO Y EUCALIPTO,H4,20:26,,,,
10/05/2026,ZARAGOZA,Entrada,N,3,FUNDADORES Y BLVD. MIRASIERRA,H1,04:36,04:40,-4,1,0
10/05/2026,ZARAGOZA,Entrada,N,3,FUNDADORES Y BLVD. MIRASIERRA,H2,16:36,16:41,-5,1,0
10/05/2026,ZARAGOZA,Entrada,N,3,FUNDADORES Y BLVD. MIRASIERRA,H3,20:06,,,,
10/05/2026,ZARAGOZA,Entrada,N,3,FUNDADORES Y BLVD. MIRASIERRA,H4,20:36,,,,
10/05/2026,ZARAGOZA,Entrada,N,4,CALLE 34 Y JUAN NAVARRO,H1,04:51,04:57,-6,1,0
10/05/2026,ZARAGOZA,Entrada,N,4,CALLE 34 Y JUAN NAVARRO,H2,16:51,16:58,-7,1,0
10/05/2026,ZARAGOZA,Entrada,N,4,CALLE 34 Y JUAN NAVARRO,H3,20:21,,,,
10/05/2026,ZARAGOZA,Entrada,N,4,CALLE 34 Y JUAN NAVARRO,H4,20:51,,,,
10/05/2026,ZARAGOZA,Entrada,N,5,PERIF LEA Y 12 DE OCTUBRE (FIRST CASH),H1,05:03,05:08,-5,1,0
10/05/2026,ZARAGOZA,Entrada,N,5,PERIF LEA Y 12 DE OCTUBRE (FIRST CASH),H2,17:03,17:13,-10,1,0
10/05/2026,ZARAGOZA,Entrada,N,5,PERIF LEA Y 12 DE OCTUBRE (FIRST CASH),H3,20:33,,,,
10/05/2026,ZARAGOZA,Entrada,N,5,PERIF LEA Y 12 DE OCTUBRE (FIRST CASH),H4,21:03,,,,
10/05/2026,ZARAGOZA,Entrada,N,6,GIMNACIO MUNICIPAL,H1,05:05,05:10,-5,1,0
10/05/2026,ZARAGOZA,Entrada,N,6,GIMNACIO MUNICIPAL,H2,17:05,17:14,-9,1,0
10/05/2026,ZARAGOZA,Entrada,N,6,GIMNACIO MUNICIPAL,H3,20:35,,,,
10/05/2026,ZARAGOZA,Entrada,N,6,GIMNACIO MUNICIPAL,H4,21:05,,,,
10/05/2026,ZARAGOZA,Entrada,N,7,L.E.A. Y J. MERY,H1,05:07,05:12,-5,1,0
10/05/2026,ZARAGOZA,Entrada,N,7,L.E.A. Y J. MERY,H2,17:07,17:16,-9,1,0
10/05/2026,ZARAGOZA,Entrada,N,7,L.E.A. Y J. MERY,H3,20:37,,,,
10/05/2026,ZARAGOZA,Entrada,N,7,L.E.A. Y J. MERY,H4,21:07,,,,
10/05/2026,ZARAGOZA,Entrada,N,8,VILLA UNIVERSIDAD,H1,05:09,05:14,-5,1,0
10/05/2026,ZARAGOZA,Entrada,N,8,VILLA UNIVERSIDAD,H2,17:09,17:18,-9,1,0
10/05/2026,ZARAGOZA,Entrada,N,8,VILLA UNIVERSIDAD,H3,20:39,,,,
10/05/2026,ZARAGOZA,Entrada,N,8,VILLA UNIVERSIDAD,H4,21:09,,,,
10/05/2026,ZARAGOZA,Entrada,N,9,ARIZPE DE LA MAZA Y CARR. 54,H1,05:15,05:17,-2,1,0
10/05/2026,ZARAGOZA,Entrada,N,9,ARIZPE DE LA MAZA Y CARR. 54,H2,17:15,17:21,-6,1,0
10/05/2026,ZARAGOZA,Entrada,N,9,ARIZPE DE LA MAZA Y CARR. 54,H3,20:45,,,,
10/05/2026,ZARAGOZA,Entrada,N,9,ARIZPE DE LA MAZA Y CARR. 54,H4,21:15,,,,
10/05/2026,ZARAGOZA,Entrada,N,10,METALSA,H1,05:50,05:51,-1,1,0
10/05/2026,ZARAGOZA,Entrada,N,10,METALSA,H2,17:50,17:44,6,1,0
10/05/2026,ZARAGOZA,Entrada,N,10,METALSA,H3,21:20,,,,
10/05/2026,ZARAGOZA,Entrada,N,10,METALSA,H4,21:50,,,,
10/05/2026,ZARAGOZA,Salida,N,1,METALSA,H1,06:15,06:16,-1,1,0
10/05/2026,ZARAGOZA,Salida,N,1,METALSA,H2,15:30,,,,
10/05/2026,ZARAGOZA,Salida,N,1,METALSA,H3,18:15,18:16,-1,1,0
10/05/2026,ZARAGOZA,Salida,N,2,ARIZPE DE LA MAZA Y CARR. 54,H1,06:44,,,,
10/05/2026,ZARAGOZA,Salida,N,2,ARIZPE DE LA MAZA Y CARR. 54,H2,15:59,,,,
10/05/2026,ZARAGOZA,Salida,N,2,ARIZPE DE LA MAZA Y CARR. 54,H3,18:44,,,,
10/05/2026,ZARAGOZA,Salida,N,3,VILLA UNIVERSIDAD,H1,06:46,,,,
10/05/2026,ZARAGOZA,Salida,N,3,VILLA UNIVERSIDAD,H2,16:01,,,,
10/05/2026,ZARAGOZA,Salida,N,3,VILLA UNIVERSIDAD,H3,18:45,,,,
10/05/2026,ZARAGOZA,Salida,N,4,L.E.A. Y J. MERY,H1,06:49,,,,
10/05/2026,ZARAGOZA,Salida,N,4,L.E.A. Y J. MERY,H2,16:04,,,,
10/05/2026,ZARAGOZA,Salida,N,4,L.E.A. Y J. MERY,H3,18:49,,,,
10/05/2026,ZARAGOZA,Salida,N,5,GIMNACIO MUNICIPAL,H1,06:51,06:41,10,1,0
10/05/2026,ZARAGOZA,Salida,N,5,GIMNACIO MUNICIPAL,H2,16:06,,,,
10/05/2026,ZARAGOZA,Salida,N,5,GIMNACIO MUNICIPAL,H3,18:51,18:50,1,1,0
10/05/2026,ZARAGOZA,Salida,N,6,PERIF LEA Y 12 DE OCTUBRE (FIRST CASH),H1,07:00,,,,
10/05/2026,ZARAGOZA,Salida,N,6,PERIF LEA Y 12 DE OCTUBRE (FIRST CASH),H2,16:10,,,,
10/05/2026,ZARAGOZA,Salida,N,6,PERIF LEA Y 12 DE OCTUBRE (FIRST CASH),H3,19:00,18:53,7,1,0
10/05/2026,ZARAGOZA,Salida,N,7,CALLE 34 Y JUAN NAVARRO,H1,07:04,06:54,10,1,0
10/05/2026,ZARAGOZA,Salida,N,7,CALLE 34 Y JUAN NAVARRO,H2,16:19,,,,
10/05/2026,ZARAGOZA,Salida,N,7,CALLE 34 Y JUAN NAVARRO,H3,19:04,19:09,-5,1,0
10/05/2026,ZARAGOZA,Salida,N,8,FUNDADORES Y BLVD. MIRASIERRA,H1,07:19,,,,
10/05/2026,ZARAGOZA,Salida,N,8,FUNDADORES Y BLVD. MIRASIERRA,H2,16:34,,,,
10/05/2026,ZARAGOZA,Salida,N,8,FUNDADORES Y BLVD. MIRASIERRA,H3,19:19,,,,
10/05/2026,ZARAGOZA,Salida,N,9,CHOPO Y EUCALIPTO,H1,07:29,,,,
10/05/2026,ZARAGOZA,Salida,N,9,CHOPO Y EUCALIPTO,H2,16:44,,,,
10/05/2026,ZARAGOZA,Salida,N,9,CHOPO Y EUCALIPTO,H3,19:29,,,,
10/05/2026,ZARAGOZA,Salida,N,10,FCO. EALY ORTIZ Y EUCALIPTO,H1,07:30,,,,
10/05/2026,ZARAGOZA,Salida,N,10,FCO. EALY ORTIZ Y EUCALIPTO,H2,16:45,,,,
10/05/2026,ZARAGOZA,Salida,N,10,FCO. EALY ORTIZ Y EUCALIPTO,H3,19:30,19:45,-15,1,0
11/05/2026,EL PEÑUELO,Entrada,A,1,LA VENTURA,H1,19:00,,,,
11/05/2026,EL PEÑUELO,Entrada,A,1,LA VENTURA,H2,03:30,,,,
11/05/2026,EL PEÑUELO,Entrada,A,1,LA VENTURA,H3,15:30,,,,
11/05/2026,EL PEÑUELO,Entrada,A,1,LA VENTURA,H4,19:30,,,,
11/05/2026,EL PEÑUELO,Entrada,A,2,METALSA,H1,21:20,,,,
11/05/2026,EL PEÑUELO,Entrada,A,2,METALSA,H2,05:50,,,,
11/05/2026,EL PEÑUELO,Entrada,A,2,METALSA,H3,17:50,,,,
11/05/2026,EL PEÑUELO,Entrada,A,2,METALSA,H4,21:50,,,,
11/05/2026,EL PEÑUELO,Salida,N,1,METALSA,H1,15:30,,,,
11/05/2026,EL PEÑUELO,Salida,N,1,METALSA,H2,06:15,06:17,-2,1,0
11/05/2026,EL PEÑUELO,Salida,N,1,METALSA,H3,18:15,,,,
11/05/2026,EL PEÑUELO,Salida,N,2,LA VENTURA,H1,17:50,,,,
11/05/2026,EL PEÑUELO,Salida,N,2,LA VENTURA,H2,08:35,,,,
11/05/2026,EL PEÑUELO,Salida,N,2,LA VENTURA,H3,20:35,,,,
11/05/2026,EL SALITRE,Entrada,A,1,SALITRE,H1,19:20,,,,
11/05/2026,EL SALITRE,Entrada,A,1,SALITRE,H2,03:50,,,,
11/05/2026,EL SALITRE,Entrada,A,1,SALITRE,H3,15:50,,,,
11/05/2026,EL SALITRE,Entrada,A,1,SALITRE,H4,19:50,,,,
11/05/2026,EL SALITRE,Entrada,A,2,BENITO JUAREZ,H1,19:25,,,,
11/05/2026,EL SALITRE,Entrada,A,2,BENITO JUAREZ,H2,03:55,,,,
11/05/2026,EL SALITRE,Entrada,A,2,BENITO JUAREZ,H3,15:55,,,,
11/05/2026,EL SALITRE,Entrada,A,2,BENITO JUAREZ,H4,19:55,,,,
11/05/2026,EL SALITRE,Entrada,A,3,EL MEZQUITE,H1,19:40,,,,
11/05/2026,EL SALITRE,Entrada,A,3,EL MEZQUITE,H2,04:10,,,,
11/05/2026,EL SALITRE,Entrada,A,3,EL MEZQUITE,H3,16:10,,,,
11/05/2026,EL SALITRE,Entrada,A,3,EL MEZQUITE,H4,20:10,,,,
11/05/2026,EL SALITRE,Entrada,A,4,PRESA DE LOS MUCHAHCOS,H1,19:55,,,,
11/05/2026,EL SALITRE,Entrada,A,4,PRESA DE LOS MUCHAHCOS,H2,04:25,,,,
11/05/2026,EL SALITRE,Entrada,A,4,PRESA DE LOS MUCHAHCOS,H3,16:25,,,,
11/05/2026,EL SALITRE,Entrada,A,4,PRESA DE LOS MUCHAHCOS,H4,20:25,,,,
11/05/2026,EL SALITRE,Entrada,A,5,AGUA NUEVA,H1,20:43,,,,
11/05/2026,EL SALITRE,Entrada,A,5,AGUA NUEVA,H2,05:13,,,,
11/05/2026,EL SALITRE,Entrada,A,5,AGUA NUEVA,H3,17:13,,,,
11/05/2026,EL SALITRE,Entrada,A,5,AGUA NUEVA,H4,21:13,,,,
11/05/2026,EL SALITRE,Entrada,A,6,METALSA,H1,21:20,,,,
11/05/2026,EL SALITRE,Entrada,A,6,METALSA,H2,05:50,,,,
11/05/2026,EL SALITRE,Entrada,A,6,METALSA,H3,17:50,,,,
11/05/2026,EL SALITRE,Entrada,A,6,METALSA,H4,21:50,,,,
11/05/2026,EL SALITRE,Salida,N,1,METALSA,H1,15:30,,,,
11/05/2026,EL SALITRE,Salida,N,1,METALSA,H2,06:15,06:15,0,1,0
11/05/2026,EL SALITRE,Salida,N,1,METALSA,H3,18:15,,,,
11/05/2026,EL SALITRE,Salida,N,2,AGUA NUEVA,H1,15:31,,,,
11/05/2026,EL SALITRE,Salida,N,2,AGUA NUEVA,H2,06:16,06:38,-22,1,0
11/05/2026,EL SALITRE,Salida,N,2,AGUA NUEVA,H3,18:16,,,,
11/05/2026,EL SALITRE,Salida,N,3,PRESA DE LOS MUCHAHCOS,H1,16:55,,,,
11/05/2026,EL SALITRE,Salida,N,3,PRESA DE LOS MUCHAHCOS,H2,07:40,06:56,44,1,0
11/05/2026,EL SALITRE,Salida,N,3,PRESA DE LOS MUCHAHCOS,H3,19:40,,,,
11/05/2026,EL SALITRE,Salida,N,4,EL MEZQUITE,H1,17:10,,,,
11/05/2026,EL SALITRE,Salida,N,4,EL MEZQUITE,H2,07:55,,,,
11/05/2026,EL SALITRE,Salida,N,4,EL MEZQUITE,H3,19:55,,,,
11/05/2026,EL SALITRE,Salida,N,5,BENITO JUAREZ,H1,17:25,,,,
11/05/2026,EL SALITRE,Salida,N,5,BENITO JUAREZ,H2,08:10,,,,
11/05/2026,EL SALITRE,Salida,N,5,BENITO JUAREZ,H3,20:10,,,,
11/05/2026,EL SALITRE,Salida,N,6,SALITRE,H1,17:30,,,,
11/05/2026,EL SALITRE,Salida,N,6,SALITRE,H2,08:15,,,,
11/05/2026,EL SALITRE,Salida,N,6,SALITRE,H3,20:15,,,,
11/05/2026,LA HEDIONDA,Entrada,N,1,LAS ESPERANZAS,H1,20:00,,,,
11/05/2026,LA HEDIONDA,Entrada,N,1,LAS ESPERANZAS,H2,04:30,04:30,0,1,0
11/05/2026,LA HEDIONDA,Entrada,N,1,LAS ESPERANZAS,H3,16:30,,,,
11/05/2026,LA HEDIONDA,Entrada,N,1,LAS ESPERANZAS,H4,20:30,,,,
11/05/2026,LA HEDIONDA,Entrada,N,2,HEDIONDA,H1,20:20,,,,
11/05/2026,LA HEDIONDA,Entrada,N,2,HEDIONDA,H2,04:50,,,,
11/05/2026,LA HEDIONDA,Entrada,N,2,HEDIONDA,H3,16:50,,,,
11/05/2026,LA HEDIONDA,Entrada,N,2,HEDIONDA,H4,20:50,,,,
11/05/2026,LA HEDIONDA,Entrada,N,3,METALSA,H1,21:20,,,,
11/05/2026,LA HEDIONDA,Entrada,N,3,METALSA,H2,05:50,05:40,10,1,0
11/05/2026,LA HEDIONDA,Entrada,N,3,METALSA,H3,17:50,,,,
11/05/2026,LA HEDIONDA,Entrada,N,3,METALSA,H4,21:50,,,,
11/05/2026,LA HEDIONDA,Salida,N,1,METALSA,H1,15:30,,,,
11/05/2026,LA HEDIONDA,Salida,N,1,METALSA,H2,06:15,,,,
11/05/2026,LA HEDIONDA,Salida,N,1,METALSA,H3,18:15,18:19,-4,1,0
11/05/2026,LA HEDIONDA,Salida,N,2,HEDIONDA,H1,16:30,,,,
11/05/2026,LA HEDIONDA,Salida,N,2,HEDIONDA,H2,07:15,,,,
11/05/2026,LA HEDIONDA,Salida,N,2,HEDIONDA,H3,19:15,,,,
11/05/2026,LA HEDIONDA,Salida,N,3,LAS ESPERANZAS,H1,16:50,,,,
11/05/2026,LA HEDIONDA,Salida,N,3,LAS ESPERANZAS,H2,07:35,,,,
11/05/2026,LA HEDIONDA,Salida,N,3,LAS ESPERANZAS,H3,19:35,,,,
11/05/2026,LA SAUCEDA,Entrada,N,1,LA SAUCEDA,H1,04:00,04:03,-3,1,0
11/05/2026,LA SAUCEDA,Entrada,N,1,LA SAUCEDA,H2,16:00,,,,
11/05/2026,LA SAUCEDA,Entrada,N,1,LA SAUCEDA,H3,19:30,,,,
11/05/2026,LA SAUCEDA,Entrada,N,1,LA SAUCEDA,H4,20:00,,,,
11/05/2026,LA SAUCEDA,Entrada,N,2,HIPOLITO,H1,04:15,04:19,-4,1,0
11/05/2026,LA SAUCEDA,Entrada,N,2,HIPOLITO,H2,16:15,,,,
11/05/2026,LA SAUCEDA,Entrada,N,2,HIPOLITO,H3,19:45,,,,
11/05/2026,LA SAUCEDA,Entrada,N,2,HIPOLITO,H4,20:15,,,,
11/05/2026,LA SAUCEDA,Entrada,N,3,SAN ANTONIO DEL JARAL,H1,04:32,04:42,-10,1,0
11/05/2026,LA SAUCEDA,Entrada,N,3,SAN ANTONIO DEL JARAL,H2,16:32,,,,
11/05/2026,LA SAUCEDA,Entrada,N,3,SAN ANTONIO DEL JARAL,H3,20:02,,,,
11/05/2026,LA SAUCEDA,Entrada,N,3,SAN ANTONIO DEL JARAL,H4,20:32,,,,
11/05/2026,LA SAUCEDA,Entrada,N,4,CASETA DE PLAN DE AYALA,H1,04:50,04:59,-9,1,0
11/05/2026,LA SAUCEDA,Entrada,N,4,CASETA DE PLAN DE AYALA,H2,16:50,,,,
11/05/2026,LA SAUCEDA,Entrada,N,4,CASETA DE PLAN DE AYALA,H3,20:20,,,,
11/05/2026,LA SAUCEDA,Entrada,N,4,CASETA DE PLAN DE AYALA,H4,20:42,,,,
11/05/2026,LA SAUCEDA,Entrada,N,5,METALSA,H1,05:50,05:42,8,1,0
11/05/2026,LA SAUCEDA,Entrada,N,5,METALSA,H2,17:50,,,,
11/05/2026,LA SAUCEDA,Entrada,N,5,METALSA,H3,21:20,,,,
11/05/2026,LA SAUCEDA,Entrada,N,5,METALSA,H4,21:50,,,,
11/05/2026,LA SAUCEDA,Salida,N,1,METALSA,H1,06:15,06:17,-2,1,0
11/05/2026,LA SAUCEDA,Salida,N,1,METALSA,H2,15:30,,,,
11/05/2026,LA SAUCEDA,Salida,N,1,METALSA,H3,18:15,,,,
11/05/2026,LA SAUCEDA,Salida,N,2,CASETA DE PLAN DE AYALA,H1,07:15,,,,
11/05/2026,LA SAUCEDA,Salida,N,2,CASETA DE PLAN DE AYALA,H2,16:30,,,,
11/05/2026,LA SAUCEDA,Salida,N,2,CASETA DE PLAN DE AYALA,H3,19:15,,,,
11/05/2026,LA SAUCEDA,Salida,N,3,SAN ANTONIO DEL JARAL,H1,07:33,,,,
11/05/2026,LA SAUCEDA,Salida,N,3,SAN ANTONIO DEL JARAL,H2,16:48,,,,
11/05/2026,LA SAUCEDA,Salida,N,3,SAN ANTONIO DEL JARAL,H3,19:33,,,,
11/05/2026,LA SAUCEDA,Salida,N,4,HIPOLITO,H1,07:50,,,,
11/05/2026,LA SAUCEDA,Salida,N,4,HIPOLITO,H2,17:05,,,,
11/05/2026,LA SAUCEDA,Salida,N,4,HIPOLITO,H3,19:50,,,,
11/05/2026,LA SAUCEDA,Salida,N,5,LA SAUCEDA,H1,08:05,,,,
11/05/2026,LA SAUCEDA,Salida,N,5,LA SAUCEDA,H2,17:20,,,,
11/05/2026,LA SAUCEDA,Salida,N,5,LA SAUCEDA,H3,20:05,,,,
11/05/2026,LOMA LINDA - URDIÑOLA,Entrada,N,1,MEZQUITE Y GORDOLOBO,H1,04:05,04:20,-15,1,0
11/05/2026,LOMA LINDA - URDIÑOLA,Entrada,N,1,MEZQUITE Y GORDOLOBO,H2,16:05,16:17,-12,1,0
11/05/2026,LOMA LINDA - URDIÑOLA,Entrada,N,1,MEZQUITE Y GORDOLOBO,H3,19:35,,,,
11/05/2026,LOMA LINDA - URDIÑOLA,Entrada,N,1,MEZQUITE Y GORDOLOBO,H4,20:05,,,,
11/05/2026,LOMA LINDA - URDIÑOLA,Entrada,N,2,MEZQUITE Y NUECES,H1,04:10,04:14,-4,1,0
11/05/2026,LOMA LINDA - URDIÑOLA,Entrada,N,2,MEZQUITE Y NUECES,H2,16:10,16:12,-2,1,0
11/05/2026,LOMA LINDA - URDIÑOLA,Entrada,N,2,MEZQUITE Y NUECES,H3,19:40,,,,
11/05/2026,LOMA LINDA - URDIÑOLA,Entrada,N,2,MEZQUITE Y NUECES,H4,20:10,,,,
11/05/2026,LOMA LINDA - URDIÑOLA,Entrada,N,3,BLVD SANTA LUCIA Y CALLE 7,H1,04:20,04:21,-1,1,0
11/05/2026,LOMA LINDA - URDIÑOLA,Entrada,N,3,BLVD SANTA LUCIA Y CALLE 7,H2,16:20,16:20,0,1,0
11/05/2026,LOMA LINDA - URDIÑOLA,Entrada,N,3,BLVD SANTA LUCIA Y CALLE 7,H3,19:50,,,,
11/05/2026,LOMA LINDA - URDIÑOLA,Entrada,N,3,BLVD SANTA LUCIA Y CALLE 7,H4,20:20,,,,
11/05/2026,LOMA LINDA - URDIÑOLA,Entrada,N,4,BLVD VALDES SANCHEZ Y (PLANTA LEAR),H1,04:30,04:32,-2,1,0
11/05/2026,LOMA LINDA - URDIÑOLA,Entrada,N,4,BLVD VALDES SANCHEZ Y (PLANTA LEAR),H2,16:30,16:35,-5,1,0
11/05/2026,LOMA LINDA - URDIÑOLA,Entrada,N,4,BLVD VALDES SANCHEZ Y (PLANTA LEAR),H3,20:00,,,,
11/05/2026,LOMA LINDA - URDIÑOLA,Entrada,N,4,BLVD VALDES SANCHEZ Y (PLANTA LEAR),H4,20:30,,,,
11/05/2026,LOMA LINDA - URDIÑOLA,Entrada,N,5,STA. GERTRUDIS Y STA. CECILIA (DEL ACUEDUCTO),H1,04:32,04:29,3,1,0
11/05/2026,LOMA LINDA - URDIÑOLA,Entrada,N,5,STA. GERTRUDIS Y STA. CECILIA (DEL ACUEDUCTO),H2,16:32,16:31,1,1,0
11/05/2026,LOMA LINDA - URDIÑOLA,Entrada,N,5,STA. GERTRUDIS Y STA. CECILIA (DEL ACUEDUCTO),H3,20:02,,,,
11/05/2026,LOMA LINDA - URDIÑOLA,Entrada,N,5,STA. GERTRUDIS Y STA. CECILIA (DEL ACUEDUCTO),H4,20:32,,,,
11/05/2026,LOMA LINDA - URDIÑOLA,Entrada,N,6,DEPOSITO DE AGUA FRACC PLAZA,H1,04:35,04:37,-2,1,0
11/05/2026,LOMA LINDA - URDIÑOLA,Entrada,N,6,DEPOSITO DE AGUA FRACC PLAZA,H2,16:35,16:40,-5,1,0
11/05/2026,LOMA LINDA - URDIÑOLA,Entrada,N,6,DEPOSITO DE AGUA FRACC PLAZA,H3,20:05,,,,
11/05/2026,LOMA LINDA - URDIÑOLA,Entrada,N,6,DEPOSITO DE AGUA FRACC PLAZA,H4,20:35,,,,
11/05/2026,LOMA LINDA - URDIÑOLA,Entrada,N,7,BLVD VALDES SANCHEZ Y BLVD MINERIA,H1,04:40,04:40,0,1,0
11/05/2026,LOMA LINDA - URDIÑOLA,Entrada,N,7,BLVD VALDES SANCHEZ Y BLVD MINERIA,H2,16:40,16:44,-4,1,0
11/05/2026,LOMA LINDA - URDIÑOLA,Entrada,N,7,BLVD VALDES SANCHEZ Y BLVD MINERIA,H3,20:10,,,,
11/05/2026,LOMA LINDA - URDIÑOLA,Entrada,N,7,BLVD VALDES SANCHEZ Y BLVD MINERIA,H4,20:40,,,,
11/05/2026,LOMA LINDA - URDIÑOLA,Entrada,N,8,REFORMA Y URDIÑOLA,H1,04:50,04:49,1,1,0
11/05/2026,LOMA LINDA - URDIÑOLA,Entrada,N,8,REFORMA Y URDIÑOLA,H2,16:50,16:52,-2,1,0
11/05/2026,LOMA LINDA - URDIÑOLA,Entrada,N,8,REFORMA Y URDIÑOLA,H3,20:20,,,,
11/05/2026,LOMA LINDA - URDIÑOLA,Entrada,N,8,REFORMA Y URDIÑOLA,H4,20:50,,,,
11/05/2026,LOMA LINDA - URDIÑOLA,Entrada,N,9,PROL. URDIÑOLA Y J. MERY,H1,04:55,04:56,-1,1,0
11/05/2026,LOMA LINDA - URDIÑOLA,Entrada,N,9,PROL. URDIÑOLA Y J. MERY,H2,16:55,17:01,-6,1,0
11/05/2026,LOMA LINDA - URDIÑOLA,Entrada,N,9,PROL. URDIÑOLA Y J. MERY,H3,20:25,,,,
11/05/2026,LOMA LINDA - URDIÑOLA,Entrada,N,9,PROL. URDIÑOLA Y J. MERY,H4,20:55,,,,
11/05/2026,LOMA LINDA - URDIÑOLA,Entrada,N,10,PROL URDIÑOLA Y PERIFERICO LEA,H1,05:00,05:01,-1,1,0
11/05/2026,LOMA LINDA - URDIÑOLA,Entrada,N,10,PROL URDIÑOLA Y PERIFERICO LEA,H2,17:00,17:11,-11,1,0
11/05/2026,LOMA LINDA - URDIÑOLA,Entrada,N,10,PROL URDIÑOLA Y PERIFERICO LEA,H3,20:30,,,,
11/05/2026,LOMA LINDA - URDIÑOLA,Entrada,N,10,PROL URDIÑOLA Y PERIFERICO LEA,H4,21:00,,,,
11/05/2026,LOMA LINDA - URDIÑOLA,Entrada,N,11,BLVD ANTONIO CARDENAS Y TEODORO SANCHEZ,H1,05:10,05:14,-4,1,0
11/05/2026,LOMA LINDA - URDIÑOLA,Entrada,N,11,BLVD ANTONIO CARDENAS Y TEODORO SANCHEZ,H2,17:10,17:23,-13,1,0
11/05/2026,LOMA LINDA - URDIÑOLA,Entrada,N,11,BLVD ANTONIO CARDENAS Y TEODORO SANCHEZ,H3,20:40,,,,
11/05/2026,LOMA LINDA - URDIÑOLA,Entrada,N,11,BLVD ANTONIO CARDENAS Y TEODORO SANCHEZ,H4,21:10,,,,
11/05/2026,LOMA LINDA - URDIÑOLA,Entrada,N,12,BLVD SANTA ELENA Y GUACALI,H1,05:20,05:22,-2,1,0
11/05/2026,LOMA LINDA - URDIÑOLA,Entrada,N,12,BLVD SANTA ELENA Y GUACALI,H2,17:20,17:41,-21,1,0
11/05/2026,LOMA LINDA - URDIÑOLA,Entrada,N,12,BLVD SANTA ELENA Y GUACALI,H3,20:50,,,,
11/05/2026,LOMA LINDA - URDIÑOLA,Entrada,N,12,BLVD SANTA ELENA Y GUACALI,H4,21:20,,,,
11/05/2026,LOMA LINDA - URDIÑOLA,Entrada,N,13,CARR. SALTILLO-ZACATECAS,H1,05:25,05:26,-1,1,0
11/05/2026,LOMA LINDA - URDIÑOLA,Entrada,N,13,CARR. SALTILLO-ZACATECAS,H2,17:25,17:42,-17,1,0
11/05/2026,LOMA LINDA - URDIÑOLA,Entrada,N,13,CARR. SALTILLO-ZACATECAS,H3,20:55,,,,
11/05/2026,LOMA LINDA - URDIÑOLA,Entrada,N,13,CARR. SALTILLO-ZACATECAS,H4,21:25,,,,
11/05/2026,LOMA LINDA - URDIÑOLA,Entrada,N,14,METALSA,H1,05:50,05:44,6,1,0
11/05/2026,LOMA LINDA - URDIÑOLA,Entrada,N,14,METALSA,H2,17:50,17:56,-6,1,0
11/05/2026,LOMA LINDA - URDIÑOLA,Entrada,N,14,METALSA,H3,21:20,,,,
11/05/2026,LOMA LINDA - URDIÑOLA,Entrada,N,14,METALSA,H4,21:50,,,,
11/05/2026,LOMA LINDA - URDIÑOLA,Salida,N,1,METALSA,H1,06:15,,,,
11/05/2026,LOMA LINDA - URDIÑOLA,Salida,N,1,METALSA,H2,15:30,,,,
11/05/2026,LOMA LINDA - URDIÑOLA,Salida,N,1,METALSA,H3,18:15,18:13,2,1,0
11/05/2026,LOMA LINDA - URDIÑOLA,Salida,N,2,CARR. SALTILLO-ZACATECAS,H1,06:29,,,,
11/05/2026,LOMA LINDA - URDIÑOLA,Salida,N,2,CARR. SALTILLO-ZACATECAS,H2,15:59,,,,
11/05/2026,LOMA LINDA - URDIÑOLA,Salida,N,2,CARR. SALTILLO-ZACATECAS,H3,18:29,,,,
11/05/2026,LOMA LINDA - URDIÑOLA,Salida,N,3,BLVD SANTA ELENA Y GUACALI,H1,06:30,06:29,1,1,0
11/05/2026,LOMA LINDA - URDIÑOLA,Salida,N,3,BLVD SANTA ELENA Y GUACALI,H2,16:00,,,,
11/05/2026,LOMA LINDA - URDIÑOLA,Salida,N,3,BLVD SANTA ELENA Y GUACALI,H3,18:30,18:38,-8,1,0
11/05/2026,LOMA LINDA - URDIÑOLA,Salida,N,4,BLVD ANTONIO CARDENAS Y TEODORO SANCHEZ,H1,06:31,,,,
11/05/2026,LOMA LINDA - URDIÑOLA,Salida,N,4,BLVD ANTONIO CARDENAS Y TEODORO SANCHEZ,H2,16:01,,,,
11/05/2026,LOMA LINDA - URDIÑOLA,Salida,N,4,BLVD ANTONIO CARDENAS Y TEODORO SANCHEZ,H3,18:31,,,,
11/05/2026,LOMA LINDA - URDIÑOLA,Salida,N,5,PROL URDIÑOLA Y PERIFERICO LEA,H1,06:32,,,,
11/05/2026,LOMA LINDA - URDIÑOLA,Salida,N,5,PROL URDIÑOLA Y PERIFERICO LEA,H2,16:02,,,,
11/05/2026,LOMA LINDA - URDIÑOLA,Salida,N,5,PROL URDIÑOLA Y PERIFERICO LEA,H3,18:32,,,,
11/05/2026,LOMA LINDA - URDIÑOLA,Salida,N,6,PROL. URDIÑOLA Y J. MERY,H1,06:33,,,,
11/05/2026,LOMA LINDA - URDIÑOLA,Salida,N,6,PROL. URDIÑOLA Y J. MERY,H2,16:03,,,,
11/05/2026,LOMA LINDA - URDIÑOLA,Salida,N,6,PROL. URDIÑOLA Y J. MERY,H3,18:33,,,,
11/05/2026,LOMA LINDA - URDIÑOLA,Salida,N,7,REFORMA Y URDIÑOLA,H1,06:34,,,,
11/05/2026,LOMA LINDA - URDIÑOLA,Salida,N,7,REFORMA Y URDIÑOLA,H2,16:04,,,,
11/05/2026,LOMA LINDA - URDIÑOLA,Salida,N,7,REFORMA Y URDIÑOLA,H3,18:34,19:11,-37,1,0
11/05/2026,LOMA LINDA - URDIÑOLA,Salida,N,8,BLVD VALDES SANCHEZ Y BLVD MINERIA,H1,06:55,,,,
11/05/2026,LOMA LINDA - URDIÑOLA,Salida,N,8,BLVD VALDES SANCHEZ Y BLVD MINERIA,H2,16:10,,,,
11/05/2026,LOMA LINDA - URDIÑOLA,Salida,N,8,BLVD VALDES SANCHEZ Y BLVD MINERIA,H3,18:55,,,,
11/05/2026,LOMA LINDA - URDIÑOLA,Salida,N,9,DEPOSITO DE AGUA FRACC PLAZA,H1,07:00,,,,
11/05/2026,LOMA LINDA - URDIÑOLA,Salida,N,9,DEPOSITO DE AGUA FRACC PLAZA,H2,16:15,,,,
11/05/2026,LOMA LINDA - URDIÑOLA,Salida,N,9,DEPOSITO DE AGUA FRACC PLAZA,H3,19:00,,,,
11/05/2026,LOMA LINDA - URDIÑOLA,Salida,N,10,BLVD VALDES SANCHEZ Y (PLANTA LEAR),H1,07:05,,,,
11/05/2026,LOMA LINDA - URDIÑOLA,Salida,N,10,BLVD VALDES SANCHEZ Y (PLANTA LEAR),H2,16:20,,,,
11/05/2026,LOMA LINDA - URDIÑOLA,Salida,N,10,BLVD VALDES SANCHEZ Y (PLANTA LEAR),H3,19:05,,,,
11/05/2026,LOMA LINDA - URDIÑOLA,Salida,N,11,BLVD SANTA LUCIA Y BLVD FUNDADORES,H1,07:15,,,,
11/05/2026,LOMA LINDA - URDIÑOLA,Salida,N,11,BLVD SANTA LUCIA Y BLVD FUNDADORES,H2,16:30,,,,
11/05/2026,LOMA LINDA - URDIÑOLA,Salida,N,11,BLVD SANTA LUCIA Y BLVD FUNDADORES,H3,19:15,,,,
11/05/2026,LOMA LINDA - URDIÑOLA,Salida,N,12,BLVD SANTA LUCIA Y CALLE 7,H1,07:16,,,,
11/05/2026,LOMA LINDA - URDIÑOLA,Salida,N,12,BLVD SANTA LUCIA Y CALLE 7,H2,16:31,,,,
11/05/2026,LOMA LINDA - URDIÑOLA,Salida,N,12,BLVD SANTA LUCIA Y CALLE 7,H3,19:16,,,,
11/05/2026,LOMA LINDA - URDIÑOLA,Salida,N,13,MEZQUITE Y NUECES,H1,07:25,,,,
11/05/2026,LOMA LINDA - URDIÑOLA,Salida,N,13,MEZQUITE Y NUECES,H2,16:40,,,,
11/05/2026,LOMA LINDA - URDIÑOLA,Salida,N,13,MEZQUITE Y NUECES,H3,19:25,,,,
11/05/2026,LOMA LINDA - URDIÑOLA,Salida,N,14,MEZQUITE Y GORDOLOBO,H1,07:30,07:06,24,1,0
11/05/2026,LOMA LINDA - URDIÑOLA,Salida,N,14,MEZQUITE Y GORDOLOBO,H2,16:45,,,,
11/05/2026,LOMA LINDA - URDIÑOLA,Salida,N,14,MEZQUITE Y GORDOLOBO,H3,19:30,19:36,-6,1,0
11/05/2026,LOS HOYOS - MACUYU,Entrada,A,1,LOS HOYOS,H1,03:20,,,,
11/05/2026,LOS HOYOS - MACUYU,Entrada,A,1,LOS HOYOS,H2,15:20,,,,
11/05/2026,LOS HOYOS - MACUYU,Entrada,A,1,LOS HOYOS,H3,18:50,,,,
11/05/2026,LOS HOYOS - MACUYU,Entrada,A,1,LOS HOYOS,H4,19:20,,,,
11/05/2026,LOS HOYOS - MACUYU,Entrada,A,2,HUARICHE,H1,03:38,,,,
11/05/2026,LOS HOYOS - MACUYU,Entrada,A,2,HUARICHE,H2,15:38,,,,
11/05/2026,LOS HOYOS - MACUYU,Entrada,A,2,HUARICHE,H3,19:08,,,,
11/05/2026,LOS HOYOS - MACUYU,Entrada,A,2,HUARICHE,H4,19:38,,,,
11/05/2026,LOS HOYOS - MACUYU,Entrada,A,3,PRESA DE GUADALUPE,H1,04:08,,,,
11/05/2026,LOS HOYOS - MACUYU,Entrada,A,3,PRESA DE GUADALUPE,H2,16:08,,,,
11/05/2026,LOS HOYOS - MACUYU,Entrada,A,3,PRESA DE GUADALUPE,H3,19:38,,,,
11/05/2026,LOS HOYOS - MACUYU,Entrada,A,3,PRESA DE GUADALUPE,H4,20:08,,,,
11/05/2026,LOS HOYOS - MACUYU,Entrada,A,4,MACUYU,H1,04:14,,,,
11/05/2026,LOS HOYOS - MACUYU,Entrada,A,4,MACUYU,H2,16:14,,,,
11/05/2026,LOS HOYOS - MACUYU,Entrada,A,4,MACUYU,H3,19:44,,,,
11/05/2026,LOS HOYOS - MACUYU,Entrada,A,4,MACUYU,H4,20:14,,,,
11/05/2026,LOS HOYOS - MACUYU,Entrada,A,5,DOS DE ABRIL,H1,04:24,,,,
11/05/2026,LOS HOYOS - MACUYU,Entrada,A,5,DOS DE ABRIL,H2,16:24,,,,
11/05/2026,LOS HOYOS - MACUYU,Entrada,A,5,DOS DE ABRIL,H3,19:54,,,,
11/05/2026,LOS HOYOS - MACUYU,Entrada,A,5,DOS DE ABRIL,H4,20:24,,,,
11/05/2026,LOS HOYOS - MACUYU,Entrada,A,6,LA PAZ,H1,04:50,,,,
11/05/2026,LOS HOYOS - MACUYU,Entrada,A,6,LA PAZ,H2,16:50,,,,
11/05/2026,LOS HOYOS - MACUYU,Entrada,A,6,LA PAZ,H3,20:20,,,,
11/05/2026,LOS HOYOS - MACUYU,Entrada,A,6,LA PAZ,H4,20:50,,,,
11/05/2026,LOS HOYOS - MACUYU,Entrada,A,7,DERRAMADERO,H1,05:08,,,,
11/05/2026,LOS HOYOS - MACUYU,Entrada,A,7,DERRAMADERO,H2,17:08,,,,
11/05/2026,LOS HOYOS - MACUYU,Entrada,A,7,DERRAMADERO,H3,20:38,,,,
11/05/2026,LOS HOYOS - MACUYU,Entrada,A,7,DERRAMADERO,H4,21:08,,,,
11/05/2026,LOS HOYOS - MACUYU,Entrada,A,8,METALSA,H1,05:50,05:46,4,1,0
11/05/2026,LOS HOYOS - MACUYU,Entrada,A,8,METALSA,H2,17:50,,,,
11/05/2026,LOS HOYOS - MACUYU,Entrada,A,8,METALSA,H3,21:20,,,,
11/05/2026,LOS HOYOS - MACUYU,Entrada,A,8,METALSA,H4,21:50,,,,
11/05/2026,LOS HOYOS - MACUYU,Salida,N,1,METALSA,H1,15:30,,,,
11/05/2026,LOS HOYOS - MACUYU,Salida,N,1,METALSA,H2,06:15,06:16,-1,1,0
11/05/2026,LOS HOYOS - MACUYU,Salida,N,1,METALSA,H3,18:15,18:16,-1,1,0
11/05/2026,LOS HOYOS - MACUYU,Salida,N,2,DERRAMADERO,H1,15:41,,,,
11/05/2026,LOS HOYOS - MACUYU,Salida,N,2,DERRAMADERO,H2,06:26,06:44,-18,1,0
11/05/2026,LOS HOYOS - MACUYU,Salida,N,2,DERRAMADERO,H3,18:26,,,,
11/05/2026,LOS HOYOS - MACUYU,Salida,N,3,LA PAZ,H1,15:42,,,,
11/05/2026,LOS HOYOS - MACUYU,Salida,N,3,LA PAZ,H2,06:27,07:05,-38,1,0
11/05/2026,LOS HOYOS - MACUYU,Salida,N,3,LA PAZ,H3,18:27,19:04,-37,1,0
11/05/2026,LOS HOYOS - MACUYU,Salida,N,4,DOS DE ABRIL,H1,15:44,,,,
11/05/2026,LOS HOYOS - MACUYU,Salida,N,4,DOS DE ABRIL,H2,06:29,07:30,-61,1,0
11/05/2026,LOS HOYOS - MACUYU,Salida,N,4,DOS DE ABRIL,H3,18:29,19:30,-61,1,0
11/05/2026,LOS HOYOS - MACUYU,Salida,N,5,MACUYU,H1,15:45,,,,
11/05/2026,LOS HOYOS - MACUYU,Salida,N,5,MACUYU,H2,06:30,07:38,-68,1,0
11/05/2026,LOS HOYOS - MACUYU,Salida,N,5,MACUYU,H3,18:30,19:35,-65,1,0
11/05/2026,LOS HOYOS - MACUYU,Salida,N,6,PRESA DE GUADALUPE,H1,16:00,,,,
11/05/2026,LOS HOYOS - MACUYU,Salida,N,6,PRESA DE GUADALUPE,H2,06:31,07:47,-76,1,0
11/05/2026,LOS HOYOS - MACUYU,Salida,N,6,PRESA DE GUADALUPE,H3,18:35,19:40,-65,1,0
11/05/2026,LOS HOYOS - MACUYU,Salida,N,7,HUARICHE,H1,17:18,,,,
11/05/2026,LOS HOYOS - MACUYU,Salida,N,7,HUARICHE,H2,08:03,,,,
11/05/2026,LOS HOYOS - MACUYU,Salida,N,7,HUARICHE,H3,20:03,,,,
11/05/2026,LOS HOYOS - MACUYU,Salida,N,8,LOS HOYOS,H1,17:30,,,,
11/05/2026,LOS HOYOS - MACUYU,Salida,N,8,LOS HOYOS,H2,08:15,,,,
11/05/2026,LOS HOYOS - MACUYU,Salida,N,8,LOS HOYOS,H3,20:15,,,,
11/05/2026,OTILIO,Entrada,N,1,CALLE 23 Y CALLE 16,H1,04:25,04:25,0,1,0
11/05/2026,OTILIO,Entrada,N,1,CALLE 23 Y CALLE 16,H2,16:25,16:25,0,1,0
11/05/2026,OTILIO,Entrada,N,1,CALLE 23 Y CALLE 16,H3,19:55,,,,
11/05/2026,OTILIO,Entrada,N,1,CALLE 23 Y CALLE 16,H4,20:25,,,,
11/05/2026,OTILIO,Entrada,N,2,MARMOL Y EMILIANO ZAPATA,H1,04:27,04:32,-5,1,0
11/05/2026,OTILIO,Entrada,N,2,MARMOL Y EMILIANO ZAPATA,H2,16:27,16:31,-4,1,0
11/05/2026,OTILIO,Entrada,N,2,MARMOL Y EMILIANO ZAPATA,H3,19:57,,,,
11/05/2026,OTILIO,Entrada,N,2,MARMOL Y EMILIANO ZAPATA,H4,20:27,,,,
11/05/2026,OTILIO,Entrada,N,3,LIBERTAD Y OTILIO,H1,04:31,04:36,-5,1,0
11/05/2026,OTILIO,Entrada,N,3,LIBERTAD Y OTILIO,H2,16:31,16:35,-4,1,0
11/05/2026,OTILIO,Entrada,N,3,LIBERTAD Y OTILIO,H3,20:01,,,,
11/05/2026,OTILIO,Entrada,N,3,LIBERTAD Y OTILIO,H4,20:31,,,,
11/05/2026,OTILIO,Entrada,N,4,ONCEAVA Y ESCUADRON DE LA AVIACION,H1,04:42,04:43,-1,1,0
11/05/2026,OTILIO,Entrada,N,4,ONCEAVA Y ESCUADRON DE LA AVIACION,H2,16:42,16:44,-2,1,0
11/05/2026,OTILIO,Entrada,N,4,ONCEAVA Y ESCUADRON DE LA AVIACION,H3,20:12,,,,
11/05/2026,OTILIO,Entrada,N,4,ONCEAVA Y ESCUADRON DE LA AVIACION,H4,20:42,,,,
11/05/2026,OTILIO,Entrada,N,5,BLVD JUAREZ Y MIGUEL HIDALGO,H1,04:52,04:53,-1,1,0
11/05/2026,OTILIO,Entrada,N,5,BLVD JUAREZ Y MIGUEL HIDALGO,H2,16:52,16:54,-2,1,0
11/05/2026,OTILIO,Entrada,N,5,BLVD JUAREZ Y MIGUEL HIDALGO,H3,20:22,,,,
11/05/2026,OTILIO,Entrada,N,5,BLVD JUAREZ Y MIGUEL HIDALGO,H4,20:52,,,,
11/05/2026,OTILIO,Entrada,N,6,IGNACIO ALLENDE Y CALLE 13,H1,04:58,04:57,1,1,0
11/05/2026,OTILIO,Entrada,N,6,IGNACIO ALLENDE Y CALLE 13,H2,16:58,16:58,0,1,0
11/05/2026,OTILIO,Entrada,N,6,IGNACIO ALLENDE Y CALLE 13,H3,20:28,,,,
11/05/2026,OTILIO,Entrada,N,6,IGNACIO ALLENDE Y CALLE 13,H4,20:58,,,,
11/05/2026,OTILIO,Entrada,N,7,LOMAS DE LOURDES Y LUIS PASTEUR,H1,05:06,05:04,2,1,0
11/05/2026,OTILIO,Entrada,N,7,LOMAS DE LOURDES Y LUIS PASTEUR,H2,17:06,17:05,1,1,0
11/05/2026,OTILIO,Entrada,N,7,LOMAS DE LOURDES Y LUIS PASTEUR,H3,20:36,,,,
11/05/2026,OTILIO,Entrada,N,7,LOMAS DE LOURDES Y LUIS PASTEUR,H4,21:06,,,,
11/05/2026,OTILIO,Entrada,N,8,CARR. SALTILLO-ZACATECAS,H1,05:15,,,,
11/05/2026,OTILIO,Entrada,N,8,CARR. SALTILLO-ZACATECAS,H2,17:15,,,,
11/05/2026,OTILIO,Entrada,N,8,CARR. SALTILLO-ZACATECAS,H3,20:45,,,,
11/05/2026,OTILIO,Entrada,N,8,CARR. SALTILLO-ZACATECAS,H4,21:15,,,,
11/05/2026,OTILIO,Entrada,N,9,METALSA,H1,05:50,05:36,14,1,0
11/05/2026,OTILIO,Entrada,N,9,METALSA,H2,17:50,17:29,21,1,0
11/05/2026,OTILIO,Entrada,N,9,METALSA,H3,21:20,,,,
11/05/2026,OTILIO,Entrada,N,9,METALSA,H4,21:50,,,,
11/05/2026,OTILIO,Salida,N,1,METALSA,H1,06:15,,,,
11/05/2026,OTILIO,Salida,N,1,METALSA,H2,15:30,,,,
11/05/2026,OTILIO,Salida,N,1,METALSA,H3,18:15,,,,
11/05/2026,OTILIO,Salida,N,2,CARR. SALTILLO-ZACATECAS,H1,06:50,,,,
11/05/2026,OTILIO,Salida,N,2,CARR. SALTILLO-ZACATECAS,H2,16:05,,,,
11/05/2026,OTILIO,Salida,N,2,CARR. SALTILLO-ZACATECAS,H3,18:50,,,,
11/05/2026,OTILIO,Salida,N,3,LOMAS DE LOURDES Y LUIS PASTEUR,H1,06:59,,,,
11/05/2026,OTILIO,Salida,N,3,LOMAS DE LOURDES Y LUIS PASTEUR,H2,16:14,,,,
11/05/2026,OTILIO,Salida,N,3,LOMAS DE LOURDES Y LUIS PASTEUR,H3,18:59,,,,
11/05/2026,OTILIO,Salida,N,4,IGNACIO ALLENDE Y CALLE 13,H1,07:07,,,,
11/05/2026,OTILIO,Salida,N,4,IGNACIO ALLENDE Y CALLE 13,H2,16:22,,,,
11/05/2026,OTILIO,Salida,N,4,IGNACIO ALLENDE Y CALLE 13,H3,19:07,,,,
11/05/2026,OTILIO,Salida,N,5,BLVD JUAREZ Y MIGUEL HIDALGO,H1,07:13,,,,
11/05/2026,OTILIO,Salida,N,5,BLVD JUAREZ Y MIGUEL HIDALGO,H2,16:28,,,,
11/05/2026,OTILIO,Salida,N,5,BLVD JUAREZ Y MIGUEL HIDALGO,H3,19:13,,,,
11/05/2026,OTILIO,Salida,N,6,ONCEAVA Y ESCUADRON DE LA AVIACION,H1,07:23,,,,
11/05/2026,OTILIO,Salida,N,6,ONCEAVA Y ESCUADRON DE LA AVIACION,H2,16:38,,,,
11/05/2026,OTILIO,Salida,N,6,ONCEAVA Y ESCUADRON DE LA AVIACION,H3,19:23,,,,
11/05/2026,OTILIO,Salida,N,7,LIBERTAD Y OTILIO,H1,07:34,,,,
11/05/2026,OTILIO,Salida,N,7,LIBERTAD Y OTILIO,H2,16:49,,,,
11/05/2026,OTILIO,Salida,N,7,LIBERTAD Y OTILIO,H3,19:34,,,,
11/05/2026,OTILIO,Salida,N,8,MARMOL Y EMILIANO ZAPATA,H1,07:38,,,,
11/05/2026,OTILIO,Salida,N,8,MARMOL Y EMILIANO ZAPATA,H2,16:53,,,,
11/05/2026,OTILIO,Salida,N,8,MARMOL Y EMILIANO ZAPATA,H3,19:38,,,,
11/05/2026,OTILIO,Salida,N,9,CALLE 23 Y CALLE 16,H1,07:40,,,,
11/05/2026,OTILIO,Salida,N,9,CALLE 23 Y CALLE 16,H2,16:55,,,,
11/05/2026,OTILIO,Salida,N,9,CALLE 23 Y CALLE 16,H3,19:40,,,,
11/05/2026,PARRAS CASETA,Entrada,A,1,RAMOS ARIZPE (PLAZA DEL RELOJ),H1,18:30,,,,
11/05/2026,PARRAS CASETA,Entrada,A,1,RAMOS ARIZPE (PLAZA DEL RELOJ),H2,03:00,,,,
11/05/2026,PARRAS CASETA,Entrada,A,1,RAMOS ARIZPE (PLAZA DEL RELOJ),H3,15:00,,,,
11/05/2026,PARRAS CASETA,Entrada,A,1,RAMOS ARIZPE (PLAZA DEL RELOJ),H4,19:00,,,,
11/05/2026,PARRAS CASETA,Entrada,A,2,HEROICO COLEGIO MILITAR Y MELCHOR OCAMPO (ALAMEDA),H1,18:32,,,,
11/05/2026,PARRAS CASETA,Entrada,A,2,HEROICO COLEGIO MILITAR Y MELCHOR OCAMPO (ALAMEDA),H2,03:02,,,,
11/05/2026,PARRAS CASETA,Entrada,A,2,HEROICO COLEGIO MILITAR Y MELCHOR OCAMPO (ALAMEDA),H3,15:02,,,,
11/05/2026,PARRAS CASETA,Entrada,A,2,HEROICO COLEGIO MILITAR Y MELCHOR OCAMPO (ALAMEDA),H4,19:02,,,,
11/05/2026,PARRAS CASETA,Entrada,A,3,FALCON Y FCO SARABIA (TORTILLERIA 4 CAMINO),H1,18:40,,,,
11/05/2026,PARRAS CASETA,Entrada,A,3,FALCON Y FCO SARABIA (TORTILLERIA 4 CAMINO),H2,03:10,,,,
11/05/2026,PARRAS CASETA,Entrada,A,3,FALCON Y FCO SARABIA (TORTILLERIA 4 CAMINO),H3,15:10,,,,
11/05/2026,PARRAS CASETA,Entrada,A,3,FALCON Y FCO SARABIA (TORTILLERIA 4 CAMINO),H4,19:10,,,,
11/05/2026,PARRAS CASETA,Entrada,A,4,OSCAR FLORES TAPIA y JAVIER MINA,H1,18:45,,,,
11/05/2026,PARRAS CASETA,Entrada,A,4,OSCAR FLORES TAPIA y JAVIER MINA,H2,03:15,,,,
11/05/2026,PARRAS CASETA,Entrada,A,4,OSCAR FLORES TAPIA y JAVIER MINA,H3,15:15,,,,
11/05/2026,PARRAS CASETA,Entrada,A,4,OSCAR FLORES TAPIA y JAVIER MINA,H4,19:15,,,,
11/05/2026,PARRAS CASETA,Entrada,A,5,CALZADA DEL MARQUEZ (OXXO GAS),H1,18:50,,,,
11/05/2026,PARRAS CASETA,Entrada,A,5,CALZADA DEL MARQUEZ (OXXO GAS),H2,03:20,,,,
11/05/2026,PARRAS CASETA,Entrada,A,5,CALZADA DEL MARQUEZ (OXXO GAS),H3,15:20,,,,
11/05/2026,PARRAS CASETA,Entrada,A,5,CALZADA DEL MARQUEZ (OXXO GAS),H4,19:20,,,,
11/05/2026,PARRAS CASETA,Entrada,A,6,16 DE SEPTIEMBRE (FABRICA DICKIES),H1,18:57,,,,
11/05/2026,PARRAS CASETA,Entrada,A,6,16 DE SEPTIEMBRE (FABRICA DICKIES),H2,03:27,,,,
11/05/2026,PARRAS CASETA,Entrada,A,6,16 DE SEPTIEMBRE (FABRICA DICKIES),H3,15:27,,,,
11/05/2026,PARRAS CASETA,Entrada,A,6,16 DE SEPTIEMBRE (FABRICA DICKIES),H4,19:27,,,,
11/05/2026,PARRAS CASETA,Entrada,A,7,EJIDO 28 AGOSTO,H1,19:25,,,,
11/05/2026,PARRAS CASETA,Entrada,A,7,EJIDO 28 AGOSTO,H2,03:55,,,,
11/05/2026,PARRAS CASETA,Entrada,A,7,EJIDO 28 AGOSTO,H3,15:55,,,,
11/05/2026,PARRAS CASETA,Entrada,A,7,EJIDO 28 AGOSTO,H4,19:55,,,,
11/05/2026,PARRAS CASETA,Entrada,A,8,KM 42,H1,19:45,,,,
11/05/2026,PARRAS CASETA,Entrada,A,8,KM 42,H2,04:15,,,,
11/05/2026,PARRAS CASETA,Entrada,A,8,KM 42,H3,16:15,,,,
11/05/2026,PARRAS CASETA,Entrada,A,8,KM 42,H4,20:15,,,,
11/05/2026,PARRAS CASETA,Entrada,A,9,EJIDO JALPA,H1,19:50,,,,
11/05/2026,PARRAS CASETA,Entrada,A,9,EJIDO JALPA,H2,04:20,,,,
11/05/2026,PARRAS CASETA,Entrada,A,9,EJIDO JALPA,H3,16:20,,,,
11/05/2026,PARRAS CASETA,Entrada,A,9,EJIDO JALPA,H4,20:20,,,,
11/05/2026,PARRAS CASETA,Entrada,A,10,METALSA,H1,21:20,,,,
11/05/2026,PARRAS CASETA,Entrada,A,10,METALSA,H2,05:50,,,,
11/05/2026,PARRAS CASETA,Entrada,A,10,METALSA,H3,17:50,,,,
11/05/2026,PARRAS CASETA,Entrada,A,10,METALSA,H4,21:50,,,,
11/05/2026,PARRAS CASETA,Salida,N,1,METALSA,H1,15:30,,,,
11/05/2026,PARRAS CASETA,Salida,N,1,METALSA,H2,06:15,06:19,-4,1,0
11/05/2026,PARRAS CASETA,Salida,N,1,METALSA,H3,18:15,,,,
11/05/2026,PARRAS CASETA,Salida,N,2,EJIDO PAILA,H1,15:45,,,,
11/05/2026,PARRAS CASETA,Salida,N,2,EJIDO PAILA,H2,06:30,,,,
11/05/2026,PARRAS CASETA,Salida,N,2,EJIDO PAILA,H3,18:30,,,,
11/05/2026,PARRAS CASETA,Salida,N,3,KM 42,H1,15:50,,,,
11/05/2026,PARRAS CASETA,Salida,N,3,KM 42,H2,06:35,,,,
11/05/2026,PARRAS CASETA,Salida,N,3,KM 42,H3,18:35,,,,
11/05/2026,PARRAS CASETA,Salida,N,4,EJIDO 28 AGOSTO,H1,17:10,,,,
11/05/2026,PARRAS CASETA,Salida,N,4,EJIDO 28 AGOSTO,H2,07:55,,,,
11/05/2026,PARRAS CASETA,Salida,N,4,EJIDO 28 AGOSTO,H3,19:55,,,,
11/05/2026,PARRAS CASETA,Salida,N,5,16 DE SEPTIEMBRE (FABRICA DICKIES),H1,17:45,,,,
11/05/2026,PARRAS CASETA,Salida,N,5,16 DE SEPTIEMBRE (FABRICA DICKIES),H2,08:30,,,,
11/05/2026,PARRAS CASETA,Salida,N,5,16 DE SEPTIEMBRE (FABRICA DICKIES),H3,20:30,,,,
11/05/2026,PARRAS CASETA,Salida,N,6,CALZADA DEL MARQUEZ (OXXO GAS),H1,17:55,,,,
11/05/2026,PARRAS CASETA,Salida,N,6,CALZADA DEL MARQUEZ (OXXO GAS),H2,08:40,,,,
11/05/2026,PARRAS CASETA,Salida,N,6,CALZADA DEL MARQUEZ (OXXO GAS),H3,20:40,20:34,6,1,0
11/05/2026,PARRAS CASETA,Salida,N,7,OSCAR FLORES TAPIA y JAVIER MINA,H1,18:00,,,,
11/05/2026,PARRAS CASETA,Salida,N,7,OSCAR FLORES TAPIA y JAVIER MINA,H2,08:45,,,,
11/05/2026,PARRAS CASETA,Salida,N,7,OSCAR FLORES TAPIA y JAVIER MINA,H3,20:45,20:41,4,1,0
11/05/2026,PARRAS CASETA,Salida,N,8,FALCON Y FCO SARABIA (TORTILLERIA 4 CAMINO),H1,18:05,,,,
11/05/2026,PARRAS CASETA,Salida,N,8,FALCON Y FCO SARABIA (TORTILLERIA 4 CAMINO),H2,08:50,,,,
11/05/2026,PARRAS CASETA,Salida,N,8,FALCON Y FCO SARABIA (TORTILLERIA 4 CAMINO),H3,20:50,,,,
11/05/2026,PARRAS CASETA,Salida,N,9,HEROICO COLEGIO MILITAR Y MELCHOR OCAMPO (ALAMEDA),H1,18:18,,,,
11/05/2026,PARRAS CASETA,Salida,N,9,HEROICO COLEGIO MILITAR Y MELCHOR OCAMPO (ALAMEDA),H2,09:03,08:40,23,1,0
11/05/2026,PARRAS CASETA,Salida,N,9,HEROICO COLEGIO MILITAR Y MELCHOR OCAMPO (ALAMEDA),H3,21:03,,,,
11/05/2026,PARRAS CASETA,Salida,N,10,RAMOS ARIZPE (PLAZA DEL RELOJ),H1,18:20,,,,
11/05/2026,PARRAS CASETA,Salida,N,10,RAMOS ARIZPE (PLAZA DEL RELOJ),H2,09:05,,,,
11/05/2026,PARRAS CASETA,Salida,N,10,RAMOS ARIZPE (PLAZA DEL RELOJ),H3,21:05,,,,
11/05/2026,PARRAS LIBRE,Entrada,A,1,TACUBATA Y FRANCISCO I MADERO,H1,18:30,,,,
11/05/2026,PARRAS LIBRE,Entrada,A,1,TACUBATA Y FRANCISCO I MADERO,H2,03:00,,,,
11/05/2026,PARRAS LIBRE,Entrada,A,1,TACUBATA Y FRANCISCO I MADERO,H3,03:00,,,,
11/05/2026,PARRAS LIBRE,Entrada,A,1,TACUBATA Y FRANCISCO I MADERO,H4,15:00,,,,
11/05/2026,PARRAS LIBRE,Entrada,A,1,TACUBATA Y FRANCISCO I MADERO,H5,15:00,,,,
11/05/2026,PARRAS LIBRE,Entrada,A,1,TACUBATA Y FRANCISCO I MADERO,H6,19:05,,,,
11/05/2026,PARRAS LIBRE,Entrada,A,2,SANTA CATARINA Y VIESCA,H1,18:36,,,,
11/05/2026,PARRAS LIBRE,Entrada,A,2,SANTA CATARINA Y VIESCA,H2,03:06,,,,
11/05/2026,PARRAS LIBRE,Entrada,A,2,SANTA CATARINA Y VIESCA,H3,03:06,,,,
11/05/2026,PARRAS LIBRE,Entrada,A,2,SANTA CATARINA Y VIESCA,H4,15:06,,,,
11/05/2026,PARRAS LIBRE,Entrada,A,2,SANTA CATARINA Y VIESCA,H5,15:06,,,,
11/05/2026,PARRAS LIBRE,Entrada,A,2,SANTA CATARINA Y VIESCA,H6,19:09,,,,
11/05/2026,PARRAS LIBRE,Entrada,A,3,MANUEL ZAVALA Y MAR DE GALILEA,H1,18:50,,,,
11/05/2026,PARRAS LIBRE,Entrada,A,3,MANUEL ZAVALA Y MAR DE GALILEA,H2,03:20,,,,
11/05/2026,PARRAS LIBRE,Entrada,A,3,MANUEL ZAVALA Y MAR DE GALILEA,H3,03:20,,,,
11/05/2026,PARRAS LIBRE,Entrada,A,3,MANUEL ZAVALA Y MAR DE GALILEA,H4,15:20,,,,
11/05/2026,PARRAS LIBRE,Entrada,A,3,MANUEL ZAVALA Y MAR DE GALILEA,H5,15:20,,,,
11/05/2026,PARRAS LIBRE,Entrada,A,3,MANUEL ZAVALA Y MAR DE GALILEA,H6,19:11,,,,
11/05/2026,PARRAS LIBRE,Entrada,A,4,GENERAL CEPEDA Y RAMOS ARIZPE,H1,18:55,,,,
11/05/2026,PARRAS LIBRE,Entrada,A,4,GENERAL CEPEDA Y RAMOS ARIZPE,H2,03:25,,,,
11/05/2026,PARRAS LIBRE,Entrada,A,4,GENERAL CEPEDA Y RAMOS ARIZPE,H3,03:25,,,,
11/05/2026,PARRAS LIBRE,Entrada,A,4,GENERAL CEPEDA Y RAMOS ARIZPE,H4,15:25,,,,
11/05/2026,PARRAS LIBRE,Entrada,A,4,GENERAL CEPEDA Y RAMOS ARIZPE,H5,15:25,,,,
11/05/2026,PARRAS LIBRE,Entrada,A,4,GENERAL CEPEDA Y RAMOS ARIZPE,H6,19:14,,,,
11/05/2026,PARRAS LIBRE,Entrada,A,5,GENERAL CEPEDA Y COLIMA,H1,19:03,,,,
11/05/2026,PARRAS LIBRE,Entrada,A,5,GENERAL CEPEDA Y COLIMA,H2,03:33,,,,
11/05/2026,PARRAS LIBRE,Entrada,A,5,GENERAL CEPEDA Y COLIMA,H3,03:33,,,,
11/05/2026,PARRAS LIBRE,Entrada,A,5,GENERAL CEPEDA Y COLIMA,H4,15:33,,,,
11/05/2026,PARRAS LIBRE,Entrada,A,5,GENERAL CEPEDA Y COLIMA,H5,15:33,,,,
11/05/2026,PARRAS LIBRE,Entrada,A,5,GENERAL CEPEDA Y COLIMA,H6,19:15,,,,
11/05/2026,PARRAS LIBRE,Entrada,A,6,CAMINO GRAL. CEPEDA Y EJIDO PARRAS,H1,19:05,,,,
11/05/2026,PARRAS LIBRE,Entrada,A,6,CAMINO GRAL. CEPEDA Y EJIDO PARRAS,H2,03:35,,,,
11/05/2026,PARRAS LIBRE,Entrada,A,6,CAMINO GRAL. CEPEDA Y EJIDO PARRAS,H3,03:35,,,,
11/05/2026,PARRAS LIBRE,Entrada,A,6,CAMINO GRAL. CEPEDA Y EJIDO PARRAS,H4,15:35,,,,
11/05/2026,PARRAS LIBRE,Entrada,A,6,CAMINO GRAL. CEPEDA Y EJIDO PARRAS,H5,15:35,,,,
11/05/2026,PARRAS LIBRE,Entrada,A,6,CAMINO GRAL. CEPEDA Y EJIDO PARRAS,H6,19:17,,,,
11/05/2026,PARRAS LIBRE,Entrada,A,7,METALSA,H1,21:20,,,,
11/05/2026,PARRAS LIBRE,Entrada,A,7,METALSA,H2,05:50,,,,
11/05/2026,PARRAS LIBRE,Entrada,A,7,METALSA,H3,05:50,,,,
11/05/2026,PARRAS LIBRE,Entrada,A,7,METALSA,H4,17:50,,,,
11/05/2026,PARRAS LIBRE,Entrada,A,7,METALSA,H5,17:50,,,,
11/05/2026,PARRAS LIBRE,Entrada,A,7,METALSA,H6,21:50,,,,
11/05/2026,PARRAS LIBRE,Salida,N,1,METALSA,H1,15:30,,,,
11/05/2026,PARRAS LIBRE,Salida,N,1,METALSA,H2,06:15,,,,
11/05/2026,PARRAS LIBRE,Salida,N,1,METALSA,H3,06:15,,,,
11/05/2026,PARRAS LIBRE,Salida,N,1,METALSA,H4,18:15,,,,
11/05/2026,PARRAS LIBRE,Salida,N,1,METALSA,H5,18:15,,,,
11/05/2026,PARRAS LIBRE,Salida,N,2,CAMINO GRAL. CEPEDA Y EJIDO PARRAS,H1,17:45,,,,
11/05/2026,PARRAS LIBRE,Salida,N,2,CAMINO GRAL. CEPEDA Y EJIDO PARRAS,H2,08:30,,,,
11/05/2026,PARRAS LIBRE,Salida,N,2,CAMINO GRAL. CEPEDA Y EJIDO PARRAS,H3,08:30,,,,
11/05/2026,PARRAS LIBRE,Salida,N,2,CAMINO GRAL. CEPEDA Y EJIDO PARRAS,H4,20:30,,,,
11/05/2026,PARRAS LIBRE,Salida,N,2,CAMINO GRAL. CEPEDA Y EJIDO PARRAS,H5,20:30,,,,
11/05/2026,PARRAS LIBRE,Salida,N,3,GENERAL CEPEDA Y COLIMA,H1,17:47,,,,
11/05/2026,PARRAS LIBRE,Salida,N,3,GENERAL CEPEDA Y COLIMA,H2,08:32,,,,
11/05/2026,PARRAS LIBRE,Salida,N,3,GENERAL CEPEDA Y COLIMA,H3,08:32,,,,
11/05/2026,PARRAS LIBRE,Salida,N,3,GENERAL CEPEDA Y COLIMA,H4,20:32,,,,
11/05/2026,PARRAS LIBRE,Salida,N,3,GENERAL CEPEDA Y COLIMA,H5,20:32,,,,
11/05/2026,PARRAS LIBRE,Salida,N,4,GENERAL CEPEDA Y RAMOS ARIZPE,H1,17:55,,,,
11/05/2026,PARRAS LIBRE,Salida,N,4,GENERAL CEPEDA Y RAMOS ARIZPE,H2,08:40,,,,
11/05/2026,PARRAS LIBRE,Salida,N,4,GENERAL CEPEDA Y RAMOS ARIZPE,H3,08:40,,,,
11/05/2026,PARRAS LIBRE,Salida,N,4,GENERAL CEPEDA Y RAMOS ARIZPE,H4,20:40,,,,
11/05/2026,PARRAS LIBRE,Salida,N,4,GENERAL CEPEDA Y RAMOS ARIZPE,H5,20:40,,,,
11/05/2026,PARRAS LIBRE,Salida,N,5,MANUEL ZAVALA Y MAR DE GALILEA,H1,18:00,,,,
11/05/2026,PARRAS LIBRE,Salida,N,5,MANUEL ZAVALA Y MAR DE GALILEA,H2,08:45,,,,
11/05/2026,PARRAS LIBRE,Salida,N,5,MANUEL ZAVALA Y MAR DE GALILEA,H3,08:45,,,,
11/05/2026,PARRAS LIBRE,Salida,N,5,MANUEL ZAVALA Y MAR DE GALILEA,H4,20:45,,,,
11/05/2026,PARRAS LIBRE,Salida,N,5,MANUEL ZAVALA Y MAR DE GALILEA,H5,20:45,,,,
11/05/2026,PARRAS LIBRE,Salida,N,6,SANTA CATARINA Y VIESCA,H1,18:14,,,,
11/05/2026,PARRAS LIBRE,Salida,N,6,SANTA CATARINA Y VIESCA,H2,08:59,,,,
11/05/2026,PARRAS LIBRE,Salida,N,6,SANTA CATARINA Y VIESCA,H3,08:59,,,,
11/05/2026,PARRAS LIBRE,Salida,N,6,SANTA CATARINA Y VIESCA,H4,20:59,,,,
11/05/2026,PARRAS LIBRE,Salida,N,6,SANTA CATARINA Y VIESCA,H5,20:59,,,,
11/05/2026,PARRAS LIBRE,Salida,N,7,TACUBATA Y FRANCISCO I MADERO,H1,18:20,,,,
11/05/2026,PARRAS LIBRE,Salida,N,7,TACUBATA Y FRANCISCO I MADERO,H2,09:05,,,,
11/05/2026,PARRAS LIBRE,Salida,N,7,TACUBATA Y FRANCISCO I MADERO,H3,09:05,,,,
11/05/2026,PARRAS LIBRE,Salida,N,7,TACUBATA Y FRANCISCO I MADERO,H4,21:05,,,,
11/05/2026,PARRAS LIBRE,Salida,N,7,TACUBATA Y FRANCISCO I MADERO,H5,21:05,,,,
11/05/2026,PORVENIR - GENERAL CEPEDA,Entrada,A,1,PORVENIR,H1,03:45,,,,
11/05/2026,PORVENIR - GENERAL CEPEDA,Entrada,A,1,PORVENIR,H2,15:45,,,,
11/05/2026,PORVENIR - GENERAL CEPEDA,Entrada,A,1,PORVENIR,H3,19:15,,,,
11/05/2026,PORVENIR - GENERAL CEPEDA,Entrada,A,1,PORVENIR,H4,19:45,,,,
11/05/2026,PORVENIR - GENERAL CEPEDA,Entrada,A,2,GUELATAO,H1,03:50,,,,
11/05/2026,PORVENIR - GENERAL CEPEDA,Entrada,A,2,GUELATAO,H2,15:50,,,,
11/05/2026,PORVENIR - GENERAL CEPEDA,Entrada,A,2,GUELATAO,H3,19:20,,,,
11/05/2026,PORVENIR - GENERAL CEPEDA,Entrada,A,2,GUELATAO,H4,19:50,,,,
11/05/2026,PORVENIR - GENERAL CEPEDA,Entrada,A,3,BLVD; DIANA LAURA,H1,04:06,,,,
11/05/2026,PORVENIR - GENERAL CEPEDA,Entrada,A,3,BLVD; DIANA LAURA,H2,16:06,,,,
11/05/2026,PORVENIR - GENERAL CEPEDA,Entrada,A,3,BLVD; DIANA LAURA,H3,19:36,,,,
11/05/2026,PORVENIR - GENERAL CEPEDA,Entrada,A,3,BLVD; DIANA LAURA,H4,20:06,,,,
11/05/2026,PORVENIR - GENERAL CEPEDA,Entrada,A,4,MARIANO MATAMOROS,H1,04:09,,,,
11/05/2026,PORVENIR - GENERAL CEPEDA,Entrada,A,4,MARIANO MATAMOROS,H2,16:09,,,,
11/05/2026,PORVENIR - GENERAL CEPEDA,Entrada,A,4,MARIANO MATAMOROS,H3,19:39,,,,
11/05/2026,PORVENIR - GENERAL CEPEDA,Entrada,A,4,MARIANO MATAMOROS,H4,20:09,,,,
11/05/2026,PORVENIR - GENERAL CEPEDA,Entrada,A,5,LOS PRESIDENTES,H1,04:11,,,,
11/05/2026,PORVENIR - GENERAL CEPEDA,Entrada,A,5,LOS PRESIDENTES,H2,16:11,,,,
11/05/2026,PORVENIR - GENERAL CEPEDA,Entrada,A,5,LOS PRESIDENTES,H3,19:41,,,,
11/05/2026,PORVENIR - GENERAL CEPEDA,Entrada,A,5,LOS PRESIDENTES,H4,20:11,,,,
11/05/2026,PORVENIR - GENERAL CEPEDA,Entrada,A,6,MIGUEL HIDALGO,H1,04:16,,,,
11/05/2026,PORVENIR - GENERAL CEPEDA,Entrada,A,6,MIGUEL HIDALGO,H2,16:16,,,,
11/05/2026,PORVENIR - GENERAL CEPEDA,Entrada,A,6,MIGUEL HIDALGO,H3,19:46,,,,
11/05/2026,PORVENIR - GENERAL CEPEDA,Entrada,A,6,MIGUEL HIDALGO,H4,20:16,,,,
11/05/2026,PORVENIR - GENERAL CEPEDA,Entrada,A,7,BENITO JUAREZ,H1,04:19,,,,
11/05/2026,PORVENIR - GENERAL CEPEDA,Entrada,A,7,BENITO JUAREZ,H2,16:19,,,,
11/05/2026,PORVENIR - GENERAL CEPEDA,Entrada,A,7,BENITO JUAREZ,H3,19:49,,,,
11/05/2026,PORVENIR - GENERAL CEPEDA,Entrada,A,7,BENITO JUAREZ,H4,20:19,,,,
11/05/2026,PORVENIR - GENERAL CEPEDA,Entrada,A,8,SAN JOSE,H1,04:50,,,,
11/05/2026,PORVENIR - GENERAL CEPEDA,Entrada,A,8,SAN JOSE,H2,16:50,,,,
11/05/2026,PORVENIR - GENERAL CEPEDA,Entrada,A,8,SAN JOSE,H3,20:20,,,,
11/05/2026,PORVENIR - GENERAL CEPEDA,Entrada,A,8,SAN JOSE,H4,20:50,,,,
11/05/2026,PORVENIR - GENERAL CEPEDA,Entrada,A,9,RANCHO NUEVO,H1,05:00,,,,
11/05/2026,PORVENIR - GENERAL CEPEDA,Entrada,A,9,RANCHO NUEVO,H2,17:00,,,,
11/05/2026,PORVENIR - GENERAL CEPEDA,Entrada,A,9,RANCHO NUEVO,H3,20:30,,,,
11/05/2026,PORVENIR - GENERAL CEPEDA,Entrada,A,9,RANCHO NUEVO,H4,21:00,,,,
11/05/2026,PORVENIR - GENERAL CEPEDA,Entrada,A,10,SANTA TERESA,H1,05:06,,,,
11/05/2026,PORVENIR - GENERAL CEPEDA,Entrada,A,10,SANTA TERESA,H2,17:06,,,,
11/05/2026,PORVENIR - GENERAL CEPEDA,Entrada,A,10,SANTA TERESA,H3,20:36,,,,
11/05/2026,PORVENIR - GENERAL CEPEDA,Entrada,A,10,SANTA TERESA,H4,21:06,,,,
11/05/2026,PORVENIR - GENERAL CEPEDA,Entrada,A,11,CHAPULA,H1,05:15,,,,
11/05/2026,PORVENIR - GENERAL CEPEDA,Entrada,A,11,CHAPULA,H2,17:15,,,,
11/05/2026,PORVENIR - GENERAL CEPEDA,Entrada,A,11,CHAPULA,H3,20:45,,,,
11/05/2026,PORVENIR - GENERAL CEPEDA,Entrada,A,11,CHAPULA,H4,21:15,,,,
11/05/2026,PORVENIR - GENERAL CEPEDA,Entrada,A,12,DERRAMADERO,H1,05:20,,,,
11/05/2026,PORVENIR - GENERAL CEPEDA,Entrada,A,12,DERRAMADERO,H2,17:20,,,,
11/05/2026,PORVENIR - GENERAL CEPEDA,Entrada,A,12,DERRAMADERO,H3,20:50,,,,
11/05/2026,PORVENIR - GENERAL CEPEDA,Entrada,A,12,DERRAMADERO,H4,21:20,,,,
11/05/2026,PORVENIR - GENERAL CEPEDA,Entrada,A,13,SAN JUAN DE LA VAQUERIA,H1,05:28,,,,
11/05/2026,PORVENIR - GENERAL CEPEDA,Entrada,A,13,SAN JUAN DE LA VAQUERIA,H2,17:28,,,,
11/05/2026,PORVENIR - GENERAL CEPEDA,Entrada,A,13,SAN JUAN DE LA VAQUERIA,H3,20:58,,,,
11/05/2026,PORVENIR - GENERAL CEPEDA,Entrada,A,13,SAN JUAN DE LA VAQUERIA,H4,21:28,,,,
11/05/2026,PORVENIR - GENERAL CEPEDA,Entrada,A,14,METALSA,H1,05:50,05:46,4,1,0
11/05/2026,PORVENIR - GENERAL CEPEDA,Entrada,A,14,METALSA,H2,17:50,,,,
11/05/2026,PORVENIR - GENERAL CEPEDA,Entrada,A,14,METALSA,H3,21:20,,,,
11/05/2026,PORVENIR - GENERAL CEPEDA,Entrada,A,14,METALSA,H4,21:50,,,,
11/05/2026,PORVENIR - GENERAL CEPEDA,Salida,N,1,METALSA,H1,06:15,06:19,-4,1,0
11/05/2026,PORVENIR - GENERAL CEPEDA,Salida,N,1,METALSA,H2,15:30,,,,
11/05/2026,PORVENIR - GENERAL CEPEDA,Salida,N,1,METALSA,H3,18:15,18:18,-3,1,0
11/05/2026,PORVENIR - GENERAL CEPEDA,Salida,N,2,SAN JUAN DE LA VAQUERIA,H1,06:50,06:35,15,1,0
11/05/2026,PORVENIR - GENERAL CEPEDA,Salida,N,2,SAN JUAN DE LA VAQUERIA,H2,16:05,,,,
11/05/2026,PORVENIR - GENERAL CEPEDA,Salida,N,2,SAN JUAN DE LA VAQUERIA,H3,18:50,18:35,15,1,0
11/05/2026,PORVENIR - GENERAL CEPEDA,Salida,N,3,DERRAMADERO,H1,06:55,06:45,10,1,0
11/05/2026,PORVENIR - GENERAL CEPEDA,Salida,N,3,DERRAMADERO,H2,16:10,,,,
11/05/2026,PORVENIR - GENERAL CEPEDA,Salida,N,3,DERRAMADERO,H3,18:55,18:44,11,1,0
11/05/2026,PORVENIR - GENERAL CEPEDA,Salida,N,4,CHAPULA,H1,06:56,06:44,12,1,0
11/05/2026,PORVENIR - GENERAL CEPEDA,Salida,N,4,CHAPULA,H2,16:15,,,,
11/05/2026,PORVENIR - GENERAL CEPEDA,Salida,N,4,CHAPULA,H3,19:00,18:48,12,1,0
11/05/2026,PORVENIR - GENERAL CEPEDA,Salida,N,5,SANTA TERESA,H1,06:57,06:56,1,1,0
11/05/2026,PORVENIR - GENERAL CEPEDA,Salida,N,5,SANTA TERESA,H2,16:18,,,,
11/05/2026,PORVENIR - GENERAL CEPEDA,Salida,N,5,SANTA TERESA,H3,19:03,18:55,8,1,0
11/05/2026,PORVENIR - GENERAL CEPEDA,Salida,N,6,RANCHO NUEVO,H1,07:10,07:01,9,1,0
11/05/2026,PORVENIR - GENERAL CEPEDA,Salida,N,6,RANCHO NUEVO,H2,16:25,,,,
11/05/2026,PORVENIR - GENERAL CEPEDA,Salida,N,6,RANCHO NUEVO,H3,19:10,19:00,10,1,0
11/05/2026,PORVENIR - GENERAL CEPEDA,Salida,N,7,SAN JOSE,H1,07:11,,,,
11/05/2026,PORVENIR - GENERAL CEPEDA,Salida,N,7,SAN JOSE,H2,16:26,,,,
11/05/2026,PORVENIR - GENERAL CEPEDA,Salida,N,7,SAN JOSE,H3,19:11,19:11,0,1,0
11/05/2026,PORVENIR - GENERAL CEPEDA,Salida,N,8,BENITO JUAREZ,H1,07:12,,,,
11/05/2026,PORVENIR - GENERAL CEPEDA,Salida,N,8,BENITO JUAREZ,H2,16:27,,,,
11/05/2026,PORVENIR - GENERAL CEPEDA,Salida,N,8,BENITO JUAREZ,H3,19:12,,,,
11/05/2026,PORVENIR - GENERAL CEPEDA,Salida,N,9,MIGUEL HIDALGO,H1,07:13,07:30,-17,1,0
11/05/2026,PORVENIR - GENERAL CEPEDA,Salida,N,9,MIGUEL HIDALGO,H2,16:28,,,,
11/05/2026,PORVENIR - GENERAL CEPEDA,Salida,N,9,MIGUEL HIDALGO,H3,19:13,19:43,-30,1,0
11/05/2026,PORVENIR - GENERAL CEPEDA,Salida,N,10,LOS PRESIDENTES,H1,07:14,07:28,-14,1,0
11/05/2026,PORVENIR - GENERAL CEPEDA,Salida,N,10,LOS PRESIDENTES,H2,16:29,,,,
11/05/2026,PORVENIR - GENERAL CEPEDA,Salida,N,10,LOS PRESIDENTES,H3,19:14,19:42,-28,1,0
11/05/2026,PORVENIR - GENERAL CEPEDA,Salida,N,11,MARIANO MATAMOROS,H1,07:30,07:28,2,1,0
11/05/2026,PORVENIR - GENERAL CEPEDA,Salida,N,11,MARIANO MATAMOROS,H2,16:45,,,,
11/05/2026,PORVENIR - GENERAL CEPEDA,Salida,N,11,MARIANO MATAMOROS,H3,19:30,19:42,-12,1,0
11/05/2026,PORVENIR - GENERAL CEPEDA,Salida,N,12,BLVD; DIANA LAURA,H1,07:31,07:26,5,1,0
11/05/2026,PORVENIR - GENERAL CEPEDA,Salida,N,12,BLVD; DIANA LAURA,H2,16:46,,,,
11/05/2026,PORVENIR - GENERAL CEPEDA,Salida,N,12,BLVD; DIANA LAURA,H3,19:31,19:40,-9,1,0
11/05/2026,PORVENIR - GENERAL CEPEDA,Salida,N,13,GUELATAO,H1,07:40,07:44,-4,1,0
11/05/2026,PORVENIR - GENERAL CEPEDA,Salida,N,13,GUELATAO,H2,16:55,,,,
11/05/2026,PORVENIR - GENERAL CEPEDA,Salida,N,13,GUELATAO,H3,19:40,,,,
11/05/2026,PORVENIR - GENERAL CEPEDA,Salida,N,14,PORVENIR,H1,07:45,07:49,-4,1,0
11/05/2026,PORVENIR - GENERAL CEPEDA,Salida,N,14,PORVENIR,H2,17:00,,,,
11/05/2026,PORVENIR - GENERAL CEPEDA,Salida,N,14,PORVENIR,H3,19:45,,,,
11/05/2026,PUERTO MEXICO,Entrada,A,1,PUERTO MEXICO,H1,20:10,,,,
11/05/2026,PUERTO MEXICO,Entrada,A,1,PUERTO MEXICO,H2,04:40,,,,
11/05/2026,PUERTO MEXICO,Entrada,A,1,PUERTO MEXICO,H3,04:40,,,,
11/05/2026,PUERTO MEXICO,Entrada,A,1,PUERTO MEXICO,H4,16:40,,,,
11/05/2026,PUERTO MEXICO,Entrada,A,1,PUERTO MEXICO,H5,16:40,,,,
11/05/2026,PUERTO MEXICO,Entrada,A,1,PUERTO MEXICO,H6,20:40,,,,
11/05/2026,PUERTO MEXICO,Entrada,A,2,CUIJE,H1,20:22,,,,
11/05/2026,PUERTO MEXICO,Entrada,A,2,CUIJE,H2,04:52,,,,
11/05/2026,PUERTO MEXICO,Entrada,A,2,CUIJE,H3,04:52,,,,
11/05/2026,PUERTO MEXICO,Entrada,A,2,CUIJE,H4,16:52,,,,
11/05/2026,PUERTO MEXICO,Entrada,A,2,CUIJE,H5,16:52,,,,
11/05/2026,PUERTO MEXICO,Entrada,A,2,CUIJE,H6,20:52,,,,
11/05/2026,PUERTO MEXICO,Entrada,A,3,NAVIDAD,H1,20:32,,,,
11/05/2026,PUERTO MEXICO,Entrada,A,3,NAVIDAD,H2,05:02,,,,
11/05/2026,PUERTO MEXICO,Entrada,A,3,NAVIDAD,H3,05:02,,,,
11/05/2026,PUERTO MEXICO,Entrada,A,3,NAVIDAD,H4,17:02,,,,
11/05/2026,PUERTO MEXICO,Entrada,A,3,NAVIDAD,H5,17:02,,,,
11/05/2026,PUERTO MEXICO,Entrada,A,3,NAVIDAD,H6,21:02,,,,
11/05/2026,PUERTO MEXICO,Entrada,A,4,CHAPULTEPEC,H1,20:45,,,,
11/05/2026,PUERTO MEXICO,Entrada,A,4,CHAPULTEPEC,H2,05:15,,,,
11/05/2026,PUERTO MEXICO,Entrada,A,4,CHAPULTEPEC,H3,05:15,,,,
11/05/2026,PUERTO MEXICO,Entrada,A,4,CHAPULTEPEC,H4,17:15,,,,
11/05/2026,PUERTO MEXICO,Entrada,A,4,CHAPULTEPEC,H5,17:15,,,,
11/05/2026,PUERTO MEXICO,Entrada,A,4,CHAPULTEPEC,H6,21:15,,,,
11/05/2026,PUERTO MEXICO,Entrada,A,5,JAHUEY,H1,21:00,,,,
11/05/2026,PUERTO MEXICO,Entrada,A,5,JAHUEY,H2,05:30,,,,
11/05/2026,PUERTO MEXICO,Entrada,A,5,JAHUEY,H3,05:30,,,,
11/05/2026,PUERTO MEXICO,Entrada,A,5,JAHUEY,H4,17:30,,,,
11/05/2026,PUERTO MEXICO,Entrada,A,5,JAHUEY,H5,17:30,,,,
11/05/2026,PUERTO MEXICO,Entrada,A,5,JAHUEY,H6,21:30,,,,
11/05/2026,PUERTO MEXICO,Entrada,A,6,METALSA,H1,21:20,,,,
11/05/2026,PUERTO MEXICO,Entrada,A,6,METALSA,H2,05:50,,,,
11/05/2026,PUERTO MEXICO,Entrada,A,6,METALSA,H3,05:50,,,,
11/05/2026,PUERTO MEXICO,Entrada,A,6,METALSA,H4,17:50,,,,
11/05/2026,PUERTO MEXICO,Entrada,A,6,METALSA,H5,17:50,,,,
11/05/2026,PUERTO MEXICO,Entrada,A,6,METALSA,H6,21:50,,,,
11/05/2026,PUERTO MEXICO,Salida,A,1,METALSA,H1,15:30,,,,
11/05/2026,PUERTO MEXICO,Salida,A,1,METALSA,H2,06:15,,,,
11/05/2026,PUERTO MEXICO,Salida,A,1,METALSA,H3,06:15,,,,
11/05/2026,PUERTO MEXICO,Salida,A,1,METALSA,H4,18:15,,,,
11/05/2026,PUERTO MEXICO,Salida,A,1,METALSA,H5,18:15,,,,
11/05/2026,PUERTO MEXICO,Salida,A,2,JAHUEY,H1,15:50,,,,
11/05/2026,PUERTO MEXICO,Salida,A,2,JAHUEY,H2,06:35,,,,
11/05/2026,PUERTO MEXICO,Salida,A,2,JAHUEY,H3,06:35,,,,
11/05/2026,PUERTO MEXICO,Salida,A,2,JAHUEY,H4,18:35,,,,
11/05/2026,PUERTO MEXICO,Salida,A,2,JAHUEY,H5,18:35,,,,
11/05/2026,PUERTO MEXICO,Salida,A,3,CHAPULTEPEC,H1,16:05,,,,
11/05/2026,PUERTO MEXICO,Salida,A,3,CHAPULTEPEC,H2,06:50,,,,
11/05/2026,PUERTO MEXICO,Salida,A,3,CHAPULTEPEC,H3,06:50,,,,
11/05/2026,PUERTO MEXICO,Salida,A,3,CHAPULTEPEC,H4,18:50,,,,
11/05/2026,PUERTO MEXICO,Salida,A,3,CHAPULTEPEC,H5,18:50,,,,
11/05/2026,PUERTO MEXICO,Salida,A,4,NAVIDAD,H1,16:18,,,,
11/05/2026,PUERTO MEXICO,Salida,A,4,NAVIDAD,H2,07:03,,,,
11/05/2026,PUERTO MEXICO,Salida,A,4,NAVIDAD,H3,07:03,,,,
11/05/2026,PUERTO MEXICO,Salida,A,4,NAVIDAD,H4,19:03,,,,
11/05/2026,PUERTO MEXICO,Salida,A,4,NAVIDAD,H5,19:03,,,,
11/05/2026,PUERTO MEXICO,Salida,A,5,CUIJE,H1,16:28,,,,
11/05/2026,PUERTO MEXICO,Salida,A,5,CUIJE,H2,07:13,,,,
11/05/2026,PUERTO MEXICO,Salida,A,5,CUIJE,H3,07:13,,,,
11/05/2026,PUERTO MEXICO,Salida,A,5,CUIJE,H4,19:13,,,,
11/05/2026,PUERTO MEXICO,Salida,A,5,CUIJE,H5,19:13,,,,
11/05/2026,PUERTO MEXICO,Salida,A,6,PUERTO MEXICO,H1,16:40,,,,
11/05/2026,PUERTO MEXICO,Salida,A,6,PUERTO MEXICO,H2,07:25,,,,
11/05/2026,PUERTO MEXICO,Salida,A,6,PUERTO MEXICO,H3,07:25,,,,
11/05/2026,PUERTO MEXICO,Salida,A,6,PUERTO MEXICO,H4,19:25,,,,
11/05/2026,PUERTO MEXICO,Salida,A,6,PUERTO MEXICO,H5,19:25,,,,
11/05/2026,ROMA,Entrada,N,1,FCO. LAZACORTA Y JOSE MARIANO MICHELENA,H1,04:45,04:46,-1,1,0
11/05/2026,ROMA,Entrada,N,1,FCO. LAZACORTA Y JOSE MARIANO MICHELENA,H2,16:45,16:47,-2,1,0
11/05/2026,ROMA,Entrada,N,1,FCO. LAZACORTA Y JOSE MARIANO MICHELENA,H3,20:15,,,,
11/05/2026,ROMA,Entrada,N,1,FCO. LAZACORTA Y JOSE MARIANO MICHELENA,H4,20:45,,,,
11/05/2026,ROMA,Entrada,N,2,SIERRA DE LOS PINOS Y PRINCIPAL,H1,04:48,04:48,0,1,0
11/05/2026,ROMA,Entrada,N,2,SIERRA DE LOS PINOS Y PRINCIPAL,H2,16:48,16:48,0,1,0
11/05/2026,ROMA,Entrada,N,2,SIERRA DE LOS PINOS Y PRINCIPAL,H3,20:18,,,,
11/05/2026,ROMA,Entrada,N,2,SIERRA DE LOS PINOS Y PRINCIPAL,H4,20:48,,,,
11/05/2026,ROMA,Entrada,N,3,OSA MAYOR Y BUSTAMANTE,H1,04:53,04:54,-1,1,0
11/05/2026,ROMA,Entrada,N,3,OSA MAYOR Y BUSTAMANTE,H2,16:53,16:55,-2,1,0
11/05/2026,ROMA,Entrada,N,3,OSA MAYOR Y BUSTAMANTE,H3,20:23,,,,
11/05/2026,ROMA,Entrada,N,3,OSA MAYOR Y BUSTAMANTE,H4,20:53,,,,
11/05/2026,ROMA,Entrada,N,4,EUGENIO REYES Y PEDRO AMPUDIA,H1,05:01,05:06,-5,1,0
11/05/2026,ROMA,Entrada,N,4,EUGENIO REYES Y PEDRO AMPUDIA,H2,17:01,17:06,-5,1,0
11/05/2026,ROMA,Entrada,N,4,EUGENIO REYES Y PEDRO AMPUDIA,H3,20:31,,,,
11/05/2026,ROMA,Entrada,N,4,EUGENIO REYES Y PEDRO AMPUDIA,H4,21:01,,,,
11/05/2026,ROMA,Entrada,N,5,FELIPE BERRIOZABAL Y MARAVILLAS,H1,05:06,05:08,-2,1,0
11/05/2026,ROMA,Entrada,N,5,FELIPE BERRIOZABAL Y MARAVILLAS,H2,17:06,17:09,-3,1,0
11/05/2026,ROMA,Entrada,N,5,FELIPE BERRIOZABAL Y MARAVILLAS,H3,20:36,,,,
11/05/2026,ROMA,Entrada,N,5,FELIPE BERRIOZABAL Y MARAVILLAS,H4,21:06,,,,
11/05/2026,ROMA,Entrada,N,6,FCO I MADERO Y CALZ ANTONIO NARRO,H1,05:15,05:20,-5,1,0
11/05/2026,ROMA,Entrada,N,6,FCO I MADERO Y CALZ ANTONIO NARRO,H2,17:15,17:19,-4,1,0
11/05/2026,ROMA,Entrada,N,6,FCO I MADERO Y CALZ ANTONIO NARRO,H3,20:45,,,,
11/05/2026,ROMA,Entrada,N,6,FCO I MADERO Y CALZ ANTONIO NARRO,H4,21:15,,,,
11/05/2026,ROMA,Entrada,N,7,CARR. SALTILLO-ZACATECAS,H1,05:20,05:31,-11,1,0
11/05/2026,ROMA,Entrada,N,7,CARR. SALTILLO-ZACATECAS,H2,17:20,17:25,-5,1,0
11/05/2026,ROMA,Entrada,N,7,CARR. SALTILLO-ZACATECAS,H3,20:50,,,,
11/05/2026,ROMA,Entrada,N,7,CARR. SALTILLO-ZACATECAS,H4,21:20,,,,
11/05/2026,ROMA,Entrada,N,8,METALSA,H1,05:50,05:50,0,1,0
11/05/2026,ROMA,Entrada,N,8,METALSA,H2,17:50,17:39,11,1,0
11/05/2026,ROMA,Entrada,N,8,METALSA,H3,21:20,,,,
11/05/2026,ROMA,Entrada,N,8,METALSA,H4,21:50,,,,
11/05/2026,ROMA,Salida,N,1,METALSA,H1,06:15,06:17,-2,1,0
11/05/2026,ROMA,Salida,N,1,METALSA,H2,15:30,,,,
11/05/2026,ROMA,Salida,N,1,METALSA,H3,18:15,18:17,-2,1,0
11/05/2026,ROMA,Salida,N,2,CARR. SALTILLO-ZACATECAS,H1,06:45,06:33,12,1,0
11/05/2026,ROMA,Salida,N,2,CARR. SALTILLO-ZACATECAS,H2,16:00,,,,
11/05/2026,ROMA,Salida,N,2,CARR. SALTILLO-ZACATECAS,H3,18:45,18:41,4,1,0
11/05/2026,ROMA,Salida,N,3,FCO I MADERO Y CALZ ANTONIO NARRO,H1,06:50,06:39,11,1,0
11/05/2026,ROMA,Salida,N,3,FCO I MADERO Y CALZ ANTONIO NARRO,H2,16:05,,,,
11/05/2026,ROMA,Salida,N,3,FCO I MADERO Y CALZ ANTONIO NARRO,H3,18:50,18:49,1,1,0
11/05/2026,ROMA,Salida,N,4,FELIPE BERRIOZABAL Y MARAVILLAS,H1,06:59,06:51,8,1,0
11/05/2026,ROMA,Salida,N,4,FELIPE BERRIOZABAL Y MARAVILLAS,H2,16:14,,,,
11/05/2026,ROMA,Salida,N,4,FELIPE BERRIOZABAL Y MARAVILLAS,H3,18:59,18:59,0,1,0
11/05/2026,ROMA,Salida,N,5,EUGENIO REYES Y PEDRO AMPUDIA,H1,07:04,06:54,10,1,0
11/05/2026,ROMA,Salida,N,5,EUGENIO REYES Y PEDRO AMPUDIA,H2,16:19,,,,
11/05/2026,ROMA,Salida,N,5,EUGENIO REYES Y PEDRO AMPUDIA,H3,19:04,19:01,3,1,0
11/05/2026,ROMA,Salida,N,6,OSA MAYOR Y BUSTAMANTE,H1,07:12,07:03,9,1,0
11/05/2026,ROMA,Salida,N,6,OSA MAYOR Y BUSTAMANTE,H2,16:27,,,,
11/05/2026,ROMA,Salida,N,6,OSA MAYOR Y BUSTAMANTE,H3,19:12,19:10,2,1,0
11/05/2026,ROMA,Salida,N,7,SIERRA DE LOS PINOS Y PRINCIPAL,H1,07:17,,,,
11/05/2026,ROMA,Salida,N,7,SIERRA DE LOS PINOS Y PRINCIPAL,H2,16:32,,,,
11/05/2026,ROMA,Salida,N,7,SIERRA DE LOS PINOS Y PRINCIPAL,H3,19:17,,,,
11/05/2026,ROMA,Salida,N,8,FCO. LAZACORTA Y JOSE MARIANO MICHELENA,H1,07:20,07:07,13,1,0
11/05/2026,ROMA,Salida,N,8,FCO. LAZACORTA Y JOSE MARIANO MICHELENA,H2,16:35,,,,
11/05/2026,ROMA,Salida,N,8,FCO. LAZACORTA Y JOSE MARIANO MICHELENA,H3,19:20,19:18,2,1,0
11/05/2026,SALTILLO 2000,Entrada,N,1,PALACIO DE JUSTICIA,H1,04:30,04:32,-2,1,0
11/05/2026,SALTILLO 2000,Entrada,N,1,PALACIO DE JUSTICIA,H2,16:30,16:32,-2,1,0
11/05/2026,SALTILLO 2000,Entrada,N,1,PALACIO DE JUSTICIA,H3,20:00,,,,
11/05/2026,SALTILLO 2000,Entrada,N,1,PALACIO DE JUSTICIA,H4,20:30,,,,
11/05/2026,SALTILLO 2000,Entrada,N,2,ROTONDA SALTILLO 2000,H1,04:35,04:35,0,1,0
11/05/2026,SALTILLO 2000,Entrada,N,2,ROTONDA SALTILLO 2000,H2,16:35,16:35,0,1,0
11/05/2026,SALTILLO 2000,Entrada,N,2,ROTONDA SALTILLO 2000,H3,20:05,,,,
11/05/2026,SALTILLO 2000,Entrada,N,2,ROTONDA SALTILLO 2000,H4,20:35,,,,
11/05/2026,SALTILLO 2000,Entrada,N,3,CUQUITA DE CEPEDA DAVILA  (OXXO),H1,04:45,04:42,3,1,0
11/05/2026,SALTILLO 2000,Entrada,N,3,CUQUITA DE CEPEDA DAVILA  (OXXO),H2,16:45,16:46,-1,1,0
11/05/2026,SALTILLO 2000,Entrada,N,3,CUQUITA DE CEPEDA DAVILA  (OXXO),H3,20:15,,,,
11/05/2026,SALTILLO 2000,Entrada,N,3,CUQUITA DE CEPEDA DAVILA  (OXXO),H4,20:45,,,,
11/05/2026,SALTILLO 2000,Entrada,N,4,FCO I MADERO Y  PEDRO AMPUDIA,H1,04:50,04:51,-1,1,0
11/05/2026,SALTILLO 2000,Entrada,N,4,FCO I MADERO Y  PEDRO AMPUDIA,H2,16:50,16:57,-7,1,0
11/05/2026,SALTILLO 2000,Entrada,N,4,FCO I MADERO Y  PEDRO AMPUDIA,H3,20:20,,,,
11/05/2026,SALTILLO 2000,Entrada,N,4,FCO I MADERO Y  PEDRO AMPUDIA,H4,20:50,,,,
11/05/2026,SALTILLO 2000,Entrada,N,5,PERIF. L.E.A. Y CALZ. ANTONIO NARRO,H1,05:08,05:03,5,1,0
11/05/2026,SALTILLO 2000,Entrada,N,5,PERIF. L.E.A. Y CALZ. ANTONIO NARRO,H2,17:08,17:13,-5,1,0
11/05/2026,SALTILLO 2000,Entrada,N,5,PERIF. L.E.A. Y CALZ. ANTONIO NARRO,H3,20:38,,,,
11/05/2026,SALTILLO 2000,Entrada,N,5,PERIF. L.E.A. Y CALZ. ANTONIO NARRO,H4,21:08,,,,
11/05/2026,SALTILLO 2000,Entrada,N,6,BLVD. HACIENDA NARRO,H1,05:20,05:17,3,1,0
11/05/2026,SALTILLO 2000,Entrada,N,6,BLVD. HACIENDA NARRO,H2,17:20,17:26,-6,1,0
11/05/2026,SALTILLO 2000,Entrada,N,6,BLVD. HACIENDA NARRO,H3,20:50,,,,
11/05/2026,SALTILLO 2000,Entrada,N,6,BLVD. HACIENDA NARRO,H4,21:20,,,,
11/05/2026,SALTILLO 2000,Entrada,N,7,METALSA,H1,05:50,05:47,3,1,0
11/05/2026,SALTILLO 2000,Entrada,N,7,METALSA,H2,17:50,17:45,5,1,0
11/05/2026,SALTILLO 2000,Entrada,N,7,METALSA,H3,21:20,,,,
11/05/2026,SALTILLO 2000,Entrada,N,7,METALSA,H4,21:50,,,,
11/05/2026,SALTILLO 2000,Salida,N,1,METALSA,H1,06:15,06:15,0,1,0
11/05/2026,SALTILLO 2000,Salida,N,1,METALSA,H2,15:30,,,,
11/05/2026,SALTILLO 2000,Salida,N,1,METALSA,H3,18:15,18:16,-1,1,0
11/05/2026,SALTILLO 2000,Salida,N,2,BLVD. HACIENDA NARRO,H1,06:45,06:36,9,1,0
11/05/2026,SALTILLO 2000,Salida,N,2,BLVD. HACIENDA NARRO,H2,16:00,,,,
11/05/2026,SALTILLO 2000,Salida,N,2,BLVD. HACIENDA NARRO,H3,18:45,18:48,-3,1,0
11/05/2026,SALTILLO 2000,Salida,N,3,PERIF. L.E.A. Y CALZ. ANTONIO NARRO,H1,06:57,06:51,6,1,0
11/05/2026,SALTILLO 2000,Salida,N,3,PERIF. L.E.A. Y CALZ. ANTONIO NARRO,H2,16:12,,,,
11/05/2026,SALTILLO 2000,Salida,N,3,PERIF. L.E.A. Y CALZ. ANTONIO NARRO,H3,18:57,19:00,-3,1,0
11/05/2026,SALTILLO 2000,Salida,N,4,FCO I MADERO Y  PEDRO AMPUDIA,H1,07:15,07:03,12,1,0
11/05/2026,SALTILLO 2000,Salida,N,4,FCO I MADERO Y  PEDRO AMPUDIA,H2,16:30,,,,
11/05/2026,SALTILLO 2000,Salida,N,4,FCO I MADERO Y  PEDRO AMPUDIA,H3,19:15,19:18,-3,1,0
11/05/2026,SALTILLO 2000,Salida,N,5,CUQUITA DE CEPEDA DAVILA  (OXXO),H1,07:20,07:12,8,1,0
11/05/2026,SALTILLO 2000,Salida,N,5,CUQUITA DE CEPEDA DAVILA  (OXXO),H2,16:35,,,,
11/05/2026,SALTILLO 2000,Salida,N,5,CUQUITA DE CEPEDA DAVILA  (OXXO),H3,19:20,19:28,-8,1,0
11/05/2026,SALTILLO 2000,Salida,N,6,ROTONDA SALTILLO 2000,H1,07:30,,,,
11/05/2026,SALTILLO 2000,Salida,N,6,ROTONDA SALTILLO 2000,H2,16:45,,,,
11/05/2026,SALTILLO 2000,Salida,N,6,ROTONDA SALTILLO 2000,H3,19:30,,,,
11/05/2026,SALTILLO 2000,Salida,N,7,PALACIO DE JUSTICIA,H1,07:35,,,,
11/05/2026,SALTILLO 2000,Salida,N,7,PALACIO DE JUSTICIA,H2,16:50,,,,
11/05/2026,SALTILLO 2000,Salida,N,7,PALACIO DE JUSTICIA,H3,19:35,,,,
11/05/2026,SAN FRANCISCO,Entrada,A,1,LA CUCHILLA,H1,19:35,,,,
11/05/2026,SAN FRANCISCO,Entrada,A,1,LA CUCHILLA,H2,04:05,,,,
11/05/2026,SAN FRANCISCO,Entrada,A,1,LA CUCHILLA,H3,16:05,,,,
11/05/2026,SAN FRANCISCO,Entrada,A,1,LA CUCHILLA,H4,20:05,,,,
11/05/2026,SAN FRANCISCO,Entrada,A,2,SAN JUAN RETIRO,H1,19:44,,,,
11/05/2026,SAN FRANCISCO,Entrada,A,2,SAN JUAN RETIRO,H2,04:14,,,,
11/05/2026,SAN FRANCISCO,Entrada,A,2,SAN JUAN RETIRO,H3,16:14,,,,
11/05/2026,SAN FRANCISCO,Entrada,A,2,SAN JUAN RETIRO,H4,20:14,,,,
11/05/2026,SAN FRANCISCO,Entrada,A,3,NUEVO GOMEZ,H1,19:54,,,,
11/05/2026,SAN FRANCISCO,Entrada,A,3,NUEVO GOMEZ,H2,04:24,,,,
11/05/2026,SAN FRANCISCO,Entrada,A,3,NUEVO GOMEZ,H3,16:24,,,,
11/05/2026,SAN FRANCISCO,Entrada,A,3,NUEVO GOMEZ,H4,20:24,,,,
11/05/2026,SAN FRANCISCO,Entrada,A,4,SAN FRANCISCO,H1,20:06,,,,
11/05/2026,SAN FRANCISCO,Entrada,A,4,SAN FRANCISCO,H2,04:36,,,,
11/05/2026,SAN FRANCISCO,Entrada,A,4,SAN FRANCISCO,H3,16:36,,,,
11/05/2026,SAN FRANCISCO,Entrada,A,4,SAN FRANCISCO,H4,20:36,,,,
11/05/2026,SAN FRANCISCO,Entrada,A,5,MANGAS,H1,20:16,,,,
11/05/2026,SAN FRANCISCO,Entrada,A,5,MANGAS,H2,04:46,,,,
11/05/2026,SAN FRANCISCO,Entrada,A,5,MANGAS,H3,16:46,,,,
11/05/2026,SAN FRANCISCO,Entrada,A,5,MANGAS,H4,20:46,,,,
11/05/2026,SAN FRANCISCO,Entrada,A,6,COLONIAS,H1,20:52,,,,
11/05/2026,SAN FRANCISCO,Entrada,A,6,COLONIAS,H2,05:22,,,,
11/05/2026,SAN FRANCISCO,Entrada,A,6,COLONIAS,H3,17:22,,,,
11/05/2026,SAN FRANCISCO,Entrada,A,6,COLONIAS,H4,21:22,,,,
11/05/2026,SAN FRANCISCO,Entrada,A,7,AGUA NUEVA,H1,21:00,,,,
11/05/2026,SAN FRANCISCO,Entrada,A,7,AGUA NUEVA,H2,05:30,,,,
11/05/2026,SAN FRANCISCO,Entrada,A,7,AGUA NUEVA,H3,17:30,,,,
11/05/2026,SAN FRANCISCO,Entrada,A,7,AGUA NUEVA,H4,21:25,,,,
11/05/2026,SAN FRANCISCO,Entrada,A,8,METALSA,H1,21:20,,,,
11/05/2026,SAN FRANCISCO,Entrada,A,8,METALSA,H2,05:50,,,,
11/05/2026,SAN FRANCISCO,Entrada,A,8,METALSA,H3,17:50,,,,
11/05/2026,SAN FRANCISCO,Entrada,A,8,METALSA,H4,21:50,,,,
11/05/2026,SAN FRANCISCO,Salida,N,1,METALSA,H1,15:30,,,,
11/05/2026,SAN FRANCISCO,Salida,N,1,METALSA,H2,18:15,18:18,-3,1,0
11/05/2026,SAN FRANCISCO,Salida,N,1,METALSA,H3,06:15,06:28,-13,1,0
11/05/2026,SAN FRANCISCO,Salida,N,2,AGUA NUEVA,H1,15:59,,,,
11/05/2026,SAN FRANCISCO,Salida,N,2,AGUA NUEVA,H2,18:44,18:27,17,1,0
11/05/2026,SAN FRANCISCO,Salida,N,2,AGUA NUEVA,H3,06:44,06:38,6,1,0
11/05/2026,SAN FRANCISCO,Salida,N,3,COLONIAS,H1,16:10,,,,
11/05/2026,SAN FRANCISCO,Salida,N,3,COLONIAS,H2,18:55,18:42,13,1,0
11/05/2026,SAN FRANCISCO,Salida,N,3,COLONIAS,H3,06:55,06:52,3,1,0
11/05/2026,SAN FRANCISCO,Salida,N,4,MANGAS,H1,16:34,,,,
11/05/2026,SAN FRANCISCO,Salida,N,4,MANGAS,H2,19:19,19:07,12,1,0
11/05/2026,SAN FRANCISCO,Salida,N,4,MANGAS,H3,07:19,,,,
11/05/2026,SAN FRANCISCO,Salida,N,5,SAN FRANCISCO,H1,16:46,,,,
11/05/2026,SAN FRANCISCO,Salida,N,5,SAN FRANCISCO,H2,19:31,19:18,13,1,0
11/05/2026,SAN FRANCISCO,Salida,N,5,SAN FRANCISCO,H3,07:31,07:14,17,1,0
11/05/2026,SAN FRANCISCO,Salida,N,6,NUEVO GOMEZ,H1,16:56,,,,
11/05/2026,SAN FRANCISCO,Salida,N,6,NUEVO GOMEZ,H2,19:41,,,,
11/05/2026,SAN FRANCISCO,Salida,N,6,NUEVO GOMEZ,H3,07:41,,,,
11/05/2026,SAN FRANCISCO,Salida,N,7,SAN JUAN RETIRO,H1,17:06,,,,
11/05/2026,SAN FRANCISCO,Salida,N,7,SAN JUAN RETIRO,H2,19:51,,,,
11/05/2026,SAN FRANCISCO,Salida,N,7,SAN JUAN RETIRO,H3,07:51,07:32,19,1,0
11/05/2026,SAN FRANCISCO,Salida,N,8,LA CUCHILLA,H1,17:15,,,,
11/05/2026,SAN FRANCISCO,Salida,N,8,LA CUCHILLA,H2,20:00,19:34,26,1,0
11/05/2026,SAN FRANCISCO,Salida,N,8,LA CUCHILLA,H3,08:00,,,,
11/05/2026,SAN MIGUEL,Entrada,A,1,SAN MIGUEL,H1,19:50,,,,
11/05/2026,SAN MIGUEL,Entrada,A,1,SAN MIGUEL,H2,04:20,,,,
11/05/2026,SAN MIGUEL,Entrada,A,1,SAN MIGUEL,H3,16:20,,,,
11/05/2026,SAN MIGUEL,Entrada,A,1,SAN MIGUEL,H4,20:20,,,,
11/05/2026,SAN MIGUEL,Entrada,A,2,ZACATERA,H1,19:53,,,,
11/05/2026,SAN MIGUEL,Entrada,A,2,ZACATERA,H2,04:23,,,,
11/05/2026,SAN MIGUEL,Entrada,A,2,ZACATERA,H3,16:23,,,,
11/05/2026,SAN MIGUEL,Entrada,A,2,ZACATERA,H4,20:23,,,,
11/05/2026,SAN MIGUEL,Entrada,A,3,GOMEZ FARIAS,H1,20:00,,,,
11/05/2026,SAN MIGUEL,Entrada,A,3,GOMEZ FARIAS,H2,04:30,,,,
11/05/2026,SAN MIGUEL,Entrada,A,3,GOMEZ FARIAS,H3,16:30,,,,
11/05/2026,SAN MIGUEL,Entrada,A,3,GOMEZ FARIAS,H4,20:30,,,,
11/05/2026,SAN MIGUEL,Entrada,A,4,GUADALUPE VICTORIA,H1,20:25,,,,
11/05/2026,SAN MIGUEL,Entrada,A,4,GUADALUPE VICTORIA,H2,04:55,,,,
11/05/2026,SAN MIGUEL,Entrada,A,4,GUADALUPE VICTORIA,H3,16:55,,,,
11/05/2026,SAN MIGUEL,Entrada,A,4,GUADALUPE VICTORIA,H4,20:55,,,,
11/05/2026,SAN MIGUEL,Entrada,A,5,COLONIAS,H1,20:35,,,,
11/05/2026,SAN MIGUEL,Entrada,A,5,COLONIAS,H2,05:05,,,,
11/05/2026,SAN MIGUEL,Entrada,A,5,COLONIAS,H3,17:05,,,,
11/05/2026,SAN MIGUEL,Entrada,A,5,COLONIAS,H4,21:05,,,,
11/05/2026,SAN MIGUEL,Entrada,A,6,AGUA NUEVA,H1,20:50,,,,
11/05/2026,SAN MIGUEL,Entrada,A,6,AGUA NUEVA,H2,05:20,,,,
11/05/2026,SAN MIGUEL,Entrada,A,6,AGUA NUEVA,H3,17:20,,,,
11/05/2026,SAN MIGUEL,Entrada,A,6,AGUA NUEVA,H4,21:20,,,,
11/05/2026,SAN MIGUEL,Entrada,A,7,METALSA,H1,21:20,,,,
11/05/2026,SAN MIGUEL,Entrada,A,7,METALSA,H2,05:50,,,,
11/05/2026,SAN MIGUEL,Entrada,A,7,METALSA,H3,17:50,,,,
11/05/2026,SAN MIGUEL,Entrada,A,7,METALSA,H4,21:50,,,,
11/05/2026,SAN MIGUEL,Salida,N,1,METALSA,H1,15:30,,,,
11/05/2026,SAN MIGUEL,Salida,N,1,METALSA,H2,06:15,,,,
11/05/2026,SAN MIGUEL,Salida,N,1,METALSA,H3,18:15,,,,
11/05/2026,SAN MIGUEL,Salida,N,2,AGUA NUEVA,H1,16:10,,,,
11/05/2026,SAN MIGUEL,Salida,N,2,AGUA NUEVA,H2,06:55,,,,
11/05/2026,SAN MIGUEL,Salida,N,2,AGUA NUEVA,H3,18:55,,,,
11/05/2026,SAN MIGUEL,Salida,N,3,COLONIAS,H1,16:20,,,,
11/05/2026,SAN MIGUEL,Salida,N,3,COLONIAS,H2,07:05,,,,
11/05/2026,SAN MIGUEL,Salida,N,3,COLONIAS,H3,19:05,,,,
11/05/2026,SAN MIGUEL,Salida,N,4,GUADALUPE VICTORIA,H1,16:30,,,,
11/05/2026,SAN MIGUEL,Salida,N,4,GUADALUPE VICTORIA,H2,07:15,,,,
11/05/2026,SAN MIGUEL,Salida,N,4,GUADALUPE VICTORIA,H3,19:15,,,,
11/05/2026,SAN MIGUEL,Salida,N,5,GOMEZ FARIAS,H1,17:05,,,,
11/05/2026,SAN MIGUEL,Salida,N,5,GOMEZ FARIAS,H2,07:50,,,,
11/05/2026,SAN MIGUEL,Salida,N,5,GOMEZ FARIAS,H3,19:50,,,,
11/05/2026,SAN MIGUEL,Salida,N,6,SAN MIGUEL,H1,17:30,,,,
11/05/2026,SAN MIGUEL,Salida,N,6,SAN MIGUEL,H2,08:15,,,,
11/05/2026,SAN MIGUEL,Salida,N,6,SAN MIGUEL,H3,20:15,,,,
11/05/2026,SAN MIGUEL,Salida,N,7,ZACATERA,H1,18:05,,,,
11/05/2026,SAN MIGUEL,Salida,N,7,ZACATERA,H2,08:45,,,,
11/05/2026,SAN MIGUEL,Salida,N,7,ZACATERA,H3,20:45,,,,
11/05/2026,SANTA MARIA - SAN RAFAEL,Entrada,N,1,SAN JOSE ALAMITO,H1,19:00,,,,
11/05/2026,SANTA MARIA - SAN RAFAEL,Entrada,N,1,SAN JOSE ALAMITO,H2,03:30,03:59,-29,1,0
11/05/2026,SANTA MARIA - SAN RAFAEL,Entrada,N,1,SAN JOSE ALAMITO,H3,15:30,16:00,-30,1,0
11/05/2026,SANTA MARIA - SAN RAFAEL,Entrada,N,1,SAN JOSE ALAMITO,H4,19:30,,,,
11/05/2026,SANTA MARIA - SAN RAFAEL,Entrada,N,2,LA HEDIONDA,H1,19:25,,,,
11/05/2026,SANTA MARIA - SAN RAFAEL,Entrada,N,2,LA HEDIONDA,H2,03:55,04:01,-6,1,0
11/05/2026,SANTA MARIA - SAN RAFAEL,Entrada,N,2,LA HEDIONDA,H3,15:55,16:03,-8,1,0
11/05/2026,SANTA MARIA - SAN RAFAEL,Entrada,N,2,LA HEDIONDA,H4,19:55,,,,
11/05/2026,SANTA MARIA - SAN RAFAEL,Entrada,N,3,LA CONCHA,H1,19:40,,,,
11/05/2026,SANTA MARIA - SAN RAFAEL,Entrada,N,3,LA CONCHA,H2,04:10,04:14,-4,1,0
11/05/2026,SANTA MARIA - SAN RAFAEL,Entrada,N,3,LA CONCHA,H3,16:10,,,,
11/05/2026,SANTA MARIA - SAN RAFAEL,Entrada,N,3,LA CONCHA,H4,20:10,,,,
11/05/2026,SANTA MARIA - SAN RAFAEL,Entrada,N,4,STA MARIA DE RAMOS,H1,19:50,,,,
11/05/2026,SANTA MARIA - SAN RAFAEL,Entrada,N,4,STA MARIA DE RAMOS,H2,04:20,04:20,0,1,0
11/05/2026,SANTA MARIA - SAN RAFAEL,Entrada,N,4,STA MARIA DE RAMOS,H3,16:20,16:18,2,1,0
11/05/2026,SANTA MARIA - SAN RAFAEL,Entrada,N,4,STA MARIA DE RAMOS,H4,20:20,,,,
11/05/2026,SANTA MARIA - SAN RAFAEL,Entrada,N,5,SAN RAFAEL,H1,20:05,,,,
11/05/2026,SANTA MARIA - SAN RAFAEL,Entrada,N,5,SAN RAFAEL,H2,04:35,04:31,4,1,0
11/05/2026,SANTA MARIA - SAN RAFAEL,Entrada,N,5,SAN RAFAEL,H3,16:35,16:27,8,1,0
11/05/2026,SANTA MARIA - SAN RAFAEL,Entrada,N,5,SAN RAFAEL,H4,20:35,,,,
11/05/2026,SANTA MARIA - SAN RAFAEL,Entrada,N,6,NAVIDAD,H1,20:10,,,,
11/05/2026,SANTA MARIA - SAN RAFAEL,Entrada,N,6,NAVIDAD,H2,04:40,,,,
11/05/2026,SANTA MARIA - SAN RAFAEL,Entrada,N,6,NAVIDAD,H3,16:40,16:42,-2,1,0
11/05/2026,SANTA MARIA - SAN RAFAEL,Entrada,N,6,NAVIDAD,H4,20:40,,,,
11/05/2026,SANTA MARIA - SAN RAFAEL,Entrada,N,7,ENTRONQUE HUACHICHIL,H1,20:40,,,,
11/05/2026,SANTA MARIA - SAN RAFAEL,Entrada,N,7,ENTRONQUE HUACHICHIL,H2,05:10,05:08,2,1,0
11/05/2026,SANTA MARIA - SAN RAFAEL,Entrada,N,7,ENTRONQUE HUACHICHIL,H3,17:10,17:05,5,1,0
11/05/2026,SANTA MARIA - SAN RAFAEL,Entrada,N,7,ENTRONQUE HUACHICHIL,H4,21:10,,,,
11/05/2026,SANTA MARIA - SAN RAFAEL,Entrada,N,8,METALSA,H1,21:20,,,,
11/05/2026,SANTA MARIA - SAN RAFAEL,Entrada,N,8,METALSA,H2,05:50,05:39,11,1,0
11/05/2026,SANTA MARIA - SAN RAFAEL,Entrada,N,8,METALSA,H3,17:50,17:36,14,1,0
11/05/2026,SANTA MARIA - SAN RAFAEL,Entrada,N,8,METALSA,H4,21:50,,,,
11/05/2026,SANTA MARIA - SAN RAFAEL,Salida,N,1,METALSA,H1,15:30,,,,
11/05/2026,SANTA MARIA - SAN RAFAEL,Salida,N,1,METALSA,H2,06:15,06:15,0,1,0
11/05/2026,SANTA MARIA - SAN RAFAEL,Salida,N,1,METALSA,H3,18:15,18:13,2,1,0
11/05/2026,SANTA MARIA - SAN RAFAEL,Salida,N,2,ENTRONQUE HUACHICHIL,H1,15:31,,,,
11/05/2026,SANTA MARIA - SAN RAFAEL,Salida,N,2,ENTRONQUE HUACHICHIL,H2,06:16,,,,
11/05/2026,SANTA MARIA - SAN RAFAEL,Salida,N,2,ENTRONQUE HUACHICHIL,H3,18:16,,,,
11/05/2026,SANTA MARIA - SAN RAFAEL,Salida,N,3,NAVIDAD,H1,15:32,,,,
11/05/2026,SANTA MARIA - SAN RAFAEL,Salida,N,3,NAVIDAD,H2,06:17,07:19,-62,1,0
11/05/2026,SANTA MARIA - SAN RAFAEL,Salida,N,3,NAVIDAD,H3,18:17,19:07,-50,1,0
11/05/2026,SANTA MARIA - SAN RAFAEL,Salida,N,4,SAN RAFAEL,H1,15:33,,,,
11/05/2026,SANTA MARIA - SAN RAFAEL,Salida,N,4,SAN RAFAEL,H2,06:18,,,,
11/05/2026,SANTA MARIA - SAN RAFAEL,Salida,N,4,SAN RAFAEL,H3,18:18,,,,
11/05/2026,SANTA MARIA - SAN RAFAEL,Salida,N,5,STA MARIA DE RAMOS,H1,16:50,,,,
11/05/2026,SANTA MARIA - SAN RAFAEL,Salida,N,5,STA MARIA DE RAMOS,H2,07:35,07:38,-3,1,0
11/05/2026,SANTA MARIA - SAN RAFAEL,Salida,N,5,STA MARIA DE RAMOS,H3,19:35,19:24,11,1,0
11/05/2026,SANTA MARIA - SAN RAFAEL,Salida,N,6,LA CONCHA,H1,16:55,,,,
11/05/2026,SANTA MARIA - SAN RAFAEL,Salida,N,6,LA CONCHA,H2,07:45,,,,
11/05/2026,SANTA MARIA - SAN RAFAEL,Salida,N,6,LA CONCHA,H3,19:40,19:29,11,1,0
11/05/2026,SANTA MARIA - SAN RAFAEL,Salida,N,7,LA HEDIONDA,H1,17:30,,,,
11/05/2026,SANTA MARIA - SAN RAFAEL,Salida,N,7,LA HEDIONDA,H2,08:00,,,,
11/05/2026,SANTA MARIA - SAN RAFAEL,Salida,N,7,LA HEDIONDA,H3,20:15,19:41,34,1,0
11/05/2026,SANTA MARIA - SAN RAFAEL,Salida,N,8,SAN JOSE ALAMITO,H1,17:55,,,,
11/05/2026,SANTA MARIA - SAN RAFAEL,Salida,N,8,SAN JOSE ALAMITO,H2,08:25,,,,
11/05/2026,SANTA MARIA - SAN RAFAEL,Salida,N,8,SAN JOSE ALAMITO,H3,20:35,19:58,37,1,0
11/05/2026,SECUENCIADOS,Entrada,A,1,CARR. SALTILLO-ZACATECAS,H1,05:45,,,,
11/05/2026,SECUENCIADOS,Entrada,A,1,CARR. SALTILLO-ZACATECAS,H2,17:45,,,,
11/05/2026,SECUENCIADOS,Entrada,A,1,CARR. SALTILLO-ZACATECAS,H3,21:15,,,,
11/05/2026,SECUENCIADOS,Entrada,A,1,CARR. SALTILLO-ZACATECAS,H4,21:45,,,,
11/05/2026,SECUENCIADOS,Entrada,A,2,METALSA,H1,05:50,,,,
11/05/2026,SECUENCIADOS,Entrada,A,2,METALSA,H2,17:50,,,,
11/05/2026,SECUENCIADOS,Entrada,A,2,METALSA,H3,21:20,,,,
11/05/2026,SECUENCIADOS,Entrada,A,2,METALSA,H4,21:50,,,,
11/05/2026,SECUENCIADOS,Salida,A,1,METALSA,H1,05:50,,,,
11/05/2026,SECUENCIADOS,Salida,A,1,METALSA,H2,17:50,,,,
11/05/2026,SECUENCIADOS,Salida,A,1,METALSA,H3,21:20,,,,
11/05/2026,SECUENCIADOS,Salida,A,2,CARR. SALTILLO-ZACATECAS,H1,05:45,,,,
11/05/2026,SECUENCIADOS,Salida,A,2,CARR. SALTILLO-ZACATECAS,H2,17:45,,,,
11/05/2026,SECUENCIADOS,Salida,A,2,CARR. SALTILLO-ZACATECAS,H3,21:15,,,,
11/05/2026,TANQUE DEL CERRO - LA VENTURA,Entrada,A,1,TANQUE DEL CERRO,H1,19:15,,,,
11/05/2026,TANQUE DEL CERRO - LA VENTURA,Entrada,A,1,TANQUE DEL CERRO,H2,03:45,,,,
11/05/2026,TANQUE DEL CERRO - LA VENTURA,Entrada,A,1,TANQUE DEL CERRO,H3,15:45,,,,
11/05/2026,TANQUE DEL CERRO - LA VENTURA,Entrada,A,1,TANQUE DEL CERRO,H4,19:45,,,,
11/05/2026,TANQUE DEL CERRO - LA VENTURA,Entrada,A,2,LA VENTURA,H1,19:35,,,,
11/05/2026,TANQUE DEL CERRO - LA VENTURA,Entrada,A,2,LA VENTURA,H2,04:05,,,,
11/05/2026,TANQUE DEL CERRO - LA VENTURA,Entrada,A,2,LA VENTURA,H3,16:05,,,,
11/05/2026,TANQUE DEL CERRO - LA VENTURA,Entrada,A,2,LA VENTURA,H4,20:05,,,,
11/05/2026,TANQUE DEL CERRO - LA VENTURA,Entrada,A,3,PURISIMA,H1,19:45,,,,
11/05/2026,TANQUE DEL CERRO - LA VENTURA,Entrada,A,3,PURISIMA,H2,04:15,,,,
11/05/2026,TANQUE DEL CERRO - LA VENTURA,Entrada,A,3,PURISIMA,H3,16:15,,,,
11/05/2026,TANQUE DEL CERRO - LA VENTURA,Entrada,A,3,PURISIMA,H4,20:15,,,,
11/05/2026,TANQUE DEL CERRO - LA VENTURA,Entrada,A,4,PRESA SAN PEDRO,H1,19:55,,,,
11/05/2026,TANQUE DEL CERRO - LA VENTURA,Entrada,A,4,PRESA SAN PEDRO,H2,04:25,,,,
11/05/2026,TANQUE DEL CERRO - LA VENTURA,Entrada,A,4,PRESA SAN PEDRO,H3,16:25,,,,
11/05/2026,TANQUE DEL CERRO - LA VENTURA,Entrada,A,4,PRESA SAN PEDRO,H4,20:25,,,,
11/05/2026,TANQUE DEL CERRO - LA VENTURA,Entrada,A,5,TANQUE ESCONDIDO,H1,20:10,,,,
11/05/2026,TANQUE DEL CERRO - LA VENTURA,Entrada,A,5,TANQUE ESCONDIDO,H2,04:40,,,,
11/05/2026,TANQUE DEL CERRO - LA VENTURA,Entrada,A,5,TANQUE ESCONDIDO,H3,16:40,,,,
11/05/2026,TANQUE DEL CERRO - LA VENTURA,Entrada,A,5,TANQUE ESCONDIDO,H4,20:40,,,,
11/05/2026,TANQUE DEL CERRO - LA VENTURA,Entrada,A,6,GUADALUPE VICTORIA,H1,20:38,,,,
11/05/2026,TANQUE DEL CERRO - LA VENTURA,Entrada,A,6,GUADALUPE VICTORIA,H2,05:08,,,,
11/05/2026,TANQUE DEL CERRO - LA VENTURA,Entrada,A,6,GUADALUPE VICTORIA,H3,17:08,,,,
11/05/2026,TANQUE DEL CERRO - LA VENTURA,Entrada,A,6,GUADALUPE VICTORIA,H4,21:08,,,,
11/05/2026,TANQUE DEL CERRO - LA VENTURA,Entrada,A,7,METALSA,H1,21:20,,,,
11/05/2026,TANQUE DEL CERRO - LA VENTURA,Entrada,A,7,METALSA,H2,05:50,,,,
11/05/2026,TANQUE DEL CERRO - LA VENTURA,Entrada,A,7,METALSA,H3,17:50,,,,
11/05/2026,TANQUE DEL CERRO - LA VENTURA,Entrada,A,7,METALSA,H4,21:50,,,,
11/05/2026,TANQUE DEL CERRO - LA VENTURA,Salida,N,1,METALSA,H1,15:30,,,,
11/05/2026,TANQUE DEL CERRO - LA VENTURA,Salida,N,1,METALSA,H2,06:15,06:17,-2,1,0
11/05/2026,TANQUE DEL CERRO - LA VENTURA,Salida,N,1,METALSA,H3,18:15,18:01,14,1,0
11/05/2026,TANQUE DEL CERRO - LA VENTURA,Salida,N,2,GUADALUPE VICTORIA,H1,16:00,,,,
11/05/2026,TANQUE DEL CERRO - LA VENTURA,Salida,N,2,GUADALUPE VICTORIA,H2,06:40,,,,
11/05/2026,TANQUE DEL CERRO - LA VENTURA,Salida,N,2,GUADALUPE VICTORIA,H3,18:40,,,,
11/05/2026,TANQUE DEL CERRO - LA VENTURA,Salida,N,3,TANQUE ESCONDIDO,H1,16:01,,,,
11/05/2026,TANQUE DEL CERRO - LA VENTURA,Salida,N,3,TANQUE ESCONDIDO,H2,06:41,07:27,-46,1,0
11/05/2026,TANQUE DEL CERRO - LA VENTURA,Salida,N,3,TANQUE ESCONDIDO,H3,18:41,19:24,-43,1,0
11/05/2026,TANQUE DEL CERRO - LA VENTURA,Salida,N,4,PRESA SAN PEDRO,H1,16:02,,,,
11/05/2026,TANQUE DEL CERRO - LA VENTURA,Salida,N,4,PRESA SAN PEDRO,H2,06:42,07:34,-52,1,0
11/05/2026,TANQUE DEL CERRO - LA VENTURA,Salida,N,4,PRESA SAN PEDRO,H3,18:42,19:31,-49,1,0
11/05/2026,TANQUE DEL CERRO - LA VENTURA,Salida,N,5,PURISIMA,H1,16:03,,,,
11/05/2026,TANQUE DEL CERRO - LA VENTURA,Salida,N,5,PURISIMA,H2,06:43,07:44,-61,1,0
11/05/2026,TANQUE DEL CERRO - LA VENTURA,Salida,N,5,PURISIMA,H3,18:43,19:44,-61,1,0
11/05/2026,TANQUE DEL CERRO - LA VENTURA,Salida,N,6,LA VENTURA,H1,17:00,,,,
11/05/2026,TANQUE DEL CERRO - LA VENTURA,Salida,N,6,LA VENTURA,H2,06:44,07:57,-73,1,0
11/05/2026,TANQUE DEL CERRO - LA VENTURA,Salida,N,6,LA VENTURA,H3,19:45,19:58,-13,1,0
11/05/2026,TANQUE DEL CERRO - LA VENTURA,Salida,N,7,TANQUE DEL CERRO,H1,17:20,,,,
11/05/2026,TANQUE DEL CERRO - LA VENTURA,Salida,N,7,TANQUE DEL CERRO,H2,08:05,08:07,-2,1,0
11/05/2026,TANQUE DEL CERRO - LA VENTURA,Salida,N,7,TANQUE DEL CERRO,H3,20:05,,,,
11/05/2026,TANQUE NUEVO,Entrada,A,1,MATEHUAPIL,H1,18:20,,,,
11/05/2026,TANQUE NUEVO,Entrada,A,1,MATEHUAPIL,H2,02:50,,,,
11/05/2026,TANQUE NUEVO,Entrada,A,1,MATEHUAPIL,H3,02:50,,,,
11/05/2026,TANQUE NUEVO,Entrada,A,1,MATEHUAPIL,H4,14:50,,,,
11/05/2026,TANQUE NUEVO,Entrada,A,1,MATEHUAPIL,H5,14:50,,,,
11/05/2026,TANQUE NUEVO,Entrada,A,1,MATEHUAPIL,H6,18:50,,,,
11/05/2026,TANQUE NUEVO,Entrada,A,2,TANQUE NUEVO,H1,18:30,,,,
11/05/2026,TANQUE NUEVO,Entrada,A,2,TANQUE NUEVO,H2,03:00,,,,
11/05/2026,TANQUE NUEVO,Entrada,A,2,TANQUE NUEVO,H3,03:00,,,,
11/05/2026,TANQUE NUEVO,Entrada,A,2,TANQUE NUEVO,H4,15:00,,,,
11/05/2026,TANQUE NUEVO,Entrada,A,2,TANQUE NUEVO,H5,15:00,,,,
11/05/2026,TANQUE NUEVO,Entrada,A,2,TANQUE NUEVO,H6,19:00,,,,
11/05/2026,TANQUE NUEVO,Entrada,A,3,CLAVELLINAS,H1,18:50,,,,
11/05/2026,TANQUE NUEVO,Entrada,A,3,CLAVELLINAS,H2,03:20,,,,
11/05/2026,TANQUE NUEVO,Entrada,A,3,CLAVELLINAS,H3,03:20,,,,
11/05/2026,TANQUE NUEVO,Entrada,A,3,CLAVELLINAS,H4,15:20,,,,
11/05/2026,TANQUE NUEVO,Entrada,A,3,CLAVELLINAS,H5,15:20,,,,
11/05/2026,TANQUE NUEVO,Entrada,A,3,CLAVELLINAS,H6,19:20,,,,
11/05/2026,TANQUE NUEVO,Entrada,A,4,EL SALVADOR,H1,19:10,,,,
11/05/2026,TANQUE NUEVO,Entrada,A,4,EL SALVADOR,H2,03:40,,,,
11/05/2026,TANQUE NUEVO,Entrada,A,4,EL SALVADOR,H3,03:40,,,,
11/05/2026,TANQUE NUEVO,Entrada,A,4,EL SALVADOR,H4,15:40,,,,
11/05/2026,TANQUE NUEVO,Entrada,A,4,EL SALVADOR,H5,15:40,,,,
11/05/2026,TANQUE NUEVO,Entrada,A,4,EL SALVADOR,H6,19:40,,,,
11/05/2026,TANQUE NUEVO,Entrada,A,5,LA VENTURA,H1,19:30,,,,
11/05/2026,TANQUE NUEVO,Entrada,A,5,LA VENTURA,H2,04:00,,,,
11/05/2026,TANQUE NUEVO,Entrada,A,5,LA VENTURA,H3,04:00,,,,
11/05/2026,TANQUE NUEVO,Entrada,A,5,LA VENTURA,H4,16:00,,,,
11/05/2026,TANQUE NUEVO,Entrada,A,5,LA VENTURA,H5,16:00,,,,
11/05/2026,TANQUE NUEVO,Entrada,A,5,LA VENTURA,H6,20:10,,,,
11/05/2026,TANQUE NUEVO,Entrada,A,6,PRESA SAN PEDRO,H1,19:45,,,,
11/05/2026,TANQUE NUEVO,Entrada,A,6,PRESA SAN PEDRO,H2,04:15,,,,
11/05/2026,TANQUE NUEVO,Entrada,A,6,PRESA SAN PEDRO,H3,04:15,,,,
11/05/2026,TANQUE NUEVO,Entrada,A,6,PRESA SAN PEDRO,H4,16:15,,,,
11/05/2026,TANQUE NUEVO,Entrada,A,6,PRESA SAN PEDRO,H5,16:15,,,,
11/05/2026,TANQUE NUEVO,Entrada,A,6,PRESA SAN PEDRO,H6,20:35,,,,
11/05/2026,TANQUE NUEVO,Entrada,A,7,TANQUE ESCONDIDO,H1,19:55,,,,
11/05/2026,TANQUE NUEVO,Entrada,A,7,TANQUE ESCONDIDO,H2,04:25,,,,
11/05/2026,TANQUE NUEVO,Entrada,A,7,TANQUE ESCONDIDO,H3,04:25,,,,
11/05/2026,TANQUE NUEVO,Entrada,A,7,TANQUE ESCONDIDO,H4,16:25,,,,
11/05/2026,TANQUE NUEVO,Entrada,A,7,TANQUE ESCONDIDO,H5,16:25,,,,
11/05/2026,TANQUE NUEVO,Entrada,A,7,TANQUE ESCONDIDO,H6,20:45,,,,
11/05/2026,TANQUE NUEVO,Entrada,A,8,METALSA,H1,21:20,,,,
11/05/2026,TANQUE NUEVO,Entrada,A,8,METALSA,H2,05:50,00:05,345,1,0
11/05/2026,TANQUE NUEVO,Entrada,A,8,METALSA,H3,05:50,,,,
11/05/2026,TANQUE NUEVO,Entrada,A,8,METALSA,H4,17:50,,,,
11/05/2026,TANQUE NUEVO,Entrada,A,8,METALSA,H5,17:50,,,,
11/05/2026,TANQUE NUEVO,Entrada,A,8,METALSA,H6,21:50,,,,
11/05/2026,TANQUE NUEVO,Salida,N,1,METALSA,H1,15:30,,,,
11/05/2026,TANQUE NUEVO,Salida,N,1,METALSA,H2,06:15,00:06,369,1,0
11/05/2026,TANQUE NUEVO,Salida,N,1,METALSA,H3,06:15,00:18,357,1,0
11/05/2026,TANQUE NUEVO,Salida,N,1,METALSA,H4,18:15,00:18,357,,0
11/05/2026,TANQUE NUEVO,Salida,N,1,METALSA,H5,18:15,00:18,357,,0
11/05/2026,TANQUE NUEVO,Salida,N,2,TANQUE ESCONDIDO,H1,16:55,,,,
11/05/2026,TANQUE NUEVO,Salida,N,2,TANQUE ESCONDIDO,H2,07:40,,,,
11/05/2026,TANQUE NUEVO,Salida,N,2,TANQUE ESCONDIDO,H3,07:40,00:19,441,1,0
11/05/2026,TANQUE NUEVO,Salida,N,2,TANQUE ESCONDIDO,H4,19:40,00:19,441,,0
11/05/2026,TANQUE NUEVO,Salida,N,2,TANQUE ESCONDIDO,H5,19:40,00:19,441,,0
11/05/2026,TANQUE NUEVO,Salida,N,3,PRESA SAN PEDRO,H1,17:05,,,,
11/05/2026,TANQUE NUEVO,Salida,N,3,PRESA SAN PEDRO,H2,07:50,00:07,463,1,0
11/05/2026,TANQUE NUEVO,Salida,N,3,PRESA SAN PEDRO,H3,07:50,00:19,451,1,0
11/05/2026,TANQUE NUEVO,Salida,N,3,PRESA SAN PEDRO,H4,19:50,00:19,451,,0
11/05/2026,TANQUE NUEVO,Salida,N,3,PRESA SAN PEDRO,H5,19:50,00:19,451,,0
11/05/2026,TANQUE NUEVO,Salida,N,4,LA VENTURA,H1,17:20,,,,
11/05/2026,TANQUE NUEVO,Salida,N,4,LA VENTURA,H2,08:05,00:07,478,1,0
11/05/2026,TANQUE NUEVO,Salida,N,4,LA VENTURA,H3,08:05,00:19,466,1,0
11/05/2026,TANQUE NUEVO,Salida,N,4,LA VENTURA,H4,20:05,00:19,466,,0
11/05/2026,TANQUE NUEVO,Salida,N,4,LA VENTURA,H5,20:05,00:19,466,,0
11/05/2026,TANQUE NUEVO,Salida,N,5,EL SALVADOR,H1,17:40,,,,
11/05/2026,TANQUE NUEVO,Salida,N,5,EL SALVADOR,H2,08:25,,,,
11/05/2026,TANQUE NUEVO,Salida,N,5,EL SALVADOR,H3,08:25,,,,
11/05/2026,TANQUE NUEVO,Salida,N,5,EL SALVADOR,H4,20:25,,,,
11/05/2026,TANQUE NUEVO,Salida,N,5,EL SALVADOR,H5,20:25,,,,
11/05/2026,TANQUE NUEVO,Salida,N,6,CLAVELLINAS,H1,18:00,,,,
11/05/2026,TANQUE NUEVO,Salida,N,6,CLAVELLINAS,H2,08:45,,,,
11/05/2026,TANQUE NUEVO,Salida,N,6,CLAVELLINAS,H3,08:45,,,,
11/05/2026,TANQUE NUEVO,Salida,N,6,CLAVELLINAS,H4,20:45,,,,
11/05/2026,TANQUE NUEVO,Salida,N,6,CLAVELLINAS,H5,20:45,,,,
11/05/2026,TANQUE NUEVO,Salida,N,7,TANQUE NUEVO,H1,18:20,,,,
11/05/2026,TANQUE NUEVO,Salida,N,7,TANQUE NUEVO,H2,09:05,,,,
11/05/2026,TANQUE NUEVO,Salida,N,7,TANQUE NUEVO,H3,09:05,,,,
11/05/2026,TANQUE NUEVO,Salida,N,7,TANQUE NUEVO,H4,21:05,,,,
11/05/2026,TANQUE NUEVO,Salida,N,7,TANQUE NUEVO,H5,21:05,,,,
11/05/2026,TANQUE NUEVO,Salida,N,8,MATEHUAPIL,H1,18:30,,,,
11/05/2026,TANQUE NUEVO,Salida,N,8,MATEHUAPIL,H2,09:15,,,,
11/05/2026,TANQUE NUEVO,Salida,N,8,MATEHUAPIL,H3,09:15,,,,
11/05/2026,TANQUE NUEVO,Salida,N,8,MATEHUAPIL,H4,21:15,,,,
11/05/2026,TANQUE NUEVO,Salida,N,8,MATEHUAPIL,H5,21:15,,,,
11/05/2026,TERESITAS,Entrada,N,1,BLVD ANTONIO CARDENAS Y HUACHICHILES,H1,05:05,05:03,2,1,0
11/05/2026,TERESITAS,Entrada,N,1,BLVD ANTONIO CARDENAS Y HUACHICHILES,H2,17:05,17:04,1,1,0
11/05/2026,TERESITAS,Entrada,N,1,BLVD ANTONIO CARDENAS Y HUACHICHILES,H3,20:35,,,,
11/05/2026,TERESITAS,Entrada,N,1,BLVD ANTONIO CARDENAS Y HUACHICHILES,H4,21:05,,,,
11/05/2026,TERESITAS,Entrada,N,2,RAYADOS Y HUACHICHILES,H1,05:10,05:08,2,1,0
11/05/2026,TERESITAS,Entrada,N,2,RAYADOS Y HUACHICHILES,H2,17:10,17:08,2,1,0
11/05/2026,TERESITAS,Entrada,N,2,RAYADOS Y HUACHICHILES,H3,20:40,,,,
11/05/2026,TERESITAS,Entrada,N,2,RAYADOS Y HUACHICHILES,H4,21:10,,,,
11/05/2026,TERESITAS,Entrada,N,3,SIERRA DE ZAPALINAME Y AV TERESITAS,H1,05:15,05:13,2,1,0
11/05/2026,TERESITAS,Entrada,N,3,SIERRA DE ZAPALINAME Y AV TERESITAS,H2,17:15,17:12,3,1,0
11/05/2026,TERESITAS,Entrada,N,3,SIERRA DE ZAPALINAME Y AV TERESITAS,H3,20:45,,,,
11/05/2026,TERESITAS,Entrada,N,3,SIERRA DE ZAPALINAME Y AV TERESITAS,H4,21:15,,,,
11/05/2026,TERESITAS,Entrada,N,4,AV TERESITAS Y BLVD ANTONIO CARDENAS,H1,05:22,05:20,2,1,0
11/05/2026,TERESITAS,Entrada,N,4,AV TERESITAS Y BLVD ANTONIO CARDENAS,H2,17:22,17:18,4,1,0
11/05/2026,TERESITAS,Entrada,N,4,AV TERESITAS Y BLVD ANTONIO CARDENAS,H3,20:52,,,,
11/05/2026,TERESITAS,Entrada,N,4,AV TERESITAS Y BLVD ANTONIO CARDENAS,H4,21:22,,,,
11/05/2026,TERESITAS,Entrada,N,5,LA ENCANTADA,H1,05:28,05:22,6,1,0
11/05/2026,TERESITAS,Entrada,N,5,LA ENCANTADA,H2,17:28,17:21,7,1,0
11/05/2026,TERESITAS,Entrada,N,5,LA ENCANTADA,H3,20:58,,,,
11/05/2026,TERESITAS,Entrada,N,5,LA ENCANTADA,H4,21:28,,,,
11/05/2026,TERESITAS,Entrada,N,6,CAAR. SALTILLO-ZACATECAS,H1,05:32,05:33,-1,1,0
11/05/2026,TERESITAS,Entrada,N,6,CAAR. SALTILLO-ZACATECAS,H2,17:32,17:25,7,1,0
11/05/2026,TERESITAS,Entrada,N,6,CAAR. SALTILLO-ZACATECAS,H3,21:02,,,,
11/05/2026,TERESITAS,Entrada,N,6,CAAR. SALTILLO-ZACATECAS,H4,21:30,,,,
11/05/2026,TERESITAS,Entrada,N,7,METALSA,H1,05:50,05:49,1,1,0
11/05/2026,TERESITAS,Entrada,N,7,METALSA,H2,17:50,17:38,12,1,0
11/05/2026,TERESITAS,Entrada,N,7,METALSA,H3,21:20,,,,
11/05/2026,TERESITAS,Entrada,N,7,METALSA,H4,21:50,,,,
11/05/2026,TERESITAS,Salida,N,1,METALSA,H1,06:15,06:17,-2,1,0
11/05/2026,TERESITAS,Salida,N,1,METALSA,H2,15:30,,,,
11/05/2026,TERESITAS,Salida,N,1,METALSA,H3,18:15,18:17,-2,1,0
11/05/2026,TERESITAS,Salida,N,2,CARR. SALTILLO-ZACATECAS,H1,06:33,06:33,0,1,0
11/05/2026,TERESITAS,Salida,N,2,CARR. SALTILLO-ZACATECAS,H2,15:48,,,,
11/05/2026,TERESITAS,Salida,N,2,CARR. SALTILLO-ZACATECAS,H3,18:33,,,,
11/05/2026,TERESITAS,Salida,N,3,LA ENCANTADA,H1,06:37,06:36,1,1,0
11/05/2026,TERESITAS,Salida,N,3,LA ENCANTADA,H2,15:52,,,,
11/05/2026,TERESITAS,Salida,N,3,LA ENCANTADA,H3,18:37,18:42,-5,1,0
11/05/2026,TERESITAS,Salida,N,4,AV TERESITAS Y BLVD ANTONIO CARDENAS,H1,06:43,,,,
11/05/2026,TERESITAS,Salida,N,4,AV TERESITAS Y BLVD ANTONIO CARDENAS,H2,15:58,,,,
11/05/2026,TERESITAS,Salida,N,4,AV TERESITAS Y BLVD ANTONIO CARDENAS,H3,18:43,,,,
11/05/2026,TERESITAS,Salida,N,5,SIERRA DE ZAPALINAME Y AV TERESITAS,H1,06:50,,,,
11/05/2026,TERESITAS,Salida,N,5,SIERRA DE ZAPALINAME Y AV TERESITAS,H2,16:05,,,,
11/05/2026,TERESITAS,Salida,N,5,SIERRA DE ZAPALINAME Y AV TERESITAS,H3,18:50,,,,
11/05/2026,TERESITAS,Salida,N,6,RAYADOS Y HUACHICHILES,H1,06:55,,,,
11/05/2026,TERESITAS,Salida,N,6,RAYADOS Y HUACHICHILES,H2,16:10,,,,
11/05/2026,TERESITAS,Salida,N,6,RAYADOS Y HUACHICHILES,H3,18:55,,,,
11/05/2026,TERESITAS,Salida,N,7,BLVD ANTONIO CARDENAS Y HUACHICHILES,H1,07:00,06:36,24,1,0
11/05/2026,TERESITAS,Salida,N,7,BLVD ANTONIO CARDENAS Y HUACHICHILES,H2,16:15,,,,
11/05/2026,TERESITAS,Salida,N,7,BLVD ANTONIO CARDENAS Y HUACHICHILES,H3,19:00,18:43,17,1,0
11/05/2026,VALENCIA,Entrada,N,1,LA RIOJA Y JEREZ,H1,04:30,04:30,0,1,0
11/05/2026,VALENCIA,Entrada,N,1,LA RIOJA Y JEREZ,H2,16:30,,,,
11/05/2026,VALENCIA,Entrada,N,1,LA RIOJA Y JEREZ,H3,20:00,,,,
11/05/2026,VALENCIA,Entrada,N,1,LA RIOJA Y JEREZ,H4,20:30,,,,
11/05/2026,VALENCIA,Entrada,N,2,PERIFERICO LEA Y VITO ALESSIO,H1,04:40,04:46,-6,1,0
11/05/2026,VALENCIA,Entrada,N,2,PERIFERICO LEA Y VITO ALESSIO,H2,16:40,,,,
11/05/2026,VALENCIA,Entrada,N,2,PERIFERICO LEA Y VITO ALESSIO,H3,20:10,,,,
11/05/2026,VALENCIA,Entrada,N,2,PERIFERICO LEA Y VITO ALESSIO,H4,20:40,,,,
11/05/2026,VALENCIA,Entrada,N,3,CARLOS S. Y RANCHO DE PEÑA,H1,04:45,04:52,-7,1,0
11/05/2026,VALENCIA,Entrada,N,3,CARLOS S. Y RANCHO DE PEÑA,H2,16:45,,,,
11/05/2026,VALENCIA,Entrada,N,3,CARLOS S. Y RANCHO DE PEÑA,H3,20:15,,,,
11/05/2026,VALENCIA,Entrada,N,3,CARLOS S. Y RANCHO DE PEÑA,H4,20:45,,,,
11/05/2026,VALENCIA,Entrada,N,4,ALVARO OBREGON,H1,04:55,04:58,-3,1,0
11/05/2026,VALENCIA,Entrada,N,4,ALVARO OBREGON,H2,16:55,,,,
11/05/2026,VALENCIA,Entrada,N,4,ALVARO OBREGON,H3,20:25,,,,
11/05/2026,VALENCIA,Entrada,N,4,ALVARO OBREGON,H4,20:55,,,,
11/05/2026,VALENCIA,Entrada,N,5,MIGUEL HIDALGO Y PEDRO ARANDA,H1,05:00,05:11,-11,1,0
11/05/2026,VALENCIA,Entrada,N,5,MIGUEL HIDALGO Y PEDRO ARANDA,H2,17:00,,,,
11/05/2026,VALENCIA,Entrada,N,5,MIGUEL HIDALGO Y PEDRO ARANDA,H3,20:30,,,,
11/05/2026,VALENCIA,Entrada,N,5,MIGUEL HIDALGO Y PEDRO ARANDA,H4,21:00,,,,
11/05/2026,VALENCIA,Entrada,N,6,PERIFERICO LEA Y W. GONZALEZ,H1,05:05,05:15,-10,1,0
11/05/2026,VALENCIA,Entrada,N,6,PERIFERICO LEA Y W. GONZALEZ,H2,17:05,,,,
11/05/2026,VALENCIA,Entrada,N,6,PERIFERICO LEA Y W. GONZALEZ,H3,20:35,,,,
11/05/2026,VALENCIA,Entrada,N,6,PERIFERICO LEA Y W. GONZALEZ,H4,21:05,,,,
11/05/2026,VALENCIA,Entrada,N,7,CTO DE LA CAÑADA Y BLVD CARDENAS,H1,05:15,05:23,-8,1,0
11/05/2026,VALENCIA,Entrada,N,7,CTO DE LA CAÑADA Y BLVD CARDENAS,H2,17:15,,,,
11/05/2026,VALENCIA,Entrada,N,7,CTO DE LA CAÑADA Y BLVD CARDENAS,H3,20:45,,,,
11/05/2026,VALENCIA,Entrada,N,7,CTO DE LA CAÑADA Y BLVD CARDENAS,H4,21:15,,,,
11/05/2026,VALENCIA,Entrada,N,8,METALSA,H1,05:50,06:04,-14,1,0
11/05/2026,VALENCIA,Entrada,N,8,METALSA,H2,17:50,,,,
11/05/2026,VALENCIA,Entrada,N,8,METALSA,H3,21:20,,,,
11/05/2026,VALENCIA,Entrada,N,8,METALSA,H4,21:50,,,,
11/05/2026,VALENCIA,Salida,N,1,METALSA,H1,06:15,06:16,-1,1,0
11/05/2026,VALENCIA,Salida,N,1,METALSA,H2,15:30,,,,
11/05/2026,VALENCIA,Salida,N,1,METALSA,H3,18:15,18:16,-1,1,0
11/05/2026,VALENCIA,Salida,N,2,CTO DE LA CAÑADA Y BLVD CARDENAS,H1,06:50,06:40,10,1,0
11/05/2026,VALENCIA,Salida,N,2,CTO DE LA CAÑADA Y BLVD CARDENAS,H2,16:05,,,,
11/05/2026,VALENCIA,Salida,N,2,CTO DE LA CAÑADA Y BLVD CARDENAS,H3,18:50,18:48,2,1,0
11/05/2026,VALENCIA,Salida,N,3,PERIFERICO LEA Y W. GONZALEZ,H1,07:00,06:45,15,1,0
11/05/2026,VALENCIA,Salida,N,3,PERIFERICO LEA Y W. GONZALEZ,H2,16:15,,,,
11/05/2026,VALENCIA,Salida,N,3,PERIFERICO LEA Y W. GONZALEZ,H3,19:00,18:56,4,1,0
11/05/2026,VALENCIA,Salida,N,4,MIGUEL HIDALGO Y PEDRO ARANDA,H1,07:05,06:50,15,1,0
11/05/2026,VALENCIA,Salida,N,4,MIGUEL HIDALGO Y PEDRO ARANDA,H2,16:20,,,,
11/05/2026,VALENCIA,Salida,N,4,MIGUEL HIDALGO Y PEDRO ARANDA,H3,19:05,19:00,5,1,0
11/05/2026,VALENCIA,Salida,N,5,ALVARO OBREGON,H1,07:10,,,,
11/05/2026,VALENCIA,Salida,N,5,ALVARO OBREGON,H2,16:25,,,,
11/05/2026,VALENCIA,Salida,N,5,ALVARO OBREGON,H3,19:10,19:15,-5,1,0
11/05/2026,VALENCIA,Salida,N,6,CARLOS S. Y RANCHO DE PEÑA,H1,07:20,07:10,10,1,0
11/05/2026,VALENCIA,Salida,N,6,CARLOS S. Y RANCHO DE PEÑA,H2,16:35,,,,
11/05/2026,VALENCIA,Salida,N,6,CARLOS S. Y RANCHO DE PEÑA,H3,19:20,19:24,-4,1,0
11/05/2026,VALENCIA,Salida,N,7,PERIFERICO LEA Y VITO ALESSIO,H1,07:25,,,,
11/05/2026,VALENCIA,Salida,N,7,PERIFERICO LEA Y VITO ALESSIO,H2,16:40,,,,
11/05/2026,VALENCIA,Salida,N,7,PERIFERICO LEA Y VITO ALESSIO,H3,19:25,,,,
11/05/2026,VALENCIA,Salida,N,8,LA RIOJA Y JEREZ,H1,07:35,,,,
11/05/2026,VALENCIA,Salida,N,8,LA RIOJA Y JEREZ,H2,16:50,,,,
11/05/2026,VALENCIA,Salida,N,8,LA RIOJA Y JEREZ,H3,19:35,19:49,-14,1,0
11/05/2026,ZARAGOZA,Entrada,N,1,FCO. EALY ORTIZ Y EUCALIPTO,H1,04:25,04:27,-2,1,0
11/05/2026,ZARAGOZA,Entrada,N,1,FCO. EALY ORTIZ Y EUCALIPTO,H2,16:25,16:29,-4,1,0
11/05/2026,ZARAGOZA,Entrada,N,1,FCO. EALY ORTIZ Y EUCALIPTO,H3,19:55,,,,
11/05/2026,ZARAGOZA,Entrada,N,1,FCO. EALY ORTIZ Y EUCALIPTO,H4,20:25,,,,
11/05/2026,ZARAGOZA,Entrada,N,2,CHOPO Y EUCALIPTO,H1,04:26,04:28,-2,1,0
11/05/2026,ZARAGOZA,Entrada,N,2,CHOPO Y EUCALIPTO,H2,16:26,16:30,-4,1,0
11/05/2026,ZARAGOZA,Entrada,N,2,CHOPO Y EUCALIPTO,H3,19:56,,,,
11/05/2026,ZARAGOZA,Entrada,N,2,CHOPO Y EUCALIPTO,H4,20:26,,,,
11/05/2026,ZARAGOZA,Entrada,N,3,FUNDADORES Y BLVD. MIRASIERRA,H1,04:36,04:40,-4,1,0
11/05/2026,ZARAGOZA,Entrada,N,3,FUNDADORES Y BLVD. MIRASIERRA,H2,16:36,16:41,-5,1,0
11/05/2026,ZARAGOZA,Entrada,N,3,FUNDADORES Y BLVD. MIRASIERRA,H3,20:06,,,,
11/05/2026,ZARAGOZA,Entrada,N,3,FUNDADORES Y BLVD. MIRASIERRA,H4,20:36,,,,
11/05/2026,ZARAGOZA,Entrada,N,4,CALLE 34 Y JUAN NAVARRO,H1,04:51,04:57,-6,1,0
11/05/2026,ZARAGOZA,Entrada,N,4,CALLE 34 Y JUAN NAVARRO,H2,16:51,16:58,-7,1,0
11/05/2026,ZARAGOZA,Entrada,N,4,CALLE 34 Y JUAN NAVARRO,H3,20:21,,,,
11/05/2026,ZARAGOZA,Entrada,N,4,CALLE 34 Y JUAN NAVARRO,H4,20:51,,,,
11/05/2026,ZARAGOZA,Entrada,N,5,PERIF LEA Y 12 DE OCTUBRE (FIRST CASH),H1,05:03,05:08,-5,1,0
11/05/2026,ZARAGOZA,Entrada,N,5,PERIF LEA Y 12 DE OCTUBRE (FIRST CASH),H2,17:03,17:13,-10,1,0
11/05/2026,ZARAGOZA,Entrada,N,5,PERIF LEA Y 12 DE OCTUBRE (FIRST CASH),H3,20:33,,,,
11/05/2026,ZARAGOZA,Entrada,N,5,PERIF LEA Y 12 DE OCTUBRE (FIRST CASH),H4,21:03,,,,
11/05/2026,ZARAGOZA,Entrada,N,6,GIMNACIO MUNICIPAL,H1,05:05,05:10,-5,1,0
11/05/2026,ZARAGOZA,Entrada,N,6,GIMNACIO MUNICIPAL,H2,17:05,17:14,-9,1,0
11/05/2026,ZARAGOZA,Entrada,N,6,GIMNACIO MUNICIPAL,H3,20:35,,,,
11/05/2026,ZARAGOZA,Entrada,N,6,GIMNACIO MUNICIPAL,H4,21:05,,,,
11/05/2026,ZARAGOZA,Entrada,N,7,L.E.A. Y J. MERY,H1,05:07,05:12,-5,1,0
11/05/2026,ZARAGOZA,Entrada,N,7,L.E.A. Y J. MERY,H2,17:07,17:16,-9,1,0
11/05/2026,ZARAGOZA,Entrada,N,7,L.E.A. Y J. MERY,H3,20:37,,,,
11/05/2026,ZARAGOZA,Entrada,N,7,L.E.A. Y J. MERY,H4,21:07,,,,
11/05/2026,ZARAGOZA,Entrada,N,8,VILLA UNIVERSIDAD,H1,05:09,05:14,-5,1,0
11/05/2026,ZARAGOZA,Entrada,N,8,VILLA UNIVERSIDAD,H2,17:09,17:18,-9,1,0
11/05/2026,ZARAGOZA,Entrada,N,8,VILLA UNIVERSIDAD,H3,20:39,,,,
11/05/2026,ZARAGOZA,Entrada,N,8,VILLA UNIVERSIDAD,H4,21:09,,,,
11/05/2026,ZARAGOZA,Entrada,N,9,ARIZPE DE LA MAZA Y CARR. 54,H1,05:15,05:17,-2,1,0
11/05/2026,ZARAGOZA,Entrada,N,9,ARIZPE DE LA MAZA Y CARR. 54,H2,17:15,17:21,-6,1,0
11/05/2026,ZARAGOZA,Entrada,N,9,ARIZPE DE LA MAZA Y CARR. 54,H3,20:45,,,,
11/05/2026,ZARAGOZA,Entrada,N,9,ARIZPE DE LA MAZA Y CARR. 54,H4,21:15,,,,
11/05/2026,ZARAGOZA,Entrada,N,10,METALSA,H1,05:50,05:51,-1,1,0
11/05/2026,ZARAGOZA,Entrada,N,10,METALSA,H2,17:50,17:44,6,1,0
11/05/2026,ZARAGOZA,Entrada,N,10,METALSA,H3,21:20,,,,
11/05/2026,ZARAGOZA,Entrada,N,10,METALSA,H4,21:50,,,,
11/05/2026,ZARAGOZA,Salida,N,1,METALSA,H1,06:15,06:16,-1,1,0
11/05/2026,ZARAGOZA,Salida,N,1,METALSA,H2,15:30,,,,
11/05/2026,ZARAGOZA,Salida,N,1,METALSA,H3,18:15,18:16,-1,1,0
11/05/2026,ZARAGOZA,Salida,N,2,ARIZPE DE LA MAZA Y CARR. 54,H1,06:44,,,,
11/05/2026,ZARAGOZA,Salida,N,2,ARIZPE DE LA MAZA Y CARR. 54,H2,15:59,,,,
11/05/2026,ZARAGOZA,Salida,N,2,ARIZPE DE LA MAZA Y CARR. 54,H3,18:44,,,,
11/05/2026,ZARAGOZA,Salida,N,3,VILLA UNIVERSIDAD,H1,06:46,,,,
11/05/2026,ZARAGOZA,Salida,N,3,VILLA UNIVERSIDAD,H2,16:01,,,,
11/05/2026,ZARAGOZA,Salida,N,3,VILLA UNIVERSIDAD,H3,18:45,,,,
11/05/2026,ZARAGOZA,Salida,N,4,L.E.A. Y J. MERY,H1,06:49,,,,
11/05/2026,ZARAGOZA,Salida,N,4,L.E.A. Y J. MERY,H2,16:04,,,,
11/05/2026,ZARAGOZA,Salida,N,4,L.E.A. Y J. MERY,H3,18:49,,,,
11/05/2026,ZARAGOZA,Salida,N,5,GIMNACIO MUNICIPAL,H1,06:51,06:41,10,1,0
11/05/2026,ZARAGOZA,Salida,N,5,GIMNACIO MUNICIPAL,H2,16:06,,,,
11/05/2026,ZARAGOZA,Salida,N,5,GIMNACIO MUNICIPAL,H3,18:51,18:50,1,1,0
11/05/2026,ZARAGOZA,Salida,N,6,PERIF LEA Y 12 DE OCTUBRE (FIRST CASH),H1,07:00,,,,
11/05/2026,ZARAGOZA,Salida,N,6,PERIF LEA Y 12 DE OCTUBRE (FIRST CASH),H2,16:10,,,,
11/05/2026,ZARAGOZA,Salida,N,6,PERIF LEA Y 12 DE OCTUBRE (FIRST CASH),H3,19:00,18:53,7,1,0
11/05/2026,ZARAGOZA,Salida,N,7,CALLE 34 Y JUAN NAVARRO,H1,07:04,06:54,10,1,0
11/05/2026,ZARAGOZA,Salida,N,7,CALLE 34 Y JUAN NAVARRO,H2,16:19,,,,
11/05/2026,ZARAGOZA,Salida,N,7,CALLE 34 Y JUAN NAVARRO,H3,19:04,19:09,-5,1,0
11/05/2026,ZARAGOZA,Salida,N,8,FUNDADORES Y BLVD. MIRASIERRA,H1,07:19,,,,
11/05/2026,ZARAGOZA,Salida,N,8,FUNDADORES Y BLVD. MIRASIERRA,H2,16:34,,,,
11/05/2026,ZARAGOZA,Salida,N,8,FUNDADORES Y BLVD. MIRASIERRA,H3,19:19,,,,
11/05/2026,ZARAGOZA,Salida,N,9,CHOPO Y EUCALIPTO,H1,07:29,,,,
11/05/2026,ZARAGOZA,Salida,N,9,CHOPO Y EUCALIPTO,H2,16:44,,,,
11/05/2026,ZARAGOZA,Salida,N,9,CHOPO Y EUCALIPTO,H3,19:29,,,,
11/05/2026,ZARAGOZA,Salida,N,10,FCO. EALY ORTIZ Y EUCALIPTO,H1,07:30,,,,
11/05/2026,ZARAGOZA,Salida,N,10,FCO. EALY ORTIZ Y EUCALIPTO,H2,16:45,,,,
11/05/2026,ZARAGOZA,Salida,N,10,FCO. EALY ORTIZ Y EUCALIPTO,H3,19:30,19:45,-15,1,0
12/05/2026,EL PEÑUELO,Entrada,A,1,LA VENTURA,H1,19:00,,,,
12/05/2026,EL PEÑUELO,Entrada,A,1,LA VENTURA,H2,03:30,,,,
12/05/2026,EL PEÑUELO,Entrada,A,1,LA VENTURA,H3,15:30,,,,
12/05/2026,EL PEÑUELO,Entrada,A,1,LA VENTURA,H4,19:30,,,,
12/05/2026,EL PEÑUELO,Entrada,A,2,METALSA,H1,21:20,,,,
12/05/2026,EL PEÑUELO,Entrada,A,2,METALSA,H2,05:50,,,,
12/05/2026,EL PEÑUELO,Entrada,A,2,METALSA,H3,17:50,,,,
12/05/2026,EL PEÑUELO,Entrada,A,2,METALSA,H4,21:50,,,,
12/05/2026,EL PEÑUELO,Salida,N,1,METALSA,H1,15:30,,,,
12/05/2026,EL PEÑUELO,Salida,N,1,METALSA,H2,06:15,06:17,-2,1,0
12/05/2026,EL PEÑUELO,Salida,N,1,METALSA,H3,18:15,,,,
12/05/2026,EL PEÑUELO,Salida,N,2,LA VENTURA,H1,17:50,,,,
12/05/2026,EL PEÑUELO,Salida,N,2,LA VENTURA,H2,08:35,,,,
12/05/2026,EL PEÑUELO,Salida,N,2,LA VENTURA,H3,20:35,,,,
12/05/2026,EL SALITRE,Entrada,A,1,SALITRE,H1,19:20,,,,
12/05/2026,EL SALITRE,Entrada,A,1,SALITRE,H2,03:50,,,,
12/05/2026,EL SALITRE,Entrada,A,1,SALITRE,H3,15:50,,,,
12/05/2026,EL SALITRE,Entrada,A,1,SALITRE,H4,19:50,,,,
12/05/2026,EL SALITRE,Entrada,A,2,BENITO JUAREZ,H1,19:25,,,,
12/05/2026,EL SALITRE,Entrada,A,2,BENITO JUAREZ,H2,03:55,,,,
12/05/2026,EL SALITRE,Entrada,A,2,BENITO JUAREZ,H3,15:55,,,,
12/05/2026,EL SALITRE,Entrada,A,2,BENITO JUAREZ,H4,19:55,,,,
12/05/2026,EL SALITRE,Entrada,A,3,EL MEZQUITE,H1,19:40,,,,
12/05/2026,EL SALITRE,Entrada,A,3,EL MEZQUITE,H2,04:10,,,,
12/05/2026,EL SALITRE,Entrada,A,3,EL MEZQUITE,H3,16:10,,,,
12/05/2026,EL SALITRE,Entrada,A,3,EL MEZQUITE,H4,20:10,,,,
12/05/2026,EL SALITRE,Entrada,A,4,PRESA DE LOS MUCHAHCOS,H1,19:55,,,,
12/05/2026,EL SALITRE,Entrada,A,4,PRESA DE LOS MUCHAHCOS,H2,04:25,,,,
12/05/2026,EL SALITRE,Entrada,A,4,PRESA DE LOS MUCHAHCOS,H3,16:25,,,,
12/05/2026,EL SALITRE,Entrada,A,4,PRESA DE LOS MUCHAHCOS,H4,20:25,,,,
12/05/2026,EL SALITRE,Entrada,A,5,AGUA NUEVA,H1,20:43,,,,
12/05/2026,EL SALITRE,Entrada,A,5,AGUA NUEVA,H2,05:13,,,,
12/05/2026,EL SALITRE,Entrada,A,5,AGUA NUEVA,H3,17:13,,,,
12/05/2026,EL SALITRE,Entrada,A,5,AGUA NUEVA,H4,21:13,,,,
12/05/2026,EL SALITRE,Entrada,A,6,METALSA,H1,21:20,,,,
12/05/2026,EL SALITRE,Entrada,A,6,METALSA,H2,05:50,,,,
12/05/2026,EL SALITRE,Entrada,A,6,METALSA,H3,17:50,,,,
12/05/2026,EL SALITRE,Entrada,A,6,METALSA,H4,21:50,,,,
12/05/2026,EL SALITRE,Salida,N,1,METALSA,H1,15:30,,,,
12/05/2026,EL SALITRE,Salida,N,1,METALSA,H2,06:15,06:15,0,1,0
12/05/2026,EL SALITRE,Salida,N,1,METALSA,H3,18:15,,,,
12/05/2026,EL SALITRE,Salida,N,2,AGUA NUEVA,H1,15:31,,,,
12/05/2026,EL SALITRE,Salida,N,2,AGUA NUEVA,H2,06:16,06:38,-22,1,0
12/05/2026,EL SALITRE,Salida,N,2,AGUA NUEVA,H3,18:16,,,,
12/05/2026,EL SALITRE,Salida,N,3,PRESA DE LOS MUCHAHCOS,H1,16:55,,,,
12/05/2026,EL SALITRE,Salida,N,3,PRESA DE LOS MUCHAHCOS,H2,07:40,06:56,44,1,0
12/05/2026,EL SALITRE,Salida,N,3,PRESA DE LOS MUCHAHCOS,H3,19:40,,,,
12/05/2026,EL SALITRE,Salida,N,4,EL MEZQUITE,H1,17:10,,,,
12/05/2026,EL SALITRE,Salida,N,4,EL MEZQUITE,H2,07:55,,,,
12/05/2026,EL SALITRE,Salida,N,4,EL MEZQUITE,H3,19:55,,,,
12/05/2026,EL SALITRE,Salida,N,5,BENITO JUAREZ,H1,17:25,,,,
12/05/2026,EL SALITRE,Salida,N,5,BENITO JUAREZ,H2,08:10,,,,
12/05/2026,EL SALITRE,Salida,N,5,BENITO JUAREZ,H3,20:10,,,,
12/05/2026,EL SALITRE,Salida,N,6,SALITRE,H1,17:30,,,,
12/05/2026,EL SALITRE,Salida,N,6,SALITRE,H2,08:15,,,,
12/05/2026,EL SALITRE,Salida,N,6,SALITRE,H3,20:15,,,,
12/05/2026,LA HEDIONDA,Entrada,N,1,LAS ESPERANZAS,H1,20:00,,,,
12/05/2026,LA HEDIONDA,Entrada,N,1,LAS ESPERANZAS,H2,04:30,04:30,0,1,0
12/05/2026,LA HEDIONDA,Entrada,N,1,LAS ESPERANZAS,H3,16:30,,,,
12/05/2026,LA HEDIONDA,Entrada,N,1,LAS ESPERANZAS,H4,20:30,,,,
12/05/2026,LA HEDIONDA,Entrada,N,2,HEDIONDA,H1,20:20,,,,
12/05/2026,LA HEDIONDA,Entrada,N,2,HEDIONDA,H2,04:50,,,,
12/05/2026,LA HEDIONDA,Entrada,N,2,HEDIONDA,H3,16:50,,,,
12/05/2026,LA HEDIONDA,Entrada,N,2,HEDIONDA,H4,20:50,,,,
12/05/2026,LA HEDIONDA,Entrada,N,3,METALSA,H1,21:20,,,,
12/05/2026,LA HEDIONDA,Entrada,N,3,METALSA,H2,05:50,05:40,10,1,0
12/05/2026,LA HEDIONDA,Entrada,N,3,METALSA,H3,17:50,,,,
12/05/2026,LA HEDIONDA,Entrada,N,3,METALSA,H4,21:50,,,,
12/05/2026,LA HEDIONDA,Salida,N,1,METALSA,H1,15:30,,,,
12/05/2026,LA HEDIONDA,Salida,N,1,METALSA,H2,06:15,,,,
12/05/2026,LA HEDIONDA,Salida,N,1,METALSA,H3,18:15,18:19,-4,1,0
12/05/2026,LA HEDIONDA,Salida,N,2,HEDIONDA,H1,16:30,,,,
12/05/2026,LA HEDIONDA,Salida,N,2,HEDIONDA,H2,07:15,,,,
12/05/2026,LA HEDIONDA,Salida,N,2,HEDIONDA,H3,19:15,,,,
12/05/2026,LA HEDIONDA,Salida,N,3,LAS ESPERANZAS,H1,16:50,,,,
12/05/2026,LA HEDIONDA,Salida,N,3,LAS ESPERANZAS,H2,07:35,,,,
12/05/2026,LA HEDIONDA,Salida,N,3,LAS ESPERANZAS,H3,19:35,,,,
12/05/2026,LA SAUCEDA,Entrada,N,1,LA SAUCEDA,H1,04:00,04:03,-3,1,0
12/05/2026,LA SAUCEDA,Entrada,N,1,LA SAUCEDA,H2,16:00,,,,
12/05/2026,LA SAUCEDA,Entrada,N,1,LA SAUCEDA,H3,19:30,,,,
12/05/2026,LA SAUCEDA,Entrada,N,1,LA SAUCEDA,H4,20:00,,,,
12/05/2026,LA SAUCEDA,Entrada,N,2,HIPOLITO,H1,04:15,04:19,-4,1,0
12/05/2026,LA SAUCEDA,Entrada,N,2,HIPOLITO,H2,16:15,,,,
12/05/2026,LA SAUCEDA,Entrada,N,2,HIPOLITO,H3,19:45,,,,
12/05/2026,LA SAUCEDA,Entrada,N,2,HIPOLITO,H4,20:15,,,,
12/05/2026,LA SAUCEDA,Entrada,N,3,SAN ANTONIO DEL JARAL,H1,04:32,04:42,-10,1,0
12/05/2026,LA SAUCEDA,Entrada,N,3,SAN ANTONIO DEL JARAL,H2,16:32,,,,
12/05/2026,LA SAUCEDA,Entrada,N,3,SAN ANTONIO DEL JARAL,H3,20:02,,,,
12/05/2026,LA SAUCEDA,Entrada,N,3,SAN ANTONIO DEL JARAL,H4,20:32,,,,
12/05/2026,LA SAUCEDA,Entrada,N,4,CASETA DE PLAN DE AYALA,H1,04:50,04:59,-9,1,0
12/05/2026,LA SAUCEDA,Entrada,N,4,CASETA DE PLAN DE AYALA,H2,16:50,,,,
12/05/2026,LA SAUCEDA,Entrada,N,4,CASETA DE PLAN DE AYALA,H3,20:20,,,,
12/05/2026,LA SAUCEDA,Entrada,N,4,CASETA DE PLAN DE AYALA,H4,20:42,,,,
12/05/2026,LA SAUCEDA,Entrada,N,5,METALSA,H1,05:50,05:42,8,1,0
12/05/2026,LA SAUCEDA,Entrada,N,5,METALSA,H2,17:50,,,,
12/05/2026,LA SAUCEDA,Entrada,N,5,METALSA,H3,21:20,,,,
12/05/2026,LA SAUCEDA,Entrada,N,5,METALSA,H4,21:50,,,,
12/05/2026,LA SAUCEDA,Salida,N,1,METALSA,H1,06:15,06:17,-2,1,0
12/05/2026,LA SAUCEDA,Salida,N,1,METALSA,H2,15:30,,,,
12/05/2026,LA SAUCEDA,Salida,N,1,METALSA,H3,18:15,,,,
12/05/2026,LA SAUCEDA,Salida,N,2,CASETA DE PLAN DE AYALA,H1,07:15,,,,
12/05/2026,LA SAUCEDA,Salida,N,2,CASETA DE PLAN DE AYALA,H2,16:30,,,,
12/05/2026,LA SAUCEDA,Salida,N,2,CASETA DE PLAN DE AYALA,H3,19:15,,,,
12/05/2026,LA SAUCEDA,Salida,N,3,SAN ANTONIO DEL JARAL,H1,07:33,,,,
12/05/2026,LA SAUCEDA,Salida,N,3,SAN ANTONIO DEL JARAL,H2,16:48,,,,
12/05/2026,LA SAUCEDA,Salida,N,3,SAN ANTONIO DEL JARAL,H3,19:33,,,,
12/05/2026,LA SAUCEDA,Salida,N,4,HIPOLITO,H1,07:50,,,,
12/05/2026,LA SAUCEDA,Salida,N,4,HIPOLITO,H2,17:05,,,,
12/05/2026,LA SAUCEDA,Salida,N,4,HIPOLITO,H3,19:50,,,,
12/05/2026,LA SAUCEDA,Salida,N,5,LA SAUCEDA,H1,08:05,,,,
12/05/2026,LA SAUCEDA,Salida,N,5,LA SAUCEDA,H2,17:20,,,,
12/05/2026,LA SAUCEDA,Salida,N,5,LA SAUCEDA,H3,20:05,,,,
12/05/2026,LOMA LINDA - URDIÑOLA,Entrada,N,1,MEZQUITE Y GORDOLOBO,H1,04:05,04:20,-15,1,0
12/05/2026,LOMA LINDA - URDIÑOLA,Entrada,N,1,MEZQUITE Y GORDOLOBO,H2,16:05,16:17,-12,1,0
12/05/2026,LOMA LINDA - URDIÑOLA,Entrada,N,1,MEZQUITE Y GORDOLOBO,H3,19:35,,,,
12/05/2026,LOMA LINDA - URDIÑOLA,Entrada,N,1,MEZQUITE Y GORDOLOBO,H4,20:05,,,,
12/05/2026,LOMA LINDA - URDIÑOLA,Entrada,N,2,MEZQUITE Y NUECES,H1,04:10,04:14,-4,1,0
12/05/2026,LOMA LINDA - URDIÑOLA,Entrada,N,2,MEZQUITE Y NUECES,H2,16:10,16:12,-2,1,0
12/05/2026,LOMA LINDA - URDIÑOLA,Entrada,N,2,MEZQUITE Y NUECES,H3,19:40,,,,
12/05/2026,LOMA LINDA - URDIÑOLA,Entrada,N,2,MEZQUITE Y NUECES,H4,20:10,,,,
12/05/2026,LOMA LINDA - URDIÑOLA,Entrada,N,3,BLVD SANTA LUCIA Y CALLE 7,H1,04:20,04:21,-1,1,0
12/05/2026,LOMA LINDA - URDIÑOLA,Entrada,N,3,BLVD SANTA LUCIA Y CALLE 7,H2,16:20,16:20,0,1,0
12/05/2026,LOMA LINDA - URDIÑOLA,Entrada,N,3,BLVD SANTA LUCIA Y CALLE 7,H3,19:50,,,,
12/05/2026,LOMA LINDA - URDIÑOLA,Entrada,N,3,BLVD SANTA LUCIA Y CALLE 7,H4,20:20,,,,
12/05/2026,LOMA LINDA - URDIÑOLA,Entrada,N,4,BLVD VALDES SANCHEZ Y (PLANTA LEAR),H1,04:30,04:32,-2,1,0
12/05/2026,LOMA LINDA - URDIÑOLA,Entrada,N,4,BLVD VALDES SANCHEZ Y (PLANTA LEAR),H2,16:30,16:35,-5,1,0
12/05/2026,LOMA LINDA - URDIÑOLA,Entrada,N,4,BLVD VALDES SANCHEZ Y (PLANTA LEAR),H3,20:00,,,,
12/05/2026,LOMA LINDA - URDIÑOLA,Entrada,N,4,BLVD VALDES SANCHEZ Y (PLANTA LEAR),H4,20:30,,,,
12/05/2026,LOMA LINDA - URDIÑOLA,Entrada,N,5,STA. GERTRUDIS Y STA. CECILIA (DEL ACUEDUCTO),H1,04:32,04:29,3,1,0
12/05/2026,LOMA LINDA - URDIÑOLA,Entrada,N,5,STA. GERTRUDIS Y STA. CECILIA (DEL ACUEDUCTO),H2,16:32,16:31,1,1,0
12/05/2026,LOMA LINDA - URDIÑOLA,Entrada,N,5,STA. GERTRUDIS Y STA. CECILIA (DEL ACUEDUCTO),H3,20:02,,,,
12/05/2026,LOMA LINDA - URDIÑOLA,Entrada,N,5,STA. GERTRUDIS Y STA. CECILIA (DEL ACUEDUCTO),H4,20:32,,,,
12/05/2026,LOMA LINDA - URDIÑOLA,Entrada,N,6,DEPOSITO DE AGUA FRACC PLAZA,H1,04:35,04:37,-2,1,0
12/05/2026,LOMA LINDA - URDIÑOLA,Entrada,N,6,DEPOSITO DE AGUA FRACC PLAZA,H2,16:35,16:40,-5,1,0
12/05/2026,LOMA LINDA - URDIÑOLA,Entrada,N,6,DEPOSITO DE AGUA FRACC PLAZA,H3,20:05,,,,
12/05/2026,LOMA LINDA - URDIÑOLA,Entrada,N,6,DEPOSITO DE AGUA FRACC PLAZA,H4,20:35,,,,
12/05/2026,LOMA LINDA - URDIÑOLA,Entrada,N,7,BLVD VALDES SANCHEZ Y BLVD MINERIA,H1,04:40,04:40,0,1,0
12/05/2026,LOMA LINDA - URDIÑOLA,Entrada,N,7,BLVD VALDES SANCHEZ Y BLVD MINERIA,H2,16:40,16:44,-4,1,0
12/05/2026,LOMA LINDA - URDIÑOLA,Entrada,N,7,BLVD VALDES SANCHEZ Y BLVD MINERIA,H3,20:10,,,,
12/05/2026,LOMA LINDA - URDIÑOLA,Entrada,N,7,BLVD VALDES SANCHEZ Y BLVD MINERIA,H4,20:40,,,,
12/05/2026,LOMA LINDA - URDIÑOLA,Entrada,N,8,REFORMA Y URDIÑOLA,H1,04:50,04:49,1,1,0
12/05/2026,LOMA LINDA - URDIÑOLA,Entrada,N,8,REFORMA Y URDIÑOLA,H2,16:50,16:52,-2,1,0
12/05/2026,LOMA LINDA - URDIÑOLA,Entrada,N,8,REFORMA Y URDIÑOLA,H3,20:20,,,,
12/05/2026,LOMA LINDA - URDIÑOLA,Entrada,N,8,REFORMA Y URDIÑOLA,H4,20:50,,,,
12/05/2026,LOMA LINDA - URDIÑOLA,Entrada,N,9,PROL. URDIÑOLA Y J. MERY,H1,04:55,04:56,-1,1,0
12/05/2026,LOMA LINDA - URDIÑOLA,Entrada,N,9,PROL. URDIÑOLA Y J. MERY,H2,16:55,17:01,-6,1,0
12/05/2026,LOMA LINDA - URDIÑOLA,Entrada,N,9,PROL. URDIÑOLA Y J. MERY,H3,20:25,,,,
12/05/2026,LOMA LINDA - URDIÑOLA,Entrada,N,9,PROL. URDIÑOLA Y J. MERY,H4,20:55,,,,
12/05/2026,LOMA LINDA - URDIÑOLA,Entrada,N,10,PROL URDIÑOLA Y PERIFERICO LEA,H1,05:00,05:01,-1,1,0
12/05/2026,LOMA LINDA - URDIÑOLA,Entrada,N,10,PROL URDIÑOLA Y PERIFERICO LEA,H2,17:00,17:11,-11,1,0
12/05/2026,LOMA LINDA - URDIÑOLA,Entrada,N,10,PROL URDIÑOLA Y PERIFERICO LEA,H3,20:30,,,,
12/05/2026,LOMA LINDA - URDIÑOLA,Entrada,N,10,PROL URDIÑOLA Y PERIFERICO LEA,H4,21:00,,,,
12/05/2026,LOMA LINDA - URDIÑOLA,Entrada,N,11,BLVD ANTONIO CARDENAS Y TEODORO SANCHEZ,H1,05:10,05:14,-4,1,0
12/05/2026,LOMA LINDA - URDIÑOLA,Entrada,N,11,BLVD ANTONIO CARDENAS Y TEODORO SANCHEZ,H2,17:10,17:23,-13,1,0
12/05/2026,LOMA LINDA - URDIÑOLA,Entrada,N,11,BLVD ANTONIO CARDENAS Y TEODORO SANCHEZ,H3,20:40,,,,
12/05/2026,LOMA LINDA - URDIÑOLA,Entrada,N,11,BLVD ANTONIO CARDENAS Y TEODORO SANCHEZ,H4,21:10,,,,
12/05/2026,LOMA LINDA - URDIÑOLA,Entrada,N,12,BLVD SANTA ELENA Y GUACALI,H1,05:20,05:22,-2,1,0
12/05/2026,LOMA LINDA - URDIÑOLA,Entrada,N,12,BLVD SANTA ELENA Y GUACALI,H2,17:20,17:41,-21,1,0
12/05/2026,LOMA LINDA - URDIÑOLA,Entrada,N,12,BLVD SANTA ELENA Y GUACALI,H3,20:50,,,,
12/05/2026,LOMA LINDA - URDIÑOLA,Entrada,N,12,BLVD SANTA ELENA Y GUACALI,H4,21:20,,,,
12/05/2026,LOMA LINDA - URDIÑOLA,Entrada,N,13,CARR. SALTILLO-ZACATECAS,H1,05:25,05:26,-1,1,0
12/05/2026,LOMA LINDA - URDIÑOLA,Entrada,N,13,CARR. SALTILLO-ZACATECAS,H2,17:25,17:42,-17,1,0
12/05/2026,LOMA LINDA - URDIÑOLA,Entrada,N,13,CARR. SALTILLO-ZACATECAS,H3,20:55,,,,
12/05/2026,LOMA LINDA - URDIÑOLA,Entrada,N,13,CARR. SALTILLO-ZACATECAS,H4,21:25,,,,
12/05/2026,LOMA LINDA - URDIÑOLA,Entrada,N,14,METALSA,H1,05:50,05:44,6,1,0
12/05/2026,LOMA LINDA - URDIÑOLA,Entrada,N,14,METALSA,H2,17:50,17:56,-6,1,0
12/05/2026,LOMA LINDA - URDIÑOLA,Entrada,N,14,METALSA,H3,21:20,,,,
12/05/2026,LOMA LINDA - URDIÑOLA,Entrada,N,14,METALSA,H4,21:50,,,,
12/05/2026,LOMA LINDA - URDIÑOLA,Salida,N,1,METALSA,H1,06:15,,,,
12/05/2026,LOMA LINDA - URDIÑOLA,Salida,N,1,METALSA,H2,15:30,,,,
12/05/2026,LOMA LINDA - URDIÑOLA,Salida,N,1,METALSA,H3,18:15,18:13,2,1,0
12/05/2026,LOMA LINDA - URDIÑOLA,Salida,N,2,CARR. SALTILLO-ZACATECAS,H1,06:29,,,,
12/05/2026,LOMA LINDA - URDIÑOLA,Salida,N,2,CARR. SALTILLO-ZACATECAS,H2,15:59,,,,
12/05/2026,LOMA LINDA - URDIÑOLA,Salida,N,2,CARR. SALTILLO-ZACATECAS,H3,18:29,,,,
12/05/2026,LOMA LINDA - URDIÑOLA,Salida,N,3,BLVD SANTA ELENA Y GUACALI,H1,06:30,06:29,1,1,0
12/05/2026,LOMA LINDA - URDIÑOLA,Salida,N,3,BLVD SANTA ELENA Y GUACALI,H2,16:00,,,,
12/05/2026,LOMA LINDA - URDIÑOLA,Salida,N,3,BLVD SANTA ELENA Y GUACALI,H3,18:30,18:38,-8,1,0
12/05/2026,LOMA LINDA - URDIÑOLA,Salida,N,4,BLVD ANTONIO CARDENAS Y TEODORO SANCHEZ,H1,06:31,,,,
12/05/2026,LOMA LINDA - URDIÑOLA,Salida,N,4,BLVD ANTONIO CARDENAS Y TEODORO SANCHEZ,H2,16:01,,,,
12/05/2026,LOMA LINDA - URDIÑOLA,Salida,N,4,BLVD ANTONIO CARDENAS Y TEODORO SANCHEZ,H3,18:31,,,,
12/05/2026,LOMA LINDA - URDIÑOLA,Salida,N,5,PROL URDIÑOLA Y PERIFERICO LEA,H1,06:32,,,,
12/05/2026,LOMA LINDA - URDIÑOLA,Salida,N,5,PROL URDIÑOLA Y PERIFERICO LEA,H2,16:02,,,,
12/05/2026,LOMA LINDA - URDIÑOLA,Salida,N,5,PROL URDIÑOLA Y PERIFERICO LEA,H3,18:32,,,,
12/05/2026,LOMA LINDA - URDIÑOLA,Salida,N,6,PROL. URDIÑOLA Y J. MERY,H1,06:33,,,,
12/05/2026,LOMA LINDA - URDIÑOLA,Salida,N,6,PROL. URDIÑOLA Y J. MERY,H2,16:03,,,,
12/05/2026,LOMA LINDA - URDIÑOLA,Salida,N,6,PROL. URDIÑOLA Y J. MERY,H3,18:33,,,,
12/05/2026,LOMA LINDA - URDIÑOLA,Salida,N,7,REFORMA Y URDIÑOLA,H1,06:34,,,,
12/05/2026,LOMA LINDA - URDIÑOLA,Salida,N,7,REFORMA Y URDIÑOLA,H2,16:04,,,,
12/05/2026,LOMA LINDA - URDIÑOLA,Salida,N,7,REFORMA Y URDIÑOLA,H3,18:34,19:11,-37,1,0
12/05/2026,LOMA LINDA - URDIÑOLA,Salida,N,8,BLVD VALDES SANCHEZ Y BLVD MINERIA,H1,06:55,,,,
12/05/2026,LOMA LINDA - URDIÑOLA,Salida,N,8,BLVD VALDES SANCHEZ Y BLVD MINERIA,H2,16:10,,,,
12/05/2026,LOMA LINDA - URDIÑOLA,Salida,N,8,BLVD VALDES SANCHEZ Y BLVD MINERIA,H3,18:55,,,,
12/05/2026,LOMA LINDA - URDIÑOLA,Salida,N,9,DEPOSITO DE AGUA FRACC PLAZA,H1,07:00,,,,
12/05/2026,LOMA LINDA - URDIÑOLA,Salida,N,9,DEPOSITO DE AGUA FRACC PLAZA,H2,16:15,,,,
12/05/2026,LOMA LINDA - URDIÑOLA,Salida,N,9,DEPOSITO DE AGUA FRACC PLAZA,H3,19:00,,,,
12/05/2026,LOMA LINDA - URDIÑOLA,Salida,N,10,BLVD VALDES SANCHEZ Y (PLANTA LEAR),H1,07:05,,,,
12/05/2026,LOMA LINDA - URDIÑOLA,Salida,N,10,BLVD VALDES SANCHEZ Y (PLANTA LEAR),H2,16:20,,,,
12/05/2026,LOMA LINDA - URDIÑOLA,Salida,N,10,BLVD VALDES SANCHEZ Y (PLANTA LEAR),H3,19:05,,,,
12/05/2026,LOMA LINDA - URDIÑOLA,Salida,N,11,BLVD SANTA LUCIA Y BLVD FUNDADORES,H1,07:15,,,,
12/05/2026,LOMA LINDA - URDIÑOLA,Salida,N,11,BLVD SANTA LUCIA Y BLVD FUNDADORES,H2,16:30,,,,
12/05/2026,LOMA LINDA - URDIÑOLA,Salida,N,11,BLVD SANTA LUCIA Y BLVD FUNDADORES,H3,19:15,,,,
12/05/2026,LOMA LINDA - URDIÑOLA,Salida,N,12,BLVD SANTA LUCIA Y CALLE 7,H1,07:16,,,,
12/05/2026,LOMA LINDA - URDIÑOLA,Salida,N,12,BLVD SANTA LUCIA Y CALLE 7,H2,16:31,,,,
12/05/2026,LOMA LINDA - URDIÑOLA,Salida,N,12,BLVD SANTA LUCIA Y CALLE 7,H3,19:16,,,,
12/05/2026,LOMA LINDA - URDIÑOLA,Salida,N,13,MEZQUITE Y NUECES,H1,07:25,,,,
12/05/2026,LOMA LINDA - URDIÑOLA,Salida,N,13,MEZQUITE Y NUECES,H2,16:40,,,,
12/05/2026,LOMA LINDA - URDIÑOLA,Salida,N,13,MEZQUITE Y NUECES,H3,19:25,,,,
12/05/2026,LOMA LINDA - URDIÑOLA,Salida,N,14,MEZQUITE Y GORDOLOBO,H1,07:30,07:06,24,1,0
12/05/2026,LOMA LINDA - URDIÑOLA,Salida,N,14,MEZQUITE Y GORDOLOBO,H2,16:45,,,,
12/05/2026,LOMA LINDA - URDIÑOLA,Salida,N,14,MEZQUITE Y GORDOLOBO,H3,19:30,19:36,-6,1,0
12/05/2026,LOS HOYOS - MACUYU,Entrada,A,1,LOS HOYOS,H1,03:20,,,,
12/05/2026,LOS HOYOS - MACUYU,Entrada,A,1,LOS HOYOS,H2,15:20,,,,
12/05/2026,LOS HOYOS - MACUYU,Entrada,A,1,LOS HOYOS,H3,18:50,,,,
12/05/2026,LOS HOYOS - MACUYU,Entrada,A,1,LOS HOYOS,H4,19:20,,,,
12/05/2026,LOS HOYOS - MACUYU,Entrada,A,2,HUARICHE,H1,03:38,,,,
12/05/2026,LOS HOYOS - MACUYU,Entrada,A,2,HUARICHE,H2,15:38,,,,
12/05/2026,LOS HOYOS - MACUYU,Entrada,A,2,HUARICHE,H3,19:08,,,,
12/05/2026,LOS HOYOS - MACUYU,Entrada,A,2,HUARICHE,H4,19:38,,,,
12/05/2026,LOS HOYOS - MACUYU,Entrada,A,3,PRESA DE GUADALUPE,H1,04:08,,,,
12/05/2026,LOS HOYOS - MACUYU,Entrada,A,3,PRESA DE GUADALUPE,H2,16:08,,,,
12/05/2026,LOS HOYOS - MACUYU,Entrada,A,3,PRESA DE GUADALUPE,H3,19:38,,,,
12/05/2026,LOS HOYOS - MACUYU,Entrada,A,3,PRESA DE GUADALUPE,H4,20:08,,,,
12/05/2026,LOS HOYOS - MACUYU,Entrada,A,4,MACUYU,H1,04:14,,,,
12/05/2026,LOS HOYOS - MACUYU,Entrada,A,4,MACUYU,H2,16:14,,,,
12/05/2026,LOS HOYOS - MACUYU,Entrada,A,4,MACUYU,H3,19:44,,,,
12/05/2026,LOS HOYOS - MACUYU,Entrada,A,4,MACUYU,H4,20:14,,,,
12/05/2026,LOS HOYOS - MACUYU,Entrada,A,5,DOS DE ABRIL,H1,04:24,,,,
12/05/2026,LOS HOYOS - MACUYU,Entrada,A,5,DOS DE ABRIL,H2,16:24,,,,
12/05/2026,LOS HOYOS - MACUYU,Entrada,A,5,DOS DE ABRIL,H3,19:54,,,,
12/05/2026,LOS HOYOS - MACUYU,Entrada,A,5,DOS DE ABRIL,H4,20:24,,,,
12/05/2026,LOS HOYOS - MACUYU,Entrada,A,6,LA PAZ,H1,04:50,,,,
12/05/2026,LOS HOYOS - MACUYU,Entrada,A,6,LA PAZ,H2,16:50,,,,
12/05/2026,LOS HOYOS - MACUYU,Entrada,A,6,LA PAZ,H3,20:20,,,,
12/05/2026,LOS HOYOS - MACUYU,Entrada,A,6,LA PAZ,H4,20:50,,,,
12/05/2026,LOS HOYOS - MACUYU,Entrada,A,7,DERRAMADERO,H1,05:08,,,,
12/05/2026,LOS HOYOS - MACUYU,Entrada,A,7,DERRAMADERO,H2,17:08,,,,
12/05/2026,LOS HOYOS - MACUYU,Entrada,A,7,DERRAMADERO,H3,20:38,,,,
12/05/2026,LOS HOYOS - MACUYU,Entrada,A,7,DERRAMADERO,H4,21:08,,,,
12/05/2026,LOS HOYOS - MACUYU,Entrada,A,8,METALSA,H1,05:50,05:46,4,1,0
12/05/2026,LOS HOYOS - MACUYU,Entrada,A,8,METALSA,H2,17:50,,,,
12/05/2026,LOS HOYOS - MACUYU,Entrada,A,8,METALSA,H3,21:20,,,,
12/05/2026,LOS HOYOS - MACUYU,Entrada,A,8,METALSA,H4,21:50,,,,
12/05/2026,LOS HOYOS - MACUYU,Salida,N,1,METALSA,H1,15:30,,,,
12/05/2026,LOS HOYOS - MACUYU,Salida,N,1,METALSA,H2,06:15,06:16,-1,1,0
12/05/2026,LOS HOYOS - MACUYU,Salida,N,1,METALSA,H3,18:15,18:16,-1,1,0
12/05/2026,LOS HOYOS - MACUYU,Salida,N,2,DERRAMADERO,H1,15:41,,,,
12/05/2026,LOS HOYOS - MACUYU,Salida,N,2,DERRAMADERO,H2,06:26,06:44,-18,1,0
12/05/2026,LOS HOYOS - MACUYU,Salida,N,2,DERRAMADERO,H3,18:26,,,,
12/05/2026,LOS HOYOS - MACUYU,Salida,N,3,LA PAZ,H1,15:42,,,,
12/05/2026,LOS HOYOS - MACUYU,Salida,N,3,LA PAZ,H2,06:27,07:05,-38,1,0
12/05/2026,LOS HOYOS - MACUYU,Salida,N,3,LA PAZ,H3,18:27,19:04,-37,1,0
12/05/2026,LOS HOYOS - MACUYU,Salida,N,4,DOS DE ABRIL,H1,15:44,,,,
12/05/2026,LOS HOYOS - MACUYU,Salida,N,4,DOS DE ABRIL,H2,06:29,07:30,-61,1,0
12/05/2026,LOS HOYOS - MACUYU,Salida,N,4,DOS DE ABRIL,H3,18:29,19:30,-61,1,0
12/05/2026,LOS HOYOS - MACUYU,Salida,N,5,MACUYU,H1,15:45,,,,
12/05/2026,LOS HOYOS - MACUYU,Salida,N,5,MACUYU,H2,06:30,07:38,-68,1,0
12/05/2026,LOS HOYOS - MACUYU,Salida,N,5,MACUYU,H3,18:30,19:35,-65,1,0
12/05/2026,LOS HOYOS - MACUYU,Salida,N,6,PRESA DE GUADALUPE,H1,16:00,,,,
12/05/2026,LOS HOYOS - MACUYU,Salida,N,6,PRESA DE GUADALUPE,H2,06:31,07:47,-76,1,0
12/05/2026,LOS HOYOS - MACUYU,Salida,N,6,PRESA DE GUADALUPE,H3,18:35,19:40,-65,1,0
12/05/2026,LOS HOYOS - MACUYU,Salida,N,7,HUARICHE,H1,17:18,,,,
12/05/2026,LOS HOYOS - MACUYU,Salida,N,7,HUARICHE,H2,08:03,,,,
12/05/2026,LOS HOYOS - MACUYU,Salida,N,7,HUARICHE,H3,20:03,,,,
12/05/2026,LOS HOYOS - MACUYU,Salida,N,8,LOS HOYOS,H1,17:30,,,,
12/05/2026,LOS HOYOS - MACUYU,Salida,N,8,LOS HOYOS,H2,08:15,,,,
12/05/2026,LOS HOYOS - MACUYU,Salida,N,8,LOS HOYOS,H3,20:15,,,,
12/05/2026,OTILIO,Entrada,N,1,CALLE 23 Y CALLE 16,H1,04:25,04:25,0,1,0
12/05/2026,OTILIO,Entrada,N,1,CALLE 23 Y CALLE 16,H2,16:25,16:25,0,1,0
12/05/2026,OTILIO,Entrada,N,1,CALLE 23 Y CALLE 16,H3,19:55,,,,
12/05/2026,OTILIO,Entrada,N,1,CALLE 23 Y CALLE 16,H4,20:25,,,,
12/05/2026,OTILIO,Entrada,N,2,MARMOL Y EMILIANO ZAPATA,H1,04:27,04:32,-5,1,0
12/05/2026,OTILIO,Entrada,N,2,MARMOL Y EMILIANO ZAPATA,H2,16:27,16:31,-4,1,0
12/05/2026,OTILIO,Entrada,N,2,MARMOL Y EMILIANO ZAPATA,H3,19:57,,,,
12/05/2026,OTILIO,Entrada,N,2,MARMOL Y EMILIANO ZAPATA,H4,20:27,,,,
12/05/2026,OTILIO,Entrada,N,3,LIBERTAD Y OTILIO,H1,04:31,04:36,-5,1,0
12/05/2026,OTILIO,Entrada,N,3,LIBERTAD Y OTILIO,H2,16:31,16:35,-4,1,0
12/05/2026,OTILIO,Entrada,N,3,LIBERTAD Y OTILIO,H3,20:01,,,,
12/05/2026,OTILIO,Entrada,N,3,LIBERTAD Y OTILIO,H4,20:31,,,,
12/05/2026,OTILIO,Entrada,N,4,ONCEAVA Y ESCUADRON DE LA AVIACION,H1,04:42,04:43,-1,1,0
12/05/2026,OTILIO,Entrada,N,4,ONCEAVA Y ESCUADRON DE LA AVIACION,H2,16:42,16:44,-2,1,0
12/05/2026,OTILIO,Entrada,N,4,ONCEAVA Y ESCUADRON DE LA AVIACION,H3,20:12,,,,
12/05/2026,OTILIO,Entrada,N,4,ONCEAVA Y ESCUADRON DE LA AVIACION,H4,20:42,,,,
12/05/2026,OTILIO,Entrada,N,5,BLVD JUAREZ Y MIGUEL HIDALGO,H1,04:52,04:53,-1,1,0
12/05/2026,OTILIO,Entrada,N,5,BLVD JUAREZ Y MIGUEL HIDALGO,H2,16:52,16:54,-2,1,0
12/05/2026,OTILIO,Entrada,N,5,BLVD JUAREZ Y MIGUEL HIDALGO,H3,20:22,,,,
12/05/2026,OTILIO,Entrada,N,5,BLVD JUAREZ Y MIGUEL HIDALGO,H4,20:52,,,,
12/05/2026,OTILIO,Entrada,N,6,IGNACIO ALLENDE Y CALLE 13,H1,04:58,04:57,1,1,0
12/05/2026,OTILIO,Entrada,N,6,IGNACIO ALLENDE Y CALLE 13,H2,16:58,16:58,0,1,0
12/05/2026,OTILIO,Entrada,N,6,IGNACIO ALLENDE Y CALLE 13,H3,20:28,,,,
12/05/2026,OTILIO,Entrada,N,6,IGNACIO ALLENDE Y CALLE 13,H4,20:58,,,,
12/05/2026,OTILIO,Entrada,N,7,LOMAS DE LOURDES Y LUIS PASTEUR,H1,05:06,05:04,2,1,0
12/05/2026,OTILIO,Entrada,N,7,LOMAS DE LOURDES Y LUIS PASTEUR,H2,17:06,17:05,1,1,0
12/05/2026,OTILIO,Entrada,N,7,LOMAS DE LOURDES Y LUIS PASTEUR,H3,20:36,,,,
12/05/2026,OTILIO,Entrada,N,7,LOMAS DE LOURDES Y LUIS PASTEUR,H4,21:06,,,,
12/05/2026,OTILIO,Entrada,N,8,CARR. SALTILLO-ZACATECAS,H1,05:15,,,,
12/05/2026,OTILIO,Entrada,N,8,CARR. SALTILLO-ZACATECAS,H2,17:15,,,,
12/05/2026,OTILIO,Entrada,N,8,CARR. SALTILLO-ZACATECAS,H3,20:45,,,,
12/05/2026,OTILIO,Entrada,N,8,CARR. SALTILLO-ZACATECAS,H4,21:15,,,,
12/05/2026,OTILIO,Entrada,N,9,METALSA,H1,05:50,05:36,14,1,0
12/05/2026,OTILIO,Entrada,N,9,METALSA,H2,17:50,17:29,21,1,0
12/05/2026,OTILIO,Entrada,N,9,METALSA,H3,21:20,,,,
12/05/2026,OTILIO,Entrada,N,9,METALSA,H4,21:50,,,,
12/05/2026,OTILIO,Salida,N,1,METALSA,H1,06:15,,,,
12/05/2026,OTILIO,Salida,N,1,METALSA,H2,15:30,,,,
12/05/2026,OTILIO,Salida,N,1,METALSA,H3,18:15,,,,
12/05/2026,OTILIO,Salida,N,2,CARR. SALTILLO-ZACATECAS,H1,06:50,,,,
12/05/2026,OTILIO,Salida,N,2,CARR. SALTILLO-ZACATECAS,H2,16:05,,,,
12/05/2026,OTILIO,Salida,N,2,CARR. SALTILLO-ZACATECAS,H3,18:50,,,,
12/05/2026,OTILIO,Salida,N,3,LOMAS DE LOURDES Y LUIS PASTEUR,H1,06:59,,,,
12/05/2026,OTILIO,Salida,N,3,LOMAS DE LOURDES Y LUIS PASTEUR,H2,16:14,,,,
12/05/2026,OTILIO,Salida,N,3,LOMAS DE LOURDES Y LUIS PASTEUR,H3,18:59,,,,
12/05/2026,OTILIO,Salida,N,4,IGNACIO ALLENDE Y CALLE 13,H1,07:07,,,,
12/05/2026,OTILIO,Salida,N,4,IGNACIO ALLENDE Y CALLE 13,H2,16:22,,,,
12/05/2026,OTILIO,Salida,N,4,IGNACIO ALLENDE Y CALLE 13,H3,19:07,,,,
12/05/2026,OTILIO,Salida,N,5,BLVD JUAREZ Y MIGUEL HIDALGO,H1,07:13,,,,
12/05/2026,OTILIO,Salida,N,5,BLVD JUAREZ Y MIGUEL HIDALGO,H2,16:28,,,,
12/05/2026,OTILIO,Salida,N,5,BLVD JUAREZ Y MIGUEL HIDALGO,H3,19:13,,,,
12/05/2026,OTILIO,Salida,N,6,ONCEAVA Y ESCUADRON DE LA AVIACION,H1,07:23,,,,
12/05/2026,OTILIO,Salida,N,6,ONCEAVA Y ESCUADRON DE LA AVIACION,H2,16:38,,,,
12/05/2026,OTILIO,Salida,N,6,ONCEAVA Y ESCUADRON DE LA AVIACION,H3,19:23,,,,
12/05/2026,OTILIO,Salida,N,7,LIBERTAD Y OTILIO,H1,07:34,,,,
12/05/2026,OTILIO,Salida,N,7,LIBERTAD Y OTILIO,H2,16:49,,,,
12/05/2026,OTILIO,Salida,N,7,LIBERTAD Y OTILIO,H3,19:34,,,,
12/05/2026,OTILIO,Salida,N,8,MARMOL Y EMILIANO ZAPATA,H1,07:38,,,,
12/05/2026,OTILIO,Salida,N,8,MARMOL Y EMILIANO ZAPATA,H2,16:53,,,,
12/05/2026,OTILIO,Salida,N,8,MARMOL Y EMILIANO ZAPATA,H3,19:38,,,,
12/05/2026,OTILIO,Salida,N,9,CALLE 23 Y CALLE 16,H1,07:40,,,,
12/05/2026,OTILIO,Salida,N,9,CALLE 23 Y CALLE 16,H2,16:55,,,,
12/05/2026,OTILIO,Salida,N,9,CALLE 23 Y CALLE 16,H3,19:40,,,,
12/05/2026,PARRAS CASETA,Entrada,A,1,RAMOS ARIZPE (PLAZA DEL RELOJ),H1,18:30,,,,
12/05/2026,PARRAS CASETA,Entrada,A,1,RAMOS ARIZPE (PLAZA DEL RELOJ),H2,03:00,,,,
12/05/2026,PARRAS CASETA,Entrada,A,1,RAMOS ARIZPE (PLAZA DEL RELOJ),H3,15:00,,,,
12/05/2026,PARRAS CASETA,Entrada,A,1,RAMOS ARIZPE (PLAZA DEL RELOJ),H4,19:00,,,,
12/05/2026,PARRAS CASETA,Entrada,A,2,HEROICO COLEGIO MILITAR Y MELCHOR OCAMPO (ALAMEDA),H1,18:32,,,,
12/05/2026,PARRAS CASETA,Entrada,A,2,HEROICO COLEGIO MILITAR Y MELCHOR OCAMPO (ALAMEDA),H2,03:02,,,,
12/05/2026,PARRAS CASETA,Entrada,A,2,HEROICO COLEGIO MILITAR Y MELCHOR OCAMPO (ALAMEDA),H3,15:02,,,,
12/05/2026,PARRAS CASETA,Entrada,A,2,HEROICO COLEGIO MILITAR Y MELCHOR OCAMPO (ALAMEDA),H4,19:02,,,,
12/05/2026,PARRAS CASETA,Entrada,A,3,FALCON Y FCO SARABIA (TORTILLERIA 4 CAMINO),H1,18:40,,,,
12/05/2026,PARRAS CASETA,Entrada,A,3,FALCON Y FCO SARABIA (TORTILLERIA 4 CAMINO),H2,03:10,,,,
12/05/2026,PARRAS CASETA,Entrada,A,3,FALCON Y FCO SARABIA (TORTILLERIA 4 CAMINO),H3,15:10,,,,
12/05/2026,PARRAS CASETA,Entrada,A,3,FALCON Y FCO SARABIA (TORTILLERIA 4 CAMINO),H4,19:10,,,,
12/05/2026,PARRAS CASETA,Entrada,A,4,OSCAR FLORES TAPIA y JAVIER MINA,H1,18:45,,,,
12/05/2026,PARRAS CASETA,Entrada,A,4,OSCAR FLORES TAPIA y JAVIER MINA,H2,03:15,,,,
12/05/2026,PARRAS CASETA,Entrada,A,4,OSCAR FLORES TAPIA y JAVIER MINA,H3,15:15,,,,
12/05/2026,PARRAS CASETA,Entrada,A,4,OSCAR FLORES TAPIA y JAVIER MINA,H4,19:15,,,,
12/05/2026,PARRAS CASETA,Entrada,A,5,CALZADA DEL MARQUEZ (OXXO GAS),H1,18:50,,,,
12/05/2026,PARRAS CASETA,Entrada,A,5,CALZADA DEL MARQUEZ (OXXO GAS),H2,03:20,,,,
12/05/2026,PARRAS CASETA,Entrada,A,5,CALZADA DEL MARQUEZ (OXXO GAS),H3,15:20,,,,
12/05/2026,PARRAS CASETA,Entrada,A,5,CALZADA DEL MARQUEZ (OXXO GAS),H4,19:20,,,,
12/05/2026,PARRAS CASETA,Entrada,A,6,16 DE SEPTIEMBRE (FABRICA DICKIES),H1,18:57,,,,
12/05/2026,PARRAS CASETA,Entrada,A,6,16 DE SEPTIEMBRE (FABRICA DICKIES),H2,03:27,,,,
12/05/2026,PARRAS CASETA,Entrada,A,6,16 DE SEPTIEMBRE (FABRICA DICKIES),H3,15:27,,,,
12/05/2026,PARRAS CASETA,Entrada,A,6,16 DE SEPTIEMBRE (FABRICA DICKIES),H4,19:27,,,,
12/05/2026,PARRAS CASETA,Entrada,A,7,EJIDO 28 AGOSTO,H1,19:25,,,,
12/05/2026,PARRAS CASETA,Entrada,A,7,EJIDO 28 AGOSTO,H2,03:55,,,,
12/05/2026,PARRAS CASETA,Entrada,A,7,EJIDO 28 AGOSTO,H3,15:55,,,,
12/05/2026,PARRAS CASETA,Entrada,A,7,EJIDO 28 AGOSTO,H4,19:55,,,,
12/05/2026,PARRAS CASETA,Entrada,A,8,KM 42,H1,19:45,,,,
12/05/2026,PARRAS CASETA,Entrada,A,8,KM 42,H2,04:15,,,,
12/05/2026,PARRAS CASETA,Entrada,A,8,KM 42,H3,16:15,,,,
12/05/2026,PARRAS CASETA,Entrada,A,8,KM 42,H4,20:15,,,,
12/05/2026,PARRAS CASETA,Entrada,A,9,EJIDO JALPA,H1,19:50,,,,
12/05/2026,PARRAS CASETA,Entrada,A,9,EJIDO JALPA,H2,04:20,,,,
12/05/2026,PARRAS CASETA,Entrada,A,9,EJIDO JALPA,H3,16:20,,,,
12/05/2026,PARRAS CASETA,Entrada,A,9,EJIDO JALPA,H4,20:20,,,,
12/05/2026,PARRAS CASETA,Entrada,A,10,METALSA,H1,21:20,,,,
12/05/2026,PARRAS CASETA,Entrada,A,10,METALSA,H2,05:50,,,,
12/05/2026,PARRAS CASETA,Entrada,A,10,METALSA,H3,17:50,,,,
12/05/2026,PARRAS CASETA,Entrada,A,10,METALSA,H4,21:50,,,,
12/05/2026,PARRAS CASETA,Salida,N,1,METALSA,H1,15:30,,,,
12/05/2026,PARRAS CASETA,Salida,N,1,METALSA,H2,06:15,06:19,-4,1,0
12/05/2026,PARRAS CASETA,Salida,N,1,METALSA,H3,18:15,,,,
12/05/2026,PARRAS CASETA,Salida,N,2,EJIDO PAILA,H1,15:45,,,,
12/05/2026,PARRAS CASETA,Salida,N,2,EJIDO PAILA,H2,06:30,,,,
12/05/2026,PARRAS CASETA,Salida,N,2,EJIDO PAILA,H3,18:30,,,,
12/05/2026,PARRAS CASETA,Salida,N,3,KM 42,H1,15:50,,,,
12/05/2026,PARRAS CASETA,Salida,N,3,KM 42,H2,06:35,,,,
12/05/2026,PARRAS CASETA,Salida,N,3,KM 42,H3,18:35,,,,
12/05/2026,PARRAS CASETA,Salida,N,4,EJIDO 28 AGOSTO,H1,17:10,,,,
12/05/2026,PARRAS CASETA,Salida,N,4,EJIDO 28 AGOSTO,H2,07:55,,,,
12/05/2026,PARRAS CASETA,Salida,N,4,EJIDO 28 AGOSTO,H3,19:55,,,,
12/05/2026,PARRAS CASETA,Salida,N,5,16 DE SEPTIEMBRE (FABRICA DICKIES),H1,17:45,,,,
12/05/2026,PARRAS CASETA,Salida,N,5,16 DE SEPTIEMBRE (FABRICA DICKIES),H2,08:30,,,,
12/05/2026,PARRAS CASETA,Salida,N,5,16 DE SEPTIEMBRE (FABRICA DICKIES),H3,20:30,,,,
12/05/2026,PARRAS CASETA,Salida,N,6,CALZADA DEL MARQUEZ (OXXO GAS),H1,17:55,,,,
12/05/2026,PARRAS CASETA,Salida,N,6,CALZADA DEL MARQUEZ (OXXO GAS),H2,08:40,,,,
12/05/2026,PARRAS CASETA,Salida,N,6,CALZADA DEL MARQUEZ (OXXO GAS),H3,20:40,20:34,6,1,0
12/05/2026,PARRAS CASETA,Salida,N,7,OSCAR FLORES TAPIA y JAVIER MINA,H1,18:00,,,,
12/05/2026,PARRAS CASETA,Salida,N,7,OSCAR FLORES TAPIA y JAVIER MINA,H2,08:45,,,,
12/05/2026,PARRAS CASETA,Salida,N,7,OSCAR FLORES TAPIA y JAVIER MINA,H3,20:45,20:41,4,1,0
12/05/2026,PARRAS CASETA,Salida,N,8,FALCON Y FCO SARABIA (TORTILLERIA 4 CAMINO),H1,18:05,,,,
12/05/2026,PARRAS CASETA,Salida,N,8,FALCON Y FCO SARABIA (TORTILLERIA 4 CAMINO),H2,08:50,,,,
12/05/2026,PARRAS CASETA,Salida,N,8,FALCON Y FCO SARABIA (TORTILLERIA 4 CAMINO),H3,20:50,,,,
12/05/2026,PARRAS CASETA,Salida,N,9,HEROICO COLEGIO MILITAR Y MELCHOR OCAMPO (ALAMEDA),H1,18:18,,,,
12/05/2026,PARRAS CASETA,Salida,N,9,HEROICO COLEGIO MILITAR Y MELCHOR OCAMPO (ALAMEDA),H2,09:03,08:40,23,1,0
12/05/2026,PARRAS CASETA,Salida,N,9,HEROICO COLEGIO MILITAR Y MELCHOR OCAMPO (ALAMEDA),H3,21:03,,,,
12/05/2026,PARRAS CASETA,Salida,N,10,RAMOS ARIZPE (PLAZA DEL RELOJ),H1,18:20,,,,
12/05/2026,PARRAS CASETA,Salida,N,10,RAMOS ARIZPE (PLAZA DEL RELOJ),H2,09:05,,,,
12/05/2026,PARRAS CASETA,Salida,N,10,RAMOS ARIZPE (PLAZA DEL RELOJ),H3,21:05,,,,
12/05/2026,PARRAS LIBRE,Entrada,A,1,TACUBATA Y FRANCISCO I MADERO,H1,18:30,,,,
12/05/2026,PARRAS LIBRE,Entrada,A,1,TACUBATA Y FRANCISCO I MADERO,H2,03:00,,,,
12/05/2026,PARRAS LIBRE,Entrada,A,1,TACUBATA Y FRANCISCO I MADERO,H3,03:00,,,,
12/05/2026,PARRAS LIBRE,Entrada,A,1,TACUBATA Y FRANCISCO I MADERO,H4,15:00,,,,
12/05/2026,PARRAS LIBRE,Entrada,A,1,TACUBATA Y FRANCISCO I MADERO,H5,15:00,,,,
12/05/2026,PARRAS LIBRE,Entrada,A,1,TACUBATA Y FRANCISCO I MADERO,H6,19:05,,,,
12/05/2026,PARRAS LIBRE,Entrada,A,2,SANTA CATARINA Y VIESCA,H1,18:36,,,,
12/05/2026,PARRAS LIBRE,Entrada,A,2,SANTA CATARINA Y VIESCA,H2,03:06,,,,
12/05/2026,PARRAS LIBRE,Entrada,A,2,SANTA CATARINA Y VIESCA,H3,03:06,,,,
12/05/2026,PARRAS LIBRE,Entrada,A,2,SANTA CATARINA Y VIESCA,H4,15:06,,,,
12/05/2026,PARRAS LIBRE,Entrada,A,2,SANTA CATARINA Y VIESCA,H5,15:06,,,,
12/05/2026,PARRAS LIBRE,Entrada,A,2,SANTA CATARINA Y VIESCA,H6,19:09,,,,
12/05/2026,PARRAS LIBRE,Entrada,A,3,MANUEL ZAVALA Y MAR DE GALILEA,H1,18:50,,,,
12/05/2026,PARRAS LIBRE,Entrada,A,3,MANUEL ZAVALA Y MAR DE GALILEA,H2,03:20,,,,
12/05/2026,PARRAS LIBRE,Entrada,A,3,MANUEL ZAVALA Y MAR DE GALILEA,H3,03:20,,,,
12/05/2026,PARRAS LIBRE,Entrada,A,3,MANUEL ZAVALA Y MAR DE GALILEA,H4,15:20,,,,
12/05/2026,PARRAS LIBRE,Entrada,A,3,MANUEL ZAVALA Y MAR DE GALILEA,H5,15:20,,,,
12/05/2026,PARRAS LIBRE,Entrada,A,3,MANUEL ZAVALA Y MAR DE GALILEA,H6,19:11,,,,
12/05/2026,PARRAS LIBRE,Entrada,A,4,GENERAL CEPEDA Y RAMOS ARIZPE,H1,18:55,,,,
12/05/2026,PARRAS LIBRE,Entrada,A,4,GENERAL CEPEDA Y RAMOS ARIZPE,H2,03:25,,,,
12/05/2026,PARRAS LIBRE,Entrada,A,4,GENERAL CEPEDA Y RAMOS ARIZPE,H3,03:25,,,,
12/05/2026,PARRAS LIBRE,Entrada,A,4,GENERAL CEPEDA Y RAMOS ARIZPE,H4,15:25,,,,
12/05/2026,PARRAS LIBRE,Entrada,A,4,GENERAL CEPEDA Y RAMOS ARIZPE,H5,15:25,,,,
12/05/2026,PARRAS LIBRE,Entrada,A,4,GENERAL CEPEDA Y RAMOS ARIZPE,H6,19:14,,,,
12/05/2026,PARRAS LIBRE,Entrada,A,5,GENERAL CEPEDA Y COLIMA,H1,19:03,,,,
12/05/2026,PARRAS LIBRE,Entrada,A,5,GENERAL CEPEDA Y COLIMA,H2,03:33,,,,
12/05/2026,PARRAS LIBRE,Entrada,A,5,GENERAL CEPEDA Y COLIMA,H3,03:33,,,,
12/05/2026,PARRAS LIBRE,Entrada,A,5,GENERAL CEPEDA Y COLIMA,H4,15:33,,,,
12/05/2026,PARRAS LIBRE,Entrada,A,5,GENERAL CEPEDA Y COLIMA,H5,15:33,,,,
12/05/2026,PARRAS LIBRE,Entrada,A,5,GENERAL CEPEDA Y COLIMA,H6,19:15,,,,
12/05/2026,PARRAS LIBRE,Entrada,A,6,CAMINO GRAL. CEPEDA Y EJIDO PARRAS,H1,19:05,,,,
12/05/2026,PARRAS LIBRE,Entrada,A,6,CAMINO GRAL. CEPEDA Y EJIDO PARRAS,H2,03:35,,,,
12/05/2026,PARRAS LIBRE,Entrada,A,6,CAMINO GRAL. CEPEDA Y EJIDO PARRAS,H3,03:35,,,,
12/05/2026,PARRAS LIBRE,Entrada,A,6,CAMINO GRAL. CEPEDA Y EJIDO PARRAS,H4,15:35,,,,
12/05/2026,PARRAS LIBRE,Entrada,A,6,CAMINO GRAL. CEPEDA Y EJIDO PARRAS,H5,15:35,,,,
12/05/2026,PARRAS LIBRE,Entrada,A,6,CAMINO GRAL. CEPEDA Y EJIDO PARRAS,H6,19:17,,,,
12/05/2026,PARRAS LIBRE,Entrada,A,7,METALSA,H1,21:20,,,,
12/05/2026,PARRAS LIBRE,Entrada,A,7,METALSA,H2,05:50,,,,
12/05/2026,PARRAS LIBRE,Entrada,A,7,METALSA,H3,05:50,,,,
12/05/2026,PARRAS LIBRE,Entrada,A,7,METALSA,H4,17:50,,,,
12/05/2026,PARRAS LIBRE,Entrada,A,7,METALSA,H5,17:50,,,,
12/05/2026,PARRAS LIBRE,Entrada,A,7,METALSA,H6,21:50,,,,
12/05/2026,PARRAS LIBRE,Salida,N,1,METALSA,H1,15:30,,,,
12/05/2026,PARRAS LIBRE,Salida,N,1,METALSA,H2,06:15,,,,
12/05/2026,PARRAS LIBRE,Salida,N,1,METALSA,H3,06:15,,,,
12/05/2026,PARRAS LIBRE,Salida,N,1,METALSA,H4,18:15,,,,
12/05/2026,PARRAS LIBRE,Salida,N,1,METALSA,H5,18:15,,,,
12/05/2026,PARRAS LIBRE,Salida,N,2,CAMINO GRAL. CEPEDA Y EJIDO PARRAS,H1,17:45,,,,
12/05/2026,PARRAS LIBRE,Salida,N,2,CAMINO GRAL. CEPEDA Y EJIDO PARRAS,H2,08:30,,,,
12/05/2026,PARRAS LIBRE,Salida,N,2,CAMINO GRAL. CEPEDA Y EJIDO PARRAS,H3,08:30,,,,
12/05/2026,PARRAS LIBRE,Salida,N,2,CAMINO GRAL. CEPEDA Y EJIDO PARRAS,H4,20:30,,,,
12/05/2026,PARRAS LIBRE,Salida,N,2,CAMINO GRAL. CEPEDA Y EJIDO PARRAS,H5,20:30,,,,
12/05/2026,PARRAS LIBRE,Salida,N,3,GENERAL CEPEDA Y COLIMA,H1,17:47,,,,
12/05/2026,PARRAS LIBRE,Salida,N,3,GENERAL CEPEDA Y COLIMA,H2,08:32,,,,
12/05/2026,PARRAS LIBRE,Salida,N,3,GENERAL CEPEDA Y COLIMA,H3,08:32,,,,
12/05/2026,PARRAS LIBRE,Salida,N,3,GENERAL CEPEDA Y COLIMA,H4,20:32,,,,
12/05/2026,PARRAS LIBRE,Salida,N,3,GENERAL CEPEDA Y COLIMA,H5,20:32,,,,
12/05/2026,PARRAS LIBRE,Salida,N,4,GENERAL CEPEDA Y RAMOS ARIZPE,H1,17:55,,,,
12/05/2026,PARRAS LIBRE,Salida,N,4,GENERAL CEPEDA Y RAMOS ARIZPE,H2,08:40,,,,
12/05/2026,PARRAS LIBRE,Salida,N,4,GENERAL CEPEDA Y RAMOS ARIZPE,H3,08:40,,,,
12/05/2026,PARRAS LIBRE,Salida,N,4,GENERAL CEPEDA Y RAMOS ARIZPE,H4,20:40,,,,
12/05/2026,PARRAS LIBRE,Salida,N,4,GENERAL CEPEDA Y RAMOS ARIZPE,H5,20:40,,,,
12/05/2026,PARRAS LIBRE,Salida,N,5,MANUEL ZAVALA Y MAR DE GALILEA,H1,18:00,,,,
12/05/2026,PARRAS LIBRE,Salida,N,5,MANUEL ZAVALA Y MAR DE GALILEA,H2,08:45,,,,
12/05/2026,PARRAS LIBRE,Salida,N,5,MANUEL ZAVALA Y MAR DE GALILEA,H3,08:45,,,,
12/05/2026,PARRAS LIBRE,Salida,N,5,MANUEL ZAVALA Y MAR DE GALILEA,H4,20:45,,,,
12/05/2026,PARRAS LIBRE,Salida,N,5,MANUEL ZAVALA Y MAR DE GALILEA,H5,20:45,,,,
12/05/2026,PARRAS LIBRE,Salida,N,6,SANTA CATARINA Y VIESCA,H1,18:14,,,,
12/05/2026,PARRAS LIBRE,Salida,N,6,SANTA CATARINA Y VIESCA,H2,08:59,,,,
12/05/2026,PARRAS LIBRE,Salida,N,6,SANTA CATARINA Y VIESCA,H3,08:59,,,,
12/05/2026,PARRAS LIBRE,Salida,N,6,SANTA CATARINA Y VIESCA,H4,20:59,,,,
12/05/2026,PARRAS LIBRE,Salida,N,6,SANTA CATARINA Y VIESCA,H5,20:59,,,,
12/05/2026,PARRAS LIBRE,Salida,N,7,TACUBATA Y FRANCISCO I MADERO,H1,18:20,,,,
12/05/2026,PARRAS LIBRE,Salida,N,7,TACUBATA Y FRANCISCO I MADERO,H2,09:05,,,,
12/05/2026,PARRAS LIBRE,Salida,N,7,TACUBATA Y FRANCISCO I MADERO,H3,09:05,,,,
12/05/2026,PARRAS LIBRE,Salida,N,7,TACUBATA Y FRANCISCO I MADERO,H4,21:05,,,,
12/05/2026,PARRAS LIBRE,Salida,N,7,TACUBATA Y FRANCISCO I MADERO,H5,21:05,,,,
12/05/2026,PORVENIR - GENERAL CEPEDA,Entrada,A,1,PORVENIR,H1,03:45,,,,
12/05/2026,PORVENIR - GENERAL CEPEDA,Entrada,A,1,PORVENIR,H2,15:45,,,,
12/05/2026,PORVENIR - GENERAL CEPEDA,Entrada,A,1,PORVENIR,H3,19:15,,,,
12/05/2026,PORVENIR - GENERAL CEPEDA,Entrada,A,1,PORVENIR,H4,19:45,,,,
12/05/2026,PORVENIR - GENERAL CEPEDA,Entrada,A,2,GUELATAO,H1,03:50,,,,
12/05/2026,PORVENIR - GENERAL CEPEDA,Entrada,A,2,GUELATAO,H2,15:50,,,,
12/05/2026,PORVENIR - GENERAL CEPEDA,Entrada,A,2,GUELATAO,H3,19:20,,,,
12/05/2026,PORVENIR - GENERAL CEPEDA,Entrada,A,2,GUELATAO,H4,19:50,,,,
12/05/2026,PORVENIR - GENERAL CEPEDA,Entrada,A,3,BLVD; DIANA LAURA,H1,04:06,,,,
12/05/2026,PORVENIR - GENERAL CEPEDA,Entrada,A,3,BLVD; DIANA LAURA,H2,16:06,,,,
12/05/2026,PORVENIR - GENERAL CEPEDA,Entrada,A,3,BLVD; DIANA LAURA,H3,19:36,,,,
12/05/2026,PORVENIR - GENERAL CEPEDA,Entrada,A,3,BLVD; DIANA LAURA,H4,20:06,,,,
12/05/2026,PORVENIR - GENERAL CEPEDA,Entrada,A,4,MARIANO MATAMOROS,H1,04:09,,,,
12/05/2026,PORVENIR - GENERAL CEPEDA,Entrada,A,4,MARIANO MATAMOROS,H2,16:09,,,,
12/05/2026,PORVENIR - GENERAL CEPEDA,Entrada,A,4,MARIANO MATAMOROS,H3,19:39,,,,
12/05/2026,PORVENIR - GENERAL CEPEDA,Entrada,A,4,MARIANO MATAMOROS,H4,20:09,,,,
12/05/2026,PORVENIR - GENERAL CEPEDA,Entrada,A,5,LOS PRESIDENTES,H1,04:11,,,,
12/05/2026,PORVENIR - GENERAL CEPEDA,Entrada,A,5,LOS PRESIDENTES,H2,16:11,,,,
12/05/2026,PORVENIR - GENERAL CEPEDA,Entrada,A,5,LOS PRESIDENTES,H3,19:41,,,,
12/05/2026,PORVENIR - GENERAL CEPEDA,Entrada,A,5,LOS PRESIDENTES,H4,20:11,,,,
12/05/2026,PORVENIR - GENERAL CEPEDA,Entrada,A,6,MIGUEL HIDALGO,H1,04:16,,,,
12/05/2026,PORVENIR - GENERAL CEPEDA,Entrada,A,6,MIGUEL HIDALGO,H2,16:16,,,,
12/05/2026,PORVENIR - GENERAL CEPEDA,Entrada,A,6,MIGUEL HIDALGO,H3,19:46,,,,
12/05/2026,PORVENIR - GENERAL CEPEDA,Entrada,A,6,MIGUEL HIDALGO,H4,20:16,,,,
12/05/2026,PORVENIR - GENERAL CEPEDA,Entrada,A,7,BENITO JUAREZ,H1,04:19,,,,
12/05/2026,PORVENIR - GENERAL CEPEDA,Entrada,A,7,BENITO JUAREZ,H2,16:19,,,,
12/05/2026,PORVENIR - GENERAL CEPEDA,Entrada,A,7,BENITO JUAREZ,H3,19:49,,,,
12/05/2026,PORVENIR - GENERAL CEPEDA,Entrada,A,7,BENITO JUAREZ,H4,20:19,,,,
12/05/2026,PORVENIR - GENERAL CEPEDA,Entrada,A,8,SAN JOSE,H1,04:50,,,,
12/05/2026,PORVENIR - GENERAL CEPEDA,Entrada,A,8,SAN JOSE,H2,16:50,,,,
12/05/2026,PORVENIR - GENERAL CEPEDA,Entrada,A,8,SAN JOSE,H3,20:20,,,,
12/05/2026,PORVENIR - GENERAL CEPEDA,Entrada,A,8,SAN JOSE,H4,20:50,,,,
12/05/2026,PORVENIR - GENERAL CEPEDA,Entrada,A,9,RANCHO NUEVO,H1,05:00,,,,
12/05/2026,PORVENIR - GENERAL CEPEDA,Entrada,A,9,RANCHO NUEVO,H2,17:00,,,,
12/05/2026,PORVENIR - GENERAL CEPEDA,Entrada,A,9,RANCHO NUEVO,H3,20:30,,,,
12/05/2026,PORVENIR - GENERAL CEPEDA,Entrada,A,9,RANCHO NUEVO,H4,21:00,,,,
12/05/2026,PORVENIR - GENERAL CEPEDA,Entrada,A,10,SANTA TERESA,H1,05:06,,,,
12/05/2026,PORVENIR - GENERAL CEPEDA,Entrada,A,10,SANTA TERESA,H2,17:06,,,,
12/05/2026,PORVENIR - GENERAL CEPEDA,Entrada,A,10,SANTA TERESA,H3,20:36,,,,
12/05/2026,PORVENIR - GENERAL CEPEDA,Entrada,A,10,SANTA TERESA,H4,21:06,,,,
12/05/2026,PORVENIR - GENERAL CEPEDA,Entrada,A,11,CHAPULA,H1,05:15,,,,
12/05/2026,PORVENIR - GENERAL CEPEDA,Entrada,A,11,CHAPULA,H2,17:15,,,,
12/05/2026,PORVENIR - GENERAL CEPEDA,Entrada,A,11,CHAPULA,H3,20:45,,,,
12/05/2026,PORVENIR - GENERAL CEPEDA,Entrada,A,11,CHAPULA,H4,21:15,,,,
12/05/2026,PORVENIR - GENERAL CEPEDA,Entrada,A,12,DERRAMADERO,H1,05:20,,,,
12/05/2026,PORVENIR - GENERAL CEPEDA,Entrada,A,12,DERRAMADERO,H2,17:20,,,,
12/05/2026,PORVENIR - GENERAL CEPEDA,Entrada,A,12,DERRAMADERO,H3,20:50,,,,
12/05/2026,PORVENIR - GENERAL CEPEDA,Entrada,A,12,DERRAMADERO,H4,21:20,,,,
12/05/2026,PORVENIR - GENERAL CEPEDA,Entrada,A,13,SAN JUAN DE LA VAQUERIA,H1,05:28,,,,
12/05/2026,PORVENIR - GENERAL CEPEDA,Entrada,A,13,SAN JUAN DE LA VAQUERIA,H2,17:28,,,,
12/05/2026,PORVENIR - GENERAL CEPEDA,Entrada,A,13,SAN JUAN DE LA VAQUERIA,H3,20:58,,,,
12/05/2026,PORVENIR - GENERAL CEPEDA,Entrada,A,13,SAN JUAN DE LA VAQUERIA,H4,21:28,,,,
12/05/2026,PORVENIR - GENERAL CEPEDA,Entrada,A,14,METALSA,H1,05:50,05:46,4,1,0
12/05/2026,PORVENIR - GENERAL CEPEDA,Entrada,A,14,METALSA,H2,17:50,,,,
12/05/2026,PORVENIR - GENERAL CEPEDA,Entrada,A,14,METALSA,H3,21:20,,,,
12/05/2026,PORVENIR - GENERAL CEPEDA,Entrada,A,14,METALSA,H4,21:50,,,,
12/05/2026,PORVENIR - GENERAL CEPEDA,Salida,N,1,METALSA,H1,06:15,06:19,-4,1,0
12/05/2026,PORVENIR - GENERAL CEPEDA,Salida,N,1,METALSA,H2,15:30,,,,
12/05/2026,PORVENIR - GENERAL CEPEDA,Salida,N,1,METALSA,H3,18:15,18:18,-3,1,0
12/05/2026,PORVENIR - GENERAL CEPEDA,Salida,N,2,SAN JUAN DE LA VAQUERIA,H1,06:50,06:35,15,1,0
12/05/2026,PORVENIR - GENERAL CEPEDA,Salida,N,2,SAN JUAN DE LA VAQUERIA,H2,16:05,,,,
12/05/2026,PORVENIR - GENERAL CEPEDA,Salida,N,2,SAN JUAN DE LA VAQUERIA,H3,18:50,18:35,15,1,0
12/05/2026,PORVENIR - GENERAL CEPEDA,Salida,N,3,DERRAMADERO,H1,06:55,06:45,10,1,0
12/05/2026,PORVENIR - GENERAL CEPEDA,Salida,N,3,DERRAMADERO,H2,16:10,,,,
12/05/2026,PORVENIR - GENERAL CEPEDA,Salida,N,3,DERRAMADERO,H3,18:55,18:44,11,1,0
12/05/2026,PORVENIR - GENERAL CEPEDA,Salida,N,4,CHAPULA,H1,06:56,06:44,12,1,0
12/05/2026,PORVENIR - GENERAL CEPEDA,Salida,N,4,CHAPULA,H2,16:15,,,,
12/05/2026,PORVENIR - GENERAL CEPEDA,Salida,N,4,CHAPULA,H3,19:00,18:48,12,1,0
12/05/2026,PORVENIR - GENERAL CEPEDA,Salida,N,5,SANTA TERESA,H1,06:57,06:56,1,1,0
12/05/2026,PORVENIR - GENERAL CEPEDA,Salida,N,5,SANTA TERESA,H2,16:18,,,,
12/05/2026,PORVENIR - GENERAL CEPEDA,Salida,N,5,SANTA TERESA,H3,19:03,18:55,8,1,0
12/05/2026,PORVENIR - GENERAL CEPEDA,Salida,N,6,RANCHO NUEVO,H1,07:10,07:01,9,1,0
12/05/2026,PORVENIR - GENERAL CEPEDA,Salida,N,6,RANCHO NUEVO,H2,16:25,,,,
12/05/2026,PORVENIR - GENERAL CEPEDA,Salida,N,6,RANCHO NUEVO,H3,19:10,19:00,10,1,0
12/05/2026,PORVENIR - GENERAL CEPEDA,Salida,N,7,SAN JOSE,H1,07:11,,,,
12/05/2026,PORVENIR - GENERAL CEPEDA,Salida,N,7,SAN JOSE,H2,16:26,,,,
12/05/2026,PORVENIR - GENERAL CEPEDA,Salida,N,7,SAN JOSE,H3,19:11,19:11,0,1,0
12/05/2026,PORVENIR - GENERAL CEPEDA,Salida,N,8,BENITO JUAREZ,H1,07:12,,,,
12/05/2026,PORVENIR - GENERAL CEPEDA,Salida,N,8,BENITO JUAREZ,H2,16:27,,,,
12/05/2026,PORVENIR - GENERAL CEPEDA,Salida,N,8,BENITO JUAREZ,H3,19:12,,,,
12/05/2026,PORVENIR - GENERAL CEPEDA,Salida,N,9,MIGUEL HIDALGO,H1,07:13,07:30,-17,1,0
12/05/2026,PORVENIR - GENERAL CEPEDA,Salida,N,9,MIGUEL HIDALGO,H2,16:28,,,,
12/05/2026,PORVENIR - GENERAL CEPEDA,Salida,N,9,MIGUEL HIDALGO,H3,19:13,19:43,-30,1,0
12/05/2026,PORVENIR - GENERAL CEPEDA,Salida,N,10,LOS PRESIDENTES,H1,07:14,07:28,-14,1,0
12/05/2026,PORVENIR - GENERAL CEPEDA,Salida,N,10,LOS PRESIDENTES,H2,16:29,,,,
12/05/2026,PORVENIR - GENERAL CEPEDA,Salida,N,10,LOS PRESIDENTES,H3,19:14,19:42,-28,1,0
12/05/2026,PORVENIR - GENERAL CEPEDA,Salida,N,11,MARIANO MATAMOROS,H1,07:30,07:28,2,1,0
12/05/2026,PORVENIR - GENERAL CEPEDA,Salida,N,11,MARIANO MATAMOROS,H2,16:45,,,,
12/05/2026,PORVENIR - GENERAL CEPEDA,Salida,N,11,MARIANO MATAMOROS,H3,19:30,19:42,-12,1,0
12/05/2026,PORVENIR - GENERAL CEPEDA,Salida,N,12,BLVD; DIANA LAURA,H1,07:31,07:26,5,1,0
12/05/2026,PORVENIR - GENERAL CEPEDA,Salida,N,12,BLVD; DIANA LAURA,H2,16:46,,,,
12/05/2026,PORVENIR - GENERAL CEPEDA,Salida,N,12,BLVD; DIANA LAURA,H3,19:31,19:40,-9,1,0
12/05/2026,PORVENIR - GENERAL CEPEDA,Salida,N,13,GUELATAO,H1,07:40,07:44,-4,1,0
12/05/2026,PORVENIR - GENERAL CEPEDA,Salida,N,13,GUELATAO,H2,16:55,,,,
12/05/2026,PORVENIR - GENERAL CEPEDA,Salida,N,13,GUELATAO,H3,19:40,,,,
12/05/2026,PORVENIR - GENERAL CEPEDA,Salida,N,14,PORVENIR,H1,07:45,07:49,-4,1,0
12/05/2026,PORVENIR - GENERAL CEPEDA,Salida,N,14,PORVENIR,H2,17:00,,,,
12/05/2026,PORVENIR - GENERAL CEPEDA,Salida,N,14,PORVENIR,H3,19:45,,,,
12/05/2026,PUERTO MEXICO,Entrada,A,1,PUERTO MEXICO,H1,20:10,,,,
12/05/2026,PUERTO MEXICO,Entrada,A,1,PUERTO MEXICO,H2,04:40,,,,
12/05/2026,PUERTO MEXICO,Entrada,A,1,PUERTO MEXICO,H3,04:40,,,,
12/05/2026,PUERTO MEXICO,Entrada,A,1,PUERTO MEXICO,H4,16:40,,,,
12/05/2026,PUERTO MEXICO,Entrada,A,1,PUERTO MEXICO,H5,16:40,,,,
12/05/2026,PUERTO MEXICO,Entrada,A,1,PUERTO MEXICO,H6,20:40,,,,
12/05/2026,PUERTO MEXICO,Entrada,A,2,CUIJE,H1,20:22,,,,
12/05/2026,PUERTO MEXICO,Entrada,A,2,CUIJE,H2,04:52,,,,
12/05/2026,PUERTO MEXICO,Entrada,A,2,CUIJE,H3,04:52,,,,
12/05/2026,PUERTO MEXICO,Entrada,A,2,CUIJE,H4,16:52,,,,
12/05/2026,PUERTO MEXICO,Entrada,A,2,CUIJE,H5,16:52,,,,
12/05/2026,PUERTO MEXICO,Entrada,A,2,CUIJE,H6,20:52,,,,
12/05/2026,PUERTO MEXICO,Entrada,A,3,NAVIDAD,H1,20:32,,,,
12/05/2026,PUERTO MEXICO,Entrada,A,3,NAVIDAD,H2,05:02,,,,
12/05/2026,PUERTO MEXICO,Entrada,A,3,NAVIDAD,H3,05:02,,,,
12/05/2026,PUERTO MEXICO,Entrada,A,3,NAVIDAD,H4,17:02,,,,
12/05/2026,PUERTO MEXICO,Entrada,A,3,NAVIDAD,H5,17:02,,,,
12/05/2026,PUERTO MEXICO,Entrada,A,3,NAVIDAD,H6,21:02,,,,
12/05/2026,PUERTO MEXICO,Entrada,A,4,CHAPULTEPEC,H1,20:45,,,,
12/05/2026,PUERTO MEXICO,Entrada,A,4,CHAPULTEPEC,H2,05:15,,,,
12/05/2026,PUERTO MEXICO,Entrada,A,4,CHAPULTEPEC,H3,05:15,,,,
12/05/2026,PUERTO MEXICO,Entrada,A,4,CHAPULTEPEC,H4,17:15,,,,
12/05/2026,PUERTO MEXICO,Entrada,A,4,CHAPULTEPEC,H5,17:15,,,,
12/05/2026,PUERTO MEXICO,Entrada,A,4,CHAPULTEPEC,H6,21:15,,,,
12/05/2026,PUERTO MEXICO,Entrada,A,5,JAHUEY,H1,21:00,,,,
12/05/2026,PUERTO MEXICO,Entrada,A,5,JAHUEY,H2,05:30,,,,
12/05/2026,PUERTO MEXICO,Entrada,A,5,JAHUEY,H3,05:30,,,,
12/05/2026,PUERTO MEXICO,Entrada,A,5,JAHUEY,H4,17:30,,,,
12/05/2026,PUERTO MEXICO,Entrada,A,5,JAHUEY,H5,17:30,,,,
12/05/2026,PUERTO MEXICO,Entrada,A,5,JAHUEY,H6,21:30,,,,
12/05/2026,PUERTO MEXICO,Entrada,A,6,METALSA,H1,21:20,,,,
12/05/2026,PUERTO MEXICO,Entrada,A,6,METALSA,H2,05:50,,,,
12/05/2026,PUERTO MEXICO,Entrada,A,6,METALSA,H3,05:50,,,,
12/05/2026,PUERTO MEXICO,Entrada,A,6,METALSA,H4,17:50,,,,
12/05/2026,PUERTO MEXICO,Entrada,A,6,METALSA,H5,17:50,,,,
12/05/2026,PUERTO MEXICO,Entrada,A,6,METALSA,H6,21:50,,,,
12/05/2026,PUERTO MEXICO,Salida,A,1,METALSA,H1,15:30,,,,
12/05/2026,PUERTO MEXICO,Salida,A,1,METALSA,H2,06:15,,,,
12/05/2026,PUERTO MEXICO,Salida,A,1,METALSA,H3,06:15,,,,
12/05/2026,PUERTO MEXICO,Salida,A,1,METALSA,H4,18:15,,,,
12/05/2026,PUERTO MEXICO,Salida,A,1,METALSA,H5,18:15,,,,
12/05/2026,PUERTO MEXICO,Salida,A,2,JAHUEY,H1,15:50,,,,
12/05/2026,PUERTO MEXICO,Salida,A,2,JAHUEY,H2,06:35,,,,
12/05/2026,PUERTO MEXICO,Salida,A,2,JAHUEY,H3,06:35,,,,
12/05/2026,PUERTO MEXICO,Salida,A,2,JAHUEY,H4,18:35,,,,
12/05/2026,PUERTO MEXICO,Salida,A,2,JAHUEY,H5,18:35,,,,
12/05/2026,PUERTO MEXICO,Salida,A,3,CHAPULTEPEC,H1,16:05,,,,
12/05/2026,PUERTO MEXICO,Salida,A,3,CHAPULTEPEC,H2,06:50,,,,
12/05/2026,PUERTO MEXICO,Salida,A,3,CHAPULTEPEC,H3,06:50,,,,
12/05/2026,PUERTO MEXICO,Salida,A,3,CHAPULTEPEC,H4,18:50,,,,
12/05/2026,PUERTO MEXICO,Salida,A,3,CHAPULTEPEC,H5,18:50,,,,
12/05/2026,PUERTO MEXICO,Salida,A,4,NAVIDAD,H1,16:18,,,,
12/05/2026,PUERTO MEXICO,Salida,A,4,NAVIDAD,H2,07:03,,,,
12/05/2026,PUERTO MEXICO,Salida,A,4,NAVIDAD,H3,07:03,,,,
12/05/2026,PUERTO MEXICO,Salida,A,4,NAVIDAD,H4,19:03,,,,
12/05/2026,PUERTO MEXICO,Salida,A,4,NAVIDAD,H5,19:03,,,,
12/05/2026,PUERTO MEXICO,Salida,A,5,CUIJE,H1,16:28,,,,
12/05/2026,PUERTO MEXICO,Salida,A,5,CUIJE,H2,07:13,,,,
12/05/2026,PUERTO MEXICO,Salida,A,5,CUIJE,H3,07:13,,,,
12/05/2026,PUERTO MEXICO,Salida,A,5,CUIJE,H4,19:13,,,,
12/05/2026,PUERTO MEXICO,Salida,A,5,CUIJE,H5,19:13,,,,
12/05/2026,PUERTO MEXICO,Salida,A,6,PUERTO MEXICO,H1,16:40,,,,
12/05/2026,PUERTO MEXICO,Salida,A,6,PUERTO MEXICO,H2,07:25,,,,
12/05/2026,PUERTO MEXICO,Salida,A,6,PUERTO MEXICO,H3,07:25,,,,
12/05/2026,PUERTO MEXICO,Salida,A,6,PUERTO MEXICO,H4,19:25,,,,
12/05/2026,PUERTO MEXICO,Salida,A,6,PUERTO MEXICO,H5,19:25,,,,
12/05/2026,ROMA,Entrada,N,1,FCO. LAZACORTA Y JOSE MARIANO MICHELENA,H1,04:45,04:46,-1,1,0
12/05/2026,ROMA,Entrada,N,1,FCO. LAZACORTA Y JOSE MARIANO MICHELENA,H2,16:45,16:47,-2,1,0
12/05/2026,ROMA,Entrada,N,1,FCO. LAZACORTA Y JOSE MARIANO MICHELENA,H3,20:15,,,,
12/05/2026,ROMA,Entrada,N,1,FCO. LAZACORTA Y JOSE MARIANO MICHELENA,H4,20:45,,,,
12/05/2026,ROMA,Entrada,N,2,SIERRA DE LOS PINOS Y PRINCIPAL,H1,04:48,04:48,0,1,0
12/05/2026,ROMA,Entrada,N,2,SIERRA DE LOS PINOS Y PRINCIPAL,H2,16:48,16:48,0,1,0
12/05/2026,ROMA,Entrada,N,2,SIERRA DE LOS PINOS Y PRINCIPAL,H3,20:18,,,,
12/05/2026,ROMA,Entrada,N,2,SIERRA DE LOS PINOS Y PRINCIPAL,H4,20:48,,,,
12/05/2026,ROMA,Entrada,N,3,OSA MAYOR Y BUSTAMANTE,H1,04:53,04:54,-1,1,0
12/05/2026,ROMA,Entrada,N,3,OSA MAYOR Y BUSTAMANTE,H2,16:53,16:55,-2,1,0
12/05/2026,ROMA,Entrada,N,3,OSA MAYOR Y BUSTAMANTE,H3,20:23,,,,
12/05/2026,ROMA,Entrada,N,3,OSA MAYOR Y BUSTAMANTE,H4,20:53,,,,
12/05/2026,ROMA,Entrada,N,4,EUGENIO REYES Y PEDRO AMPUDIA,H1,05:01,05:06,-5,1,0
12/05/2026,ROMA,Entrada,N,4,EUGENIO REYES Y PEDRO AMPUDIA,H2,17:01,17:06,-5,1,0
12/05/2026,ROMA,Entrada,N,4,EUGENIO REYES Y PEDRO AMPUDIA,H3,20:31,,,,
12/05/2026,ROMA,Entrada,N,4,EUGENIO REYES Y PEDRO AMPUDIA,H4,21:01,,,,
12/05/2026,ROMA,Entrada,N,5,FELIPE BERRIOZABAL Y MARAVILLAS,H1,05:06,05:08,-2,1,0
12/05/2026,ROMA,Entrada,N,5,FELIPE BERRIOZABAL Y MARAVILLAS,H2,17:06,17:09,-3,1,0
12/05/2026,ROMA,Entrada,N,5,FELIPE BERRIOZABAL Y MARAVILLAS,H3,20:36,,,,
12/05/2026,ROMA,Entrada,N,5,FELIPE BERRIOZABAL Y MARAVILLAS,H4,21:06,,,,
12/05/2026,ROMA,Entrada,N,6,FCO I MADERO Y CALZ ANTONIO NARRO,H1,05:15,05:20,-5,1,0
12/05/2026,ROMA,Entrada,N,6,FCO I MADERO Y CALZ ANTONIO NARRO,H2,17:15,17:19,-4,1,0
12/05/2026,ROMA,Entrada,N,6,FCO I MADERO Y CALZ ANTONIO NARRO,H3,20:45,,,,
12/05/2026,ROMA,Entrada,N,6,FCO I MADERO Y CALZ ANTONIO NARRO,H4,21:15,,,,
12/05/2026,ROMA,Entrada,N,7,CARR. SALTILLO-ZACATECAS,H1,05:20,05:31,-11,1,0
12/05/2026,ROMA,Entrada,N,7,CARR. SALTILLO-ZACATECAS,H2,17:20,17:25,-5,1,0
12/05/2026,ROMA,Entrada,N,7,CARR. SALTILLO-ZACATECAS,H3,20:50,,,,
12/05/2026,ROMA,Entrada,N,7,CARR. SALTILLO-ZACATECAS,H4,21:20,,,,
12/05/2026,ROMA,Entrada,N,8,METALSA,H1,05:50,05:50,0,1,0
12/05/2026,ROMA,Entrada,N,8,METALSA,H2,17:50,17:39,11,1,0
12/05/2026,ROMA,Entrada,N,8,METALSA,H3,21:20,,,,
12/05/2026,ROMA,Entrada,N,8,METALSA,H4,21:50,,,,
12/05/2026,ROMA,Salida,N,1,METALSA,H1,06:15,06:17,-2,1,0
12/05/2026,ROMA,Salida,N,1,METALSA,H2,15:30,,,,
12/05/2026,ROMA,Salida,N,1,METALSA,H3,18:15,18:17,-2,1,0
12/05/2026,ROMA,Salida,N,2,CARR. SALTILLO-ZACATECAS,H1,06:45,06:33,12,1,0
12/05/2026,ROMA,Salida,N,2,CARR. SALTILLO-ZACATECAS,H2,16:00,,,,
12/05/2026,ROMA,Salida,N,2,CARR. SALTILLO-ZACATECAS,H3,18:45,18:41,4,1,0
12/05/2026,ROMA,Salida,N,3,FCO I MADERO Y CALZ ANTONIO NARRO,H1,06:50,06:39,11,1,0
12/05/2026,ROMA,Salida,N,3,FCO I MADERO Y CALZ ANTONIO NARRO,H2,16:05,,,,
12/05/2026,ROMA,Salida,N,3,FCO I MADERO Y CALZ ANTONIO NARRO,H3,18:50,18:49,1,1,0
12/05/2026,ROMA,Salida,N,4,FELIPE BERRIOZABAL Y MARAVILLAS,H1,06:59,06:51,8,1,0
12/05/2026,ROMA,Salida,N,4,FELIPE BERRIOZABAL Y MARAVILLAS,H2,16:14,,,,
12/05/2026,ROMA,Salida,N,4,FELIPE BERRIOZABAL Y MARAVILLAS,H3,18:59,18:59,0,1,0
12/05/2026,ROMA,Salida,N,5,EUGENIO REYES Y PEDRO AMPUDIA,H1,07:04,06:54,10,1,0
12/05/2026,ROMA,Salida,N,5,EUGENIO REYES Y PEDRO AMPUDIA,H2,16:19,,,,
12/05/2026,ROMA,Salida,N,5,EUGENIO REYES Y PEDRO AMPUDIA,H3,19:04,19:01,3,1,0
12/05/2026,ROMA,Salida,N,6,OSA MAYOR Y BUSTAMANTE,H1,07:12,07:03,9,1,0
12/05/2026,ROMA,Salida,N,6,OSA MAYOR Y BUSTAMANTE,H2,16:27,,,,
12/05/2026,ROMA,Salida,N,6,OSA MAYOR Y BUSTAMANTE,H3,19:12,19:10,2,1,0
12/05/2026,ROMA,Salida,N,7,SIERRA DE LOS PINOS Y PRINCIPAL,H1,07:17,,,,
12/05/2026,ROMA,Salida,N,7,SIERRA DE LOS PINOS Y PRINCIPAL,H2,16:32,,,,
12/05/2026,ROMA,Salida,N,7,SIERRA DE LOS PINOS Y PRINCIPAL,H3,19:17,,,,
12/05/2026,ROMA,Salida,N,8,FCO. LAZACORTA Y JOSE MARIANO MICHELENA,H1,07:20,07:07,13,1,0
12/05/2026,ROMA,Salida,N,8,FCO. LAZACORTA Y JOSE MARIANO MICHELENA,H2,16:35,,,,
12/05/2026,ROMA,Salida,N,8,FCO. LAZACORTA Y JOSE MARIANO MICHELENA,H3,19:20,19:18,2,1,0
12/05/2026,SALTILLO 2000,Entrada,N,1,PALACIO DE JUSTICIA,H1,04:30,04:32,-2,1,0
12/05/2026,SALTILLO 2000,Entrada,N,1,PALACIO DE JUSTICIA,H2,16:30,16:32,-2,1,0
12/05/2026,SALTILLO 2000,Entrada,N,1,PALACIO DE JUSTICIA,H3,20:00,,,,
12/05/2026,SALTILLO 2000,Entrada,N,1,PALACIO DE JUSTICIA,H4,20:30,,,,
12/05/2026,SALTILLO 2000,Entrada,N,2,ROTONDA SALTILLO 2000,H1,04:35,04:35,0,1,0
12/05/2026,SALTILLO 2000,Entrada,N,2,ROTONDA SALTILLO 2000,H2,16:35,16:35,0,1,0
12/05/2026,SALTILLO 2000,Entrada,N,2,ROTONDA SALTILLO 2000,H3,20:05,,,,
12/05/2026,SALTILLO 2000,Entrada,N,2,ROTONDA SALTILLO 2000,H4,20:35,,,,
12/05/2026,SALTILLO 2000,Entrada,N,3,CUQUITA DE CEPEDA DAVILA  (OXXO),H1,04:45,04:42,3,1,0
12/05/2026,SALTILLO 2000,Entrada,N,3,CUQUITA DE CEPEDA DAVILA  (OXXO),H2,16:45,16:46,-1,1,0
12/05/2026,SALTILLO 2000,Entrada,N,3,CUQUITA DE CEPEDA DAVILA  (OXXO),H3,20:15,,,,
12/05/2026,SALTILLO 2000,Entrada,N,3,CUQUITA DE CEPEDA DAVILA  (OXXO),H4,20:45,,,,
12/05/2026,SALTILLO 2000,Entrada,N,4,FCO I MADERO Y  PEDRO AMPUDIA,H1,04:50,04:51,-1,1,0
12/05/2026,SALTILLO 2000,Entrada,N,4,FCO I MADERO Y  PEDRO AMPUDIA,H2,16:50,16:57,-7,1,0
12/05/2026,SALTILLO 2000,Entrada,N,4,FCO I MADERO Y  PEDRO AMPUDIA,H3,20:20,,,,
12/05/2026,SALTILLO 2000,Entrada,N,4,FCO I MADERO Y  PEDRO AMPUDIA,H4,20:50,,,,
12/05/2026,SALTILLO 2000,Entrada,N,5,PERIF. L.E.A. Y CALZ. ANTONIO NARRO,H1,05:08,05:03,5,1,0
12/05/2026,SALTILLO 2000,Entrada,N,5,PERIF. L.E.A. Y CALZ. ANTONIO NARRO,H2,17:08,17:13,-5,1,0
12/05/2026,SALTILLO 2000,Entrada,N,5,PERIF. L.E.A. Y CALZ. ANTONIO NARRO,H3,20:38,,,,
12/05/2026,SALTILLO 2000,Entrada,N,5,PERIF. L.E.A. Y CALZ. ANTONIO NARRO,H4,21:08,,,,
12/05/2026,SALTILLO 2000,Entrada,N,6,BLVD. HACIENDA NARRO,H1,05:20,05:17,3,1,0
12/05/2026,SALTILLO 2000,Entrada,N,6,BLVD. HACIENDA NARRO,H2,17:20,17:26,-6,1,0
12/05/2026,SALTILLO 2000,Entrada,N,6,BLVD. HACIENDA NARRO,H3,20:50,,,,
12/05/2026,SALTILLO 2000,Entrada,N,6,BLVD. HACIENDA NARRO,H4,21:20,,,,
12/05/2026,SALTILLO 2000,Entrada,N,7,METALSA,H1,05:50,05:47,3,1,0
12/05/2026,SALTILLO 2000,Entrada,N,7,METALSA,H2,17:50,17:45,5,1,0
12/05/2026,SALTILLO 2000,Entrada,N,7,METALSA,H3,21:20,,,,
12/05/2026,SALTILLO 2000,Entrada,N,7,METALSA,H4,21:50,,,,
12/05/2026,SALTILLO 2000,Salida,N,1,METALSA,H1,06:15,06:15,0,1,0
12/05/2026,SALTILLO 2000,Salida,N,1,METALSA,H2,15:30,,,,
12/05/2026,SALTILLO 2000,Salida,N,1,METALSA,H3,18:15,18:16,-1,1,0
12/05/2026,SALTILLO 2000,Salida,N,2,BLVD. HACIENDA NARRO,H1,06:45,06:36,9,1,0
12/05/2026,SALTILLO 2000,Salida,N,2,BLVD. HACIENDA NARRO,H2,16:00,,,,
12/05/2026,SALTILLO 2000,Salida,N,2,BLVD. HACIENDA NARRO,H3,18:45,18:48,-3,1,0
12/05/2026,SALTILLO 2000,Salida,N,3,PERIF. L.E.A. Y CALZ. ANTONIO NARRO,H1,06:57,06:51,6,1,0
12/05/2026,SALTILLO 2000,Salida,N,3,PERIF. L.E.A. Y CALZ. ANTONIO NARRO,H2,16:12,,,,
12/05/2026,SALTILLO 2000,Salida,N,3,PERIF. L.E.A. Y CALZ. ANTONIO NARRO,H3,18:57,19:00,-3,1,0
12/05/2026,SALTILLO 2000,Salida,N,4,FCO I MADERO Y  PEDRO AMPUDIA,H1,07:15,07:03,12,1,0
12/05/2026,SALTILLO 2000,Salida,N,4,FCO I MADERO Y  PEDRO AMPUDIA,H2,16:30,,,,
12/05/2026,SALTILLO 2000,Salida,N,4,FCO I MADERO Y  PEDRO AMPUDIA,H3,19:15,19:18,-3,1,0
12/05/2026,SALTILLO 2000,Salida,N,5,CUQUITA DE CEPEDA DAVILA  (OXXO),H1,07:20,07:12,8,1,0
12/05/2026,SALTILLO 2000,Salida,N,5,CUQUITA DE CEPEDA DAVILA  (OXXO),H2,16:35,,,,
12/05/2026,SALTILLO 2000,Salida,N,5,CUQUITA DE CEPEDA DAVILA  (OXXO),H3,19:20,19:28,-8,1,0
12/05/2026,SALTILLO 2000,Salida,N,6,ROTONDA SALTILLO 2000,H1,07:30,,,,
12/05/2026,SALTILLO 2000,Salida,N,6,ROTONDA SALTILLO 2000,H2,16:45,,,,
12/05/2026,SALTILLO 2000,Salida,N,6,ROTONDA SALTILLO 2000,H3,19:30,,,,
12/05/2026,SALTILLO 2000,Salida,N,7,PALACIO DE JUSTICIA,H1,07:35,,,,
12/05/2026,SALTILLO 2000,Salida,N,7,PALACIO DE JUSTICIA,H2,16:50,,,,
12/05/2026,SALTILLO 2000,Salida,N,7,PALACIO DE JUSTICIA,H3,19:35,,,,
12/05/2026,SAN FRANCISCO,Entrada,A,1,LA CUCHILLA,H1,19:35,,,,
12/05/2026,SAN FRANCISCO,Entrada,A,1,LA CUCHILLA,H2,04:05,,,,
12/05/2026,SAN FRANCISCO,Entrada,A,1,LA CUCHILLA,H3,16:05,,,,
12/05/2026,SAN FRANCISCO,Entrada,A,1,LA CUCHILLA,H4,20:05,,,,
12/05/2026,SAN FRANCISCO,Entrada,A,2,SAN JUAN RETIRO,H1,19:44,,,,
12/05/2026,SAN FRANCISCO,Entrada,A,2,SAN JUAN RETIRO,H2,04:14,,,,
12/05/2026,SAN FRANCISCO,Entrada,A,2,SAN JUAN RETIRO,H3,16:14,,,,
12/05/2026,SAN FRANCISCO,Entrada,A,2,SAN JUAN RETIRO,H4,20:14,,,,
12/05/2026,SAN FRANCISCO,Entrada,A,3,NUEVO GOMEZ,H1,19:54,,,,
12/05/2026,SAN FRANCISCO,Entrada,A,3,NUEVO GOMEZ,H2,04:24,,,,
12/05/2026,SAN FRANCISCO,Entrada,A,3,NUEVO GOMEZ,H3,16:24,,,,
12/05/2026,SAN FRANCISCO,Entrada,A,3,NUEVO GOMEZ,H4,20:24,,,,
12/05/2026,SAN FRANCISCO,Entrada,A,4,SAN FRANCISCO,H1,20:06,,,,
12/05/2026,SAN FRANCISCO,Entrada,A,4,SAN FRANCISCO,H2,04:36,,,,
12/05/2026,SAN FRANCISCO,Entrada,A,4,SAN FRANCISCO,H3,16:36,,,,
12/05/2026,SAN FRANCISCO,Entrada,A,4,SAN FRANCISCO,H4,20:36,,,,
12/05/2026,SAN FRANCISCO,Entrada,A,5,MANGAS,H1,20:16,,,,
12/05/2026,SAN FRANCISCO,Entrada,A,5,MANGAS,H2,04:46,,,,
12/05/2026,SAN FRANCISCO,Entrada,A,5,MANGAS,H3,16:46,,,,
12/05/2026,SAN FRANCISCO,Entrada,A,5,MANGAS,H4,20:46,,,,
12/05/2026,SAN FRANCISCO,Entrada,A,6,COLONIAS,H1,20:52,,,,
12/05/2026,SAN FRANCISCO,Entrada,A,6,COLONIAS,H2,05:22,,,,
12/05/2026,SAN FRANCISCO,Entrada,A,6,COLONIAS,H3,17:22,,,,
12/05/2026,SAN FRANCISCO,Entrada,A,6,COLONIAS,H4,21:22,,,,
12/05/2026,SAN FRANCISCO,Entrada,A,7,AGUA NUEVA,H1,21:00,,,,
12/05/2026,SAN FRANCISCO,Entrada,A,7,AGUA NUEVA,H2,05:30,,,,
12/05/2026,SAN FRANCISCO,Entrada,A,7,AGUA NUEVA,H3,17:30,,,,
12/05/2026,SAN FRANCISCO,Entrada,A,7,AGUA NUEVA,H4,21:25,,,,
12/05/2026,SAN FRANCISCO,Entrada,A,8,METALSA,H1,21:20,,,,
12/05/2026,SAN FRANCISCO,Entrada,A,8,METALSA,H2,05:50,,,,
12/05/2026,SAN FRANCISCO,Entrada,A,8,METALSA,H3,17:50,,,,
12/05/2026,SAN FRANCISCO,Entrada,A,8,METALSA,H4,21:50,,,,
12/05/2026,SAN FRANCISCO,Salida,N,1,METALSA,H1,15:30,,,,
12/05/2026,SAN FRANCISCO,Salida,N,1,METALSA,H2,18:15,18:18,-3,1,0
12/05/2026,SAN FRANCISCO,Salida,N,1,METALSA,H3,06:15,06:28,-13,1,0
12/05/2026,SAN FRANCISCO,Salida,N,2,AGUA NUEVA,H1,15:59,,,,
12/05/2026,SAN FRANCISCO,Salida,N,2,AGUA NUEVA,H2,18:44,18:27,17,1,0
12/05/2026,SAN FRANCISCO,Salida,N,2,AGUA NUEVA,H3,06:44,06:38,6,1,0
12/05/2026,SAN FRANCISCO,Salida,N,3,COLONIAS,H1,16:10,,,,
12/05/2026,SAN FRANCISCO,Salida,N,3,COLONIAS,H2,18:55,18:42,13,1,0
12/05/2026,SAN FRANCISCO,Salida,N,3,COLONIAS,H3,06:55,06:52,3,1,0
12/05/2026,SAN FRANCISCO,Salida,N,4,MANGAS,H1,16:34,,,,
12/05/2026,SAN FRANCISCO,Salida,N,4,MANGAS,H2,19:19,19:07,12,1,0
12/05/2026,SAN FRANCISCO,Salida,N,4,MANGAS,H3,07:19,,,,
12/05/2026,SAN FRANCISCO,Salida,N,5,SAN FRANCISCO,H1,16:46,,,,
12/05/2026,SAN FRANCISCO,Salida,N,5,SAN FRANCISCO,H2,19:31,19:18,13,1,0
12/05/2026,SAN FRANCISCO,Salida,N,5,SAN FRANCISCO,H3,07:31,07:14,17,1,0
12/05/2026,SAN FRANCISCO,Salida,N,6,NUEVO GOMEZ,H1,16:56,,,,
12/05/2026,SAN FRANCISCO,Salida,N,6,NUEVO GOMEZ,H2,19:41,,,,
12/05/2026,SAN FRANCISCO,Salida,N,6,NUEVO GOMEZ,H3,07:41,,,,
12/05/2026,SAN FRANCISCO,Salida,N,7,SAN JUAN RETIRO,H1,17:06,,,,
12/05/2026,SAN FRANCISCO,Salida,N,7,SAN JUAN RETIRO,H2,19:51,,,,
12/05/2026,SAN FRANCISCO,Salida,N,7,SAN JUAN RETIRO,H3,07:51,07:32,19,1,0
12/05/2026,SAN FRANCISCO,Salida,N,8,LA CUCHILLA,H1,17:15,,,,
12/05/2026,SAN FRANCISCO,Salida,N,8,LA CUCHILLA,H2,20:00,19:34,26,1,0
12/05/2026,SAN FRANCISCO,Salida,N,8,LA CUCHILLA,H3,08:00,,,,
12/05/2026,SAN MIGUEL,Entrada,A,1,SAN MIGUEL,H1,19:50,,,,
12/05/2026,SAN MIGUEL,Entrada,A,1,SAN MIGUEL,H2,04:20,,,,
12/05/2026,SAN MIGUEL,Entrada,A,1,SAN MIGUEL,H3,16:20,,,,
12/05/2026,SAN MIGUEL,Entrada,A,1,SAN MIGUEL,H4,20:20,,,,
12/05/2026,SAN MIGUEL,Entrada,A,2,ZACATERA,H1,19:53,,,,
12/05/2026,SAN MIGUEL,Entrada,A,2,ZACATERA,H2,04:23,,,,
12/05/2026,SAN MIGUEL,Entrada,A,2,ZACATERA,H3,16:23,,,,
12/05/2026,SAN MIGUEL,Entrada,A,2,ZACATERA,H4,20:23,,,,
12/05/2026,SAN MIGUEL,Entrada,A,3,GOMEZ FARIAS,H1,20:00,,,,
12/05/2026,SAN MIGUEL,Entrada,A,3,GOMEZ FARIAS,H2,04:30,,,,
12/05/2026,SAN MIGUEL,Entrada,A,3,GOMEZ FARIAS,H3,16:30,,,,
12/05/2026,SAN MIGUEL,Entrada,A,3,GOMEZ FARIAS,H4,20:30,,,,
12/05/2026,SAN MIGUEL,Entrada,A,4,GUADALUPE VICTORIA,H1,20:25,,,,
12/05/2026,SAN MIGUEL,Entrada,A,4,GUADALUPE VICTORIA,H2,04:55,,,,
12/05/2026,SAN MIGUEL,Entrada,A,4,GUADALUPE VICTORIA,H3,16:55,,,,
12/05/2026,SAN MIGUEL,Entrada,A,4,GUADALUPE VICTORIA,H4,20:55,,,,
12/05/2026,SAN MIGUEL,Entrada,A,5,COLONIAS,H1,20:35,,,,
12/05/2026,SAN MIGUEL,Entrada,A,5,COLONIAS,H2,05:05,,,,
12/05/2026,SAN MIGUEL,Entrada,A,5,COLONIAS,H3,17:05,,,,
12/05/2026,SAN MIGUEL,Entrada,A,5,COLONIAS,H4,21:05,,,,
12/05/2026,SAN MIGUEL,Entrada,A,6,AGUA NUEVA,H1,20:50,,,,
12/05/2026,SAN MIGUEL,Entrada,A,6,AGUA NUEVA,H2,05:20,,,,
12/05/2026,SAN MIGUEL,Entrada,A,6,AGUA NUEVA,H3,17:20,,,,
12/05/2026,SAN MIGUEL,Entrada,A,6,AGUA NUEVA,H4,21:20,,,,
12/05/2026,SAN MIGUEL,Entrada,A,7,METALSA,H1,21:20,,,,
12/05/2026,SAN MIGUEL,Entrada,A,7,METALSA,H2,05:50,,,,
12/05/2026,SAN MIGUEL,Entrada,A,7,METALSA,H3,17:50,,,,
12/05/2026,SAN MIGUEL,Entrada,A,7,METALSA,H4,21:50,,,,
12/05/2026,SAN MIGUEL,Salida,N,1,METALSA,H1,15:30,,,,
12/05/2026,SAN MIGUEL,Salida,N,1,METALSA,H2,06:15,,,,
12/05/2026,SAN MIGUEL,Salida,N,1,METALSA,H3,18:15,,,,
12/05/2026,SAN MIGUEL,Salida,N,2,AGUA NUEVA,H1,16:10,,,,
12/05/2026,SAN MIGUEL,Salida,N,2,AGUA NUEVA,H2,06:55,,,,
12/05/2026,SAN MIGUEL,Salida,N,2,AGUA NUEVA,H3,18:55,,,,
12/05/2026,SAN MIGUEL,Salida,N,3,COLONIAS,H1,16:20,,,,
12/05/2026,SAN MIGUEL,Salida,N,3,COLONIAS,H2,07:05,,,,
12/05/2026,SAN MIGUEL,Salida,N,3,COLONIAS,H3,19:05,,,,
12/05/2026,SAN MIGUEL,Salida,N,4,GUADALUPE VICTORIA,H1,16:30,,,,
12/05/2026,SAN MIGUEL,Salida,N,4,GUADALUPE VICTORIA,H2,07:15,,,,
12/05/2026,SAN MIGUEL,Salida,N,4,GUADALUPE VICTORIA,H3,19:15,,,,
12/05/2026,SAN MIGUEL,Salida,N,5,GOMEZ FARIAS,H1,17:05,,,,
12/05/2026,SAN MIGUEL,Salida,N,5,GOMEZ FARIAS,H2,07:50,,,,
12/05/2026,SAN MIGUEL,Salida,N,5,GOMEZ FARIAS,H3,19:50,,,,
12/05/2026,SAN MIGUEL,Salida,N,6,SAN MIGUEL,H1,17:30,,,,
12/05/2026,SAN MIGUEL,Salida,N,6,SAN MIGUEL,H2,08:15,,,,
12/05/2026,SAN MIGUEL,Salida,N,6,SAN MIGUEL,H3,20:15,,,,
12/05/2026,SAN MIGUEL,Salida,N,7,ZACATERA,H1,18:05,,,,
12/05/2026,SAN MIGUEL,Salida,N,7,ZACATERA,H2,08:45,,,,
12/05/2026,SAN MIGUEL,Salida,N,7,ZACATERA,H3,20:45,,,,
12/05/2026,SANTA MARIA - SAN RAFAEL,Entrada,N,1,SAN JOSE ALAMITO,H1,19:00,,,,
12/05/2026,SANTA MARIA - SAN RAFAEL,Entrada,N,1,SAN JOSE ALAMITO,H2,03:30,03:59,-29,1,0
12/05/2026,SANTA MARIA - SAN RAFAEL,Entrada,N,1,SAN JOSE ALAMITO,H3,15:30,16:00,-30,1,0
12/05/2026,SANTA MARIA - SAN RAFAEL,Entrada,N,1,SAN JOSE ALAMITO,H4,19:30,,,,
12/05/2026,SANTA MARIA - SAN RAFAEL,Entrada,N,2,LA HEDIONDA,H1,19:25,,,,
12/05/2026,SANTA MARIA - SAN RAFAEL,Entrada,N,2,LA HEDIONDA,H2,03:55,04:01,-6,1,0
12/05/2026,SANTA MARIA - SAN RAFAEL,Entrada,N,2,LA HEDIONDA,H3,15:55,16:03,-8,1,0
12/05/2026,SANTA MARIA - SAN RAFAEL,Entrada,N,2,LA HEDIONDA,H4,19:55,,,,
12/05/2026,SANTA MARIA - SAN RAFAEL,Entrada,N,3,LA CONCHA,H1,19:40,,,,
12/05/2026,SANTA MARIA - SAN RAFAEL,Entrada,N,3,LA CONCHA,H2,04:10,04:14,-4,1,0
12/05/2026,SANTA MARIA - SAN RAFAEL,Entrada,N,3,LA CONCHA,H3,16:10,,,,
12/05/2026,SANTA MARIA - SAN RAFAEL,Entrada,N,3,LA CONCHA,H4,20:10,,,,
12/05/2026,SANTA MARIA - SAN RAFAEL,Entrada,N,4,STA MARIA DE RAMOS,H1,19:50,,,,
12/05/2026,SANTA MARIA - SAN RAFAEL,Entrada,N,4,STA MARIA DE RAMOS,H2,04:20,04:20,0,1,0
12/05/2026,SANTA MARIA - SAN RAFAEL,Entrada,N,4,STA MARIA DE RAMOS,H3,16:20,16:18,2,1,0
12/05/2026,SANTA MARIA - SAN RAFAEL,Entrada,N,4,STA MARIA DE RAMOS,H4,20:20,,,,
12/05/2026,SANTA MARIA - SAN RAFAEL,Entrada,N,5,SAN RAFAEL,H1,20:05,,,,
12/05/2026,SANTA MARIA - SAN RAFAEL,Entrada,N,5,SAN RAFAEL,H2,04:35,04:31,4,1,0
12/05/2026,SANTA MARIA - SAN RAFAEL,Entrada,N,5,SAN RAFAEL,H3,16:35,16:27,8,1,0
12/05/2026,SANTA MARIA - SAN RAFAEL,Entrada,N,5,SAN RAFAEL,H4,20:35,,,,
12/05/2026,SANTA MARIA - SAN RAFAEL,Entrada,N,6,NAVIDAD,H1,20:10,,,,
12/05/2026,SANTA MARIA - SAN RAFAEL,Entrada,N,6,NAVIDAD,H2,04:40,,,,
12/05/2026,SANTA MARIA - SAN RAFAEL,Entrada,N,6,NAVIDAD,H3,16:40,16:42,-2,1,0
12/05/2026,SANTA MARIA - SAN RAFAEL,Entrada,N,6,NAVIDAD,H4,20:40,,,,
12/05/2026,SANTA MARIA - SAN RAFAEL,Entrada,N,7,ENTRONQUE HUACHICHIL,H1,20:40,,,,
12/05/2026,SANTA MARIA - SAN RAFAEL,Entrada,N,7,ENTRONQUE HUACHICHIL,H2,05:10,05:08,2,1,0
12/05/2026,SANTA MARIA - SAN RAFAEL,Entrada,N,7,ENTRONQUE HUACHICHIL,H3,17:10,17:05,5,1,0
12/05/2026,SANTA MARIA - SAN RAFAEL,Entrada,N,7,ENTRONQUE HUACHICHIL,H4,21:10,,,,
12/05/2026,SANTA MARIA - SAN RAFAEL,Entrada,N,8,METALSA,H1,21:20,,,,
12/05/2026,SANTA MARIA - SAN RAFAEL,Entrada,N,8,METALSA,H2,05:50,05:39,11,1,0
12/05/2026,SANTA MARIA - SAN RAFAEL,Entrada,N,8,METALSA,H3,17:50,17:36,14,1,0
12/05/2026,SANTA MARIA - SAN RAFAEL,Entrada,N,8,METALSA,H4,21:50,,,,
12/05/2026,SANTA MARIA - SAN RAFAEL,Salida,N,1,METALSA,H1,15:30,,,,
12/05/2026,SANTA MARIA - SAN RAFAEL,Salida,N,1,METALSA,H2,06:15,06:15,0,1,0
12/05/2026,SANTA MARIA - SAN RAFAEL,Salida,N,1,METALSA,H3,18:15,18:13,2,1,0
12/05/2026,SANTA MARIA - SAN RAFAEL,Salida,N,2,ENTRONQUE HUACHICHIL,H1,15:31,,,,
12/05/2026,SANTA MARIA - SAN RAFAEL,Salida,N,2,ENTRONQUE HUACHICHIL,H2,06:16,,,,
12/05/2026,SANTA MARIA - SAN RAFAEL,Salida,N,2,ENTRONQUE HUACHICHIL,H3,18:16,,,,
12/05/2026,SANTA MARIA - SAN RAFAEL,Salida,N,3,NAVIDAD,H1,15:32,,,,
12/05/2026,SANTA MARIA - SAN RAFAEL,Salida,N,3,NAVIDAD,H2,06:17,07:19,-62,1,0
12/05/2026,SANTA MARIA - SAN RAFAEL,Salida,N,3,NAVIDAD,H3,18:17,19:07,-50,1,0
12/05/2026,SANTA MARIA - SAN RAFAEL,Salida,N,4,SAN RAFAEL,H1,15:33,,,,
12/05/2026,SANTA MARIA - SAN RAFAEL,Salida,N,4,SAN RAFAEL,H2,06:18,,,,
12/05/2026,SANTA MARIA - SAN RAFAEL,Salida,N,4,SAN RAFAEL,H3,18:18,,,,
12/05/2026,SANTA MARIA - SAN RAFAEL,Salida,N,5,STA MARIA DE RAMOS,H1,16:50,,,,
12/05/2026,SANTA MARIA - SAN RAFAEL,Salida,N,5,STA MARIA DE RAMOS,H2,07:35,07:38,-3,1,0
12/05/2026,SANTA MARIA - SAN RAFAEL,Salida,N,5,STA MARIA DE RAMOS,H3,19:35,19:24,11,1,0
12/05/2026,SANTA MARIA - SAN RAFAEL,Salida,N,6,LA CONCHA,H1,16:55,,,,
12/05/2026,SANTA MARIA - SAN RAFAEL,Salida,N,6,LA CONCHA,H2,07:45,,,,
12/05/2026,SANTA MARIA - SAN RAFAEL,Salida,N,6,LA CONCHA,H3,19:40,19:29,11,1,0
12/05/2026,SANTA MARIA - SAN RAFAEL,Salida,N,7,LA HEDIONDA,H1,17:30,,,,
12/05/2026,SANTA MARIA - SAN RAFAEL,Salida,N,7,LA HEDIONDA,H2,08:00,,,,
12/05/2026,SANTA MARIA - SAN RAFAEL,Salida,N,7,LA HEDIONDA,H3,20:15,19:41,34,1,0
12/05/2026,SANTA MARIA - SAN RAFAEL,Salida,N,8,SAN JOSE ALAMITO,H1,17:55,,,,
12/05/2026,SANTA MARIA - SAN RAFAEL,Salida,N,8,SAN JOSE ALAMITO,H2,08:25,,,,
12/05/2026,SANTA MARIA - SAN RAFAEL,Salida,N,8,SAN JOSE ALAMITO,H3,20:35,19:58,37,1,0
12/05/2026,SECUENCIADOS,Entrada,A,1,CARR. SALTILLO-ZACATECAS,H1,05:45,,,,
12/05/2026,SECUENCIADOS,Entrada,A,1,CARR. SALTILLO-ZACATECAS,H2,17:45,,,,
12/05/2026,SECUENCIADOS,Entrada,A,1,CARR. SALTILLO-ZACATECAS,H3,21:15,,,,
12/05/2026,SECUENCIADOS,Entrada,A,1,CARR. SALTILLO-ZACATECAS,H4,21:45,,,,
12/05/2026,SECUENCIADOS,Entrada,A,2,METALSA,H1,05:50,,,,
12/05/2026,SECUENCIADOS,Entrada,A,2,METALSA,H2,17:50,,,,
12/05/2026,SECUENCIADOS,Entrada,A,2,METALSA,H3,21:20,,,,
12/05/2026,SECUENCIADOS,Entrada,A,2,METALSA,H4,21:50,,,,
12/05/2026,SECUENCIADOS,Salida,A,1,METALSA,H1,05:50,,,,
12/05/2026,SECUENCIADOS,Salida,A,1,METALSA,H2,17:50,,,,
12/05/2026,SECUENCIADOS,Salida,A,1,METALSA,H3,21:20,,,,
12/05/2026,SECUENCIADOS,Salida,A,2,CARR. SALTILLO-ZACATECAS,H1,05:45,,,,
12/05/2026,SECUENCIADOS,Salida,A,2,CARR. SALTILLO-ZACATECAS,H2,17:45,,,,
12/05/2026,SECUENCIADOS,Salida,A,2,CARR. SALTILLO-ZACATECAS,H3,21:15,,,,
12/05/2026,TANQUE DEL CERRO - LA VENTURA,Entrada,A,1,TANQUE DEL CERRO,H1,19:15,,,,
12/05/2026,TANQUE DEL CERRO - LA VENTURA,Entrada,A,1,TANQUE DEL CERRO,H2,03:45,,,,
12/05/2026,TANQUE DEL CERRO - LA VENTURA,Entrada,A,1,TANQUE DEL CERRO,H3,15:45,,,,
12/05/2026,TANQUE DEL CERRO - LA VENTURA,Entrada,A,1,TANQUE DEL CERRO,H4,19:45,,,,
12/05/2026,TANQUE DEL CERRO - LA VENTURA,Entrada,A,2,LA VENTURA,H1,19:35,,,,
12/05/2026,TANQUE DEL CERRO - LA VENTURA,Entrada,A,2,LA VENTURA,H2,04:05,,,,
12/05/2026,TANQUE DEL CERRO - LA VENTURA,Entrada,A,2,LA VENTURA,H3,16:05,,,,
12/05/2026,TANQUE DEL CERRO - LA VENTURA,Entrada,A,2,LA VENTURA,H4,20:05,,,,
12/05/2026,TANQUE DEL CERRO - LA VENTURA,Entrada,A,3,PURISIMA,H1,19:45,,,,
12/05/2026,TANQUE DEL CERRO - LA VENTURA,Entrada,A,3,PURISIMA,H2,04:15,,,,
12/05/2026,TANQUE DEL CERRO - LA VENTURA,Entrada,A,3,PURISIMA,H3,16:15,,,,
12/05/2026,TANQUE DEL CERRO - LA VENTURA,Entrada,A,3,PURISIMA,H4,20:15,,,,
12/05/2026,TANQUE DEL CERRO - LA VENTURA,Entrada,A,4,PRESA SAN PEDRO,H1,19:55,,,,
12/05/2026,TANQUE DEL CERRO - LA VENTURA,Entrada,A,4,PRESA SAN PEDRO,H2,04:25,,,,
12/05/2026,TANQUE DEL CERRO - LA VENTURA,Entrada,A,4,PRESA SAN PEDRO,H3,16:25,,,,
12/05/2026,TANQUE DEL CERRO - LA VENTURA,Entrada,A,4,PRESA SAN PEDRO,H4,20:25,,,,
12/05/2026,TANQUE DEL CERRO - LA VENTURA,Entrada,A,5,TANQUE ESCONDIDO,H1,20:10,,,,
12/05/2026,TANQUE DEL CERRO - LA VENTURA,Entrada,A,5,TANQUE ESCONDIDO,H2,04:40,,,,
12/05/2026,TANQUE DEL CERRO - LA VENTURA,Entrada,A,5,TANQUE ESCONDIDO,H3,16:40,,,,
12/05/2026,TANQUE DEL CERRO - LA VENTURA,Entrada,A,5,TANQUE ESCONDIDO,H4,20:40,,,,
12/05/2026,TANQUE DEL CERRO - LA VENTURA,Entrada,A,6,GUADALUPE VICTORIA,H1,20:38,,,,
12/05/2026,TANQUE DEL CERRO - LA VENTURA,Entrada,A,6,GUADALUPE VICTORIA,H2,05:08,,,,
12/05/2026,TANQUE DEL CERRO - LA VENTURA,Entrada,A,6,GUADALUPE VICTORIA,H3,17:08,,,,
12/05/2026,TANQUE DEL CERRO - LA VENTURA,Entrada,A,6,GUADALUPE VICTORIA,H4,21:08,,,,
12/05/2026,TANQUE DEL CERRO - LA VENTURA,Entrada,A,7,METALSA,H1,21:20,,,,
12/05/2026,TANQUE DEL CERRO - LA VENTURA,Entrada,A,7,METALSA,H2,05:50,,,,
12/05/2026,TANQUE DEL CERRO - LA VENTURA,Entrada,A,7,METALSA,H3,17:50,,,,
12/05/2026,TANQUE DEL CERRO - LA VENTURA,Entrada,A,7,METALSA,H4,21:50,,,,
12/05/2026,TANQUE DEL CERRO - LA VENTURA,Salida,N,1,METALSA,H1,15:30,,,,
12/05/2026,TANQUE DEL CERRO - LA VENTURA,Salida,N,1,METALSA,H2,06:15,06:17,-2,1,0
12/05/2026,TANQUE DEL CERRO - LA VENTURA,Salida,N,1,METALSA,H3,18:15,18:01,14,1,0
12/05/2026,TANQUE DEL CERRO - LA VENTURA,Salida,N,2,GUADALUPE VICTORIA,H1,16:00,,,,
12/05/2026,TANQUE DEL CERRO - LA VENTURA,Salida,N,2,GUADALUPE VICTORIA,H2,06:40,,,,
12/05/2026,TANQUE DEL CERRO - LA VENTURA,Salida,N,2,GUADALUPE VICTORIA,H3,18:40,,,,
12/05/2026,TANQUE DEL CERRO - LA VENTURA,Salida,N,3,TANQUE ESCONDIDO,H1,16:01,,,,
12/05/2026,TANQUE DEL CERRO - LA VENTURA,Salida,N,3,TANQUE ESCONDIDO,H2,06:41,07:27,-46,1,0
12/05/2026,TANQUE DEL CERRO - LA VENTURA,Salida,N,3,TANQUE ESCONDIDO,H3,18:41,19:24,-43,1,0
12/05/2026,TANQUE DEL CERRO - LA VENTURA,Salida,N,4,PRESA SAN PEDRO,H1,16:02,,,,
12/05/2026,TANQUE DEL CERRO - LA VENTURA,Salida,N,4,PRESA SAN PEDRO,H2,06:42,07:34,-52,1,0
12/05/2026,TANQUE DEL CERRO - LA VENTURA,Salida,N,4,PRESA SAN PEDRO,H3,18:42,19:31,-49,1,0
12/05/2026,TANQUE DEL CERRO - LA VENTURA,Salida,N,5,PURISIMA,H1,16:03,,,,
12/05/2026,TANQUE DEL CERRO - LA VENTURA,Salida,N,5,PURISIMA,H2,06:43,07:44,-61,1,0
12/05/2026,TANQUE DEL CERRO - LA VENTURA,Salida,N,5,PURISIMA,H3,18:43,19:44,-61,1,0
12/05/2026,TANQUE DEL CERRO - LA VENTURA,Salida,N,6,LA VENTURA,H1,17:00,,,,
12/05/2026,TANQUE DEL CERRO - LA VENTURA,Salida,N,6,LA VENTURA,H2,06:44,07:57,-73,1,0
12/05/2026,TANQUE DEL CERRO - LA VENTURA,Salida,N,6,LA VENTURA,H3,19:45,19:58,-13,1,0
12/05/2026,TANQUE DEL CERRO - LA VENTURA,Salida,N,7,TANQUE DEL CERRO,H1,17:20,,,,
12/05/2026,TANQUE DEL CERRO - LA VENTURA,Salida,N,7,TANQUE DEL CERRO,H2,08:05,08:07,-2,1,0
12/05/2026,TANQUE DEL CERRO - LA VENTURA,Salida,N,7,TANQUE DEL CERRO,H3,20:05,,,,
12/05/2026,TANQUE NUEVO,Entrada,A,1,MATEHUAPIL,H1,18:20,,,,
12/05/2026,TANQUE NUEVO,Entrada,A,1,MATEHUAPIL,H2,02:50,,,,
12/05/2026,TANQUE NUEVO,Entrada,A,1,MATEHUAPIL,H3,02:50,,,,
12/05/2026,TANQUE NUEVO,Entrada,A,1,MATEHUAPIL,H4,14:50,,,,
12/05/2026,TANQUE NUEVO,Entrada,A,1,MATEHUAPIL,H5,14:50,,,,
12/05/2026,TANQUE NUEVO,Entrada,A,1,MATEHUAPIL,H6,18:50,,,,
12/05/2026,TANQUE NUEVO,Entrada,A,2,TANQUE NUEVO,H1,18:30,,,,
12/05/2026,TANQUE NUEVO,Entrada,A,2,TANQUE NUEVO,H2,03:00,,,,
12/05/2026,TANQUE NUEVO,Entrada,A,2,TANQUE NUEVO,H3,03:00,,,,
12/05/2026,TANQUE NUEVO,Entrada,A,2,TANQUE NUEVO,H4,15:00,,,,
12/05/2026,TANQUE NUEVO,Entrada,A,2,TANQUE NUEVO,H5,15:00,,,,
12/05/2026,TANQUE NUEVO,Entrada,A,2,TANQUE NUEVO,H6,19:00,,,,
12/05/2026,TANQUE NUEVO,Entrada,A,3,CLAVELLINAS,H1,18:50,,,,
12/05/2026,TANQUE NUEVO,Entrada,A,3,CLAVELLINAS,H2,03:20,,,,
12/05/2026,TANQUE NUEVO,Entrada,A,3,CLAVELLINAS,H3,03:20,,,,
12/05/2026,TANQUE NUEVO,Entrada,A,3,CLAVELLINAS,H4,15:20,,,,
12/05/2026,TANQUE NUEVO,Entrada,A,3,CLAVELLINAS,H5,15:20,,,,
12/05/2026,TANQUE NUEVO,Entrada,A,3,CLAVELLINAS,H6,19:20,,,,
12/05/2026,TANQUE NUEVO,Entrada,A,4,EL SALVADOR,H1,19:10,,,,
12/05/2026,TANQUE NUEVO,Entrada,A,4,EL SALVADOR,H2,03:40,,,,
12/05/2026,TANQUE NUEVO,Entrada,A,4,EL SALVADOR,H3,03:40,,,,
12/05/2026,TANQUE NUEVO,Entrada,A,4,EL SALVADOR,H4,15:40,,,,
12/05/2026,TANQUE NUEVO,Entrada,A,4,EL SALVADOR,H5,15:40,,,,
12/05/2026,TANQUE NUEVO,Entrada,A,4,EL SALVADOR,H6,19:40,,,,
12/05/2026,TANQUE NUEVO,Entrada,A,5,LA VENTURA,H1,19:30,,,,
12/05/2026,TANQUE NUEVO,Entrada,A,5,LA VENTURA,H2,04:00,,,,
12/05/2026,TANQUE NUEVO,Entrada,A,5,LA VENTURA,H3,04:00,,,,
12/05/2026,TANQUE NUEVO,Entrada,A,5,LA VENTURA,H4,16:00,,,,
12/05/2026,TANQUE NUEVO,Entrada,A,5,LA VENTURA,H5,16:00,,,,
12/05/2026,TANQUE NUEVO,Entrada,A,5,LA VENTURA,H6,20:10,,,,
12/05/2026,TANQUE NUEVO,Entrada,A,6,PRESA SAN PEDRO,H1,19:45,,,,
12/05/2026,TANQUE NUEVO,Entrada,A,6,PRESA SAN PEDRO,H2,04:15,,,,
12/05/2026,TANQUE NUEVO,Entrada,A,6,PRESA SAN PEDRO,H3,04:15,,,,
12/05/2026,TANQUE NUEVO,Entrada,A,6,PRESA SAN PEDRO,H4,16:15,,,,
12/05/2026,TANQUE NUEVO,Entrada,A,6,PRESA SAN PEDRO,H5,16:15,,,,
12/05/2026,TANQUE NUEVO,Entrada,A,6,PRESA SAN PEDRO,H6,20:35,,,,
12/05/2026,TANQUE NUEVO,Entrada,A,7,TANQUE ESCONDIDO,H1,19:55,,,,
12/05/2026,TANQUE NUEVO,Entrada,A,7,TANQUE ESCONDIDO,H2,04:25,,,,
12/05/2026,TANQUE NUEVO,Entrada,A,7,TANQUE ESCONDIDO,H3,04:25,,,,
12/05/2026,TANQUE NUEVO,Entrada,A,7,TANQUE ESCONDIDO,H4,16:25,,,,
12/05/2026,TANQUE NUEVO,Entrada,A,7,TANQUE ESCONDIDO,H5,16:25,,,,
12/05/2026,TANQUE NUEVO,Entrada,A,7,TANQUE ESCONDIDO,H6,20:45,,,,
12/05/2026,TANQUE NUEVO,Entrada,A,8,METALSA,H1,21:20,,,,
12/05/2026,TANQUE NUEVO,Entrada,A,8,METALSA,H2,05:50,00:05,345,1,0
12/05/2026,TANQUE NUEVO,Entrada,A,8,METALSA,H3,05:50,,,,
12/05/2026,TANQUE NUEVO,Entrada,A,8,METALSA,H4,17:50,,,,
12/05/2026,TANQUE NUEVO,Entrada,A,8,METALSA,H5,17:50,,,,
12/05/2026,TANQUE NUEVO,Entrada,A,8,METALSA,H6,21:50,,,,
12/05/2026,TANQUE NUEVO,Salida,N,1,METALSA,H1,15:30,,,,
12/05/2026,TANQUE NUEVO,Salida,N,1,METALSA,H2,06:15,00:06,369,1,0
12/05/2026,TANQUE NUEVO,Salida,N,1,METALSA,H3,06:15,00:18,357,1,0
12/05/2026,TANQUE NUEVO,Salida,N,1,METALSA,H4,18:15,00:18,357,,0
12/05/2026,TANQUE NUEVO,Salida,N,1,METALSA,H5,18:15,00:18,357,,0
12/05/2026,TANQUE NUEVO,Salida,N,2,TANQUE ESCONDIDO,H1,16:55,,,,
12/05/2026,TANQUE NUEVO,Salida,N,2,TANQUE ESCONDIDO,H2,07:40,,,,
12/05/2026,TANQUE NUEVO,Salida,N,2,TANQUE ESCONDIDO,H3,07:40,00:19,441,1,0
12/05/2026,TANQUE NUEVO,Salida,N,2,TANQUE ESCONDIDO,H4,19:40,00:19,441,,0
12/05/2026,TANQUE NUEVO,Salida,N,2,TANQUE ESCONDIDO,H5,19:40,00:19,441,,0
12/05/2026,TANQUE NUEVO,Salida,N,3,PRESA SAN PEDRO,H1,17:05,,,,
12/05/2026,TANQUE NUEVO,Salida,N,3,PRESA SAN PEDRO,H2,07:50,00:07,463,1,0
12/05/2026,TANQUE NUEVO,Salida,N,3,PRESA SAN PEDRO,H3,07:50,00:19,451,1,0
12/05/2026,TANQUE NUEVO,Salida,N,3,PRESA SAN PEDRO,H4,19:50,00:19,451,,0
12/05/2026,TANQUE NUEVO,Salida,N,3,PRESA SAN PEDRO,H5,19:50,00:19,451,,0
12/05/2026,TANQUE NUEVO,Salida,N,4,LA VENTURA,H1,17:20,,,,
12/05/2026,TANQUE NUEVO,Salida,N,4,LA VENTURA,H2,08:05,00:07,478,1,0
12/05/2026,TANQUE NUEVO,Salida,N,4,LA VENTURA,H3,08:05,00:19,466,1,0
12/05/2026,TANQUE NUEVO,Salida,N,4,LA VENTURA,H4,20:05,00:19,466,,0
12/05/2026,TANQUE NUEVO,Salida,N,4,LA VENTURA,H5,20:05,00:19,466,,0
12/05/2026,TANQUE NUEVO,Salida,N,5,EL SALVADOR,H1,17:40,,,,
12/05/2026,TANQUE NUEVO,Salida,N,5,EL SALVADOR,H2,08:25,,,,
12/05/2026,TANQUE NUEVO,Salida,N,5,EL SALVADOR,H3,08:25,,,,
12/05/2026,TANQUE NUEVO,Salida,N,5,EL SALVADOR,H4,20:25,,,,
12/05/2026,TANQUE NUEVO,Salida,N,5,EL SALVADOR,H5,20:25,,,,
12/05/2026,TANQUE NUEVO,Salida,N,6,CLAVELLINAS,H1,18:00,,,,
12/05/2026,TANQUE NUEVO,Salida,N,6,CLAVELLINAS,H2,08:45,,,,
12/05/2026,TANQUE NUEVO,Salida,N,6,CLAVELLINAS,H3,08:45,,,,
12/05/2026,TANQUE NUEVO,Salida,N,6,CLAVELLINAS,H4,20:45,,,,
12/05/2026,TANQUE NUEVO,Salida,N,6,CLAVELLINAS,H5,20:45,,,,
12/05/2026,TANQUE NUEVO,Salida,N,7,TANQUE NUEVO,H1,18:20,,,,
12/05/2026,TANQUE NUEVO,Salida,N,7,TANQUE NUEVO,H2,09:05,,,,
12/05/2026,TANQUE NUEVO,Salida,N,7,TANQUE NUEVO,H3,09:05,,,,
12/05/2026,TANQUE NUEVO,Salida,N,7,TANQUE NUEVO,H4,21:05,,,,
12/05/2026,TANQUE NUEVO,Salida,N,7,TANQUE NUEVO,H5,21:05,,,,
12/05/2026,TANQUE NUEVO,Salida,N,8,MATEHUAPIL,H1,18:30,,,,
12/05/2026,TANQUE NUEVO,Salida,N,8,MATEHUAPIL,H2,09:15,,,,
12/05/2026,TANQUE NUEVO,Salida,N,8,MATEHUAPIL,H3,09:15,,,,
12/05/2026,TANQUE NUEVO,Salida,N,8,MATEHUAPIL,H4,21:15,,,,
12/05/2026,TANQUE NUEVO,Salida,N,8,MATEHUAPIL,H5,21:15,,,,
12/05/2026,TERESITAS,Entrada,N,1,BLVD ANTONIO CARDENAS Y HUACHICHILES,H1,05:05,05:03,2,1,0
12/05/2026,TERESITAS,Entrada,N,1,BLVD ANTONIO CARDENAS Y HUACHICHILES,H2,17:05,17:04,1,1,0
12/05/2026,TERESITAS,Entrada,N,1,BLVD ANTONIO CARDENAS Y HUACHICHILES,H3,20:35,,,,
12/05/2026,TERESITAS,Entrada,N,1,BLVD ANTONIO CARDENAS Y HUACHICHILES,H4,21:05,,,,
12/05/2026,TERESITAS,Entrada,N,2,RAYADOS Y HUACHICHILES,H1,05:10,05:08,2,1,0
12/05/2026,TERESITAS,Entrada,N,2,RAYADOS Y HUACHICHILES,H2,17:10,17:08,2,1,0
12/05/2026,TERESITAS,Entrada,N,2,RAYADOS Y HUACHICHILES,H3,20:40,,,,
12/05/2026,TERESITAS,Entrada,N,2,RAYADOS Y HUACHICHILES,H4,21:10,,,,
12/05/2026,TERESITAS,Entrada,N,3,SIERRA DE ZAPALINAME Y AV TERESITAS,H1,05:15,05:13,2,1,0
12/05/2026,TERESITAS,Entrada,N,3,SIERRA DE ZAPALINAME Y AV TERESITAS,H2,17:15,17:12,3,1,0
12/05/2026,TERESITAS,Entrada,N,3,SIERRA DE ZAPALINAME Y AV TERESITAS,H3,20:45,,,,
12/05/2026,TERESITAS,Entrada,N,3,SIERRA DE ZAPALINAME Y AV TERESITAS,H4,21:15,,,,
12/05/2026,TERESITAS,Entrada,N,4,AV TERESITAS Y BLVD ANTONIO CARDENAS,H1,05:22,05:20,2,1,0
12/05/2026,TERESITAS,Entrada,N,4,AV TERESITAS Y BLVD ANTONIO CARDENAS,H2,17:22,17:18,4,1,0
12/05/2026,TERESITAS,Entrada,N,4,AV TERESITAS Y BLVD ANTONIO CARDENAS,H3,20:52,,,,
12/05/2026,TERESITAS,Entrada,N,4,AV TERESITAS Y BLVD ANTONIO CARDENAS,H4,21:22,,,,
12/05/2026,TERESITAS,Entrada,N,5,LA ENCANTADA,H1,05:28,05:22,6,1,0
12/05/2026,TERESITAS,Entrada,N,5,LA ENCANTADA,H2,17:28,17:21,7,1,0
12/05/2026,TERESITAS,Entrada,N,5,LA ENCANTADA,H3,20:58,,,,
12/05/2026,TERESITAS,Entrada,N,5,LA ENCANTADA,H4,21:28,,,,
12/05/2026,TERESITAS,Entrada,N,6,CAAR. SALTILLO-ZACATECAS,H1,05:32,05:33,-1,1,0
12/05/2026,TERESITAS,Entrada,N,6,CAAR. SALTILLO-ZACATECAS,H2,17:32,17:25,7,1,0
12/05/2026,TERESITAS,Entrada,N,6,CAAR. SALTILLO-ZACATECAS,H3,21:02,,,,
12/05/2026,TERESITAS,Entrada,N,6,CAAR. SALTILLO-ZACATECAS,H4,21:30,,,,
12/05/2026,TERESITAS,Entrada,N,7,METALSA,H1,05:50,05:49,1,1,0
12/05/2026,TERESITAS,Entrada,N,7,METALSA,H2,17:50,17:38,12,1,0
12/05/2026,TERESITAS,Entrada,N,7,METALSA,H3,21:20,,,,
12/05/2026,TERESITAS,Entrada,N,7,METALSA,H4,21:50,,,,
12/05/2026,TERESITAS,Salida,N,1,METALSA,H1,06:15,06:17,-2,1,0
12/05/2026,TERESITAS,Salida,N,1,METALSA,H2,15:30,,,,
12/05/2026,TERESITAS,Salida,N,1,METALSA,H3,18:15,18:17,-2,1,0
12/05/2026,TERESITAS,Salida,N,2,CARR. SALTILLO-ZACATECAS,H1,06:33,06:33,0,1,0
12/05/2026,TERESITAS,Salida,N,2,CARR. SALTILLO-ZACATECAS,H2,15:48,,,,
12/05/2026,TERESITAS,Salida,N,2,CARR. SALTILLO-ZACATECAS,H3,18:33,,,,
12/05/2026,TERESITAS,Salida,N,3,LA ENCANTADA,H1,06:37,06:36,1,1,0
12/05/2026,TERESITAS,Salida,N,3,LA ENCANTADA,H2,15:52,,,,
12/05/2026,TERESITAS,Salida,N,3,LA ENCANTADA,H3,18:37,18:42,-5,1,0
12/05/2026,TERESITAS,Salida,N,4,AV TERESITAS Y BLVD ANTONIO CARDENAS,H1,06:43,,,,
12/05/2026,TERESITAS,Salida,N,4,AV TERESITAS Y BLVD ANTONIO CARDENAS,H2,15:58,,,,
12/05/2026,TERESITAS,Salida,N,4,AV TERESITAS Y BLVD ANTONIO CARDENAS,H3,18:43,,,,
12/05/2026,TERESITAS,Salida,N,5,SIERRA DE ZAPALINAME Y AV TERESITAS,H1,06:50,,,,
12/05/2026,TERESITAS,Salida,N,5,SIERRA DE ZAPALINAME Y AV TERESITAS,H2,16:05,,,,
12/05/2026,TERESITAS,Salida,N,5,SIERRA DE ZAPALINAME Y AV TERESITAS,H3,18:50,,,,
12/05/2026,TERESITAS,Salida,N,6,RAYADOS Y HUACHICHILES,H1,06:55,,,,
12/05/2026,TERESITAS,Salida,N,6,RAYADOS Y HUACHICHILES,H2,16:10,,,,
12/05/2026,TERESITAS,Salida,N,6,RAYADOS Y HUACHICHILES,H3,18:55,,,,
12/05/2026,TERESITAS,Salida,N,7,BLVD ANTONIO CARDENAS Y HUACHICHILES,H1,07:00,06:36,24,1,0
12/05/2026,TERESITAS,Salida,N,7,BLVD ANTONIO CARDENAS Y HUACHICHILES,H2,16:15,,,,
12/05/2026,TERESITAS,Salida,N,7,BLVD ANTONIO CARDENAS Y HUACHICHILES,H3,19:00,18:43,17,1,0
12/05/2026,VALENCIA,Entrada,N,1,LA RIOJA Y JEREZ,H1,04:30,04:30,0,1,0
12/05/2026,VALENCIA,Entrada,N,1,LA RIOJA Y JEREZ,H2,16:30,,,,
12/05/2026,VALENCIA,Entrada,N,1,LA RIOJA Y JEREZ,H3,20:00,,,,
12/05/2026,VALENCIA,Entrada,N,1,LA RIOJA Y JEREZ,H4,20:30,,,,
12/05/2026,VALENCIA,Entrada,N,2,PERIFERICO LEA Y VITO ALESSIO,H1,04:40,04:46,-6,1,0
12/05/2026,VALENCIA,Entrada,N,2,PERIFERICO LEA Y VITO ALESSIO,H2,16:40,,,,
12/05/2026,VALENCIA,Entrada,N,2,PERIFERICO LEA Y VITO ALESSIO,H3,20:10,,,,
12/05/2026,VALENCIA,Entrada,N,2,PERIFERICO LEA Y VITO ALESSIO,H4,20:40,,,,
12/05/2026,VALENCIA,Entrada,N,3,CARLOS S. Y RANCHO DE PEÑA,H1,04:45,04:52,-7,1,0
12/05/2026,VALENCIA,Entrada,N,3,CARLOS S. Y RANCHO DE PEÑA,H2,16:45,,,,
12/05/2026,VALENCIA,Entrada,N,3,CARLOS S. Y RANCHO DE PEÑA,H3,20:15,,,,
12/05/2026,VALENCIA,Entrada,N,3,CARLOS S. Y RANCHO DE PEÑA,H4,20:45,,,,
12/05/2026,VALENCIA,Entrada,N,4,ALVARO OBREGON,H1,04:55,04:58,-3,1,0
12/05/2026,VALENCIA,Entrada,N,4,ALVARO OBREGON,H2,16:55,,,,
12/05/2026,VALENCIA,Entrada,N,4,ALVARO OBREGON,H3,20:25,,,,
12/05/2026,VALENCIA,Entrada,N,4,ALVARO OBREGON,H4,20:55,,,,
12/05/2026,VALENCIA,Entrada,N,5,MIGUEL HIDALGO Y PEDRO ARANDA,H1,05:00,05:11,-11,1,0
12/05/2026,VALENCIA,Entrada,N,5,MIGUEL HIDALGO Y PEDRO ARANDA,H2,17:00,,,,
12/05/2026,VALENCIA,Entrada,N,5,MIGUEL HIDALGO Y PEDRO ARANDA,H3,20:30,,,,
12/05/2026,VALENCIA,Entrada,N,5,MIGUEL HIDALGO Y PEDRO ARANDA,H4,21:00,,,,
12/05/2026,VALENCIA,Entrada,N,6,PERIFERICO LEA Y W. GONZALEZ,H1,05:05,05:15,-10,1,0
12/05/2026,VALENCIA,Entrada,N,6,PERIFERICO LEA Y W. GONZALEZ,H2,17:05,,,,
12/05/2026,VALENCIA,Entrada,N,6,PERIFERICO LEA Y W. GONZALEZ,H3,20:35,,,,
12/05/2026,VALENCIA,Entrada,N,6,PERIFERICO LEA Y W. GONZALEZ,H4,21:05,,,,
12/05/2026,VALENCIA,Entrada,N,7,CTO DE LA CAÑADA Y BLVD CARDENAS,H1,05:15,05:23,-8,1,0
12/05/2026,VALENCIA,Entrada,N,7,CTO DE LA CAÑADA Y BLVD CARDENAS,H2,17:15,,,,
12/05/2026,VALENCIA,Entrada,N,7,CTO DE LA CAÑADA Y BLVD CARDENAS,H3,20:45,,,,
12/05/2026,VALENCIA,Entrada,N,7,CTO DE LA CAÑADA Y BLVD CARDENAS,H4,21:15,,,,
12/05/2026,VALENCIA,Entrada,N,8,METALSA,H1,05:50,06:04,-14,1,0
12/05/2026,VALENCIA,Entrada,N,8,METALSA,H2,17:50,,,,
12/05/2026,VALENCIA,Entrada,N,8,METALSA,H3,21:20,,,,
12/05/2026,VALENCIA,Entrada,N,8,METALSA,H4,21:50,,,,
12/05/2026,VALENCIA,Salida,N,1,METALSA,H1,06:15,06:16,-1,1,0
12/05/2026,VALENCIA,Salida,N,1,METALSA,H2,15:30,,,,
12/05/2026,VALENCIA,Salida,N,1,METALSA,H3,18:15,18:16,-1,1,0
12/05/2026,VALENCIA,Salida,N,2,CTO DE LA CAÑADA Y BLVD CARDENAS,H1,06:50,06:40,10,1,0
12/05/2026,VALENCIA,Salida,N,2,CTO DE LA CAÑADA Y BLVD CARDENAS,H2,16:05,,,,
12/05/2026,VALENCIA,Salida,N,2,CTO DE LA CAÑADA Y BLVD CARDENAS,H3,18:50,18:48,2,1,0
12/05/2026,VALENCIA,Salida,N,3,PERIFERICO LEA Y W. GONZALEZ,H1,07:00,06:45,15,1,0
12/05/2026,VALENCIA,Salida,N,3,PERIFERICO LEA Y W. GONZALEZ,H2,16:15,,,,
12/05/2026,VALENCIA,Salida,N,3,PERIFERICO LEA Y W. GONZALEZ,H3,19:00,18:56,4,1,0
12/05/2026,VALENCIA,Salida,N,4,MIGUEL HIDALGO Y PEDRO ARANDA,H1,07:05,06:50,15,1,0
12/05/2026,VALENCIA,Salida,N,4,MIGUEL HIDALGO Y PEDRO ARANDA,H2,16:20,,,,
12/05/2026,VALENCIA,Salida,N,4,MIGUEL HIDALGO Y PEDRO ARANDA,H3,19:05,19:00,5,1,0
12/05/2026,VALENCIA,Salida,N,5,ALVARO OBREGON,H1,07:10,,,,
12/05/2026,VALENCIA,Salida,N,5,ALVARO OBREGON,H2,16:25,,,,
12/05/2026,VALENCIA,Salida,N,5,ALVARO OBREGON,H3,19:10,19:15,-5,1,0
12/05/2026,VALENCIA,Salida,N,6,CARLOS S. Y RANCHO DE PEÑA,H1,07:20,07:10,10,1,0
12/05/2026,VALENCIA,Salida,N,6,CARLOS S. Y RANCHO DE PEÑA,H2,16:35,,,,
12/05/2026,VALENCIA,Salida,N,6,CARLOS S. Y RANCHO DE PEÑA,H3,19:20,19:24,-4,1,0
12/05/2026,VALENCIA,Salida,N,7,PERIFERICO LEA Y VITO ALESSIO,H1,07:25,,,,
12/05/2026,VALENCIA,Salida,N,7,PERIFERICO LEA Y VITO ALESSIO,H2,16:40,,,,
12/05/2026,VALENCIA,Salida,N,7,PERIFERICO LEA Y VITO ALESSIO,H3,19:25,,,,
12/05/2026,VALENCIA,Salida,N,8,LA RIOJA Y JEREZ,H1,07:35,,,,
12/05/2026,VALENCIA,Salida,N,8,LA RIOJA Y JEREZ,H2,16:50,,,,
12/05/2026,VALENCIA,Salida,N,8,LA RIOJA Y JEREZ,H3,19:35,19:49,-14,1,0
12/05/2026,ZARAGOZA,Entrada,N,1,FCO. EALY ORTIZ Y EUCALIPTO,H1,04:25,04:27,-2,1,0
12/05/2026,ZARAGOZA,Entrada,N,1,FCO. EALY ORTIZ Y EUCALIPTO,H2,16:25,16:29,-4,1,0
12/05/2026,ZARAGOZA,Entrada,N,1,FCO. EALY ORTIZ Y EUCALIPTO,H3,19:55,,,,
12/05/2026,ZARAGOZA,Entrada,N,1,FCO. EALY ORTIZ Y EUCALIPTO,H4,20:25,,,,
12/05/2026,ZARAGOZA,Entrada,N,2,CHOPO Y EUCALIPTO,H1,04:26,04:28,-2,1,0
12/05/2026,ZARAGOZA,Entrada,N,2,CHOPO Y EUCALIPTO,H2,16:26,16:30,-4,1,0
12/05/2026,ZARAGOZA,Entrada,N,2,CHOPO Y EUCALIPTO,H3,19:56,,,,
12/05/2026,ZARAGOZA,Entrada,N,2,CHOPO Y EUCALIPTO,H4,20:26,,,,
12/05/2026,ZARAGOZA,Entrada,N,3,FUNDADORES Y BLVD. MIRASIERRA,H1,04:36,04:40,-4,1,0
12/05/2026,ZARAGOZA,Entrada,N,3,FUNDADORES Y BLVD. MIRASIERRA,H2,16:36,16:41,-5,1,0
12/05/2026,ZARAGOZA,Entrada,N,3,FUNDADORES Y BLVD. MIRASIERRA,H3,20:06,,,,
12/05/2026,ZARAGOZA,Entrada,N,3,FUNDADORES Y BLVD. MIRASIERRA,H4,20:36,,,,
12/05/2026,ZARAGOZA,Entrada,N,4,CALLE 34 Y JUAN NAVARRO,H1,04:51,04:57,-6,1,0
12/05/2026,ZARAGOZA,Entrada,N,4,CALLE 34 Y JUAN NAVARRO,H2,16:51,16:58,-7,1,0
12/05/2026,ZARAGOZA,Entrada,N,4,CALLE 34 Y JUAN NAVARRO,H3,20:21,,,,
12/05/2026,ZARAGOZA,Entrada,N,4,CALLE 34 Y JUAN NAVARRO,H4,20:51,,,,
12/05/2026,ZARAGOZA,Entrada,N,5,PERIF LEA Y 12 DE OCTUBRE (FIRST CASH),H1,05:03,05:08,-5,1,0
12/05/2026,ZARAGOZA,Entrada,N,5,PERIF LEA Y 12 DE OCTUBRE (FIRST CASH),H2,17:03,17:13,-10,1,0
12/05/2026,ZARAGOZA,Entrada,N,5,PERIF LEA Y 12 DE OCTUBRE (FIRST CASH),H3,20:33,,,,
12/05/2026,ZARAGOZA,Entrada,N,5,PERIF LEA Y 12 DE OCTUBRE (FIRST CASH),H4,21:03,,,,
12/05/2026,ZARAGOZA,Entrada,N,6,GIMNACIO MUNICIPAL,H1,05:05,05:10,-5,1,0
12/05/2026,ZARAGOZA,Entrada,N,6,GIMNACIO MUNICIPAL,H2,17:05,17:14,-9,1,0
12/05/2026,ZARAGOZA,Entrada,N,6,GIMNACIO MUNICIPAL,H3,20:35,,,,
12/05/2026,ZARAGOZA,Entrada,N,6,GIMNACIO MUNICIPAL,H4,21:05,,,,
12/05/2026,ZARAGOZA,Entrada,N,7,L.E.A. Y J. MERY,H1,05:07,05:12,-5,1,0
12/05/2026,ZARAGOZA,Entrada,N,7,L.E.A. Y J. MERY,H2,17:07,17:16,-9,1,0
12/05/2026,ZARAGOZA,Entrada,N,7,L.E.A. Y J. MERY,H3,20:37,,,,
12/05/2026,ZARAGOZA,Entrada,N,7,L.E.A. Y J. MERY,H4,21:07,,,,
12/05/2026,ZARAGOZA,Entrada,N,8,VILLA UNIVERSIDAD,H1,05:09,05:14,-5,1,0
12/05/2026,ZARAGOZA,Entrada,N,8,VILLA UNIVERSIDAD,H2,17:09,17:18,-9,1,0
12/05/2026,ZARAGOZA,Entrada,N,8,VILLA UNIVERSIDAD,H3,20:39,,,,
12/05/2026,ZARAGOZA,Entrada,N,8,VILLA UNIVERSIDAD,H4,21:09,,,,
12/05/2026,ZARAGOZA,Entrada,N,9,ARIZPE DE LA MAZA Y CARR. 54,H1,05:15,05:17,-2,1,0
12/05/2026,ZARAGOZA,Entrada,N,9,ARIZPE DE LA MAZA Y CARR. 54,H2,17:15,17:21,-6,1,0
12/05/2026,ZARAGOZA,Entrada,N,9,ARIZPE DE LA MAZA Y CARR. 54,H3,20:45,,,,
12/05/2026,ZARAGOZA,Entrada,N,9,ARIZPE DE LA MAZA Y CARR. 54,H4,21:15,,,,
12/05/2026,ZARAGOZA,Entrada,N,10,METALSA,H1,05:50,05:51,-1,1,0
12/05/2026,ZARAGOZA,Entrada,N,10,METALSA,H2,17:50,17:44,6,1,0
12/05/2026,ZARAGOZA,Entrada,N,10,METALSA,H3,21:20,,,,
12/05/2026,ZARAGOZA,Entrada,N,10,METALSA,H4,21:50,,,,
12/05/2026,ZARAGOZA,Salida,N,1,METALSA,H1,06:15,06:16,-1,1,0
12/05/2026,ZARAGOZA,Salida,N,1,METALSA,H2,15:30,,,,
12/05/2026,ZARAGOZA,Salida,N,1,METALSA,H3,18:15,18:16,-1,1,0
12/05/2026,ZARAGOZA,Salida,N,2,ARIZPE DE LA MAZA Y CARR. 54,H1,06:44,,,,
12/05/2026,ZARAGOZA,Salida,N,2,ARIZPE DE LA MAZA Y CARR. 54,H2,15:59,,,,
12/05/2026,ZARAGOZA,Salida,N,2,ARIZPE DE LA MAZA Y CARR. 54,H3,18:44,,,,
12/05/2026,ZARAGOZA,Salida,N,3,VILLA UNIVERSIDAD,H1,06:46,,,,
12/05/2026,ZARAGOZA,Salida,N,3,VILLA UNIVERSIDAD,H2,16:01,,,,
12/05/2026,ZARAGOZA,Salida,N,3,VILLA UNIVERSIDAD,H3,18:45,,,,
12/05/2026,ZARAGOZA,Salida,N,4,L.E.A. Y J. MERY,H1,06:49,,,,
12/05/2026,ZARAGOZA,Salida,N,4,L.E.A. Y J. MERY,H2,16:04,,,,
12/05/2026,ZARAGOZA,Salida,N,4,L.E.A. Y J. MERY,H3,18:49,,,,
12/05/2026,ZARAGOZA,Salida,N,5,GIMNACIO MUNICIPAL,H1,06:51,06:41,10,1,0
12/05/2026,ZARAGOZA,Salida,N,5,GIMNACIO MUNICIPAL,H2,16:06,,,,
12/05/2026,ZARAGOZA,Salida,N,5,GIMNACIO MUNICIPAL,H3,18:51,18:50,1,1,0
12/05/2026,ZARAGOZA,Salida,N,6,PERIF LEA Y 12 DE OCTUBRE (FIRST CASH),H1,07:00,,,,
12/05/2026,ZARAGOZA,Salida,N,6,PERIF LEA Y 12 DE OCTUBRE (FIRST CASH),H2,16:10,,,,
12/05/2026,ZARAGOZA,Salida,N,6,PERIF LEA Y 12 DE OCTUBRE (FIRST CASH),H3,19:00,18:53,7,1,0
12/05/2026,ZARAGOZA,Salida,N,7,CALLE 34 Y JUAN NAVARRO,H1,07:04,06:54,10,1,0
12/05/2026,ZARAGOZA,Salida,N,7,CALLE 34 Y JUAN NAVARRO,H2,16:19,,,,
12/05/2026,ZARAGOZA,Salida,N,7,CALLE 34 Y JUAN NAVARRO,H3,19:04,19:09,-5,1,0
12/05/2026,ZARAGOZA,Salida,N,8,FUNDADORES Y BLVD. MIRASIERRA,H1,07:19,,,,
12/05/2026,ZARAGOZA,Salida,N,8,FUNDADORES Y BLVD. MIRASIERRA,H2,16:34,,,,
12/05/2026,ZARAGOZA,Salida,N,8,FUNDADORES Y BLVD. MIRASIERRA,H3,19:19,,,,
12/05/2026,ZARAGOZA,Salida,N,9,CHOPO Y EUCALIPTO,H1,07:29,,,,
12/05/2026,ZARAGOZA,Salida,N,9,CHOPO Y EUCALIPTO,H2,16:44,,,,
12/05/2026,ZARAGOZA,Salida,N,9,CHOPO Y EUCALIPTO,H3,19:29,,,,
12/05/2026,ZARAGOZA,Salida,N,10,FCO. EALY ORTIZ Y EUCALIPTO,H1,07:30,,,,
12/05/2026,ZARAGOZA,Salida,N,10,FCO. EALY ORTIZ Y EUCALIPTO,H2,16:45,,,,
12/05/2026,ZARAGOZA,Salida,N,10,FCO. EALY ORTIZ Y EUCALIPTO,H3,19:30,19:45,-15,1,0
13/05/2026,EL PEÑUELO,Entrada,A,1,LA VENTURA,H1,19:00,,,,
13/05/2026,EL PEÑUELO,Entrada,A,1,LA VENTURA,H2,03:30,,,,
13/05/2026,EL PEÑUELO,Entrada,A,1,LA VENTURA,H3,15:30,,,,
13/05/2026,EL PEÑUELO,Entrada,A,1,LA VENTURA,H4,19:30,,,,
13/05/2026,EL PEÑUELO,Entrada,A,2,METALSA,H1,21:20,,,,
13/05/2026,EL PEÑUELO,Entrada,A,2,METALSA,H2,05:50,,,,
13/05/2026,EL PEÑUELO,Entrada,A,2,METALSA,H3,17:50,,,,
13/05/2026,EL PEÑUELO,Entrada,A,2,METALSA,H4,21:50,,,,
13/05/2026,EL PEÑUELO,Salida,N,1,METALSA,H1,15:30,,,,
13/05/2026,EL PEÑUELO,Salida,N,1,METALSA,H2,06:15,06:17,-2,1,0
13/05/2026,EL PEÑUELO,Salida,N,1,METALSA,H3,18:15,,,,
13/05/2026,EL PEÑUELO,Salida,N,2,LA VENTURA,H1,17:50,,,,
13/05/2026,EL PEÑUELO,Salida,N,2,LA VENTURA,H2,08:35,,,,
13/05/2026,EL PEÑUELO,Salida,N,2,LA VENTURA,H3,20:35,,,,
13/05/2026,EL SALITRE,Entrada,A,1,SALITRE,H1,19:20,,,,
13/05/2026,EL SALITRE,Entrada,A,1,SALITRE,H2,03:50,,,,
13/05/2026,EL SALITRE,Entrada,A,1,SALITRE,H3,15:50,,,,
13/05/2026,EL SALITRE,Entrada,A,1,SALITRE,H4,19:50,,,,
13/05/2026,EL SALITRE,Entrada,A,2,BENITO JUAREZ,H1,19:25,,,,
13/05/2026,EL SALITRE,Entrada,A,2,BENITO JUAREZ,H2,03:55,,,,
13/05/2026,EL SALITRE,Entrada,A,2,BENITO JUAREZ,H3,15:55,,,,
13/05/2026,EL SALITRE,Entrada,A,2,BENITO JUAREZ,H4,19:55,,,,
13/05/2026,EL SALITRE,Entrada,A,3,EL MEZQUITE,H1,19:40,,,,
13/05/2026,EL SALITRE,Entrada,A,3,EL MEZQUITE,H2,04:10,,,,
13/05/2026,EL SALITRE,Entrada,A,3,EL MEZQUITE,H3,16:10,,,,
13/05/2026,EL SALITRE,Entrada,A,3,EL MEZQUITE,H4,20:10,,,,
13/05/2026,EL SALITRE,Entrada,A,4,PRESA DE LOS MUCHAHCOS,H1,19:55,,,,
13/05/2026,EL SALITRE,Entrada,A,4,PRESA DE LOS MUCHAHCOS,H2,04:25,,,,
13/05/2026,EL SALITRE,Entrada,A,4,PRESA DE LOS MUCHAHCOS,H3,16:25,,,,
13/05/2026,EL SALITRE,Entrada,A,4,PRESA DE LOS MUCHAHCOS,H4,20:25,,,,
13/05/2026,EL SALITRE,Entrada,A,5,AGUA NUEVA,H1,20:43,,,,
13/05/2026,EL SALITRE,Entrada,A,5,AGUA NUEVA,H2,05:13,,,,
13/05/2026,EL SALITRE,Entrada,A,5,AGUA NUEVA,H3,17:13,,,,
13/05/2026,EL SALITRE,Entrada,A,5,AGUA NUEVA,H4,21:13,,,,
13/05/2026,EL SALITRE,Entrada,A,6,METALSA,H1,21:20,,,,
13/05/2026,EL SALITRE,Entrada,A,6,METALSA,H2,05:50,,,,
13/05/2026,EL SALITRE,Entrada,A,6,METALSA,H3,17:50,,,,
13/05/2026,EL SALITRE,Entrada,A,6,METALSA,H4,21:50,,,,
13/05/2026,EL SALITRE,Salida,N,1,METALSA,H1,15:30,,,,
13/05/2026,EL SALITRE,Salida,N,1,METALSA,H2,06:15,06:15,0,1,0
13/05/2026,EL SALITRE,Salida,N,1,METALSA,H3,18:15,,,,
13/05/2026,EL SALITRE,Salida,N,2,AGUA NUEVA,H1,15:31,,,,
13/05/2026,EL SALITRE,Salida,N,2,AGUA NUEVA,H2,06:16,06:38,-22,1,0
13/05/2026,EL SALITRE,Salida,N,2,AGUA NUEVA,H3,18:16,,,,
13/05/2026,EL SALITRE,Salida,N,3,PRESA DE LOS MUCHAHCOS,H1,16:55,,,,
13/05/2026,EL SALITRE,Salida,N,3,PRESA DE LOS MUCHAHCOS,H2,07:40,06:56,44,1,0
13/05/2026,EL SALITRE,Salida,N,3,PRESA DE LOS MUCHAHCOS,H3,19:40,,,,
13/05/2026,EL SALITRE,Salida,N,4,EL MEZQUITE,H1,17:10,,,,
13/05/2026,EL SALITRE,Salida,N,4,EL MEZQUITE,H2,07:55,,,,
13/05/2026,EL SALITRE,Salida,N,4,EL MEZQUITE,H3,19:55,,,,
13/05/2026,EL SALITRE,Salida,N,5,BENITO JUAREZ,H1,17:25,,,,
13/05/2026,EL SALITRE,Salida,N,5,BENITO JUAREZ,H2,08:10,,,,
13/05/2026,EL SALITRE,Salida,N,5,BENITO JUAREZ,H3,20:10,,,,
13/05/2026,EL SALITRE,Salida,N,6,SALITRE,H1,17:30,,,,
13/05/2026,EL SALITRE,Salida,N,6,SALITRE,H2,08:15,,,,
13/05/2026,EL SALITRE,Salida,N,6,SALITRE,H3,20:15,,,,
13/05/2026,LA HEDIONDA,Entrada,N,1,LAS ESPERANZAS,H1,20:00,,,,
13/05/2026,LA HEDIONDA,Entrada,N,1,LAS ESPERANZAS,H2,04:30,04:30,0,1,0
13/05/2026,LA HEDIONDA,Entrada,N,1,LAS ESPERANZAS,H3,16:30,,,,
13/05/2026,LA HEDIONDA,Entrada,N,1,LAS ESPERANZAS,H4,20:30,,,,
13/05/2026,LA HEDIONDA,Entrada,N,2,HEDIONDA,H1,20:20,,,,
13/05/2026,LA HEDIONDA,Entrada,N,2,HEDIONDA,H2,04:50,,,,
13/05/2026,LA HEDIONDA,Entrada,N,2,HEDIONDA,H3,16:50,,,,
13/05/2026,LA HEDIONDA,Entrada,N,2,HEDIONDA,H4,20:50,,,,
13/05/2026,LA HEDIONDA,Entrada,N,3,METALSA,H1,21:20,,,,
13/05/2026,LA HEDIONDA,Entrada,N,3,METALSA,H2,05:50,05:40,10,1,0
13/05/2026,LA HEDIONDA,Entrada,N,3,METALSA,H3,17:50,,,,
13/05/2026,LA HEDIONDA,Entrada,N,3,METALSA,H4,21:50,,,,
13/05/2026,LA HEDIONDA,Salida,N,1,METALSA,H1,15:30,,,,
13/05/2026,LA HEDIONDA,Salida,N,1,METALSA,H2,06:15,,,,
13/05/2026,LA HEDIONDA,Salida,N,1,METALSA,H3,18:15,18:19,-4,1,0
13/05/2026,LA HEDIONDA,Salida,N,2,HEDIONDA,H1,16:30,,,,
13/05/2026,LA HEDIONDA,Salida,N,2,HEDIONDA,H2,07:15,,,,
13/05/2026,LA HEDIONDA,Salida,N,2,HEDIONDA,H3,19:15,,,,
13/05/2026,LA HEDIONDA,Salida,N,3,LAS ESPERANZAS,H1,16:50,,,,
13/05/2026,LA HEDIONDA,Salida,N,3,LAS ESPERANZAS,H2,07:35,,,,
13/05/2026,LA HEDIONDA,Salida,N,3,LAS ESPERANZAS,H3,19:35,,,,
13/05/2026,LA SAUCEDA,Entrada,N,1,LA SAUCEDA,H1,04:00,04:03,-3,1,0
13/05/2026,LA SAUCEDA,Entrada,N,1,LA SAUCEDA,H2,16:00,,,,
13/05/2026,LA SAUCEDA,Entrada,N,1,LA SAUCEDA,H3,19:30,,,,
13/05/2026,LA SAUCEDA,Entrada,N,1,LA SAUCEDA,H4,20:00,,,,
13/05/2026,LA SAUCEDA,Entrada,N,2,HIPOLITO,H1,04:15,04:19,-4,1,0
13/05/2026,LA SAUCEDA,Entrada,N,2,HIPOLITO,H2,16:15,,,,
13/05/2026,LA SAUCEDA,Entrada,N,2,HIPOLITO,H3,19:45,,,,
13/05/2026,LA SAUCEDA,Entrada,N,2,HIPOLITO,H4,20:15,,,,
13/05/2026,LA SAUCEDA,Entrada,N,3,SAN ANTONIO DEL JARAL,H1,04:32,04:42,-10,1,0
13/05/2026,LA SAUCEDA,Entrada,N,3,SAN ANTONIO DEL JARAL,H2,16:32,,,,
13/05/2026,LA SAUCEDA,Entrada,N,3,SAN ANTONIO DEL JARAL,H3,20:02,,,,
13/05/2026,LA SAUCEDA,Entrada,N,3,SAN ANTONIO DEL JARAL,H4,20:32,,,,
13/05/2026,LA SAUCEDA,Entrada,N,4,CASETA DE PLAN DE AYALA,H1,04:50,04:59,-9,1,0
13/05/2026,LA SAUCEDA,Entrada,N,4,CASETA DE PLAN DE AYALA,H2,16:50,,,,
13/05/2026,LA SAUCEDA,Entrada,N,4,CASETA DE PLAN DE AYALA,H3,20:20,,,,
13/05/2026,LA SAUCEDA,Entrada,N,4,CASETA DE PLAN DE AYALA,H4,20:42,,,,
13/05/2026,LA SAUCEDA,Entrada,N,5,METALSA,H1,05:50,05:42,8,1,0
13/05/2026,LA SAUCEDA,Entrada,N,5,METALSA,H2,17:50,,,,
13/05/2026,LA SAUCEDA,Entrada,N,5,METALSA,H3,21:20,,,,
13/05/2026,LA SAUCEDA,Entrada,N,5,METALSA,H4,21:50,,,,
13/05/2026,LA SAUCEDA,Salida,N,1,METALSA,H1,06:15,06:17,-2,1,0
13/05/2026,LA SAUCEDA,Salida,N,1,METALSA,H2,15:30,,,,
13/05/2026,LA SAUCEDA,Salida,N,1,METALSA,H3,18:15,,,,
13/05/2026,LA SAUCEDA,Salida,N,2,CASETA DE PLAN DE AYALA,H1,07:15,,,,
13/05/2026,LA SAUCEDA,Salida,N,2,CASETA DE PLAN DE AYALA,H2,16:30,,,,
13/05/2026,LA SAUCEDA,Salida,N,2,CASETA DE PLAN DE AYALA,H3,19:15,,,,
13/05/2026,LA SAUCEDA,Salida,N,3,SAN ANTONIO DEL JARAL,H1,07:33,,,,
13/05/2026,LA SAUCEDA,Salida,N,3,SAN ANTONIO DEL JARAL,H2,16:48,,,,
13/05/2026,LA SAUCEDA,Salida,N,3,SAN ANTONIO DEL JARAL,H3,19:33,,,,
13/05/2026,LA SAUCEDA,Salida,N,4,HIPOLITO,H1,07:50,,,,
13/05/2026,LA SAUCEDA,Salida,N,4,HIPOLITO,H2,17:05,,,,
13/05/2026,LA SAUCEDA,Salida,N,4,HIPOLITO,H3,19:50,,,,
13/05/2026,LA SAUCEDA,Salida,N,5,LA SAUCEDA,H1,08:05,,,,
13/05/2026,LA SAUCEDA,Salida,N,5,LA SAUCEDA,H2,17:20,,,,
13/05/2026,LA SAUCEDA,Salida,N,5,LA SAUCEDA,H3,20:05,,,,
13/05/2026,LOMA LINDA - URDIÑOLA,Entrada,N,1,MEZQUITE Y GORDOLOBO,H1,04:05,04:20,-15,1,0
13/05/2026,LOMA LINDA - URDIÑOLA,Entrada,N,1,MEZQUITE Y GORDOLOBO,H2,16:05,16:17,-12,1,0
13/05/2026,LOMA LINDA - URDIÑOLA,Entrada,N,1,MEZQUITE Y GORDOLOBO,H3,19:35,,,,
13/05/2026,LOMA LINDA - URDIÑOLA,Entrada,N,1,MEZQUITE Y GORDOLOBO,H4,20:05,,,,
13/05/2026,LOMA LINDA - URDIÑOLA,Entrada,N,2,MEZQUITE Y NUECES,H1,04:10,04:14,-4,1,0
13/05/2026,LOMA LINDA - URDIÑOLA,Entrada,N,2,MEZQUITE Y NUECES,H2,16:10,16:12,-2,1,0
13/05/2026,LOMA LINDA - URDIÑOLA,Entrada,N,2,MEZQUITE Y NUECES,H3,19:40,,,,
13/05/2026,LOMA LINDA - URDIÑOLA,Entrada,N,2,MEZQUITE Y NUECES,H4,20:10,,,,
13/05/2026,LOMA LINDA - URDIÑOLA,Entrada,N,3,BLVD SANTA LUCIA Y CALLE 7,H1,04:20,04:21,-1,1,0
13/05/2026,LOMA LINDA - URDIÑOLA,Entrada,N,3,BLVD SANTA LUCIA Y CALLE 7,H2,16:20,16:20,0,1,0
13/05/2026,LOMA LINDA - URDIÑOLA,Entrada,N,3,BLVD SANTA LUCIA Y CALLE 7,H3,19:50,,,,
13/05/2026,LOMA LINDA - URDIÑOLA,Entrada,N,3,BLVD SANTA LUCIA Y CALLE 7,H4,20:20,,,,
13/05/2026,LOMA LINDA - URDIÑOLA,Entrada,N,4,BLVD VALDES SANCHEZ Y (PLANTA LEAR),H1,04:30,04:32,-2,1,0
13/05/2026,LOMA LINDA - URDIÑOLA,Entrada,N,4,BLVD VALDES SANCHEZ Y (PLANTA LEAR),H2,16:30,16:35,-5,1,0
13/05/2026,LOMA LINDA - URDIÑOLA,Entrada,N,4,BLVD VALDES SANCHEZ Y (PLANTA LEAR),H3,20:00,,,,
13/05/2026,LOMA LINDA - URDIÑOLA,Entrada,N,4,BLVD VALDES SANCHEZ Y (PLANTA LEAR),H4,20:30,,,,
13/05/2026,LOMA LINDA - URDIÑOLA,Entrada,N,5,STA. GERTRUDIS Y STA. CECILIA (DEL ACUEDUCTO),H1,04:32,04:29,3,1,0
13/05/2026,LOMA LINDA - URDIÑOLA,Entrada,N,5,STA. GERTRUDIS Y STA. CECILIA (DEL ACUEDUCTO),H2,16:32,16:31,1,1,0
13/05/2026,LOMA LINDA - URDIÑOLA,Entrada,N,5,STA. GERTRUDIS Y STA. CECILIA (DEL ACUEDUCTO),H3,20:02,,,,
13/05/2026,LOMA LINDA - URDIÑOLA,Entrada,N,5,STA. GERTRUDIS Y STA. CECILIA (DEL ACUEDUCTO),H4,20:32,,,,
13/05/2026,LOMA LINDA - URDIÑOLA,Entrada,N,6,DEPOSITO DE AGUA FRACC PLAZA,H1,04:35,04:37,-2,1,0
13/05/2026,LOMA LINDA - URDIÑOLA,Entrada,N,6,DEPOSITO DE AGUA FRACC PLAZA,H2,16:35,16:40,-5,1,0
13/05/2026,LOMA LINDA - URDIÑOLA,Entrada,N,6,DEPOSITO DE AGUA FRACC PLAZA,H3,20:05,,,,
13/05/2026,LOMA LINDA - URDIÑOLA,Entrada,N,6,DEPOSITO DE AGUA FRACC PLAZA,H4,20:35,,,,
13/05/2026,LOMA LINDA - URDIÑOLA,Entrada,N,7,BLVD VALDES SANCHEZ Y BLVD MINERIA,H1,04:40,04:40,0,1,0
13/05/2026,LOMA LINDA - URDIÑOLA,Entrada,N,7,BLVD VALDES SANCHEZ Y BLVD MINERIA,H2,16:40,16:44,-4,1,0
13/05/2026,LOMA LINDA - URDIÑOLA,Entrada,N,7,BLVD VALDES SANCHEZ Y BLVD MINERIA,H3,20:10,,,,
13/05/2026,LOMA LINDA - URDIÑOLA,Entrada,N,7,BLVD VALDES SANCHEZ Y BLVD MINERIA,H4,20:40,,,,
13/05/2026,LOMA LINDA - URDIÑOLA,Entrada,N,8,REFORMA Y URDIÑOLA,H1,04:50,04:49,1,1,0
13/05/2026,LOMA LINDA - URDIÑOLA,Entrada,N,8,REFORMA Y URDIÑOLA,H2,16:50,16:52,-2,1,0
13/05/2026,LOMA LINDA - URDIÑOLA,Entrada,N,8,REFORMA Y URDIÑOLA,H3,20:20,,,,
13/05/2026,LOMA LINDA - URDIÑOLA,Entrada,N,8,REFORMA Y URDIÑOLA,H4,20:50,,,,
13/05/2026,LOMA LINDA - URDIÑOLA,Entrada,N,9,PROL. URDIÑOLA Y J. MERY,H1,04:55,04:56,-1,1,0
13/05/2026,LOMA LINDA - URDIÑOLA,Entrada,N,9,PROL. URDIÑOLA Y J. MERY,H2,16:55,17:01,-6,1,0
13/05/2026,LOMA LINDA - URDIÑOLA,Entrada,N,9,PROL. URDIÑOLA Y J. MERY,H3,20:25,,,,
13/05/2026,LOMA LINDA - URDIÑOLA,Entrada,N,9,PROL. URDIÑOLA Y J. MERY,H4,20:55,,,,
13/05/2026,LOMA LINDA - URDIÑOLA,Entrada,N,10,PROL URDIÑOLA Y PERIFERICO LEA,H1,05:00,05:01,-1,1,0
13/05/2026,LOMA LINDA - URDIÑOLA,Entrada,N,10,PROL URDIÑOLA Y PERIFERICO LEA,H2,17:00,17:11,-11,1,0
13/05/2026,LOMA LINDA - URDIÑOLA,Entrada,N,10,PROL URDIÑOLA Y PERIFERICO LEA,H3,20:30,,,,
13/05/2026,LOMA LINDA - URDIÑOLA,Entrada,N,10,PROL URDIÑOLA Y PERIFERICO LEA,H4,21:00,,,,
13/05/2026,LOMA LINDA - URDIÑOLA,Entrada,N,11,BLVD ANTONIO CARDENAS Y TEODORO SANCHEZ,H1,05:10,05:14,-4,1,0
13/05/2026,LOMA LINDA - URDIÑOLA,Entrada,N,11,BLVD ANTONIO CARDENAS Y TEODORO SANCHEZ,H2,17:10,17:23,-13,1,0
13/05/2026,LOMA LINDA - URDIÑOLA,Entrada,N,11,BLVD ANTONIO CARDENAS Y TEODORO SANCHEZ,H3,20:40,,,,
13/05/2026,LOMA LINDA - URDIÑOLA,Entrada,N,11,BLVD ANTONIO CARDENAS Y TEODORO SANCHEZ,H4,21:10,,,,
13/05/2026,LOMA LINDA - URDIÑOLA,Entrada,N,12,BLVD SANTA ELENA Y GUACALI,H1,05:20,05:22,-2,1,0
13/05/2026,LOMA LINDA - URDIÑOLA,Entrada,N,12,BLVD SANTA ELENA Y GUACALI,H2,17:20,17:41,-21,1,0
13/05/2026,LOMA LINDA - URDIÑOLA,Entrada,N,12,BLVD SANTA ELENA Y GUACALI,H3,20:50,,,,
13/05/2026,LOMA LINDA - URDIÑOLA,Entrada,N,12,BLVD SANTA ELENA Y GUACALI,H4,21:20,,,,
13/05/2026,LOMA LINDA - URDIÑOLA,Entrada,N,13,CARR. SALTILLO-ZACATECAS,H1,05:25,05:26,-1,1,0
13/05/2026,LOMA LINDA - URDIÑOLA,Entrada,N,13,CARR. SALTILLO-ZACATECAS,H2,17:25,17:42,-17,1,0
13/05/2026,LOMA LINDA - URDIÑOLA,Entrada,N,13,CARR. SALTILLO-ZACATECAS,H3,20:55,,,,
13/05/2026,LOMA LINDA - URDIÑOLA,Entrada,N,13,CARR. SALTILLO-ZACATECAS,H4,21:25,,,,
13/05/2026,LOMA LINDA - URDIÑOLA,Entrada,N,14,METALSA,H1,05:50,05:44,6,1,0
13/05/2026,LOMA LINDA - URDIÑOLA,Entrada,N,14,METALSA,H2,17:50,17:56,-6,1,0
13/05/2026,LOMA LINDA - URDIÑOLA,Entrada,N,14,METALSA,H3,21:20,,,,
13/05/2026,LOMA LINDA - URDIÑOLA,Entrada,N,14,METALSA,H4,21:50,,,,
13/05/2026,LOMA LINDA - URDIÑOLA,Salida,N,1,METALSA,H1,06:15,,,,
13/05/2026,LOMA LINDA - URDIÑOLA,Salida,N,1,METALSA,H2,15:30,,,,
13/05/2026,LOMA LINDA - URDIÑOLA,Salida,N,1,METALSA,H3,18:15,18:13,2,1,0
13/05/2026,LOMA LINDA - URDIÑOLA,Salida,N,2,CARR. SALTILLO-ZACATECAS,H1,06:29,,,,
13/05/2026,LOMA LINDA - URDIÑOLA,Salida,N,2,CARR. SALTILLO-ZACATECAS,H2,15:59,,,,
13/05/2026,LOMA LINDA - URDIÑOLA,Salida,N,2,CARR. SALTILLO-ZACATECAS,H3,18:29,,,,
13/05/2026,LOMA LINDA - URDIÑOLA,Salida,N,3,BLVD SANTA ELENA Y GUACALI,H1,06:30,06:29,1,1,0
13/05/2026,LOMA LINDA - URDIÑOLA,Salida,N,3,BLVD SANTA ELENA Y GUACALI,H2,16:00,,,,
13/05/2026,LOMA LINDA - URDIÑOLA,Salida,N,3,BLVD SANTA ELENA Y GUACALI,H3,18:30,18:38,-8,1,0
13/05/2026,LOMA LINDA - URDIÑOLA,Salida,N,4,BLVD ANTONIO CARDENAS Y TEODORO SANCHEZ,H1,06:31,,,,
13/05/2026,LOMA LINDA - URDIÑOLA,Salida,N,4,BLVD ANTONIO CARDENAS Y TEODORO SANCHEZ,H2,16:01,,,,
13/05/2026,LOMA LINDA - URDIÑOLA,Salida,N,4,BLVD ANTONIO CARDENAS Y TEODORO SANCHEZ,H3,18:31,,,,
13/05/2026,LOMA LINDA - URDIÑOLA,Salida,N,5,PROL URDIÑOLA Y PERIFERICO LEA,H1,06:32,,,,
13/05/2026,LOMA LINDA - URDIÑOLA,Salida,N,5,PROL URDIÑOLA Y PERIFERICO LEA,H2,16:02,,,,
13/05/2026,LOMA LINDA - URDIÑOLA,Salida,N,5,PROL URDIÑOLA Y PERIFERICO LEA,H3,18:32,,,,
13/05/2026,LOMA LINDA - URDIÑOLA,Salida,N,6,PROL. URDIÑOLA Y J. MERY,H1,06:33,,,,
13/05/2026,LOMA LINDA - URDIÑOLA,Salida,N,6,PROL. URDIÑOLA Y J. MERY,H2,16:03,,,,
13/05/2026,LOMA LINDA - URDIÑOLA,Salida,N,6,PROL. URDIÑOLA Y J. MERY,H3,18:33,,,,
13/05/2026,LOMA LINDA - URDIÑOLA,Salida,N,7,REFORMA Y URDIÑOLA,H1,06:34,,,,
13/05/2026,LOMA LINDA - URDIÑOLA,Salida,N,7,REFORMA Y URDIÑOLA,H2,16:04,,,,
13/05/2026,LOMA LINDA - URDIÑOLA,Salida,N,7,REFORMA Y URDIÑOLA,H3,18:34,19:11,-37,1,0
13/05/2026,LOMA LINDA - URDIÑOLA,Salida,N,8,BLVD VALDES SANCHEZ Y BLVD MINERIA,H1,06:55,,,,
13/05/2026,LOMA LINDA - URDIÑOLA,Salida,N,8,BLVD VALDES SANCHEZ Y BLVD MINERIA,H2,16:10,,,,
13/05/2026,LOMA LINDA - URDIÑOLA,Salida,N,8,BLVD VALDES SANCHEZ Y BLVD MINERIA,H3,18:55,,,,
13/05/2026,LOMA LINDA - URDIÑOLA,Salida,N,9,DEPOSITO DE AGUA FRACC PLAZA,H1,07:00,,,,
13/05/2026,LOMA LINDA - URDIÑOLA,Salida,N,9,DEPOSITO DE AGUA FRACC PLAZA,H2,16:15,,,,
13/05/2026,LOMA LINDA - URDIÑOLA,Salida,N,9,DEPOSITO DE AGUA FRACC PLAZA,H3,19:00,,,,
13/05/2026,LOMA LINDA - URDIÑOLA,Salida,N,10,BLVD VALDES SANCHEZ Y (PLANTA LEAR),H1,07:05,,,,
13/05/2026,LOMA LINDA - URDIÑOLA,Salida,N,10,BLVD VALDES SANCHEZ Y (PLANTA LEAR),H2,16:20,,,,
13/05/2026,LOMA LINDA - URDIÑOLA,Salida,N,10,BLVD VALDES SANCHEZ Y (PLANTA LEAR),H3,19:05,,,,
13/05/2026,LOMA LINDA - URDIÑOLA,Salida,N,11,BLVD SANTA LUCIA Y BLVD FUNDADORES,H1,07:15,,,,
13/05/2026,LOMA LINDA - URDIÑOLA,Salida,N,11,BLVD SANTA LUCIA Y BLVD FUNDADORES,H2,16:30,,,,
13/05/2026,LOMA LINDA - URDIÑOLA,Salida,N,11,BLVD SANTA LUCIA Y BLVD FUNDADORES,H3,19:15,,,,
13/05/2026,LOMA LINDA - URDIÑOLA,Salida,N,12,BLVD SANTA LUCIA Y CALLE 7,H1,07:16,,,,
13/05/2026,LOMA LINDA - URDIÑOLA,Salida,N,12,BLVD SANTA LUCIA Y CALLE 7,H2,16:31,,,,
13/05/2026,LOMA LINDA - URDIÑOLA,Salida,N,12,BLVD SANTA LUCIA Y CALLE 7,H3,19:16,,,,
13/05/2026,LOMA LINDA - URDIÑOLA,Salida,N,13,MEZQUITE Y NUECES,H1,07:25,,,,
13/05/2026,LOMA LINDA - URDIÑOLA,Salida,N,13,MEZQUITE Y NUECES,H2,16:40,,,,
13/05/2026,LOMA LINDA - URDIÑOLA,Salida,N,13,MEZQUITE Y NUECES,H3,19:25,,,,
13/05/2026,LOMA LINDA - URDIÑOLA,Salida,N,14,MEZQUITE Y GORDOLOBO,H1,07:30,07:06,24,1,0
13/05/2026,LOMA LINDA - URDIÑOLA,Salida,N,14,MEZQUITE Y GORDOLOBO,H2,16:45,,,,
13/05/2026,LOMA LINDA - URDIÑOLA,Salida,N,14,MEZQUITE Y GORDOLOBO,H3,19:30,19:36,-6,1,0
13/05/2026,LOS HOYOS - MACUYU,Entrada,A,1,LOS HOYOS,H1,03:20,,,,
13/05/2026,LOS HOYOS - MACUYU,Entrada,A,1,LOS HOYOS,H2,15:20,,,,
13/05/2026,LOS HOYOS - MACUYU,Entrada,A,1,LOS HOYOS,H3,18:50,,,,
13/05/2026,LOS HOYOS - MACUYU,Entrada,A,1,LOS HOYOS,H4,19:20,,,,
13/05/2026,LOS HOYOS - MACUYU,Entrada,A,2,HUARICHE,H1,03:38,,,,
13/05/2026,LOS HOYOS - MACUYU,Entrada,A,2,HUARICHE,H2,15:38,,,,
13/05/2026,LOS HOYOS - MACUYU,Entrada,A,2,HUARICHE,H3,19:08,,,,
13/05/2026,LOS HOYOS - MACUYU,Entrada,A,2,HUARICHE,H4,19:38,,,,
13/05/2026,LOS HOYOS - MACUYU,Entrada,A,3,PRESA DE GUADALUPE,H1,04:08,,,,
13/05/2026,LOS HOYOS - MACUYU,Entrada,A,3,PRESA DE GUADALUPE,H2,16:08,,,,
13/05/2026,LOS HOYOS - MACUYU,Entrada,A,3,PRESA DE GUADALUPE,H3,19:38,,,,
13/05/2026,LOS HOYOS - MACUYU,Entrada,A,3,PRESA DE GUADALUPE,H4,20:08,,,,
13/05/2026,LOS HOYOS - MACUYU,Entrada,A,4,MACUYU,H1,04:14,,,,
13/05/2026,LOS HOYOS - MACUYU,Entrada,A,4,MACUYU,H2,16:14,,,,
13/05/2026,LOS HOYOS - MACUYU,Entrada,A,4,MACUYU,H3,19:44,,,,
13/05/2026,LOS HOYOS - MACUYU,Entrada,A,4,MACUYU,H4,20:14,,,,
13/05/2026,LOS HOYOS - MACUYU,Entrada,A,5,DOS DE ABRIL,H1,04:24,,,,
13/05/2026,LOS HOYOS - MACUYU,Entrada,A,5,DOS DE ABRIL,H2,16:24,,,,
13/05/2026,LOS HOYOS - MACUYU,Entrada,A,5,DOS DE ABRIL,H3,19:54,,,,
13/05/2026,LOS HOYOS - MACUYU,Entrada,A,5,DOS DE ABRIL,H4,20:24,,,,
13/05/2026,LOS HOYOS - MACUYU,Entrada,A,6,LA PAZ,H1,04:50,,,,
13/05/2026,LOS HOYOS - MACUYU,Entrada,A,6,LA PAZ,H2,16:50,,,,
13/05/2026,LOS HOYOS - MACUYU,Entrada,A,6,LA PAZ,H3,20:20,,,,
13/05/2026,LOS HOYOS - MACUYU,Entrada,A,6,LA PAZ,H4,20:50,,,,
13/05/2026,LOS HOYOS - MACUYU,Entrada,A,7,DERRAMADERO,H1,05:08,,,,
13/05/2026,LOS HOYOS - MACUYU,Entrada,A,7,DERRAMADERO,H2,17:08,,,,
13/05/2026,LOS HOYOS - MACUYU,Entrada,A,7,DERRAMADERO,H3,20:38,,,,
13/05/2026,LOS HOYOS - MACUYU,Entrada,A,7,DERRAMADERO,H4,21:08,,,,
13/05/2026,LOS HOYOS - MACUYU,Entrada,A,8,METALSA,H1,05:50,05:46,4,1,0
13/05/2026,LOS HOYOS - MACUYU,Entrada,A,8,METALSA,H2,17:50,,,,
13/05/2026,LOS HOYOS - MACUYU,Entrada,A,8,METALSA,H3,21:20,,,,
13/05/2026,LOS HOYOS - MACUYU,Entrada,A,8,METALSA,H4,21:50,,,,
13/05/2026,LOS HOYOS - MACUYU,Salida,N,1,METALSA,H1,15:30,,,,
13/05/2026,LOS HOYOS - MACUYU,Salida,N,1,METALSA,H2,06:15,06:16,-1,1,0
13/05/2026,LOS HOYOS - MACUYU,Salida,N,1,METALSA,H3,18:15,18:16,-1,1,0
13/05/2026,LOS HOYOS - MACUYU,Salida,N,2,DERRAMADERO,H1,15:41,,,,
13/05/2026,LOS HOYOS - MACUYU,Salida,N,2,DERRAMADERO,H2,06:26,06:44,-18,1,0
13/05/2026,LOS HOYOS - MACUYU,Salida,N,2,DERRAMADERO,H3,18:26,,,,
13/05/2026,LOS HOYOS - MACUYU,Salida,N,3,LA PAZ,H1,15:42,,,,
13/05/2026,LOS HOYOS - MACUYU,Salida,N,3,LA PAZ,H2,06:27,07:05,-38,1,0
13/05/2026,LOS HOYOS - MACUYU,Salida,N,3,LA PAZ,H3,18:27,19:04,-37,1,0
13/05/2026,LOS HOYOS - MACUYU,Salida,N,4,DOS DE ABRIL,H1,15:44,,,,
13/05/2026,LOS HOYOS - MACUYU,Salida,N,4,DOS DE ABRIL,H2,06:29,07:30,-61,1,0
13/05/2026,LOS HOYOS - MACUYU,Salida,N,4,DOS DE ABRIL,H3,18:29,19:30,-61,1,0
13/05/2026,LOS HOYOS - MACUYU,Salida,N,5,MACUYU,H1,15:45,,,,
13/05/2026,LOS HOYOS - MACUYU,Salida,N,5,MACUYU,H2,06:30,07:38,-68,1,0
13/05/2026,LOS HOYOS - MACUYU,Salida,N,5,MACUYU,H3,18:30,19:35,-65,1,0
13/05/2026,LOS HOYOS - MACUYU,Salida,N,6,PRESA DE GUADALUPE,H1,16:00,,,,
13/05/2026,LOS HOYOS - MACUYU,Salida,N,6,PRESA DE GUADALUPE,H2,06:31,07:47,-76,1,0
13/05/2026,LOS HOYOS - MACUYU,Salida,N,6,PRESA DE GUADALUPE,H3,18:35,19:40,-65,1,0
13/05/2026,LOS HOYOS - MACUYU,Salida,N,7,HUARICHE,H1,17:18,,,,
13/05/2026,LOS HOYOS - MACUYU,Salida,N,7,HUARICHE,H2,08:03,,,,
13/05/2026,LOS HOYOS - MACUYU,Salida,N,7,HUARICHE,H3,20:03,,,,
13/05/2026,LOS HOYOS - MACUYU,Salida,N,8,LOS HOYOS,H1,17:30,,,,
13/05/2026,LOS HOYOS - MACUYU,Salida,N,8,LOS HOYOS,H2,08:15,,,,
13/05/2026,LOS HOYOS - MACUYU,Salida,N,8,LOS HOYOS,H3,20:15,,,,
13/05/2026,OTILIO,Entrada,N,1,CALLE 23 Y CALLE 16,H1,04:25,04:25,0,1,0
13/05/2026,OTILIO,Entrada,N,1,CALLE 23 Y CALLE 16,H2,16:25,16:25,0,1,0
13/05/2026,OTILIO,Entrada,N,1,CALLE 23 Y CALLE 16,H3,19:55,,,,
13/05/2026,OTILIO,Entrada,N,1,CALLE 23 Y CALLE 16,H4,20:25,,,,
13/05/2026,OTILIO,Entrada,N,2,MARMOL Y EMILIANO ZAPATA,H1,04:27,04:32,-5,1,0
13/05/2026,OTILIO,Entrada,N,2,MARMOL Y EMILIANO ZAPATA,H2,16:27,16:31,-4,1,0
13/05/2026,OTILIO,Entrada,N,2,MARMOL Y EMILIANO ZAPATA,H3,19:57,,,,
13/05/2026,OTILIO,Entrada,N,2,MARMOL Y EMILIANO ZAPATA,H4,20:27,,,,
13/05/2026,OTILIO,Entrada,N,3,LIBERTAD Y OTILIO,H1,04:31,04:36,-5,1,0
13/05/2026,OTILIO,Entrada,N,3,LIBERTAD Y OTILIO,H2,16:31,16:35,-4,1,0
13/05/2026,OTILIO,Entrada,N,3,LIBERTAD Y OTILIO,H3,20:01,,,,
13/05/2026,OTILIO,Entrada,N,3,LIBERTAD Y OTILIO,H4,20:31,,,,
13/05/2026,OTILIO,Entrada,N,4,ONCEAVA Y ESCUADRON DE LA AVIACION,H1,04:42,04:43,-1,1,0
13/05/2026,OTILIO,Entrada,N,4,ONCEAVA Y ESCUADRON DE LA AVIACION,H2,16:42,16:44,-2,1,0
13/05/2026,OTILIO,Entrada,N,4,ONCEAVA Y ESCUADRON DE LA AVIACION,H3,20:12,,,,
13/05/2026,OTILIO,Entrada,N,4,ONCEAVA Y ESCUADRON DE LA AVIACION,H4,20:42,,,,
13/05/2026,OTILIO,Entrada,N,5,BLVD JUAREZ Y MIGUEL HIDALGO,H1,04:52,04:53,-1,1,0
13/05/2026,OTILIO,Entrada,N,5,BLVD JUAREZ Y MIGUEL HIDALGO,H2,16:52,16:54,-2,1,0
13/05/2026,OTILIO,Entrada,N,5,BLVD JUAREZ Y MIGUEL HIDALGO,H3,20:22,,,,
13/05/2026,OTILIO,Entrada,N,5,BLVD JUAREZ Y MIGUEL HIDALGO,H4,20:52,,,,
13/05/2026,OTILIO,Entrada,N,6,IGNACIO ALLENDE Y CALLE 13,H1,04:58,04:57,1,1,0
13/05/2026,OTILIO,Entrada,N,6,IGNACIO ALLENDE Y CALLE 13,H2,16:58,16:58,0,1,0
13/05/2026,OTILIO,Entrada,N,6,IGNACIO ALLENDE Y CALLE 13,H3,20:28,,,,
13/05/2026,OTILIO,Entrada,N,6,IGNACIO ALLENDE Y CALLE 13,H4,20:58,,,,
13/05/2026,OTILIO,Entrada,N,7,LOMAS DE LOURDES Y LUIS PASTEUR,H1,05:06,05:04,2,1,0
13/05/2026,OTILIO,Entrada,N,7,LOMAS DE LOURDES Y LUIS PASTEUR,H2,17:06,17:05,1,1,0
13/05/2026,OTILIO,Entrada,N,7,LOMAS DE LOURDES Y LUIS PASTEUR,H3,20:36,,,,
13/05/2026,OTILIO,Entrada,N,7,LOMAS DE LOURDES Y LUIS PASTEUR,H4,21:06,,,,
13/05/2026,OTILIO,Entrada,N,8,CARR. SALTILLO-ZACATECAS,H1,05:15,,,,
13/05/2026,OTILIO,Entrada,N,8,CARR. SALTILLO-ZACATECAS,H2,17:15,,,,
13/05/2026,OTILIO,Entrada,N,8,CARR. SALTILLO-ZACATECAS,H3,20:45,,,,
13/05/2026,OTILIO,Entrada,N,8,CARR. SALTILLO-ZACATECAS,H4,21:15,,,,
13/05/2026,OTILIO,Entrada,N,9,METALSA,H1,05:50,05:36,14,1,0
13/05/2026,OTILIO,Entrada,N,9,METALSA,H2,17:50,17:29,21,1,0
13/05/2026,OTILIO,Entrada,N,9,METALSA,H3,21:20,,,,
13/05/2026,OTILIO,Entrada,N,9,METALSA,H4,21:50,,,,
13/05/2026,OTILIO,Salida,N,1,METALSA,H1,06:15,,,,
13/05/2026,OTILIO,Salida,N,1,METALSA,H2,15:30,,,,
13/05/2026,OTILIO,Salida,N,1,METALSA,H3,18:15,,,,
13/05/2026,OTILIO,Salida,N,2,CARR. SALTILLO-ZACATECAS,H1,06:50,,,,
13/05/2026,OTILIO,Salida,N,2,CARR. SALTILLO-ZACATECAS,H2,16:05,,,,
13/05/2026,OTILIO,Salida,N,2,CARR. SALTILLO-ZACATECAS,H3,18:50,,,,
13/05/2026,OTILIO,Salida,N,3,LOMAS DE LOURDES Y LUIS PASTEUR,H1,06:59,,,,
13/05/2026,OTILIO,Salida,N,3,LOMAS DE LOURDES Y LUIS PASTEUR,H2,16:14,,,,
13/05/2026,OTILIO,Salida,N,3,LOMAS DE LOURDES Y LUIS PASTEUR,H3,18:59,,,,
13/05/2026,OTILIO,Salida,N,4,IGNACIO ALLENDE Y CALLE 13,H1,07:07,,,,
13/05/2026,OTILIO,Salida,N,4,IGNACIO ALLENDE Y CALLE 13,H2,16:22,,,,
13/05/2026,OTILIO,Salida,N,4,IGNACIO ALLENDE Y CALLE 13,H3,19:07,,,,
13/05/2026,OTILIO,Salida,N,5,BLVD JUAREZ Y MIGUEL HIDALGO,H1,07:13,,,,
13/05/2026,OTILIO,Salida,N,5,BLVD JUAREZ Y MIGUEL HIDALGO,H2,16:28,,,,
13/05/2026,OTILIO,Salida,N,5,BLVD JUAREZ Y MIGUEL HIDALGO,H3,19:13,,,,
13/05/2026,OTILIO,Salida,N,6,ONCEAVA Y ESCUADRON DE LA AVIACION,H1,07:23,,,,
13/05/2026,OTILIO,Salida,N,6,ONCEAVA Y ESCUADRON DE LA AVIACION,H2,16:38,,,,
13/05/2026,OTILIO,Salida,N,6,ONCEAVA Y ESCUADRON DE LA AVIACION,H3,19:23,,,,
13/05/2026,OTILIO,Salida,N,7,LIBERTAD Y OTILIO,H1,07:34,,,,
13/05/2026,OTILIO,Salida,N,7,LIBERTAD Y OTILIO,H2,16:49,,,,
13/05/2026,OTILIO,Salida,N,7,LIBERTAD Y OTILIO,H3,19:34,,,,
13/05/2026,OTILIO,Salida,N,8,MARMOL Y EMILIANO ZAPATA,H1,07:38,,,,
13/05/2026,OTILIO,Salida,N,8,MARMOL Y EMILIANO ZAPATA,H2,16:53,,,,
13/05/2026,OTILIO,Salida,N,8,MARMOL Y EMILIANO ZAPATA,H3,19:38,,,,
13/05/2026,OTILIO,Salida,N,9,CALLE 23 Y CALLE 16,H1,07:40,,,,
13/05/2026,OTILIO,Salida,N,9,CALLE 23 Y CALLE 16,H2,16:55,,,,
13/05/2026,OTILIO,Salida,N,9,CALLE 23 Y CALLE 16,H3,19:40,,,,
13/05/2026,PARRAS CASETA,Entrada,A,1,RAMOS ARIZPE (PLAZA DEL RELOJ),H1,18:30,,,,
13/05/2026,PARRAS CASETA,Entrada,A,1,RAMOS ARIZPE (PLAZA DEL RELOJ),H2,03:00,,,,
13/05/2026,PARRAS CASETA,Entrada,A,1,RAMOS ARIZPE (PLAZA DEL RELOJ),H3,15:00,,,,
13/05/2026,PARRAS CASETA,Entrada,A,1,RAMOS ARIZPE (PLAZA DEL RELOJ),H4,19:00,,,,
13/05/2026,PARRAS CASETA,Entrada,A,2,HEROICO COLEGIO MILITAR Y MELCHOR OCAMPO (ALAMEDA),H1,18:32,,,,
13/05/2026,PARRAS CASETA,Entrada,A,2,HEROICO COLEGIO MILITAR Y MELCHOR OCAMPO (ALAMEDA),H2,03:02,,,,
13/05/2026,PARRAS CASETA,Entrada,A,2,HEROICO COLEGIO MILITAR Y MELCHOR OCAMPO (ALAMEDA),H3,15:02,,,,
13/05/2026,PARRAS CASETA,Entrada,A,2,HEROICO COLEGIO MILITAR Y MELCHOR OCAMPO (ALAMEDA),H4,19:02,,,,
13/05/2026,PARRAS CASETA,Entrada,A,3,FALCON Y FCO SARABIA (TORTILLERIA 4 CAMINO),H1,18:40,,,,
13/05/2026,PARRAS CASETA,Entrada,A,3,FALCON Y FCO SARABIA (TORTILLERIA 4 CAMINO),H2,03:10,,,,
13/05/2026,PARRAS CASETA,Entrada,A,3,FALCON Y FCO SARABIA (TORTILLERIA 4 CAMINO),H3,15:10,,,,
13/05/2026,PARRAS CASETA,Entrada,A,3,FALCON Y FCO SARABIA (TORTILLERIA 4 CAMINO),H4,19:10,,,,
13/05/2026,PARRAS CASETA,Entrada,A,4,OSCAR FLORES TAPIA y JAVIER MINA,H1,18:45,,,,
13/05/2026,PARRAS CASETA,Entrada,A,4,OSCAR FLORES TAPIA y JAVIER MINA,H2,03:15,,,,
13/05/2026,PARRAS CASETA,Entrada,A,4,OSCAR FLORES TAPIA y JAVIER MINA,H3,15:15,,,,
13/05/2026,PARRAS CASETA,Entrada,A,4,OSCAR FLORES TAPIA y JAVIER MINA,H4,19:15,,,,
13/05/2026,PARRAS CASETA,Entrada,A,5,CALZADA DEL MARQUEZ (OXXO GAS),H1,18:50,,,,
13/05/2026,PARRAS CASETA,Entrada,A,5,CALZADA DEL MARQUEZ (OXXO GAS),H2,03:20,,,,
13/05/2026,PARRAS CASETA,Entrada,A,5,CALZADA DEL MARQUEZ (OXXO GAS),H3,15:20,,,,
13/05/2026,PARRAS CASETA,Entrada,A,5,CALZADA DEL MARQUEZ (OXXO GAS),H4,19:20,,,,
13/05/2026,PARRAS CASETA,Entrada,A,6,16 DE SEPTIEMBRE (FABRICA DICKIES),H1,18:57,,,,
13/05/2026,PARRAS CASETA,Entrada,A,6,16 DE SEPTIEMBRE (FABRICA DICKIES),H2,03:27,,,,
13/05/2026,PARRAS CASETA,Entrada,A,6,16 DE SEPTIEMBRE (FABRICA DICKIES),H3,15:27,,,,
13/05/2026,PARRAS CASETA,Entrada,A,6,16 DE SEPTIEMBRE (FABRICA DICKIES),H4,19:27,,,,
13/05/2026,PARRAS CASETA,Entrada,A,7,EJIDO 28 AGOSTO,H1,19:25,,,,
13/05/2026,PARRAS CASETA,Entrada,A,7,EJIDO 28 AGOSTO,H2,03:55,,,,
13/05/2026,PARRAS CASETA,Entrada,A,7,EJIDO 28 AGOSTO,H3,15:55,,,,
13/05/2026,PARRAS CASETA,Entrada,A,7,EJIDO 28 AGOSTO,H4,19:55,,,,
13/05/2026,PARRAS CASETA,Entrada,A,8,KM 42,H1,19:45,,,,
13/05/2026,PARRAS CASETA,Entrada,A,8,KM 42,H2,04:15,,,,
13/05/2026,PARRAS CASETA,Entrada,A,8,KM 42,H3,16:15,,,,
13/05/2026,PARRAS CASETA,Entrada,A,8,KM 42,H4,20:15,,,,
13/05/2026,PARRAS CASETA,Entrada,A,9,EJIDO JALPA,H1,19:50,,,,
13/05/2026,PARRAS CASETA,Entrada,A,9,EJIDO JALPA,H2,04:20,,,,
13/05/2026,PARRAS CASETA,Entrada,A,9,EJIDO JALPA,H3,16:20,,,,
13/05/2026,PARRAS CASETA,Entrada,A,9,EJIDO JALPA,H4,20:20,,,,
13/05/2026,PARRAS CASETA,Entrada,A,10,METALSA,H1,21:20,,,,
13/05/2026,PARRAS CASETA,Entrada,A,10,METALSA,H2,05:50,,,,
13/05/2026,PARRAS CASETA,Entrada,A,10,METALSA,H3,17:50,,,,
13/05/2026,PARRAS CASETA,Entrada,A,10,METALSA,H4,21:50,,,,
13/05/2026,PARRAS CASETA,Salida,N,1,METALSA,H1,15:30,,,,
13/05/2026,PARRAS CASETA,Salida,N,1,METALSA,H2,06:15,06:19,-4,1,0
13/05/2026,PARRAS CASETA,Salida,N,1,METALSA,H3,18:15,,,,
13/05/2026,PARRAS CASETA,Salida,N,2,EJIDO PAILA,H1,15:45,,,,
13/05/2026,PARRAS CASETA,Salida,N,2,EJIDO PAILA,H2,06:30,,,,
13/05/2026,PARRAS CASETA,Salida,N,2,EJIDO PAILA,H3,18:30,,,,
13/05/2026,PARRAS CASETA,Salida,N,3,KM 42,H1,15:50,,,,
13/05/2026,PARRAS CASETA,Salida,N,3,KM 42,H2,06:35,,,,
13/05/2026,PARRAS CASETA,Salida,N,3,KM 42,H3,18:35,,,,
13/05/2026,PARRAS CASETA,Salida,N,4,EJIDO 28 AGOSTO,H1,17:10,,,,
13/05/2026,PARRAS CASETA,Salida,N,4,EJIDO 28 AGOSTO,H2,07:55,,,,
13/05/2026,PARRAS CASETA,Salida,N,4,EJIDO 28 AGOSTO,H3,19:55,,,,
13/05/2026,PARRAS CASETA,Salida,N,5,16 DE SEPTIEMBRE (FABRICA DICKIES),H1,17:45,,,,
13/05/2026,PARRAS CASETA,Salida,N,5,16 DE SEPTIEMBRE (FABRICA DICKIES),H2,08:30,,,,
13/05/2026,PARRAS CASETA,Salida,N,5,16 DE SEPTIEMBRE (FABRICA DICKIES),H3,20:30,,,,
13/05/2026,PARRAS CASETA,Salida,N,6,CALZADA DEL MARQUEZ (OXXO GAS),H1,17:55,,,,
13/05/2026,PARRAS CASETA,Salida,N,6,CALZADA DEL MARQUEZ (OXXO GAS),H2,08:40,,,,
13/05/2026,PARRAS CASETA,Salida,N,6,CALZADA DEL MARQUEZ (OXXO GAS),H3,20:40,20:34,6,1,0
13/05/2026,PARRAS CASETA,Salida,N,7,OSCAR FLORES TAPIA y JAVIER MINA,H1,18:00,,,,
13/05/2026,PARRAS CASETA,Salida,N,7,OSCAR FLORES TAPIA y JAVIER MINA,H2,08:45,,,,
13/05/2026,PARRAS CASETA,Salida,N,7,OSCAR FLORES TAPIA y JAVIER MINA,H3,20:45,20:41,4,1,0
13/05/2026,PARRAS CASETA,Salida,N,8,FALCON Y FCO SARABIA (TORTILLERIA 4 CAMINO),H1,18:05,,,,
13/05/2026,PARRAS CASETA,Salida,N,8,FALCON Y FCO SARABIA (TORTILLERIA 4 CAMINO),H2,08:50,,,,
13/05/2026,PARRAS CASETA,Salida,N,8,FALCON Y FCO SARABIA (TORTILLERIA 4 CAMINO),H3,20:50,,,,
13/05/2026,PARRAS CASETA,Salida,N,9,HEROICO COLEGIO MILITAR Y MELCHOR OCAMPO (ALAMEDA),H1,18:18,,,,
13/05/2026,PARRAS CASETA,Salida,N,9,HEROICO COLEGIO MILITAR Y MELCHOR OCAMPO (ALAMEDA),H2,09:03,08:40,23,1,0
13/05/2026,PARRAS CASETA,Salida,N,9,HEROICO COLEGIO MILITAR Y MELCHOR OCAMPO (ALAMEDA),H3,21:03,,,,
13/05/2026,PARRAS CASETA,Salida,N,10,RAMOS ARIZPE (PLAZA DEL RELOJ),H1,18:20,,,,
13/05/2026,PARRAS CASETA,Salida,N,10,RAMOS ARIZPE (PLAZA DEL RELOJ),H2,09:05,,,,
13/05/2026,PARRAS CASETA,Salida,N,10,RAMOS ARIZPE (PLAZA DEL RELOJ),H3,21:05,,,,
13/05/2026,PARRAS LIBRE,Entrada,A,1,TACUBATA Y FRANCISCO I MADERO,H1,18:30,,,,
13/05/2026,PARRAS LIBRE,Entrada,A,1,TACUBATA Y FRANCISCO I MADERO,H2,03:00,,,,
13/05/2026,PARRAS LIBRE,Entrada,A,1,TACUBATA Y FRANCISCO I MADERO,H3,03:00,,,,
13/05/2026,PARRAS LIBRE,Entrada,A,1,TACUBATA Y FRANCISCO I MADERO,H4,15:00,,,,
13/05/2026,PARRAS LIBRE,Entrada,A,1,TACUBATA Y FRANCISCO I MADERO,H5,15:00,,,,
13/05/2026,PARRAS LIBRE,Entrada,A,1,TACUBATA Y FRANCISCO I MADERO,H6,19:05,,,,
13/05/2026,PARRAS LIBRE,Entrada,A,2,SANTA CATARINA Y VIESCA,H1,18:36,,,,
13/05/2026,PARRAS LIBRE,Entrada,A,2,SANTA CATARINA Y VIESCA,H2,03:06,,,,
13/05/2026,PARRAS LIBRE,Entrada,A,2,SANTA CATARINA Y VIESCA,H3,03:06,,,,
13/05/2026,PARRAS LIBRE,Entrada,A,2,SANTA CATARINA Y VIESCA,H4,15:06,,,,
13/05/2026,PARRAS LIBRE,Entrada,A,2,SANTA CATARINA Y VIESCA,H5,15:06,,,,
13/05/2026,PARRAS LIBRE,Entrada,A,2,SANTA CATARINA Y VIESCA,H6,19:09,,,,
13/05/2026,PARRAS LIBRE,Entrada,A,3,MANUEL ZAVALA Y MAR DE GALILEA,H1,18:50,,,,
13/05/2026,PARRAS LIBRE,Entrada,A,3,MANUEL ZAVALA Y MAR DE GALILEA,H2,03:20,,,,
13/05/2026,PARRAS LIBRE,Entrada,A,3,MANUEL ZAVALA Y MAR DE GALILEA,H3,03:20,,,,
13/05/2026,PARRAS LIBRE,Entrada,A,3,MANUEL ZAVALA Y MAR DE GALILEA,H4,15:20,,,,
13/05/2026,PARRAS LIBRE,Entrada,A,3,MANUEL ZAVALA Y MAR DE GALILEA,H5,15:20,,,,
13/05/2026,PARRAS LIBRE,Entrada,A,3,MANUEL ZAVALA Y MAR DE GALILEA,H6,19:11,,,,
13/05/2026,PARRAS LIBRE,Entrada,A,4,GENERAL CEPEDA Y RAMOS ARIZPE,H1,18:55,,,,
13/05/2026,PARRAS LIBRE,Entrada,A,4,GENERAL CEPEDA Y RAMOS ARIZPE,H2,03:25,,,,
13/05/2026,PARRAS LIBRE,Entrada,A,4,GENERAL CEPEDA Y RAMOS ARIZPE,H3,03:25,,,,
13/05/2026,PARRAS LIBRE,Entrada,A,4,GENERAL CEPEDA Y RAMOS ARIZPE,H4,15:25,,,,
13/05/2026,PARRAS LIBRE,Entrada,A,4,GENERAL CEPEDA Y RAMOS ARIZPE,H5,15:25,,,,
13/05/2026,PARRAS LIBRE,Entrada,A,4,GENERAL CEPEDA Y RAMOS ARIZPE,H6,19:14,,,,
13/05/2026,PARRAS LIBRE,Entrada,A,5,GENERAL CEPEDA Y COLIMA,H1,19:03,,,,
13/05/2026,PARRAS LIBRE,Entrada,A,5,GENERAL CEPEDA Y COLIMA,H2,03:33,,,,
13/05/2026,PARRAS LIBRE,Entrada,A,5,GENERAL CEPEDA Y COLIMA,H3,03:33,,,,
13/05/2026,PARRAS LIBRE,Entrada,A,5,GENERAL CEPEDA Y COLIMA,H4,15:33,,,,
13/05/2026,PARRAS LIBRE,Entrada,A,5,GENERAL CEPEDA Y COLIMA,H5,15:33,,,,
13/05/2026,PARRAS LIBRE,Entrada,A,5,GENERAL CEPEDA Y COLIMA,H6,19:15,,,,
13/05/2026,PARRAS LIBRE,Entrada,A,6,CAMINO GRAL. CEPEDA Y EJIDO PARRAS,H1,19:05,,,,
13/05/2026,PARRAS LIBRE,Entrada,A,6,CAMINO GRAL. CEPEDA Y EJIDO PARRAS,H2,03:35,,,,
13/05/2026,PARRAS LIBRE,Entrada,A,6,CAMINO GRAL. CEPEDA Y EJIDO PARRAS,H3,03:35,,,,
13/05/2026,PARRAS LIBRE,Entrada,A,6,CAMINO GRAL. CEPEDA Y EJIDO PARRAS,H4,15:35,,,,
13/05/2026,PARRAS LIBRE,Entrada,A,6,CAMINO GRAL. CEPEDA Y EJIDO PARRAS,H5,15:35,,,,
13/05/2026,PARRAS LIBRE,Entrada,A,6,CAMINO GRAL. CEPEDA Y EJIDO PARRAS,H6,19:17,,,,
13/05/2026,PARRAS LIBRE,Entrada,A,7,METALSA,H1,21:20,,,,
13/05/2026,PARRAS LIBRE,Entrada,A,7,METALSA,H2,05:50,,,,
13/05/2026,PARRAS LIBRE,Entrada,A,7,METALSA,H3,05:50,,,,
13/05/2026,PARRAS LIBRE,Entrada,A,7,METALSA,H4,17:50,,,,
13/05/2026,PARRAS LIBRE,Entrada,A,7,METALSA,H5,17:50,,,,
13/05/2026,PARRAS LIBRE,Entrada,A,7,METALSA,H6,21:50,,,,
13/05/2026,PARRAS LIBRE,Salida,N,1,METALSA,H1,15:30,,,,
13/05/2026,PARRAS LIBRE,Salida,N,1,METALSA,H2,06:15,,,,
13/05/2026,PARRAS LIBRE,Salida,N,1,METALSA,H3,06:15,,,,
13/05/2026,PARRAS LIBRE,Salida,N,1,METALSA,H4,18:15,,,,
13/05/2026,PARRAS LIBRE,Salida,N,1,METALSA,H5,18:15,,,,
13/05/2026,PARRAS LIBRE,Salida,N,2,CAMINO GRAL. CEPEDA Y EJIDO PARRAS,H1,17:45,,,,
13/05/2026,PARRAS LIBRE,Salida,N,2,CAMINO GRAL. CEPEDA Y EJIDO PARRAS,H2,08:30,,,,
13/05/2026,PARRAS LIBRE,Salida,N,2,CAMINO GRAL. CEPEDA Y EJIDO PARRAS,H3,08:30,,,,
13/05/2026,PARRAS LIBRE,Salida,N,2,CAMINO GRAL. CEPEDA Y EJIDO PARRAS,H4,20:30,,,,
13/05/2026,PARRAS LIBRE,Salida,N,2,CAMINO GRAL. CEPEDA Y EJIDO PARRAS,H5,20:30,,,,
13/05/2026,PARRAS LIBRE,Salida,N,3,GENERAL CEPEDA Y COLIMA,H1,17:47,,,,
13/05/2026,PARRAS LIBRE,Salida,N,3,GENERAL CEPEDA Y COLIMA,H2,08:32,,,,
13/05/2026,PARRAS LIBRE,Salida,N,3,GENERAL CEPEDA Y COLIMA,H3,08:32,,,,
13/05/2026,PARRAS LIBRE,Salida,N,3,GENERAL CEPEDA Y COLIMA,H4,20:32,,,,
13/05/2026,PARRAS LIBRE,Salida,N,3,GENERAL CEPEDA Y COLIMA,H5,20:32,,,,
13/05/2026,PARRAS LIBRE,Salida,N,4,GENERAL CEPEDA Y RAMOS ARIZPE,H1,17:55,,,,
13/05/2026,PARRAS LIBRE,Salida,N,4,GENERAL CEPEDA Y RAMOS ARIZPE,H2,08:40,,,,
13/05/2026,PARRAS LIBRE,Salida,N,4,GENERAL CEPEDA Y RAMOS ARIZPE,H3,08:40,,,,
13/05/2026,PARRAS LIBRE,Salida,N,4,GENERAL CEPEDA Y RAMOS ARIZPE,H4,20:40,,,,
13/05/2026,PARRAS LIBRE,Salida,N,4,GENERAL CEPEDA Y RAMOS ARIZPE,H5,20:40,,,,
13/05/2026,PARRAS LIBRE,Salida,N,5,MANUEL ZAVALA Y MAR DE GALILEA,H1,18:00,,,,
13/05/2026,PARRAS LIBRE,Salida,N,5,MANUEL ZAVALA Y MAR DE GALILEA,H2,08:45,,,,
13/05/2026,PARRAS LIBRE,Salida,N,5,MANUEL ZAVALA Y MAR DE GALILEA,H3,08:45,,,,
13/05/2026,PARRAS LIBRE,Salida,N,5,MANUEL ZAVALA Y MAR DE GALILEA,H4,20:45,,,,
13/05/2026,PARRAS LIBRE,Salida,N,5,MANUEL ZAVALA Y MAR DE GALILEA,H5,20:45,,,,
13/05/2026,PARRAS LIBRE,Salida,N,6,SANTA CATARINA Y VIESCA,H1,18:14,,,,
13/05/2026,PARRAS LIBRE,Salida,N,6,SANTA CATARINA Y VIESCA,H2,08:59,,,,
13/05/2026,PARRAS LIBRE,Salida,N,6,SANTA CATARINA Y VIESCA,H3,08:59,,,,
13/05/2026,PARRAS LIBRE,Salida,N,6,SANTA CATARINA Y VIESCA,H4,20:59,,,,
13/05/2026,PARRAS LIBRE,Salida,N,6,SANTA CATARINA Y VIESCA,H5,20:59,,,,
13/05/2026,PARRAS LIBRE,Salida,N,7,TACUBATA Y FRANCISCO I MADERO,H1,18:20,,,,
13/05/2026,PARRAS LIBRE,Salida,N,7,TACUBATA Y FRANCISCO I MADERO,H2,09:05,,,,
13/05/2026,PARRAS LIBRE,Salida,N,7,TACUBATA Y FRANCISCO I MADERO,H3,09:05,,,,
13/05/2026,PARRAS LIBRE,Salida,N,7,TACUBATA Y FRANCISCO I MADERO,H4,21:05,,,,
13/05/2026,PARRAS LIBRE,Salida,N,7,TACUBATA Y FRANCISCO I MADERO,H5,21:05,,,,
13/05/2026,PORVENIR - GENERAL CEPEDA,Entrada,A,1,PORVENIR,H1,03:45,,,,
13/05/2026,PORVENIR - GENERAL CEPEDA,Entrada,A,1,PORVENIR,H2,15:45,,,,
13/05/2026,PORVENIR - GENERAL CEPEDA,Entrada,A,1,PORVENIR,H3,19:15,,,,
13/05/2026,PORVENIR - GENERAL CEPEDA,Entrada,A,1,PORVENIR,H4,19:45,,,,
13/05/2026,PORVENIR - GENERAL CEPEDA,Entrada,A,2,GUELATAO,H1,03:50,,,,
13/05/2026,PORVENIR - GENERAL CEPEDA,Entrada,A,2,GUELATAO,H2,15:50,,,,
13/05/2026,PORVENIR - GENERAL CEPEDA,Entrada,A,2,GUELATAO,H3,19:20,,,,
13/05/2026,PORVENIR - GENERAL CEPEDA,Entrada,A,2,GUELATAO,H4,19:50,,,,
13/05/2026,PORVENIR - GENERAL CEPEDA,Entrada,A,3,BLVD; DIANA LAURA,H1,04:06,,,,
13/05/2026,PORVENIR - GENERAL CEPEDA,Entrada,A,3,BLVD; DIANA LAURA,H2,16:06,,,,
13/05/2026,PORVENIR - GENERAL CEPEDA,Entrada,A,3,BLVD; DIANA LAURA,H3,19:36,,,,
13/05/2026,PORVENIR - GENERAL CEPEDA,Entrada,A,3,BLVD; DIANA LAURA,H4,20:06,,,,
13/05/2026,PORVENIR - GENERAL CEPEDA,Entrada,A,4,MARIANO MATAMOROS,H1,04:09,,,,
13/05/2026,PORVENIR - GENERAL CEPEDA,Entrada,A,4,MARIANO MATAMOROS,H2,16:09,,,,
13/05/2026,PORVENIR - GENERAL CEPEDA,Entrada,A,4,MARIANO MATAMOROS,H3,19:39,,,,
13/05/2026,PORVENIR - GENERAL CEPEDA,Entrada,A,4,MARIANO MATAMOROS,H4,20:09,,,,
13/05/2026,PORVENIR - GENERAL CEPEDA,Entrada,A,5,LOS PRESIDENTES,H1,04:11,,,,
13/05/2026,PORVENIR - GENERAL CEPEDA,Entrada,A,5,LOS PRESIDENTES,H2,16:11,,,,
13/05/2026,PORVENIR - GENERAL CEPEDA,Entrada,A,5,LOS PRESIDENTES,H3,19:41,,,,
13/05/2026,PORVENIR - GENERAL CEPEDA,Entrada,A,5,LOS PRESIDENTES,H4,20:11,,,,
13/05/2026,PORVENIR - GENERAL CEPEDA,Entrada,A,6,MIGUEL HIDALGO,H1,04:16,,,,
13/05/2026,PORVENIR - GENERAL CEPEDA,Entrada,A,6,MIGUEL HIDALGO,H2,16:16,,,,
13/05/2026,PORVENIR - GENERAL CEPEDA,Entrada,A,6,MIGUEL HIDALGO,H3,19:46,,,,
13/05/2026,PORVENIR - GENERAL CEPEDA,Entrada,A,6,MIGUEL HIDALGO,H4,20:16,,,,
13/05/2026,PORVENIR - GENERAL CEPEDA,Entrada,A,7,BENITO JUAREZ,H1,04:19,,,,
13/05/2026,PORVENIR - GENERAL CEPEDA,Entrada,A,7,BENITO JUAREZ,H2,16:19,,,,
13/05/2026,PORVENIR - GENERAL CEPEDA,Entrada,A,7,BENITO JUAREZ,H3,19:49,,,,
13/05/2026,PORVENIR - GENERAL CEPEDA,Entrada,A,7,BENITO JUAREZ,H4,20:19,,,,
13/05/2026,PORVENIR - GENERAL CEPEDA,Entrada,A,8,SAN JOSE,H1,04:50,,,,
13/05/2026,PORVENIR - GENERAL CEPEDA,Entrada,A,8,SAN JOSE,H2,16:50,,,,
13/05/2026,PORVENIR - GENERAL CEPEDA,Entrada,A,8,SAN JOSE,H3,20:20,,,,
13/05/2026,PORVENIR - GENERAL CEPEDA,Entrada,A,8,SAN JOSE,H4,20:50,,,,
13/05/2026,PORVENIR - GENERAL CEPEDA,Entrada,A,9,RANCHO NUEVO,H1,05:00,,,,
13/05/2026,PORVENIR - GENERAL CEPEDA,Entrada,A,9,RANCHO NUEVO,H2,17:00,,,,
13/05/2026,PORVENIR - GENERAL CEPEDA,Entrada,A,9,RANCHO NUEVO,H3,20:30,,,,
13/05/2026,PORVENIR - GENERAL CEPEDA,Entrada,A,9,RANCHO NUEVO,H4,21:00,,,,
13/05/2026,PORVENIR - GENERAL CEPEDA,Entrada,A,10,SANTA TERESA,H1,05:06,,,,
13/05/2026,PORVENIR - GENERAL CEPEDA,Entrada,A,10,SANTA TERESA,H2,17:06,,,,
13/05/2026,PORVENIR - GENERAL CEPEDA,Entrada,A,10,SANTA TERESA,H3,20:36,,,,
13/05/2026,PORVENIR - GENERAL CEPEDA,Entrada,A,10,SANTA TERESA,H4,21:06,,,,
13/05/2026,PORVENIR - GENERAL CEPEDA,Entrada,A,11,CHAPULA,H1,05:15,,,,
13/05/2026,PORVENIR - GENERAL CEPEDA,Entrada,A,11,CHAPULA,H2,17:15,,,,
13/05/2026,PORVENIR - GENERAL CEPEDA,Entrada,A,11,CHAPULA,H3,20:45,,,,
13/05/2026,PORVENIR - GENERAL CEPEDA,Entrada,A,11,CHAPULA,H4,21:15,,,,
13/05/2026,PORVENIR - GENERAL CEPEDA,Entrada,A,12,DERRAMADERO,H1,05:20,,,,
13/05/2026,PORVENIR - GENERAL CEPEDA,Entrada,A,12,DERRAMADERO,H2,17:20,,,,
13/05/2026,PORVENIR - GENERAL CEPEDA,Entrada,A,12,DERRAMADERO,H3,20:50,,,,
13/05/2026,PORVENIR - GENERAL CEPEDA,Entrada,A,12,DERRAMADERO,H4,21:20,,,,
13/05/2026,PORVENIR - GENERAL CEPEDA,Entrada,A,13,SAN JUAN DE LA VAQUERIA,H1,05:28,,,,
13/05/2026,PORVENIR - GENERAL CEPEDA,Entrada,A,13,SAN JUAN DE LA VAQUERIA,H2,17:28,,,,
13/05/2026,PORVENIR - GENERAL CEPEDA,Entrada,A,13,SAN JUAN DE LA VAQUERIA,H3,20:58,,,,
13/05/2026,PORVENIR - GENERAL CEPEDA,Entrada,A,13,SAN JUAN DE LA VAQUERIA,H4,21:28,,,,
13/05/2026,PORVENIR - GENERAL CEPEDA,Entrada,A,14,METALSA,H1,05:50,05:46,4,1,0
13/05/2026,PORVENIR - GENERAL CEPEDA,Entrada,A,14,METALSA,H2,17:50,,,,
13/05/2026,PORVENIR - GENERAL CEPEDA,Entrada,A,14,METALSA,H3,21:20,,,,
13/05/2026,PORVENIR - GENERAL CEPEDA,Entrada,A,14,METALSA,H4,21:50,,,,
13/05/2026,PORVENIR - GENERAL CEPEDA,Salida,N,1,METALSA,H1,06:15,06:19,-4,1,0
13/05/2026,PORVENIR - GENERAL CEPEDA,Salida,N,1,METALSA,H2,15:30,,,,
13/05/2026,PORVENIR - GENERAL CEPEDA,Salida,N,1,METALSA,H3,18:15,18:18,-3,1,0
13/05/2026,PORVENIR - GENERAL CEPEDA,Salida,N,2,SAN JUAN DE LA VAQUERIA,H1,06:50,06:35,15,1,0
13/05/2026,PORVENIR - GENERAL CEPEDA,Salida,N,2,SAN JUAN DE LA VAQUERIA,H2,16:05,,,,
13/05/2026,PORVENIR - GENERAL CEPEDA,Salida,N,2,SAN JUAN DE LA VAQUERIA,H3,18:50,18:35,15,1,0
13/05/2026,PORVENIR - GENERAL CEPEDA,Salida,N,3,DERRAMADERO,H1,06:55,06:45,10,1,0
13/05/2026,PORVENIR - GENERAL CEPEDA,Salida,N,3,DERRAMADERO,H2,16:10,,,,
13/05/2026,PORVENIR - GENERAL CEPEDA,Salida,N,3,DERRAMADERO,H3,18:55,18:44,11,1,0
13/05/2026,PORVENIR - GENERAL CEPEDA,Salida,N,4,CHAPULA,H1,06:56,06:44,12,1,0
13/05/2026,PORVENIR - GENERAL CEPEDA,Salida,N,4,CHAPULA,H2,16:15,,,,
13/05/2026,PORVENIR - GENERAL CEPEDA,Salida,N,4,CHAPULA,H3,19:00,18:48,12,1,0
13/05/2026,PORVENIR - GENERAL CEPEDA,Salida,N,5,SANTA TERESA,H1,06:57,06:56,1,1,0
13/05/2026,PORVENIR - GENERAL CEPEDA,Salida,N,5,SANTA TERESA,H2,16:18,,,,
13/05/2026,PORVENIR - GENERAL CEPEDA,Salida,N,5,SANTA TERESA,H3,19:03,18:55,8,1,0
13/05/2026,PORVENIR - GENERAL CEPEDA,Salida,N,6,RANCHO NUEVO,H1,07:10,07:01,9,1,0
13/05/2026,PORVENIR - GENERAL CEPEDA,Salida,N,6,RANCHO NUEVO,H2,16:25,,,,
13/05/2026,PORVENIR - GENERAL CEPEDA,Salida,N,6,RANCHO NUEVO,H3,19:10,19:00,10,1,0
13/05/2026,PORVENIR - GENERAL CEPEDA,Salida,N,7,SAN JOSE,H1,07:11,,,,
13/05/2026,PORVENIR - GENERAL CEPEDA,Salida,N,7,SAN JOSE,H2,16:26,,,,
13/05/2026,PORVENIR - GENERAL CEPEDA,Salida,N,7,SAN JOSE,H3,19:11,19:11,0,1,0
13/05/2026,PORVENIR - GENERAL CEPEDA,Salida,N,8,BENITO JUAREZ,H1,07:12,,,,
13/05/2026,PORVENIR - GENERAL CEPEDA,Salida,N,8,BENITO JUAREZ,H2,16:27,,,,
13/05/2026,PORVENIR - GENERAL CEPEDA,Salida,N,8,BENITO JUAREZ,H3,19:12,,,,
13/05/2026,PORVENIR - GENERAL CEPEDA,Salida,N,9,MIGUEL HIDALGO,H1,07:13,07:30,-17,1,0
13/05/2026,PORVENIR - GENERAL CEPEDA,Salida,N,9,MIGUEL HIDALGO,H2,16:28,,,,
13/05/2026,PORVENIR - GENERAL CEPEDA,Salida,N,9,MIGUEL HIDALGO,H3,19:13,19:43,-30,1,0
13/05/2026,PORVENIR - GENERAL CEPEDA,Salida,N,10,LOS PRESIDENTES,H1,07:14,07:28,-14,1,0
13/05/2026,PORVENIR - GENERAL CEPEDA,Salida,N,10,LOS PRESIDENTES,H2,16:29,,,,
13/05/2026,PORVENIR - GENERAL CEPEDA,Salida,N,10,LOS PRESIDENTES,H3,19:14,19:42,-28,1,0
13/05/2026,PORVENIR - GENERAL CEPEDA,Salida,N,11,MARIANO MATAMOROS,H1,07:30,07:28,2,1,0
13/05/2026,PORVENIR - GENERAL CEPEDA,Salida,N,11,MARIANO MATAMOROS,H2,16:45,,,,
13/05/2026,PORVENIR - GENERAL CEPEDA,Salida,N,11,MARIANO MATAMOROS,H3,19:30,19:42,-12,1,0
13/05/2026,PORVENIR - GENERAL CEPEDA,Salida,N,12,BLVD; DIANA LAURA,H1,07:31,07:26,5,1,0
13/05/2026,PORVENIR - GENERAL CEPEDA,Salida,N,12,BLVD; DIANA LAURA,H2,16:46,,,,
13/05/2026,PORVENIR - GENERAL CEPEDA,Salida,N,12,BLVD; DIANA LAURA,H3,19:31,19:40,-9,1,0
13/05/2026,PORVENIR - GENERAL CEPEDA,Salida,N,13,GUELATAO,H1,07:40,07:44,-4,1,0
13/05/2026,PORVENIR - GENERAL CEPEDA,Salida,N,13,GUELATAO,H2,16:55,,,,
13/05/2026,PORVENIR - GENERAL CEPEDA,Salida,N,13,GUELATAO,H3,19:40,,,,
13/05/2026,PORVENIR - GENERAL CEPEDA,Salida,N,14,PORVENIR,H1,07:45,07:49,-4,1,0
13/05/2026,PORVENIR - GENERAL CEPEDA,Salida,N,14,PORVENIR,H2,17:00,,,,
13/05/2026,PORVENIR - GENERAL CEPEDA,Salida,N,14,PORVENIR,H3,19:45,,,,
13/05/2026,PUERTO MEXICO,Entrada,A,1,PUERTO MEXICO,H1,20:10,,,,
13/05/2026,PUERTO MEXICO,Entrada,A,1,PUERTO MEXICO,H2,04:40,,,,
13/05/2026,PUERTO MEXICO,Entrada,A,1,PUERTO MEXICO,H3,04:40,,,,
13/05/2026,PUERTO MEXICO,Entrada,A,1,PUERTO MEXICO,H4,16:40,,,,
13/05/2026,PUERTO MEXICO,Entrada,A,1,PUERTO MEXICO,H5,16:40,,,,
13/05/2026,PUERTO MEXICO,Entrada,A,1,PUERTO MEXICO,H6,20:40,,,,
13/05/2026,PUERTO MEXICO,Entrada,A,2,CUIJE,H1,20:22,,,,
13/05/2026,PUERTO MEXICO,Entrada,A,2,CUIJE,H2,04:52,,,,
13/05/2026,PUERTO MEXICO,Entrada,A,2,CUIJE,H3,04:52,,,,
13/05/2026,PUERTO MEXICO,Entrada,A,2,CUIJE,H4,16:52,,,,
13/05/2026,PUERTO MEXICO,Entrada,A,2,CUIJE,H5,16:52,,,,
13/05/2026,PUERTO MEXICO,Entrada,A,2,CUIJE,H6,20:52,,,,
13/05/2026,PUERTO MEXICO,Entrada,A,3,NAVIDAD,H1,20:32,,,,
13/05/2026,PUERTO MEXICO,Entrada,A,3,NAVIDAD,H2,05:02,,,,
13/05/2026,PUERTO MEXICO,Entrada,A,3,NAVIDAD,H3,05:02,,,,
13/05/2026,PUERTO MEXICO,Entrada,A,3,NAVIDAD,H4,17:02,,,,
13/05/2026,PUERTO MEXICO,Entrada,A,3,NAVIDAD,H5,17:02,,,,
13/05/2026,PUERTO MEXICO,Entrada,A,3,NAVIDAD,H6,21:02,,,,
13/05/2026,PUERTO MEXICO,Entrada,A,4,CHAPULTEPEC,H1,20:45,,,,
13/05/2026,PUERTO MEXICO,Entrada,A,4,CHAPULTEPEC,H2,05:15,,,,
13/05/2026,PUERTO MEXICO,Entrada,A,4,CHAPULTEPEC,H3,05:15,,,,
13/05/2026,PUERTO MEXICO,Entrada,A,4,CHAPULTEPEC,H4,17:15,,,,
13/05/2026,PUERTO MEXICO,Entrada,A,4,CHAPULTEPEC,H5,17:15,,,,
13/05/2026,PUERTO MEXICO,Entrada,A,4,CHAPULTEPEC,H6,21:15,,,,
13/05/2026,PUERTO MEXICO,Entrada,A,5,JAHUEY,H1,21:00,,,,
13/05/2026,PUERTO MEXICO,Entrada,A,5,JAHUEY,H2,05:30,,,,
13/05/2026,PUERTO MEXICO,Entrada,A,5,JAHUEY,H3,05:30,,,,
13/05/2026,PUERTO MEXICO,Entrada,A,5,JAHUEY,H4,17:30,,,,
13/05/2026,PUERTO MEXICO,Entrada,A,5,JAHUEY,H5,17:30,,,,
13/05/2026,PUERTO MEXICO,Entrada,A,5,JAHUEY,H6,21:30,,,,
13/05/2026,PUERTO MEXICO,Entrada,A,6,METALSA,H1,21:20,,,,
13/05/2026,PUERTO MEXICO,Entrada,A,6,METALSA,H2,05:50,,,,
13/05/2026,PUERTO MEXICO,Entrada,A,6,METALSA,H3,05:50,,,,
13/05/2026,PUERTO MEXICO,Entrada,A,6,METALSA,H4,17:50,,,,
13/05/2026,PUERTO MEXICO,Entrada,A,6,METALSA,H5,17:50,,,,
13/05/2026,PUERTO MEXICO,Entrada,A,6,METALSA,H6,21:50,,,,
13/05/2026,PUERTO MEXICO,Salida,A,1,METALSA,H1,15:30,,,,
13/05/2026,PUERTO MEXICO,Salida,A,1,METALSA,H2,06:15,,,,
13/05/2026,PUERTO MEXICO,Salida,A,1,METALSA,H3,06:15,,,,
13/05/2026,PUERTO MEXICO,Salida,A,1,METALSA,H4,18:15,,,,
13/05/2026,PUERTO MEXICO,Salida,A,1,METALSA,H5,18:15,,,,
13/05/2026,PUERTO MEXICO,Salida,A,2,JAHUEY,H1,15:50,,,,
13/05/2026,PUERTO MEXICO,Salida,A,2,JAHUEY,H2,06:35,,,,
13/05/2026,PUERTO MEXICO,Salida,A,2,JAHUEY,H3,06:35,,,,
13/05/2026,PUERTO MEXICO,Salida,A,2,JAHUEY,H4,18:35,,,,
13/05/2026,PUERTO MEXICO,Salida,A,2,JAHUEY,H5,18:35,,,,
13/05/2026,PUERTO MEXICO,Salida,A,3,CHAPULTEPEC,H1,16:05,,,,
13/05/2026,PUERTO MEXICO,Salida,A,3,CHAPULTEPEC,H2,06:50,,,,
13/05/2026,PUERTO MEXICO,Salida,A,3,CHAPULTEPEC,H3,06:50,,,,
13/05/2026,PUERTO MEXICO,Salida,A,3,CHAPULTEPEC,H4,18:50,,,,
13/05/2026,PUERTO MEXICO,Salida,A,3,CHAPULTEPEC,H5,18:50,,,,
13/05/2026,PUERTO MEXICO,Salida,A,4,NAVIDAD,H1,16:18,,,,
13/05/2026,PUERTO MEXICO,Salida,A,4,NAVIDAD,H2,07:03,,,,
13/05/2026,PUERTO MEXICO,Salida,A,4,NAVIDAD,H3,07:03,,,,
13/05/2026,PUERTO MEXICO,Salida,A,4,NAVIDAD,H4,19:03,,,,
13/05/2026,PUERTO MEXICO,Salida,A,4,NAVIDAD,H5,19:03,,,,
13/05/2026,PUERTO MEXICO,Salida,A,5,CUIJE,H1,16:28,,,,
13/05/2026,PUERTO MEXICO,Salida,A,5,CUIJE,H2,07:13,,,,
13/05/2026,PUERTO MEXICO,Salida,A,5,CUIJE,H3,07:13,,,,
13/05/2026,PUERTO MEXICO,Salida,A,5,CUIJE,H4,19:13,,,,
13/05/2026,PUERTO MEXICO,Salida,A,5,CUIJE,H5,19:13,,,,
13/05/2026,PUERTO MEXICO,Salida,A,6,PUERTO MEXICO,H1,16:40,,,,
13/05/2026,PUERTO MEXICO,Salida,A,6,PUERTO MEXICO,H2,07:25,,,,
13/05/2026,PUERTO MEXICO,Salida,A,6,PUERTO MEXICO,H3,07:25,,,,
13/05/2026,PUERTO MEXICO,Salida,A,6,PUERTO MEXICO,H4,19:25,,,,
13/05/2026,PUERTO MEXICO,Salida,A,6,PUERTO MEXICO,H5,19:25,,,,
13/05/2026,ROMA,Entrada,N,1,FCO. LAZACORTA Y JOSE MARIANO MICHELENA,H1,04:45,04:46,-1,1,0
13/05/2026,ROMA,Entrada,N,1,FCO. LAZACORTA Y JOSE MARIANO MICHELENA,H2,16:45,16:47,-2,1,0
13/05/2026,ROMA,Entrada,N,1,FCO. LAZACORTA Y JOSE MARIANO MICHELENA,H3,20:15,,,,
13/05/2026,ROMA,Entrada,N,1,FCO. LAZACORTA Y JOSE MARIANO MICHELENA,H4,20:45,,,,
13/05/2026,ROMA,Entrada,N,2,SIERRA DE LOS PINOS Y PRINCIPAL,H1,04:48,04:48,0,1,0
13/05/2026,ROMA,Entrada,N,2,SIERRA DE LOS PINOS Y PRINCIPAL,H2,16:48,16:48,0,1,0
13/05/2026,ROMA,Entrada,N,2,SIERRA DE LOS PINOS Y PRINCIPAL,H3,20:18,,,,
13/05/2026,ROMA,Entrada,N,2,SIERRA DE LOS PINOS Y PRINCIPAL,H4,20:48,,,,
13/05/2026,ROMA,Entrada,N,3,OSA MAYOR Y BUSTAMANTE,H1,04:53,04:54,-1,1,0
13/05/2026,ROMA,Entrada,N,3,OSA MAYOR Y BUSTAMANTE,H2,16:53,16:55,-2,1,0
13/05/2026,ROMA,Entrada,N,3,OSA MAYOR Y BUSTAMANTE,H3,20:23,,,,
13/05/2026,ROMA,Entrada,N,3,OSA MAYOR Y BUSTAMANTE,H4,20:53,,,,
13/05/2026,ROMA,Entrada,N,4,EUGENIO REYES Y PEDRO AMPUDIA,H1,05:01,05:06,-5,1,0
13/05/2026,ROMA,Entrada,N,4,EUGENIO REYES Y PEDRO AMPUDIA,H2,17:01,17:06,-5,1,0
13/05/2026,ROMA,Entrada,N,4,EUGENIO REYES Y PEDRO AMPUDIA,H3,20:31,,,,
13/05/2026,ROMA,Entrada,N,4,EUGENIO REYES Y PEDRO AMPUDIA,H4,21:01,,,,
13/05/2026,ROMA,Entrada,N,5,FELIPE BERRIOZABAL Y MARAVILLAS,H1,05:06,05:08,-2,1,0
13/05/2026,ROMA,Entrada,N,5,FELIPE BERRIOZABAL Y MARAVILLAS,H2,17:06,17:09,-3,1,0
13/05/2026,ROMA,Entrada,N,5,FELIPE BERRIOZABAL Y MARAVILLAS,H3,20:36,,,,
13/05/2026,ROMA,Entrada,N,5,FELIPE BERRIOZABAL Y MARAVILLAS,H4,21:06,,,,
13/05/2026,ROMA,Entrada,N,6,FCO I MADERO Y CALZ ANTONIO NARRO,H1,05:15,05:20,-5,1,0
13/05/2026,ROMA,Entrada,N,6,FCO I MADERO Y CALZ ANTONIO NARRO,H2,17:15,17:19,-4,1,0
13/05/2026,ROMA,Entrada,N,6,FCO I MADERO Y CALZ ANTONIO NARRO,H3,20:45,,,,
13/05/2026,ROMA,Entrada,N,6,FCO I MADERO Y CALZ ANTONIO NARRO,H4,21:15,,,,
13/05/2026,ROMA,Entrada,N,7,CARR. SALTILLO-ZACATECAS,H1,05:20,05:31,-11,1,0
13/05/2026,ROMA,Entrada,N,7,CARR. SALTILLO-ZACATECAS,H2,17:20,17:25,-5,1,0
13/05/2026,ROMA,Entrada,N,7,CARR. SALTILLO-ZACATECAS,H3,20:50,,,,
13/05/2026,ROMA,Entrada,N,7,CARR. SALTILLO-ZACATECAS,H4,21:20,,,,
13/05/2026,ROMA,Entrada,N,8,METALSA,H1,05:50,05:50,0,1,0
13/05/2026,ROMA,Entrada,N,8,METALSA,H2,17:50,17:39,11,1,0
13/05/2026,ROMA,Entrada,N,8,METALSA,H3,21:20,,,,
13/05/2026,ROMA,Entrada,N,8,METALSA,H4,21:50,,,,
13/05/2026,ROMA,Salida,N,1,METALSA,H1,06:15,06:17,-2,1,0
13/05/2026,ROMA,Salida,N,1,METALSA,H2,15:30,,,,
13/05/2026,ROMA,Salida,N,1,METALSA,H3,18:15,18:17,-2,1,0
13/05/2026,ROMA,Salida,N,2,CARR. SALTILLO-ZACATECAS,H1,06:45,06:33,12,1,0
13/05/2026,ROMA,Salida,N,2,CARR. SALTILLO-ZACATECAS,H2,16:00,,,,
13/05/2026,ROMA,Salida,N,2,CARR. SALTILLO-ZACATECAS,H3,18:45,18:41,4,1,0
13/05/2026,ROMA,Salida,N,3,FCO I MADERO Y CALZ ANTONIO NARRO,H1,06:50,06:39,11,1,0
13/05/2026,ROMA,Salida,N,3,FCO I MADERO Y CALZ ANTONIO NARRO,H2,16:05,,,,
13/05/2026,ROMA,Salida,N,3,FCO I MADERO Y CALZ ANTONIO NARRO,H3,18:50,18:49,1,1,0
13/05/2026,ROMA,Salida,N,4,FELIPE BERRIOZABAL Y MARAVILLAS,H1,06:59,06:51,8,1,0
13/05/2026,ROMA,Salida,N,4,FELIPE BERRIOZABAL Y MARAVILLAS,H2,16:14,,,,
13/05/2026,ROMA,Salida,N,4,FELIPE BERRIOZABAL Y MARAVILLAS,H3,18:59,18:59,0,1,0
13/05/2026,ROMA,Salida,N,5,EUGENIO REYES Y PEDRO AMPUDIA,H1,07:04,06:54,10,1,0
13/05/2026,ROMA,Salida,N,5,EUGENIO REYES Y PEDRO AMPUDIA,H2,16:19,,,,
13/05/2026,ROMA,Salida,N,5,EUGENIO REYES Y PEDRO AMPUDIA,H3,19:04,19:01,3,1,0
13/05/2026,ROMA,Salida,N,6,OSA MAYOR Y BUSTAMANTE,H1,07:12,07:03,9,1,0
13/05/2026,ROMA,Salida,N,6,OSA MAYOR Y BUSTAMANTE,H2,16:27,,,,
13/05/2026,ROMA,Salida,N,6,OSA MAYOR Y BUSTAMANTE,H3,19:12,19:10,2,1,0
13/05/2026,ROMA,Salida,N,7,SIERRA DE LOS PINOS Y PRINCIPAL,H1,07:17,,,,
13/05/2026,ROMA,Salida,N,7,SIERRA DE LOS PINOS Y PRINCIPAL,H2,16:32,,,,
13/05/2026,ROMA,Salida,N,7,SIERRA DE LOS PINOS Y PRINCIPAL,H3,19:17,,,,
13/05/2026,ROMA,Salida,N,8,FCO. LAZACORTA Y JOSE MARIANO MICHELENA,H1,07:20,07:07,13,1,0
13/05/2026,ROMA,Salida,N,8,FCO. LAZACORTA Y JOSE MARIANO MICHELENA,H2,16:35,,,,
13/05/2026,ROMA,Salida,N,8,FCO. LAZACORTA Y JOSE MARIANO MICHELENA,H3,19:20,19:18,2,1,0
13/05/2026,SALTILLO 2000,Entrada,N,1,PALACIO DE JUSTICIA,H1,04:30,04:32,-2,1,0
13/05/2026,SALTILLO 2000,Entrada,N,1,PALACIO DE JUSTICIA,H2,16:30,16:32,-2,1,0
13/05/2026,SALTILLO 2000,Entrada,N,1,PALACIO DE JUSTICIA,H3,20:00,,,,
13/05/2026,SALTILLO 2000,Entrada,N,1,PALACIO DE JUSTICIA,H4,20:30,,,,
13/05/2026,SALTILLO 2000,Entrada,N,2,ROTONDA SALTILLO 2000,H1,04:35,04:35,0,1,0
13/05/2026,SALTILLO 2000,Entrada,N,2,ROTONDA SALTILLO 2000,H2,16:35,16:35,0,1,0
13/05/2026,SALTILLO 2000,Entrada,N,2,ROTONDA SALTILLO 2000,H3,20:05,,,,
13/05/2026,SALTILLO 2000,Entrada,N,2,ROTONDA SALTILLO 2000,H4,20:35,,,,
13/05/2026,SALTILLO 2000,Entrada,N,3,CUQUITA DE CEPEDA DAVILA  (OXXO),H1,04:45,04:42,3,1,0
13/05/2026,SALTILLO 2000,Entrada,N,3,CUQUITA DE CEPEDA DAVILA  (OXXO),H2,16:45,16:46,-1,1,0
13/05/2026,SALTILLO 2000,Entrada,N,3,CUQUITA DE CEPEDA DAVILA  (OXXO),H3,20:15,,,,
13/05/2026,SALTILLO 2000,Entrada,N,3,CUQUITA DE CEPEDA DAVILA  (OXXO),H4,20:45,,,,
13/05/2026,SALTILLO 2000,Entrada,N,4,FCO I MADERO Y  PEDRO AMPUDIA,H1,04:50,04:51,-1,1,0
13/05/2026,SALTILLO 2000,Entrada,N,4,FCO I MADERO Y  PEDRO AMPUDIA,H2,16:50,16:57,-7,1,0
13/05/2026,SALTILLO 2000,Entrada,N,4,FCO I MADERO Y  PEDRO AMPUDIA,H3,20:20,,,,
13/05/2026,SALTILLO 2000,Entrada,N,4,FCO I MADERO Y  PEDRO AMPUDIA,H4,20:50,,,,
13/05/2026,SALTILLO 2000,Entrada,N,5,PERIF. L.E.A. Y CALZ. ANTONIO NARRO,H1,05:08,05:03,5,1,0
13/05/2026,SALTILLO 2000,Entrada,N,5,PERIF. L.E.A. Y CALZ. ANTONIO NARRO,H2,17:08,17:13,-5,1,0
13/05/2026,SALTILLO 2000,Entrada,N,5,PERIF. L.E.A. Y CALZ. ANTONIO NARRO,H3,20:38,,,,
13/05/2026,SALTILLO 2000,Entrada,N,5,PERIF. L.E.A. Y CALZ. ANTONIO NARRO,H4,21:08,,,,
13/05/2026,SALTILLO 2000,Entrada,N,6,BLVD. HACIENDA NARRO,H1,05:20,05:17,3,1,0
13/05/2026,SALTILLO 2000,Entrada,N,6,BLVD. HACIENDA NARRO,H2,17:20,17:26,-6,1,0
13/05/2026,SALTILLO 2000,Entrada,N,6,BLVD. HACIENDA NARRO,H3,20:50,,,,
13/05/2026,SALTILLO 2000,Entrada,N,6,BLVD. HACIENDA NARRO,H4,21:20,,,,
13/05/2026,SALTILLO 2000,Entrada,N,7,METALSA,H1,05:50,05:47,3,1,0
13/05/2026,SALTILLO 2000,Entrada,N,7,METALSA,H2,17:50,17:45,5,1,0
13/05/2026,SALTILLO 2000,Entrada,N,7,METALSA,H3,21:20,,,,
13/05/2026,SALTILLO 2000,Entrada,N,7,METALSA,H4,21:50,,,,
13/05/2026,SALTILLO 2000,Salida,N,1,METALSA,H1,06:15,06:15,0,1,0
13/05/2026,SALTILLO 2000,Salida,N,1,METALSA,H2,15:30,,,,
13/05/2026,SALTILLO 2000,Salida,N,1,METALSA,H3,18:15,18:16,-1,1,0
13/05/2026,SALTILLO 2000,Salida,N,2,BLVD. HACIENDA NARRO,H1,06:45,06:36,9,1,0
13/05/2026,SALTILLO 2000,Salida,N,2,BLVD. HACIENDA NARRO,H2,16:00,,,,
13/05/2026,SALTILLO 2000,Salida,N,2,BLVD. HACIENDA NARRO,H3,18:45,18:48,-3,1,0
13/05/2026,SALTILLO 2000,Salida,N,3,PERIF. L.E.A. Y CALZ. ANTONIO NARRO,H1,06:57,06:51,6,1,0
13/05/2026,SALTILLO 2000,Salida,N,3,PERIF. L.E.A. Y CALZ. ANTONIO NARRO,H2,16:12,,,,
13/05/2026,SALTILLO 2000,Salida,N,3,PERIF. L.E.A. Y CALZ. ANTONIO NARRO,H3,18:57,19:00,-3,1,0
13/05/2026,SALTILLO 2000,Salida,N,4,FCO I MADERO Y  PEDRO AMPUDIA,H1,07:15,07:03,12,1,0
13/05/2026,SALTILLO 2000,Salida,N,4,FCO I MADERO Y  PEDRO AMPUDIA,H2,16:30,,,,
13/05/2026,SALTILLO 2000,Salida,N,4,FCO I MADERO Y  PEDRO AMPUDIA,H3,19:15,19:18,-3,1,0
13/05/2026,SALTILLO 2000,Salida,N,5,CUQUITA DE CEPEDA DAVILA  (OXXO),H1,07:20,07:12,8,1,0
13/05/2026,SALTILLO 2000,Salida,N,5,CUQUITA DE CEPEDA DAVILA  (OXXO),H2,16:35,,,,
13/05/2026,SALTILLO 2000,Salida,N,5,CUQUITA DE CEPEDA DAVILA  (OXXO),H3,19:20,19:28,-8,1,0
13/05/2026,SALTILLO 2000,Salida,N,6,ROTONDA SALTILLO 2000,H1,07:30,,,,
13/05/2026,SALTILLO 2000,Salida,N,6,ROTONDA SALTILLO 2000,H2,16:45,,,,
13/05/2026,SALTILLO 2000,Salida,N,6,ROTONDA SALTILLO 2000,H3,19:30,,,,
13/05/2026,SALTILLO 2000,Salida,N,7,PALACIO DE JUSTICIA,H1,07:35,,,,
13/05/2026,SALTILLO 2000,Salida,N,7,PALACIO DE JUSTICIA,H2,16:50,,,,
13/05/2026,SALTILLO 2000,Salida,N,7,PALACIO DE JUSTICIA,H3,19:35,,,,
13/05/2026,SAN FRANCISCO,Entrada,A,1,LA CUCHILLA,H1,19:35,,,,
13/05/2026,SAN FRANCISCO,Entrada,A,1,LA CUCHILLA,H2,04:05,,,,
13/05/2026,SAN FRANCISCO,Entrada,A,1,LA CUCHILLA,H3,16:05,,,,
13/05/2026,SAN FRANCISCO,Entrada,A,1,LA CUCHILLA,H4,20:05,,,,
13/05/2026,SAN FRANCISCO,Entrada,A,2,SAN JUAN RETIRO,H1,19:44,,,,
13/05/2026,SAN FRANCISCO,Entrada,A,2,SAN JUAN RETIRO,H2,04:14,,,,
13/05/2026,SAN FRANCISCO,Entrada,A,2,SAN JUAN RETIRO,H3,16:14,,,,
13/05/2026,SAN FRANCISCO,Entrada,A,2,SAN JUAN RETIRO,H4,20:14,,,,
13/05/2026,SAN FRANCISCO,Entrada,A,3,NUEVO GOMEZ,H1,19:54,,,,
13/05/2026,SAN FRANCISCO,Entrada,A,3,NUEVO GOMEZ,H2,04:24,,,,
13/05/2026,SAN FRANCISCO,Entrada,A,3,NUEVO GOMEZ,H3,16:24,,,,
13/05/2026,SAN FRANCISCO,Entrada,A,3,NUEVO GOMEZ,H4,20:24,,,,
13/05/2026,SAN FRANCISCO,Entrada,A,4,SAN FRANCISCO,H1,20:06,,,,
13/05/2026,SAN FRANCISCO,Entrada,A,4,SAN FRANCISCO,H2,04:36,,,,
13/05/2026,SAN FRANCISCO,Entrada,A,4,SAN FRANCISCO,H3,16:36,,,,
13/05/2026,SAN FRANCISCO,Entrada,A,4,SAN FRANCISCO,H4,20:36,,,,
13/05/2026,SAN FRANCISCO,Entrada,A,5,MANGAS,H1,20:16,,,,
13/05/2026,SAN FRANCISCO,Entrada,A,5,MANGAS,H2,04:46,,,,
13/05/2026,SAN FRANCISCO,Entrada,A,5,MANGAS,H3,16:46,,,,
13/05/2026,SAN FRANCISCO,Entrada,A,5,MANGAS,H4,20:46,,,,
13/05/2026,SAN FRANCISCO,Entrada,A,6,COLONIAS,H1,20:52,,,,
13/05/2026,SAN FRANCISCO,Entrada,A,6,COLONIAS,H2,05:22,,,,
13/05/2026,SAN FRANCISCO,Entrada,A,6,COLONIAS,H3,17:22,,,,
13/05/2026,SAN FRANCISCO,Entrada,A,6,COLONIAS,H4,21:22,,,,
13/05/2026,SAN FRANCISCO,Entrada,A,7,AGUA NUEVA,H1,21:00,,,,
13/05/2026,SAN FRANCISCO,Entrada,A,7,AGUA NUEVA,H2,05:30,,,,
13/05/2026,SAN FRANCISCO,Entrada,A,7,AGUA NUEVA,H3,17:30,,,,
13/05/2026,SAN FRANCISCO,Entrada,A,7,AGUA NUEVA,H4,21:25,,,,
13/05/2026,SAN FRANCISCO,Entrada,A,8,METALSA,H1,21:20,,,,
13/05/2026,SAN FRANCISCO,Entrada,A,8,METALSA,H2,05:50,,,,
13/05/2026,SAN FRANCISCO,Entrada,A,8,METALSA,H3,17:50,,,,
13/05/2026,SAN FRANCISCO,Entrada,A,8,METALSA,H4,21:50,,,,
13/05/2026,SAN FRANCISCO,Salida,N,1,METALSA,H1,15:30,,,,
13/05/2026,SAN FRANCISCO,Salida,N,1,METALSA,H2,18:15,18:18,-3,1,0
13/05/2026,SAN FRANCISCO,Salida,N,1,METALSA,H3,06:15,06:28,-13,1,0
13/05/2026,SAN FRANCISCO,Salida,N,2,AGUA NUEVA,H1,15:59,,,,
13/05/2026,SAN FRANCISCO,Salida,N,2,AGUA NUEVA,H2,18:44,18:27,17,1,0
13/05/2026,SAN FRANCISCO,Salida,N,2,AGUA NUEVA,H3,06:44,06:38,6,1,0
13/05/2026,SAN FRANCISCO,Salida,N,3,COLONIAS,H1,16:10,,,,
13/05/2026,SAN FRANCISCO,Salida,N,3,COLONIAS,H2,18:55,18:42,13,1,0
13/05/2026,SAN FRANCISCO,Salida,N,3,COLONIAS,H3,06:55,06:52,3,1,0
13/05/2026,SAN FRANCISCO,Salida,N,4,MANGAS,H1,16:34,,,,
13/05/2026,SAN FRANCISCO,Salida,N,4,MANGAS,H2,19:19,19:07,12,1,0
13/05/2026,SAN FRANCISCO,Salida,N,4,MANGAS,H3,07:19,,,,
13/05/2026,SAN FRANCISCO,Salida,N,5,SAN FRANCISCO,H1,16:46,,,,
13/05/2026,SAN FRANCISCO,Salida,N,5,SAN FRANCISCO,H2,19:31,19:18,13,1,0
13/05/2026,SAN FRANCISCO,Salida,N,5,SAN FRANCISCO,H3,07:31,07:14,17,1,0
13/05/2026,SAN FRANCISCO,Salida,N,6,NUEVO GOMEZ,H1,16:56,,,,
13/05/2026,SAN FRANCISCO,Salida,N,6,NUEVO GOMEZ,H2,19:41,,,,
13/05/2026,SAN FRANCISCO,Salida,N,6,NUEVO GOMEZ,H3,07:41,,,,
13/05/2026,SAN FRANCISCO,Salida,N,7,SAN JUAN RETIRO,H1,17:06,,,,
13/05/2026,SAN FRANCISCO,Salida,N,7,SAN JUAN RETIRO,H2,19:51,,,,
13/05/2026,SAN FRANCISCO,Salida,N,7,SAN JUAN RETIRO,H3,07:51,07:32,19,1,0
13/05/2026,SAN FRANCISCO,Salida,N,8,LA CUCHILLA,H1,17:15,,,,
13/05/2026,SAN FRANCISCO,Salida,N,8,LA CUCHILLA,H2,20:00,19:34,26,1,0
13/05/2026,SAN FRANCISCO,Salida,N,8,LA CUCHILLA,H3,08:00,,,,
13/05/2026,SAN MIGUEL,Entrada,A,1,SAN MIGUEL,H1,19:50,,,,
13/05/2026,SAN MIGUEL,Entrada,A,1,SAN MIGUEL,H2,04:20,,,,
13/05/2026,SAN MIGUEL,Entrada,A,1,SAN MIGUEL,H3,16:20,,,,
13/05/2026,SAN MIGUEL,Entrada,A,1,SAN MIGUEL,H4,20:20,,,,
13/05/2026,SAN MIGUEL,Entrada,A,2,ZACATERA,H1,19:53,,,,
13/05/2026,SAN MIGUEL,Entrada,A,2,ZACATERA,H2,04:23,,,,
13/05/2026,SAN MIGUEL,Entrada,A,2,ZACATERA,H3,16:23,,,,
13/05/2026,SAN MIGUEL,Entrada,A,2,ZACATERA,H4,20:23,,,,
13/05/2026,SAN MIGUEL,Entrada,A,3,GOMEZ FARIAS,H1,20:00,,,,
13/05/2026,SAN MIGUEL,Entrada,A,3,GOMEZ FARIAS,H2,04:30,,,,
13/05/2026,SAN MIGUEL,Entrada,A,3,GOMEZ FARIAS,H3,16:30,,,,
13/05/2026,SAN MIGUEL,Entrada,A,3,GOMEZ FARIAS,H4,20:30,,,,
13/05/2026,SAN MIGUEL,Entrada,A,4,GUADALUPE VICTORIA,H1,20:25,,,,
13/05/2026,SAN MIGUEL,Entrada,A,4,GUADALUPE VICTORIA,H2,04:55,,,,
13/05/2026,SAN MIGUEL,Entrada,A,4,GUADALUPE VICTORIA,H3,16:55,,,,
13/05/2026,SAN MIGUEL,Entrada,A,4,GUADALUPE VICTORIA,H4,20:55,,,,
13/05/2026,SAN MIGUEL,Entrada,A,5,COLONIAS,H1,20:35,,,,
13/05/2026,SAN MIGUEL,Entrada,A,5,COLONIAS,H2,05:05,,,,
13/05/2026,SAN MIGUEL,Entrada,A,5,COLONIAS,H3,17:05,,,,
13/05/2026,SAN MIGUEL,Entrada,A,5,COLONIAS,H4,21:05,,,,
13/05/2026,SAN MIGUEL,Entrada,A,6,AGUA NUEVA,H1,20:50,,,,
13/05/2026,SAN MIGUEL,Entrada,A,6,AGUA NUEVA,H2,05:20,,,,
13/05/2026,SAN MIGUEL,Entrada,A,6,AGUA NUEVA,H3,17:20,,,,
13/05/2026,SAN MIGUEL,Entrada,A,6,AGUA NUEVA,H4,21:20,,,,
13/05/2026,SAN MIGUEL,Entrada,A,7,METALSA,H1,21:20,,,,
13/05/2026,SAN MIGUEL,Entrada,A,7,METALSA,H2,05:50,,,,
13/05/2026,SAN MIGUEL,Entrada,A,7,METALSA,H3,17:50,,,,
13/05/2026,SAN MIGUEL,Entrada,A,7,METALSA,H4,21:50,,,,
13/05/2026,SAN MIGUEL,Salida,N,1,METALSA,H1,15:30,,,,
13/05/2026,SAN MIGUEL,Salida,N,1,METALSA,H2,06:15,,,,
13/05/2026,SAN MIGUEL,Salida,N,1,METALSA,H3,18:15,,,,
13/05/2026,SAN MIGUEL,Salida,N,2,AGUA NUEVA,H1,16:10,,,,
13/05/2026,SAN MIGUEL,Salida,N,2,AGUA NUEVA,H2,06:55,,,,
13/05/2026,SAN MIGUEL,Salida,N,2,AGUA NUEVA,H3,18:55,,,,
13/05/2026,SAN MIGUEL,Salida,N,3,COLONIAS,H1,16:20,,,,
13/05/2026,SAN MIGUEL,Salida,N,3,COLONIAS,H2,07:05,,,,
13/05/2026,SAN MIGUEL,Salida,N,3,COLONIAS,H3,19:05,,,,
13/05/2026,SAN MIGUEL,Salida,N,4,GUADALUPE VICTORIA,H1,16:30,,,,
13/05/2026,SAN MIGUEL,Salida,N,4,GUADALUPE VICTORIA,H2,07:15,,,,
13/05/2026,SAN MIGUEL,Salida,N,4,GUADALUPE VICTORIA,H3,19:15,,,,
13/05/2026,SAN MIGUEL,Salida,N,5,GOMEZ FARIAS,H1,17:05,,,,
13/05/2026,SAN MIGUEL,Salida,N,5,GOMEZ FARIAS,H2,07:50,,,,
13/05/2026,SAN MIGUEL,Salida,N,5,GOMEZ FARIAS,H3,19:50,,,,
13/05/2026,SAN MIGUEL,Salida,N,6,SAN MIGUEL,H1,17:30,,,,
13/05/2026,SAN MIGUEL,Salida,N,6,SAN MIGUEL,H2,08:15,,,,
13/05/2026,SAN MIGUEL,Salida,N,6,SAN MIGUEL,H3,20:15,,,,
13/05/2026,SAN MIGUEL,Salida,N,7,ZACATERA,H1,18:05,,,,
13/05/2026,SAN MIGUEL,Salida,N,7,ZACATERA,H2,08:45,,,,
13/05/2026,SAN MIGUEL,Salida,N,7,ZACATERA,H3,20:45,,,,
13/05/2026,SANTA MARIA - SAN RAFAEL,Entrada,N,1,SAN JOSE ALAMITO,H1,19:00,,,,
13/05/2026,SANTA MARIA - SAN RAFAEL,Entrada,N,1,SAN JOSE ALAMITO,H2,03:30,03:59,-29,1,0
13/05/2026,SANTA MARIA - SAN RAFAEL,Entrada,N,1,SAN JOSE ALAMITO,H3,15:30,16:00,-30,1,0
13/05/2026,SANTA MARIA - SAN RAFAEL,Entrada,N,1,SAN JOSE ALAMITO,H4,19:30,,,,
13/05/2026,SANTA MARIA - SAN RAFAEL,Entrada,N,2,LA HEDIONDA,H1,19:25,,,,
13/05/2026,SANTA MARIA - SAN RAFAEL,Entrada,N,2,LA HEDIONDA,H2,03:55,04:01,-6,1,0
13/05/2026,SANTA MARIA - SAN RAFAEL,Entrada,N,2,LA HEDIONDA,H3,15:55,16:03,-8,1,0
13/05/2026,SANTA MARIA - SAN RAFAEL,Entrada,N,2,LA HEDIONDA,H4,19:55,,,,
13/05/2026,SANTA MARIA - SAN RAFAEL,Entrada,N,3,LA CONCHA,H1,19:40,,,,
13/05/2026,SANTA MARIA - SAN RAFAEL,Entrada,N,3,LA CONCHA,H2,04:10,04:14,-4,1,0
13/05/2026,SANTA MARIA - SAN RAFAEL,Entrada,N,3,LA CONCHA,H3,16:10,,,,
13/05/2026,SANTA MARIA - SAN RAFAEL,Entrada,N,3,LA CONCHA,H4,20:10,,,,
13/05/2026,SANTA MARIA - SAN RAFAEL,Entrada,N,4,STA MARIA DE RAMOS,H1,19:50,,,,
13/05/2026,SANTA MARIA - SAN RAFAEL,Entrada,N,4,STA MARIA DE RAMOS,H2,04:20,04:20,0,1,0
13/05/2026,SANTA MARIA - SAN RAFAEL,Entrada,N,4,STA MARIA DE RAMOS,H3,16:20,16:18,2,1,0
13/05/2026,SANTA MARIA - SAN RAFAEL,Entrada,N,4,STA MARIA DE RAMOS,H4,20:20,,,,
13/05/2026,SANTA MARIA - SAN RAFAEL,Entrada,N,5,SAN RAFAEL,H1,20:05,,,,
13/05/2026,SANTA MARIA - SAN RAFAEL,Entrada,N,5,SAN RAFAEL,H2,04:35,04:31,4,1,0
13/05/2026,SANTA MARIA - SAN RAFAEL,Entrada,N,5,SAN RAFAEL,H3,16:35,16:27,8,1,0
13/05/2026,SANTA MARIA - SAN RAFAEL,Entrada,N,5,SAN RAFAEL,H4,20:35,,,,
13/05/2026,SANTA MARIA - SAN RAFAEL,Entrada,N,6,NAVIDAD,H1,20:10,,,,
13/05/2026,SANTA MARIA - SAN RAFAEL,Entrada,N,6,NAVIDAD,H2,04:40,,,,
13/05/2026,SANTA MARIA - SAN RAFAEL,Entrada,N,6,NAVIDAD,H3,16:40,16:42,-2,1,0
13/05/2026,SANTA MARIA - SAN RAFAEL,Entrada,N,6,NAVIDAD,H4,20:40,,,,
13/05/2026,SANTA MARIA - SAN RAFAEL,Entrada,N,7,ENTRONQUE HUACHICHIL,H1,20:40,,,,
13/05/2026,SANTA MARIA - SAN RAFAEL,Entrada,N,7,ENTRONQUE HUACHICHIL,H2,05:10,05:08,2,1,0
13/05/2026,SANTA MARIA - SAN RAFAEL,Entrada,N,7,ENTRONQUE HUACHICHIL,H3,17:10,17:05,5,1,0
13/05/2026,SANTA MARIA - SAN RAFAEL,Entrada,N,7,ENTRONQUE HUACHICHIL,H4,21:10,,,,
13/05/2026,SANTA MARIA - SAN RAFAEL,Entrada,N,8,METALSA,H1,21:20,,,,
13/05/2026,SANTA MARIA - SAN RAFAEL,Entrada,N,8,METALSA,H2,05:50,05:39,11,1,0
13/05/2026,SANTA MARIA - SAN RAFAEL,Entrada,N,8,METALSA,H3,17:50,17:36,14,1,0
13/05/2026,SANTA MARIA - SAN RAFAEL,Entrada,N,8,METALSA,H4,21:50,,,,
13/05/2026,SANTA MARIA - SAN RAFAEL,Salida,N,1,METALSA,H1,15:30,,,,
13/05/2026,SANTA MARIA - SAN RAFAEL,Salida,N,1,METALSA,H2,06:15,06:15,0,1,0
13/05/2026,SANTA MARIA - SAN RAFAEL,Salida,N,1,METALSA,H3,18:15,18:13,2,1,0
13/05/2026,SANTA MARIA - SAN RAFAEL,Salida,N,2,ENTRONQUE HUACHICHIL,H1,15:31,,,,
13/05/2026,SANTA MARIA - SAN RAFAEL,Salida,N,2,ENTRONQUE HUACHICHIL,H2,06:16,,,,
13/05/2026,SANTA MARIA - SAN RAFAEL,Salida,N,2,ENTRONQUE HUACHICHIL,H3,18:16,,,,
13/05/2026,SANTA MARIA - SAN RAFAEL,Salida,N,3,NAVIDAD,H1,15:32,,,,
13/05/2026,SANTA MARIA - SAN RAFAEL,Salida,N,3,NAVIDAD,H2,06:17,07:19,-62,1,0
13/05/2026,SANTA MARIA - SAN RAFAEL,Salida,N,3,NAVIDAD,H3,18:17,19:07,-50,1,0
13/05/2026,SANTA MARIA - SAN RAFAEL,Salida,N,4,SAN RAFAEL,H1,15:33,,,,
13/05/2026,SANTA MARIA - SAN RAFAEL,Salida,N,4,SAN RAFAEL,H2,06:18,,,,
13/05/2026,SANTA MARIA - SAN RAFAEL,Salida,N,4,SAN RAFAEL,H3,18:18,,,,
13/05/2026,SANTA MARIA - SAN RAFAEL,Salida,N,5,STA MARIA DE RAMOS,H1,16:50,,,,
13/05/2026,SANTA MARIA - SAN RAFAEL,Salida,N,5,STA MARIA DE RAMOS,H2,07:35,07:38,-3,1,0
13/05/2026,SANTA MARIA - SAN RAFAEL,Salida,N,5,STA MARIA DE RAMOS,H3,19:35,19:24,11,1,0
13/05/2026,SANTA MARIA - SAN RAFAEL,Salida,N,6,LA CONCHA,H1,16:55,,,,
13/05/2026,SANTA MARIA - SAN RAFAEL,Salida,N,6,LA CONCHA,H2,07:45,,,,
13/05/2026,SANTA MARIA - SAN RAFAEL,Salida,N,6,LA CONCHA,H3,19:40,19:29,11,1,0
13/05/2026,SANTA MARIA - SAN RAFAEL,Salida,N,7,LA HEDIONDA,H1,17:30,,,,
13/05/2026,SANTA MARIA - SAN RAFAEL,Salida,N,7,LA HEDIONDA,H2,08:00,,,,
13/05/2026,SANTA MARIA - SAN RAFAEL,Salida,N,7,LA HEDIONDA,H3,20:15,19:41,34,1,0
13/05/2026,SANTA MARIA - SAN RAFAEL,Salida,N,8,SAN JOSE ALAMITO,H1,17:55,,,,
13/05/2026,SANTA MARIA - SAN RAFAEL,Salida,N,8,SAN JOSE ALAMITO,H2,08:25,,,,
13/05/2026,SANTA MARIA - SAN RAFAEL,Salida,N,8,SAN JOSE ALAMITO,H3,20:35,19:58,37,1,0
13/05/2026,SECUENCIADOS,Entrada,A,1,CARR. SALTILLO-ZACATECAS,H1,05:45,,,,
13/05/2026,SECUENCIADOS,Entrada,A,1,CARR. SALTILLO-ZACATECAS,H2,17:45,,,,
13/05/2026,SECUENCIADOS,Entrada,A,1,CARR. SALTILLO-ZACATECAS,H3,21:15,,,,
13/05/2026,SECUENCIADOS,Entrada,A,1,CARR. SALTILLO-ZACATECAS,H4,21:45,,,,
13/05/2026,SECUENCIADOS,Entrada,A,2,METALSA,H1,05:50,,,,
13/05/2026,SECUENCIADOS,Entrada,A,2,METALSA,H2,17:50,,,,
13/05/2026,SECUENCIADOS,Entrada,A,2,METALSA,H3,21:20,,,,
13/05/2026,SECUENCIADOS,Entrada,A,2,METALSA,H4,21:50,,,,
13/05/2026,SECUENCIADOS,Salida,A,1,METALSA,H1,05:50,,,,
13/05/2026,SECUENCIADOS,Salida,A,1,METALSA,H2,17:50,,,,
13/05/2026,SECUENCIADOS,Salida,A,1,METALSA,H3,21:20,,,,
13/05/2026,SECUENCIADOS,Salida,A,2,CARR. SALTILLO-ZACATECAS,H1,05:45,,,,
13/05/2026,SECUENCIADOS,Salida,A,2,CARR. SALTILLO-ZACATECAS,H2,17:45,,,,
13/05/2026,SECUENCIADOS,Salida,A,2,CARR. SALTILLO-ZACATECAS,H3,21:15,,,,
13/05/2026,TANQUE DEL CERRO - LA VENTURA,Entrada,A,1,TANQUE DEL CERRO,H1,19:15,,,,
13/05/2026,TANQUE DEL CERRO - LA VENTURA,Entrada,A,1,TANQUE DEL CERRO,H2,03:45,,,,
13/05/2026,TANQUE DEL CERRO - LA VENTURA,Entrada,A,1,TANQUE DEL CERRO,H3,15:45,,,,
13/05/2026,TANQUE DEL CERRO - LA VENTURA,Entrada,A,1,TANQUE DEL CERRO,H4,19:45,,,,
13/05/2026,TANQUE DEL CERRO - LA VENTURA,Entrada,A,2,LA VENTURA,H1,19:35,,,,
13/05/2026,TANQUE DEL CERRO - LA VENTURA,Entrada,A,2,LA VENTURA,H2,04:05,,,,
13/05/2026,TANQUE DEL CERRO - LA VENTURA,Entrada,A,2,LA VENTURA,H3,16:05,,,,
13/05/2026,TANQUE DEL CERRO - LA VENTURA,Entrada,A,2,LA VENTURA,H4,20:05,,,,
13/05/2026,TANQUE DEL CERRO - LA VENTURA,Entrada,A,3,PURISIMA,H1,19:45,,,,
13/05/2026,TANQUE DEL CERRO - LA VENTURA,Entrada,A,3,PURISIMA,H2,04:15,,,,
13/05/2026,TANQUE DEL CERRO - LA VENTURA,Entrada,A,3,PURISIMA,H3,16:15,,,,
13/05/2026,TANQUE DEL CERRO - LA VENTURA,Entrada,A,3,PURISIMA,H4,20:15,,,,
13/05/2026,TANQUE DEL CERRO - LA VENTURA,Entrada,A,4,PRESA SAN PEDRO,H1,19:55,,,,
13/05/2026,TANQUE DEL CERRO - LA VENTURA,Entrada,A,4,PRESA SAN PEDRO,H2,04:25,,,,
13/05/2026,TANQUE DEL CERRO - LA VENTURA,Entrada,A,4,PRESA SAN PEDRO,H3,16:25,,,,
13/05/2026,TANQUE DEL CERRO - LA VENTURA,Entrada,A,4,PRESA SAN PEDRO,H4,20:25,,,,
13/05/2026,TANQUE DEL CERRO - LA VENTURA,Entrada,A,5,TANQUE ESCONDIDO,H1,20:10,,,,
13/05/2026,TANQUE DEL CERRO - LA VENTURA,Entrada,A,5,TANQUE ESCONDIDO,H2,04:40,,,,
13/05/2026,TANQUE DEL CERRO - LA VENTURA,Entrada,A,5,TANQUE ESCONDIDO,H3,16:40,,,,
13/05/2026,TANQUE DEL CERRO - LA VENTURA,Entrada,A,5,TANQUE ESCONDIDO,H4,20:40,,,,
13/05/2026,TANQUE DEL CERRO - LA VENTURA,Entrada,A,6,GUADALUPE VICTORIA,H1,20:38,,,,
13/05/2026,TANQUE DEL CERRO - LA VENTURA,Entrada,A,6,GUADALUPE VICTORIA,H2,05:08,,,,
13/05/2026,TANQUE DEL CERRO - LA VENTURA,Entrada,A,6,GUADALUPE VICTORIA,H3,17:08,,,,
13/05/2026,TANQUE DEL CERRO - LA VENTURA,Entrada,A,6,GUADALUPE VICTORIA,H4,21:08,,,,
13/05/2026,TANQUE DEL CERRO - LA VENTURA,Entrada,A,7,METALSA,H1,21:20,,,,
13/05/2026,TANQUE DEL CERRO - LA VENTURA,Entrada,A,7,METALSA,H2,05:50,,,,
13/05/2026,TANQUE DEL CERRO - LA VENTURA,Entrada,A,7,METALSA,H3,17:50,,,,
13/05/2026,TANQUE DEL CERRO - LA VENTURA,Entrada,A,7,METALSA,H4,21:50,,,,
13/05/2026,TANQUE DEL CERRO - LA VENTURA,Salida,N,1,METALSA,H1,15:30,,,,
13/05/2026,TANQUE DEL CERRO - LA VENTURA,Salida,N,1,METALSA,H2,06:15,06:17,-2,1,0
13/05/2026,TANQUE DEL CERRO - LA VENTURA,Salida,N,1,METALSA,H3,18:15,18:01,14,1,0
13/05/2026,TANQUE DEL CERRO - LA VENTURA,Salida,N,2,GUADALUPE VICTORIA,H1,16:00,,,,
13/05/2026,TANQUE DEL CERRO - LA VENTURA,Salida,N,2,GUADALUPE VICTORIA,H2,06:40,,,,
13/05/2026,TANQUE DEL CERRO - LA VENTURA,Salida,N,2,GUADALUPE VICTORIA,H3,18:40,,,,
13/05/2026,TANQUE DEL CERRO - LA VENTURA,Salida,N,3,TANQUE ESCONDIDO,H1,16:01,,,,
13/05/2026,TANQUE DEL CERRO - LA VENTURA,Salida,N,3,TANQUE ESCONDIDO,H2,06:41,07:27,-46,1,0
13/05/2026,TANQUE DEL CERRO - LA VENTURA,Salida,N,3,TANQUE ESCONDIDO,H3,18:41,19:24,-43,1,0
13/05/2026,TANQUE DEL CERRO - LA VENTURA,Salida,N,4,PRESA SAN PEDRO,H1,16:02,,,,
13/05/2026,TANQUE DEL CERRO - LA VENTURA,Salida,N,4,PRESA SAN PEDRO,H2,06:42,07:34,-52,1,0
13/05/2026,TANQUE DEL CERRO - LA VENTURA,Salida,N,4,PRESA SAN PEDRO,H3,18:42,19:31,-49,1,0
13/05/2026,TANQUE DEL CERRO - LA VENTURA,Salida,N,5,PURISIMA,H1,16:03,,,,
13/05/2026,TANQUE DEL CERRO - LA VENTURA,Salida,N,5,PURISIMA,H2,06:43,07:44,-61,1,0
13/05/2026,TANQUE DEL CERRO - LA VENTURA,Salida,N,5,PURISIMA,H3,18:43,19:44,-61,1,0
13/05/2026,TANQUE DEL CERRO - LA VENTURA,Salida,N,6,LA VENTURA,H1,17:00,,,,
13/05/2026,TANQUE DEL CERRO - LA VENTURA,Salida,N,6,LA VENTURA,H2,06:44,07:57,-73,1,0
13/05/2026,TANQUE DEL CERRO - LA VENTURA,Salida,N,6,LA VENTURA,H3,19:45,19:58,-13,1,0
13/05/2026,TANQUE DEL CERRO - LA VENTURA,Salida,N,7,TANQUE DEL CERRO,H1,17:20,,,,
13/05/2026,TANQUE DEL CERRO - LA VENTURA,Salida,N,7,TANQUE DEL CERRO,H2,08:05,08:07,-2,1,0
13/05/2026,TANQUE DEL CERRO - LA VENTURA,Salida,N,7,TANQUE DEL CERRO,H3,20:05,,,,
13/05/2026,TANQUE NUEVO,Entrada,A,1,MATEHUAPIL,H1,18:20,,,,
13/05/2026,TANQUE NUEVO,Entrada,A,1,MATEHUAPIL,H2,02:50,,,,
13/05/2026,TANQUE NUEVO,Entrada,A,1,MATEHUAPIL,H3,02:50,,,,
13/05/2026,TANQUE NUEVO,Entrada,A,1,MATEHUAPIL,H4,14:50,,,,
13/05/2026,TANQUE NUEVO,Entrada,A,1,MATEHUAPIL,H5,14:50,,,,
13/05/2026,TANQUE NUEVO,Entrada,A,1,MATEHUAPIL,H6,18:50,,,,
13/05/2026,TANQUE NUEVO,Entrada,A,2,TANQUE NUEVO,H1,18:30,,,,
13/05/2026,TANQUE NUEVO,Entrada,A,2,TANQUE NUEVO,H2,03:00,,,,
13/05/2026,TANQUE NUEVO,Entrada,A,2,TANQUE NUEVO,H3,03:00,,,,
13/05/2026,TANQUE NUEVO,Entrada,A,2,TANQUE NUEVO,H4,15:00,,,,
13/05/2026,TANQUE NUEVO,Entrada,A,2,TANQUE NUEVO,H5,15:00,,,,
13/05/2026,TANQUE NUEVO,Entrada,A,2,TANQUE NUEVO,H6,19:00,,,,
13/05/2026,TANQUE NUEVO,Entrada,A,3,CLAVELLINAS,H1,18:50,,,,
13/05/2026,TANQUE NUEVO,Entrada,A,3,CLAVELLINAS,H2,03:20,,,,
13/05/2026,TANQUE NUEVO,Entrada,A,3,CLAVELLINAS,H3,03:20,,,,
13/05/2026,TANQUE NUEVO,Entrada,A,3,CLAVELLINAS,H4,15:20,,,,
13/05/2026,TANQUE NUEVO,Entrada,A,3,CLAVELLINAS,H5,15:20,,,,
13/05/2026,TANQUE NUEVO,Entrada,A,3,CLAVELLINAS,H6,19:20,,,,
13/05/2026,TANQUE NUEVO,Entrada,A,4,EL SALVADOR,H1,19:10,,,,
13/05/2026,TANQUE NUEVO,Entrada,A,4,EL SALVADOR,H2,03:40,,,,
13/05/2026,TANQUE NUEVO,Entrada,A,4,EL SALVADOR,H3,03:40,,,,
13/05/2026,TANQUE NUEVO,Entrada,A,4,EL SALVADOR,H4,15:40,,,,
13/05/2026,TANQUE NUEVO,Entrada,A,4,EL SALVADOR,H5,15:40,,,,
13/05/2026,TANQUE NUEVO,Entrada,A,4,EL SALVADOR,H6,19:40,,,,
13/05/2026,TANQUE NUEVO,Entrada,A,5,LA VENTURA,H1,19:30,,,,
13/05/2026,TANQUE NUEVO,Entrada,A,5,LA VENTURA,H2,04:00,,,,
13/05/2026,TANQUE NUEVO,Entrada,A,5,LA VENTURA,H3,04:00,,,,
13/05/2026,TANQUE NUEVO,Entrada,A,5,LA VENTURA,H4,16:00,,,,
13/05/2026,TANQUE NUEVO,Entrada,A,5,LA VENTURA,H5,16:00,,,,
13/05/2026,TANQUE NUEVO,Entrada,A,5,LA VENTURA,H6,20:10,,,,
13/05/2026,TANQUE NUEVO,Entrada,A,6,PRESA SAN PEDRO,H1,19:45,,,,
13/05/2026,TANQUE NUEVO,Entrada,A,6,PRESA SAN PEDRO,H2,04:15,,,,
13/05/2026,TANQUE NUEVO,Entrada,A,6,PRESA SAN PEDRO,H3,04:15,,,,
13/05/2026,TANQUE NUEVO,Entrada,A,6,PRESA SAN PEDRO,H4,16:15,,,,
13/05/2026,TANQUE NUEVO,Entrada,A,6,PRESA SAN PEDRO,H5,16:15,,,,
13/05/2026,TANQUE NUEVO,Entrada,A,6,PRESA SAN PEDRO,H6,20:35,,,,
13/05/2026,TANQUE NUEVO,Entrada,A,7,TANQUE ESCONDIDO,H1,19:55,,,,
13/05/2026,TANQUE NUEVO,Entrada,A,7,TANQUE ESCONDIDO,H2,04:25,,,,
13/05/2026,TANQUE NUEVO,Entrada,A,7,TANQUE ESCONDIDO,H3,04:25,,,,
13/05/2026,TANQUE NUEVO,Entrada,A,7,TANQUE ESCONDIDO,H4,16:25,,,,
13/05/2026,TANQUE NUEVO,Entrada,A,7,TANQUE ESCONDIDO,H5,16:25,,,,
13/05/2026,TANQUE NUEVO,Entrada,A,7,TANQUE ESCONDIDO,H6,20:45,,,,
13/05/2026,TANQUE NUEVO,Entrada,A,8,METALSA,H1,21:20,,,,
13/05/2026,TANQUE NUEVO,Entrada,A,8,METALSA,H2,05:50,00:05,345,1,0
13/05/2026,TANQUE NUEVO,Entrada,A,8,METALSA,H3,05:50,,,,
13/05/2026,TANQUE NUEVO,Entrada,A,8,METALSA,H4,17:50,,,,
13/05/2026,TANQUE NUEVO,Entrada,A,8,METALSA,H5,17:50,,,,
13/05/2026,TANQUE NUEVO,Entrada,A,8,METALSA,H6,21:50,,,,
13/05/2026,TANQUE NUEVO,Salida,N,1,METALSA,H1,15:30,,,,
13/05/2026,TANQUE NUEVO,Salida,N,1,METALSA,H2,06:15,00:06,369,1,0
13/05/2026,TANQUE NUEVO,Salida,N,1,METALSA,H3,06:15,00:18,357,1,0
13/05/2026,TANQUE NUEVO,Salida,N,1,METALSA,H4,18:15,00:18,357,,0
13/05/2026,TANQUE NUEVO,Salida,N,1,METALSA,H5,18:15,00:18,357,,0
13/05/2026,TANQUE NUEVO,Salida,N,2,TANQUE ESCONDIDO,H1,16:55,,,,
13/05/2026,TANQUE NUEVO,Salida,N,2,TANQUE ESCONDIDO,H2,07:40,,,,
13/05/2026,TANQUE NUEVO,Salida,N,2,TANQUE ESCONDIDO,H3,07:40,00:19,441,1,0
13/05/2026,TANQUE NUEVO,Salida,N,2,TANQUE ESCONDIDO,H4,19:40,00:19,441,,0
13/05/2026,TANQUE NUEVO,Salida,N,2,TANQUE ESCONDIDO,H5,19:40,00:19,441,,0
13/05/2026,TANQUE NUEVO,Salida,N,3,PRESA SAN PEDRO,H1,17:05,,,,
13/05/2026,TANQUE NUEVO,Salida,N,3,PRESA SAN PEDRO,H2,07:50,00:07,463,1,0
13/05/2026,TANQUE NUEVO,Salida,N,3,PRESA SAN PEDRO,H3,07:50,00:19,451,1,0
13/05/2026,TANQUE NUEVO,Salida,N,3,PRESA SAN PEDRO,H4,19:50,00:19,451,,0
13/05/2026,TANQUE NUEVO,Salida,N,3,PRESA SAN PEDRO,H5,19:50,00:19,451,,0
13/05/2026,TANQUE NUEVO,Salida,N,4,LA VENTURA,H1,17:20,,,,
13/05/2026,TANQUE NUEVO,Salida,N,4,LA VENTURA,H2,08:05,00:07,478,1,0
13/05/2026,TANQUE NUEVO,Salida,N,4,LA VENTURA,H3,08:05,00:19,466,1,0
13/05/2026,TANQUE NUEVO,Salida,N,4,LA VENTURA,H4,20:05,00:19,466,,0
13/05/2026,TANQUE NUEVO,Salida,N,4,LA VENTURA,H5,20:05,00:19,466,,0
13/05/2026,TANQUE NUEVO,Salida,N,5,EL SALVADOR,H1,17:40,,,,
13/05/2026,TANQUE NUEVO,Salida,N,5,EL SALVADOR,H2,08:25,,,,
13/05/2026,TANQUE NUEVO,Salida,N,5,EL SALVADOR,H3,08:25,,,,
13/05/2026,TANQUE NUEVO,Salida,N,5,EL SALVADOR,H4,20:25,,,,
13/05/2026,TANQUE NUEVO,Salida,N,5,EL SALVADOR,H5,20:25,,,,
13/05/2026,TANQUE NUEVO,Salida,N,6,CLAVELLINAS,H1,18:00,,,,
13/05/2026,TANQUE NUEVO,Salida,N,6,CLAVELLINAS,H2,08:45,,,,
13/05/2026,TANQUE NUEVO,Salida,N,6,CLAVELLINAS,H3,08:45,,,,
13/05/2026,TANQUE NUEVO,Salida,N,6,CLAVELLINAS,H4,20:45,,,,
13/05/2026,TANQUE NUEVO,Salida,N,6,CLAVELLINAS,H5,20:45,,,,
13/05/2026,TANQUE NUEVO,Salida,N,7,TANQUE NUEVO,H1,18:20,,,,
13/05/2026,TANQUE NUEVO,Salida,N,7,TANQUE NUEVO,H2,09:05,,,,
13/05/2026,TANQUE NUEVO,Salida,N,7,TANQUE NUEVO,H3,09:05,,,,
13/05/2026,TANQUE NUEVO,Salida,N,7,TANQUE NUEVO,H4,21:05,,,,
13/05/2026,TANQUE NUEVO,Salida,N,7,TANQUE NUEVO,H5,21:05,,,,
13/05/2026,TANQUE NUEVO,Salida,N,8,MATEHUAPIL,H1,18:30,,,,
13/05/2026,TANQUE NUEVO,Salida,N,8,MATEHUAPIL,H2,09:15,,,,
13/05/2026,TANQUE NUEVO,Salida,N,8,MATEHUAPIL,H3,09:15,,,,
13/05/2026,TANQUE NUEVO,Salida,N,8,MATEHUAPIL,H4,21:15,,,,
13/05/2026,TANQUE NUEVO,Salida,N,8,MATEHUAPIL,H5,21:15,,,,
13/05/2026,TERESITAS,Entrada,N,1,BLVD ANTONIO CARDENAS Y HUACHICHILES,H1,05:05,05:03,2,1,0
13/05/2026,TERESITAS,Entrada,N,1,BLVD ANTONIO CARDENAS Y HUACHICHILES,H2,17:05,17:04,1,1,0
13/05/2026,TERESITAS,Entrada,N,1,BLVD ANTONIO CARDENAS Y HUACHICHILES,H3,20:35,,,,
13/05/2026,TERESITAS,Entrada,N,1,BLVD ANTONIO CARDENAS Y HUACHICHILES,H4,21:05,,,,
13/05/2026,TERESITAS,Entrada,N,2,RAYADOS Y HUACHICHILES,H1,05:10,05:08,2,1,0
13/05/2026,TERESITAS,Entrada,N,2,RAYADOS Y HUACHICHILES,H2,17:10,17:08,2,1,0
13/05/2026,TERESITAS,Entrada,N,2,RAYADOS Y HUACHICHILES,H3,20:40,,,,
13/05/2026,TERESITAS,Entrada,N,2,RAYADOS Y HUACHICHILES,H4,21:10,,,,
13/05/2026,TERESITAS,Entrada,N,3,SIERRA DE ZAPALINAME Y AV TERESITAS,H1,05:15,05:13,2,1,0
13/05/2026,TERESITAS,Entrada,N,3,SIERRA DE ZAPALINAME Y AV TERESITAS,H2,17:15,17:12,3,1,0
13/05/2026,TERESITAS,Entrada,N,3,SIERRA DE ZAPALINAME Y AV TERESITAS,H3,20:45,,,,
13/05/2026,TERESITAS,Entrada,N,3,SIERRA DE ZAPALINAME Y AV TERESITAS,H4,21:15,,,,
13/05/2026,TERESITAS,Entrada,N,4,AV TERESITAS Y BLVD ANTONIO CARDENAS,H1,05:22,05:20,2,1,0
13/05/2026,TERESITAS,Entrada,N,4,AV TERESITAS Y BLVD ANTONIO CARDENAS,H2,17:22,17:18,4,1,0
13/05/2026,TERESITAS,Entrada,N,4,AV TERESITAS Y BLVD ANTONIO CARDENAS,H3,20:52,,,,
13/05/2026,TERESITAS,Entrada,N,4,AV TERESITAS Y BLVD ANTONIO CARDENAS,H4,21:22,,,,
13/05/2026,TERESITAS,Entrada,N,5,LA ENCANTADA,H1,05:28,05:22,6,1,0
13/05/2026,TERESITAS,Entrada,N,5,LA ENCANTADA,H2,17:28,17:21,7,1,0
13/05/2026,TERESITAS,Entrada,N,5,LA ENCANTADA,H3,20:58,,,,
13/05/2026,TERESITAS,Entrada,N,5,LA ENCANTADA,H4,21:28,,,,
13/05/2026,TERESITAS,Entrada,N,6,CAAR. SALTILLO-ZACATECAS,H1,05:32,05:33,-1,1,0
13/05/2026,TERESITAS,Entrada,N,6,CAAR. SALTILLO-ZACATECAS,H2,17:32,17:25,7,1,0
13/05/2026,TERESITAS,Entrada,N,6,CAAR. SALTILLO-ZACATECAS,H3,21:02,,,,
13/05/2026,TERESITAS,Entrada,N,6,CAAR. SALTILLO-ZACATECAS,H4,21:30,,,,
13/05/2026,TERESITAS,Entrada,N,7,METALSA,H1,05:50,05:49,1,1,0
13/05/2026,TERESITAS,Entrada,N,7,METALSA,H2,17:50,17:38,12,1,0
13/05/2026,TERESITAS,Entrada,N,7,METALSA,H3,21:20,,,,
13/05/2026,TERESITAS,Entrada,N,7,METALSA,H4,21:50,,,,
13/05/2026,TERESITAS,Salida,N,1,METALSA,H1,06:15,06:17,-2,1,0
13/05/2026,TERESITAS,Salida,N,1,METALSA,H2,15:30,,,,
13/05/2026,TERESITAS,Salida,N,1,METALSA,H3,18:15,18:17,-2,1,0
13/05/2026,TERESITAS,Salida,N,2,CARR. SALTILLO-ZACATECAS,H1,06:33,06:33,0,1,0
13/05/2026,TERESITAS,Salida,N,2,CARR. SALTILLO-ZACATECAS,H2,15:48,,,,
13/05/2026,TERESITAS,Salida,N,2,CARR. SALTILLO-ZACATECAS,H3,18:33,,,,
13/05/2026,TERESITAS,Salida,N,3,LA ENCANTADA,H1,06:37,06:36,1,1,0
13/05/2026,TERESITAS,Salida,N,3,LA ENCANTADA,H2,15:52,,,,
13/05/2026,TERESITAS,Salida,N,3,LA ENCANTADA,H3,18:37,18:42,-5,1,0
13/05/2026,TERESITAS,Salida,N,4,AV TERESITAS Y BLVD ANTONIO CARDENAS,H1,06:43,,,,
13/05/2026,TERESITAS,Salida,N,4,AV TERESITAS Y BLVD ANTONIO CARDENAS,H2,15:58,,,,
13/05/2026,TERESITAS,Salida,N,4,AV TERESITAS Y BLVD ANTONIO CARDENAS,H3,18:43,,,,
13/05/2026,TERESITAS,Salida,N,5,SIERRA DE ZAPALINAME Y AV TERESITAS,H1,06:50,,,,
13/05/2026,TERESITAS,Salida,N,5,SIERRA DE ZAPALINAME Y AV TERESITAS,H2,16:05,,,,
13/05/2026,TERESITAS,Salida,N,5,SIERRA DE ZAPALINAME Y AV TERESITAS,H3,18:50,,,,
13/05/2026,TERESITAS,Salida,N,6,RAYADOS Y HUACHICHILES,H1,06:55,,,,
13/05/2026,TERESITAS,Salida,N,6,RAYADOS Y HUACHICHILES,H2,16:10,,,,
13/05/2026,TERESITAS,Salida,N,6,RAYADOS Y HUACHICHILES,H3,18:55,,,,
13/05/2026,TERESITAS,Salida,N,7,BLVD ANTONIO CARDENAS Y HUACHICHILES,H1,07:00,06:36,24,1,0
13/05/2026,TERESITAS,Salida,N,7,BLVD ANTONIO CARDENAS Y HUACHICHILES,H2,16:15,,,,
13/05/2026,TERESITAS,Salida,N,7,BLVD ANTONIO CARDENAS Y HUACHICHILES,H3,19:00,18:43,17,1,0
13/05/2026,VALENCIA,Entrada,N,1,LA RIOJA Y JEREZ,H1,04:30,04:30,0,1,0
13/05/2026,VALENCIA,Entrada,N,1,LA RIOJA Y JEREZ,H2,16:30,,,,
13/05/2026,VALENCIA,Entrada,N,1,LA RIOJA Y JEREZ,H3,20:00,,,,
13/05/2026,VALENCIA,Entrada,N,1,LA RIOJA Y JEREZ,H4,20:30,,,,
13/05/2026,VALENCIA,Entrada,N,2,PERIFERICO LEA Y VITO ALESSIO,H1,04:40,04:46,-6,1,0
13/05/2026,VALENCIA,Entrada,N,2,PERIFERICO LEA Y VITO ALESSIO,H2,16:40,,,,
13/05/2026,VALENCIA,Entrada,N,2,PERIFERICO LEA Y VITO ALESSIO,H3,20:10,,,,
13/05/2026,VALENCIA,Entrada,N,2,PERIFERICO LEA Y VITO ALESSIO,H4,20:40,,,,
13/05/2026,VALENCIA,Entrada,N,3,CARLOS S. Y RANCHO DE PEÑA,H1,04:45,04:52,-7,1,0
13/05/2026,VALENCIA,Entrada,N,3,CARLOS S. Y RANCHO DE PEÑA,H2,16:45,,,,
13/05/2026,VALENCIA,Entrada,N,3,CARLOS S. Y RANCHO DE PEÑA,H3,20:15,,,,
13/05/2026,VALENCIA,Entrada,N,3,CARLOS S. Y RANCHO DE PEÑA,H4,20:45,,,,
13/05/2026,VALENCIA,Entrada,N,4,ALVARO OBREGON,H1,04:55,04:58,-3,1,0
13/05/2026,VALENCIA,Entrada,N,4,ALVARO OBREGON,H2,16:55,,,,
13/05/2026,VALENCIA,Entrada,N,4,ALVARO OBREGON,H3,20:25,,,,
13/05/2026,VALENCIA,Entrada,N,4,ALVARO OBREGON,H4,20:55,,,,
13/05/2026,VALENCIA,Entrada,N,5,MIGUEL HIDALGO Y PEDRO ARANDA,H1,05:00,05:11,-11,1,0
13/05/2026,VALENCIA,Entrada,N,5,MIGUEL HIDALGO Y PEDRO ARANDA,H2,17:00,,,,
13/05/2026,VALENCIA,Entrada,N,5,MIGUEL HIDALGO Y PEDRO ARANDA,H3,20:30,,,,
13/05/2026,VALENCIA,Entrada,N,5,MIGUEL HIDALGO Y PEDRO ARANDA,H4,21:00,,,,
13/05/2026,VALENCIA,Entrada,N,6,PERIFERICO LEA Y W. GONZALEZ,H1,05:05,05:15,-10,1,0
13/05/2026,VALENCIA,Entrada,N,6,PERIFERICO LEA Y W. GONZALEZ,H2,17:05,,,,
13/05/2026,VALENCIA,Entrada,N,6,PERIFERICO LEA Y W. GONZALEZ,H3,20:35,,,,
13/05/2026,VALENCIA,Entrada,N,6,PERIFERICO LEA Y W. GONZALEZ,H4,21:05,,,,
13/05/2026,VALENCIA,Entrada,N,7,CTO DE LA CAÑADA Y BLVD CARDENAS,H1,05:15,05:23,-8,1,0
13/05/2026,VALENCIA,Entrada,N,7,CTO DE LA CAÑADA Y BLVD CARDENAS,H2,17:15,,,,
13/05/2026,VALENCIA,Entrada,N,7,CTO DE LA CAÑADA Y BLVD CARDENAS,H3,20:45,,,,
13/05/2026,VALENCIA,Entrada,N,7,CTO DE LA CAÑADA Y BLVD CARDENAS,H4,21:15,,,,
13/05/2026,VALENCIA,Entrada,N,8,METALSA,H1,05:50,06:04,-14,1,0
13/05/2026,VALENCIA,Entrada,N,8,METALSA,H2,17:50,,,,
13/05/2026,VALENCIA,Entrada,N,8,METALSA,H3,21:20,,,,
13/05/2026,VALENCIA,Entrada,N,8,METALSA,H4,21:50,,,,
13/05/2026,VALENCIA,Salida,N,1,METALSA,H1,06:15,06:16,-1,1,0
13/05/2026,VALENCIA,Salida,N,1,METALSA,H2,15:30,,,,
13/05/2026,VALENCIA,Salida,N,1,METALSA,H3,18:15,18:16,-1,1,0
13/05/2026,VALENCIA,Salida,N,2,CTO DE LA CAÑADA Y BLVD CARDENAS,H1,06:50,06:40,10,1,0
13/05/2026,VALENCIA,Salida,N,2,CTO DE LA CAÑADA Y BLVD CARDENAS,H2,16:05,,,,
13/05/2026,VALENCIA,Salida,N,2,CTO DE LA CAÑADA Y BLVD CARDENAS,H3,18:50,18:48,2,1,0
13/05/2026,VALENCIA,Salida,N,3,PERIFERICO LEA Y W. GONZALEZ,H1,07:00,06:45,15,1,0
13/05/2026,VALENCIA,Salida,N,3,PERIFERICO LEA Y W. GONZALEZ,H2,16:15,,,,
13/05/2026,VALENCIA,Salida,N,3,PERIFERICO LEA Y W. GONZALEZ,H3,19:00,18:56,4,1,0
13/05/2026,VALENCIA,Salida,N,4,MIGUEL HIDALGO Y PEDRO ARANDA,H1,07:05,06:50,15,1,0
13/05/2026,VALENCIA,Salida,N,4,MIGUEL HIDALGO Y PEDRO ARANDA,H2,16:20,,,,
13/05/2026,VALENCIA,Salida,N,4,MIGUEL HIDALGO Y PEDRO ARANDA,H3,19:05,19:00,5,1,0
13/05/2026,VALENCIA,Salida,N,5,ALVARO OBREGON,H1,07:10,,,,
13/05/2026,VALENCIA,Salida,N,5,ALVARO OBREGON,H2,16:25,,,,
13/05/2026,VALENCIA,Salida,N,5,ALVARO OBREGON,H3,19:10,19:15,-5,1,0
13/05/2026,VALENCIA,Salida,N,6,CARLOS S. Y RANCHO DE PEÑA,H1,07:20,07:10,10,1,0
13/05/2026,VALENCIA,Salida,N,6,CARLOS S. Y RANCHO DE PEÑA,H2,16:35,,,,
13/05/2026,VALENCIA,Salida,N,6,CARLOS S. Y RANCHO DE PEÑA,H3,19:20,19:24,-4,1,0
13/05/2026,VALENCIA,Salida,N,7,PERIFERICO LEA Y VITO ALESSIO,H1,07:25,,,,
13/05/2026,VALENCIA,Salida,N,7,PERIFERICO LEA Y VITO ALESSIO,H2,16:40,,,,
13/05/2026,VALENCIA,Salida,N,7,PERIFERICO LEA Y VITO ALESSIO,H3,19:25,,,,
13/05/2026,VALENCIA,Salida,N,8,LA RIOJA Y JEREZ,H1,07:35,,,,
13/05/2026,VALENCIA,Salida,N,8,LA RIOJA Y JEREZ,H2,16:50,,,,
13/05/2026,VALENCIA,Salida,N,8,LA RIOJA Y JEREZ,H3,19:35,19:49,-14,1,0
13/05/2026,ZARAGOZA,Entrada,N,1,FCO. EALY ORTIZ Y EUCALIPTO,H1,04:25,04:27,-2,1,0
13/05/2026,ZARAGOZA,Entrada,N,1,FCO. EALY ORTIZ Y EUCALIPTO,H2,16:25,16:29,-4,1,0
13/05/2026,ZARAGOZA,Entrada,N,1,FCO. EALY ORTIZ Y EUCALIPTO,H3,19:55,,,,
13/05/2026,ZARAGOZA,Entrada,N,1,FCO. EALY ORTIZ Y EUCALIPTO,H4,20:25,,,,
13/05/2026,ZARAGOZA,Entrada,N,2,CHOPO Y EUCALIPTO,H1,04:26,04:28,-2,1,0
13/05/2026,ZARAGOZA,Entrada,N,2,CHOPO Y EUCALIPTO,H2,16:26,16:30,-4,1,0
13/05/2026,ZARAGOZA,Entrada,N,2,CHOPO Y EUCALIPTO,H3,19:56,,,,
13/05/2026,ZARAGOZA,Entrada,N,2,CHOPO Y EUCALIPTO,H4,20:26,,,,
13/05/2026,ZARAGOZA,Entrada,N,3,FUNDADORES Y BLVD. MIRASIERRA,H1,04:36,04:40,-4,1,0
13/05/2026,ZARAGOZA,Entrada,N,3,FUNDADORES Y BLVD. MIRASIERRA,H2,16:36,16:41,-5,1,0
13/05/2026,ZARAGOZA,Entrada,N,3,FUNDADORES Y BLVD. MIRASIERRA,H3,20:06,,,,
13/05/2026,ZARAGOZA,Entrada,N,3,FUNDADORES Y BLVD. MIRASIERRA,H4,20:36,,,,
13/05/2026,ZARAGOZA,Entrada,N,4,CALLE 34 Y JUAN NAVARRO,H1,04:51,04:57,-6,1,0
13/05/2026,ZARAGOZA,Entrada,N,4,CALLE 34 Y JUAN NAVARRO,H2,16:51,16:58,-7,1,0
13/05/2026,ZARAGOZA,Entrada,N,4,CALLE 34 Y JUAN NAVARRO,H3,20:21,,,,
13/05/2026,ZARAGOZA,Entrada,N,4,CALLE 34 Y JUAN NAVARRO,H4,20:51,,,,
13/05/2026,ZARAGOZA,Entrada,N,5,PERIF LEA Y 12 DE OCTUBRE (FIRST CASH),H1,05:03,05:08,-5,1,0
13/05/2026,ZARAGOZA,Entrada,N,5,PERIF LEA Y 12 DE OCTUBRE (FIRST CASH),H2,17:03,17:13,-10,1,0
13/05/2026,ZARAGOZA,Entrada,N,5,PERIF LEA Y 12 DE OCTUBRE (FIRST CASH),H3,20:33,,,,
13/05/2026,ZARAGOZA,Entrada,N,5,PERIF LEA Y 12 DE OCTUBRE (FIRST CASH),H4,21:03,,,,
13/05/2026,ZARAGOZA,Entrada,N,6,GIMNACIO MUNICIPAL,H1,05:05,05:10,-5,1,0
13/05/2026,ZARAGOZA,Entrada,N,6,GIMNACIO MUNICIPAL,H2,17:05,17:14,-9,1,0
13/05/2026,ZARAGOZA,Entrada,N,6,GIMNACIO MUNICIPAL,H3,20:35,,,,
13/05/2026,ZARAGOZA,Entrada,N,6,GIMNACIO MUNICIPAL,H4,21:05,,,,
13/05/2026,ZARAGOZA,Entrada,N,7,L.E.A. Y J. MERY,H1,05:07,05:12,-5,1,0
13/05/2026,ZARAGOZA,Entrada,N,7,L.E.A. Y J. MERY,H2,17:07,17:16,-9,1,0
13/05/2026,ZARAGOZA,Entrada,N,7,L.E.A. Y J. MERY,H3,20:37,,,,
13/05/2026,ZARAGOZA,Entrada,N,7,L.E.A. Y J. MERY,H4,21:07,,,,
13/05/2026,ZARAGOZA,Entrada,N,8,VILLA UNIVERSIDAD,H1,05:09,05:14,-5,1,0
13/05/2026,ZARAGOZA,Entrada,N,8,VILLA UNIVERSIDAD,H2,17:09,17:18,-9,1,0
13/05/2026,ZARAGOZA,Entrada,N,8,VILLA UNIVERSIDAD,H3,20:39,,,,
13/05/2026,ZARAGOZA,Entrada,N,8,VILLA UNIVERSIDAD,H4,21:09,,,,
13/05/2026,ZARAGOZA,Entrada,N,9,ARIZPE DE LA MAZA Y CARR. 54,H1,05:15,05:17,-2,1,0
13/05/2026,ZARAGOZA,Entrada,N,9,ARIZPE DE LA MAZA Y CARR. 54,H2,17:15,17:21,-6,1,0
13/05/2026,ZARAGOZA,Entrada,N,9,ARIZPE DE LA MAZA Y CARR. 54,H3,20:45,,,,
13/05/2026,ZARAGOZA,Entrada,N,9,ARIZPE DE LA MAZA Y CARR. 54,H4,21:15,,,,
13/05/2026,ZARAGOZA,Entrada,N,10,METALSA,H1,05:50,05:51,-1,1,0
13/05/2026,ZARAGOZA,Entrada,N,10,METALSA,H2,17:50,17:44,6,1,0
13/05/2026,ZARAGOZA,Entrada,N,10,METALSA,H3,21:20,,,,
13/05/2026,ZARAGOZA,Entrada,N,10,METALSA,H4,21:50,,,,
13/05/2026,ZARAGOZA,Salida,N,1,METALSA,H1,06:15,06:16,-1,1,0
13/05/2026,ZARAGOZA,Salida,N,1,METALSA,H2,15:30,,,,
13/05/2026,ZARAGOZA,Salida,N,1,METALSA,H3,18:15,18:16,-1,1,0
13/05/2026,ZARAGOZA,Salida,N,2,ARIZPE DE LA MAZA Y CARR. 54,H1,06:44,,,,
13/05/2026,ZARAGOZA,Salida,N,2,ARIZPE DE LA MAZA Y CARR. 54,H2,15:59,,,,
13/05/2026,ZARAGOZA,Salida,N,2,ARIZPE DE LA MAZA Y CARR. 54,H3,18:44,,,,
13/05/2026,ZARAGOZA,Salida,N,3,VILLA UNIVERSIDAD,H1,06:46,,,,
13/05/2026,ZARAGOZA,Salida,N,3,VILLA UNIVERSIDAD,H2,16:01,,,,
13/05/2026,ZARAGOZA,Salida,N,3,VILLA UNIVERSIDAD,H3,18:45,,,,
13/05/2026,ZARAGOZA,Salida,N,4,L.E.A. Y J. MERY,H1,06:49,,,,
13/05/2026,ZARAGOZA,Salida,N,4,L.E.A. Y J. MERY,H2,16:04,,,,
13/05/2026,ZARAGOZA,Salida,N,4,L.E.A. Y J. MERY,H3,18:49,,,,
13/05/2026,ZARAGOZA,Salida,N,5,GIMNACIO MUNICIPAL,H1,06:51,06:41,10,1,0
13/05/2026,ZARAGOZA,Salida,N,5,GIMNACIO MUNICIPAL,H2,16:06,,,,
13/05/2026,ZARAGOZA,Salida,N,5,GIMNACIO MUNICIPAL,H3,18:51,18:50,1,1,0
13/05/2026,ZARAGOZA,Salida,N,6,PERIF LEA Y 12 DE OCTUBRE (FIRST CASH),H1,07:00,,,,
13/05/2026,ZARAGOZA,Salida,N,6,PERIF LEA Y 12 DE OCTUBRE (FIRST CASH),H2,16:10,,,,
13/05/2026,ZARAGOZA,Salida,N,6,PERIF LEA Y 12 DE OCTUBRE (FIRST CASH),H3,19:00,18:53,7,1,0
13/05/2026,ZARAGOZA,Salida,N,7,CALLE 34 Y JUAN NAVARRO,H1,07:04,06:54,10,1,0
13/05/2026,ZARAGOZA,Salida,N,7,CALLE 34 Y JUAN NAVARRO,H2,16:19,,,,
13/05/2026,ZARAGOZA,Salida,N,7,CALLE 34 Y JUAN NAVARRO,H3,19:04,19:09,-5,1,0
13/05/2026,ZARAGOZA,Salida,N,8,FUNDADORES Y BLVD. MIRASIERRA,H1,07:19,,,,
13/05/2026,ZARAGOZA,Salida,N,8,FUNDADORES Y BLVD. MIRASIERRA,H2,16:34,,,,
13/05/2026,ZARAGOZA,Salida,N,8,FUNDADORES Y BLVD. MIRASIERRA,H3,19:19,,,,
13/05/2026,ZARAGOZA,Salida,N,9,CHOPO Y EUCALIPTO,H1,07:29,,,,
13/05/2026,ZARAGOZA,Salida,N,9,CHOPO Y EUCALIPTO,H2,16:44,,,,
13/05/2026,ZARAGOZA,Salida,N,9,CHOPO Y EUCALIPTO,H3,19:29,,,,
13/05/2026,ZARAGOZA,Salida,N,10,FCO. EALY ORTIZ Y EUCALIPTO,H1,07:30,,,,
13/05/2026,ZARAGOZA,Salida,N,10,FCO. EALY ORTIZ Y EUCALIPTO,H2,16:45,,,,
13/05/2026,ZARAGOZA,Salida,N,10,FCO. EALY ORTIZ Y EUCALIPTO,H3,19:30,19:45,-15,1,0
14/05/2026,EL PEÑUELO,Entrada,A,1,LA VENTURA,H1,19:00,,,,
14/05/2026,EL PEÑUELO,Entrada,A,1,LA VENTURA,H2,03:30,,,,
14/05/2026,EL PEÑUELO,Entrada,A,1,LA VENTURA,H3,15:30,,,,
14/05/2026,EL PEÑUELO,Entrada,A,1,LA VENTURA,H4,19:30,,,,
14/05/2026,EL PEÑUELO,Entrada,A,2,METALSA,H1,21:20,,,,
14/05/2026,EL PEÑUELO,Entrada,A,2,METALSA,H2,05:50,,,,
14/05/2026,EL PEÑUELO,Entrada,A,2,METALSA,H3,17:50,,,,
14/05/2026,EL PEÑUELO,Entrada,A,2,METALSA,H4,21:50,,,,
14/05/2026,EL PEÑUELO,Salida,N,1,METALSA,H1,15:30,,,,
14/05/2026,EL PEÑUELO,Salida,N,1,METALSA,H2,06:15,06:17,-2,1,0
14/05/2026,EL PEÑUELO,Salida,N,1,METALSA,H3,18:15,,,,
14/05/2026,EL PEÑUELO,Salida,N,2,LA VENTURA,H1,17:50,,,,
14/05/2026,EL PEÑUELO,Salida,N,2,LA VENTURA,H2,08:35,,,,
14/05/2026,EL PEÑUELO,Salida,N,2,LA VENTURA,H3,20:35,,,,
14/05/2026,EL SALITRE,Entrada,A,1,SALITRE,H1,19:20,,,,
14/05/2026,EL SALITRE,Entrada,A,1,SALITRE,H2,03:50,,,,
14/05/2026,EL SALITRE,Entrada,A,1,SALITRE,H3,15:50,,,,
14/05/2026,EL SALITRE,Entrada,A,1,SALITRE,H4,19:50,,,,
14/05/2026,EL SALITRE,Entrada,A,2,BENITO JUAREZ,H1,19:25,,,,
14/05/2026,EL SALITRE,Entrada,A,2,BENITO JUAREZ,H2,03:55,,,,
14/05/2026,EL SALITRE,Entrada,A,2,BENITO JUAREZ,H3,15:55,,,,
14/05/2026,EL SALITRE,Entrada,A,2,BENITO JUAREZ,H4,19:55,,,,
14/05/2026,EL SALITRE,Entrada,A,3,EL MEZQUITE,H1,19:40,,,,
14/05/2026,EL SALITRE,Entrada,A,3,EL MEZQUITE,H2,04:10,,,,
14/05/2026,EL SALITRE,Entrada,A,3,EL MEZQUITE,H3,16:10,,,,
14/05/2026,EL SALITRE,Entrada,A,3,EL MEZQUITE,H4,20:10,,,,
14/05/2026,EL SALITRE,Entrada,A,4,PRESA DE LOS MUCHAHCOS,H1,19:55,,,,
14/05/2026,EL SALITRE,Entrada,A,4,PRESA DE LOS MUCHAHCOS,H2,04:25,,,,
14/05/2026,EL SALITRE,Entrada,A,4,PRESA DE LOS MUCHAHCOS,H3,16:25,,,,
14/05/2026,EL SALITRE,Entrada,A,4,PRESA DE LOS MUCHAHCOS,H4,20:25,,,,
14/05/2026,EL SALITRE,Entrada,A,5,AGUA NUEVA,H1,20:43,,,,
14/05/2026,EL SALITRE,Entrada,A,5,AGUA NUEVA,H2,05:13,,,,
14/05/2026,EL SALITRE,Entrada,A,5,AGUA NUEVA,H3,17:13,,,,
14/05/2026,EL SALITRE,Entrada,A,5,AGUA NUEVA,H4,21:13,,,,
14/05/2026,EL SALITRE,Entrada,A,6,METALSA,H1,21:20,,,,
14/05/2026,EL SALITRE,Entrada,A,6,METALSA,H2,05:50,,,,
14/05/2026,EL SALITRE,Entrada,A,6,METALSA,H3,17:50,,,,
14/05/2026,EL SALITRE,Entrada,A,6,METALSA,H4,21:50,,,,
14/05/2026,EL SALITRE,Salida,N,1,METALSA,H1,15:30,,,,
14/05/2026,EL SALITRE,Salida,N,1,METALSA,H2,06:15,06:15,0,1,0
14/05/2026,EL SALITRE,Salida,N,1,METALSA,H3,18:15,,,,
14/05/2026,EL SALITRE,Salida,N,2,AGUA NUEVA,H1,15:31,,,,
14/05/2026,EL SALITRE,Salida,N,2,AGUA NUEVA,H2,06:16,06:38,-22,1,0
14/05/2026,EL SALITRE,Salida,N,2,AGUA NUEVA,H3,18:16,,,,
14/05/2026,EL SALITRE,Salida,N,3,PRESA DE LOS MUCHAHCOS,H1,16:55,,,,
14/05/2026,EL SALITRE,Salida,N,3,PRESA DE LOS MUCHAHCOS,H2,07:40,06:56,44,1,0
14/05/2026,EL SALITRE,Salida,N,3,PRESA DE LOS MUCHAHCOS,H3,19:40,,,,
14/05/2026,EL SALITRE,Salida,N,4,EL MEZQUITE,H1,17:10,,,,
14/05/2026,EL SALITRE,Salida,N,4,EL MEZQUITE,H2,07:55,,,,
14/05/2026,EL SALITRE,Salida,N,4,EL MEZQUITE,H3,19:55,,,,
14/05/2026,EL SALITRE,Salida,N,5,BENITO JUAREZ,H1,17:25,,,,
14/05/2026,EL SALITRE,Salida,N,5,BENITO JUAREZ,H2,08:10,,,,
14/05/2026,EL SALITRE,Salida,N,5,BENITO JUAREZ,H3,20:10,,,,
14/05/2026,EL SALITRE,Salida,N,6,SALITRE,H1,17:30,,,,
14/05/2026,EL SALITRE,Salida,N,6,SALITRE,H2,08:15,,,,
14/05/2026,EL SALITRE,Salida,N,6,SALITRE,H3,20:15,,,,
14/05/2026,LA HEDIONDA,Entrada,N,1,LAS ESPERANZAS,H1,20:00,,,,
14/05/2026,LA HEDIONDA,Entrada,N,1,LAS ESPERANZAS,H2,04:30,04:30,0,1,0
14/05/2026,LA HEDIONDA,Entrada,N,1,LAS ESPERANZAS,H3,16:30,,,,
14/05/2026,LA HEDIONDA,Entrada,N,1,LAS ESPERANZAS,H4,20:30,,,,
14/05/2026,LA HEDIONDA,Entrada,N,2,HEDIONDA,H1,20:20,,,,
14/05/2026,LA HEDIONDA,Entrada,N,2,HEDIONDA,H2,04:50,,,,
14/05/2026,LA HEDIONDA,Entrada,N,2,HEDIONDA,H3,16:50,,,,
14/05/2026,LA HEDIONDA,Entrada,N,2,HEDIONDA,H4,20:50,,,,
14/05/2026,LA HEDIONDA,Entrada,N,3,METALSA,H1,21:20,,,,
14/05/2026,LA HEDIONDA,Entrada,N,3,METALSA,H2,05:50,05:40,10,1,0
14/05/2026,LA HEDIONDA,Entrada,N,3,METALSA,H3,17:50,,,,
14/05/2026,LA HEDIONDA,Entrada,N,3,METALSA,H4,21:50,,,,
14/05/2026,LA HEDIONDA,Salida,N,1,METALSA,H1,15:30,,,,
14/05/2026,LA HEDIONDA,Salida,N,1,METALSA,H2,06:15,,,,
14/05/2026,LA HEDIONDA,Salida,N,1,METALSA,H3,18:15,18:19,-4,1,0
14/05/2026,LA HEDIONDA,Salida,N,2,HEDIONDA,H1,16:30,,,,
14/05/2026,LA HEDIONDA,Salida,N,2,HEDIONDA,H2,07:15,,,,
14/05/2026,LA HEDIONDA,Salida,N,2,HEDIONDA,H3,19:15,,,,
14/05/2026,LA HEDIONDA,Salida,N,3,LAS ESPERANZAS,H1,16:50,,,,
14/05/2026,LA HEDIONDA,Salida,N,3,LAS ESPERANZAS,H2,07:35,,,,
14/05/2026,LA HEDIONDA,Salida,N,3,LAS ESPERANZAS,H3,19:35,,,,
14/05/2026,LA SAUCEDA,Entrada,N,1,LA SAUCEDA,H1,04:00,04:03,-3,1,0
14/05/2026,LA SAUCEDA,Entrada,N,1,LA SAUCEDA,H2,16:00,,,,
14/05/2026,LA SAUCEDA,Entrada,N,1,LA SAUCEDA,H3,19:30,,,,
14/05/2026,LA SAUCEDA,Entrada,N,1,LA SAUCEDA,H4,20:00,,,,
14/05/2026,LA SAUCEDA,Entrada,N,2,HIPOLITO,H1,04:15,04:19,-4,1,0
14/05/2026,LA SAUCEDA,Entrada,N,2,HIPOLITO,H2,16:15,,,,
14/05/2026,LA SAUCEDA,Entrada,N,2,HIPOLITO,H3,19:45,,,,
14/05/2026,LA SAUCEDA,Entrada,N,2,HIPOLITO,H4,20:15,,,,
14/05/2026,LA SAUCEDA,Entrada,N,3,SAN ANTONIO DEL JARAL,H1,04:32,04:42,-10,1,0
14/05/2026,LA SAUCEDA,Entrada,N,3,SAN ANTONIO DEL JARAL,H2,16:32,,,,
14/05/2026,LA SAUCEDA,Entrada,N,3,SAN ANTONIO DEL JARAL,H3,20:02,,,,
14/05/2026,LA SAUCEDA,Entrada,N,3,SAN ANTONIO DEL JARAL,H4,20:32,,,,
14/05/2026,LA SAUCEDA,Entrada,N,4,CASETA DE PLAN DE AYALA,H1,04:50,04:59,-9,1,0
14/05/2026,LA SAUCEDA,Entrada,N,4,CASETA DE PLAN DE AYALA,H2,16:50,,,,
14/05/2026,LA SAUCEDA,Entrada,N,4,CASETA DE PLAN DE AYALA,H3,20:20,,,,
14/05/2026,LA SAUCEDA,Entrada,N,4,CASETA DE PLAN DE AYALA,H4,20:42,,,,
14/05/2026,LA SAUCEDA,Entrada,N,5,METALSA,H1,05:50,05:42,8,1,0
14/05/2026,LA SAUCEDA,Entrada,N,5,METALSA,H2,17:50,,,,
14/05/2026,LA SAUCEDA,Entrada,N,5,METALSA,H3,21:20,,,,
14/05/2026,LA SAUCEDA,Entrada,N,5,METALSA,H4,21:50,,,,
14/05/2026,LA SAUCEDA,Salida,N,1,METALSA,H1,06:15,06:17,-2,1,0
14/05/2026,LA SAUCEDA,Salida,N,1,METALSA,H2,15:30,,,,
14/05/2026,LA SAUCEDA,Salida,N,1,METALSA,H3,18:15,,,,
14/05/2026,LA SAUCEDA,Salida,N,2,CASETA DE PLAN DE AYALA,H1,07:15,,,,
14/05/2026,LA SAUCEDA,Salida,N,2,CASETA DE PLAN DE AYALA,H2,16:30,,,,
14/05/2026,LA SAUCEDA,Salida,N,2,CASETA DE PLAN DE AYALA,H3,19:15,,,,
14/05/2026,LA SAUCEDA,Salida,N,3,SAN ANTONIO DEL JARAL,H1,07:33,,,,
14/05/2026,LA SAUCEDA,Salida,N,3,SAN ANTONIO DEL JARAL,H2,16:48,,,,
14/05/2026,LA SAUCEDA,Salida,N,3,SAN ANTONIO DEL JARAL,H3,19:33,,,,
14/05/2026,LA SAUCEDA,Salida,N,4,HIPOLITO,H1,07:50,,,,
14/05/2026,LA SAUCEDA,Salida,N,4,HIPOLITO,H2,17:05,,,,
14/05/2026,LA SAUCEDA,Salida,N,4,HIPOLITO,H3,19:50,,,,
14/05/2026,LA SAUCEDA,Salida,N,5,LA SAUCEDA,H1,08:05,,,,
14/05/2026,LA SAUCEDA,Salida,N,5,LA SAUCEDA,H2,17:20,,,,
14/05/2026,LA SAUCEDA,Salida,N,5,LA SAUCEDA,H3,20:05,,,,
14/05/2026,LOMA LINDA - URDIÑOLA,Entrada,N,1,MEZQUITE Y GORDOLOBO,H1,04:05,04:20,-15,1,0
14/05/2026,LOMA LINDA - URDIÑOLA,Entrada,N,1,MEZQUITE Y GORDOLOBO,H2,16:05,16:17,-12,1,0
14/05/2026,LOMA LINDA - URDIÑOLA,Entrada,N,1,MEZQUITE Y GORDOLOBO,H3,19:35,,,,
14/05/2026,LOMA LINDA - URDIÑOLA,Entrada,N,1,MEZQUITE Y GORDOLOBO,H4,20:05,,,,
14/05/2026,LOMA LINDA - URDIÑOLA,Entrada,N,2,MEZQUITE Y NUECES,H1,04:10,04:14,-4,1,0
14/05/2026,LOMA LINDA - URDIÑOLA,Entrada,N,2,MEZQUITE Y NUECES,H2,16:10,16:12,-2,1,0
14/05/2026,LOMA LINDA - URDIÑOLA,Entrada,N,2,MEZQUITE Y NUECES,H3,19:40,,,,
14/05/2026,LOMA LINDA - URDIÑOLA,Entrada,N,2,MEZQUITE Y NUECES,H4,20:10,,,,
14/05/2026,LOMA LINDA - URDIÑOLA,Entrada,N,3,BLVD SANTA LUCIA Y CALLE 7,H1,04:20,04:21,-1,1,0
14/05/2026,LOMA LINDA - URDIÑOLA,Entrada,N,3,BLVD SANTA LUCIA Y CALLE 7,H2,16:20,16:20,0,1,0
14/05/2026,LOMA LINDA - URDIÑOLA,Entrada,N,3,BLVD SANTA LUCIA Y CALLE 7,H3,19:50,,,,
14/05/2026,LOMA LINDA - URDIÑOLA,Entrada,N,3,BLVD SANTA LUCIA Y CALLE 7,H4,20:20,,,,
14/05/2026,LOMA LINDA - URDIÑOLA,Entrada,N,4,BLVD VALDES SANCHEZ Y (PLANTA LEAR),H1,04:30,04:32,-2,1,0
14/05/2026,LOMA LINDA - URDIÑOLA,Entrada,N,4,BLVD VALDES SANCHEZ Y (PLANTA LEAR),H2,16:30,16:35,-5,1,0
14/05/2026,LOMA LINDA - URDIÑOLA,Entrada,N,4,BLVD VALDES SANCHEZ Y (PLANTA LEAR),H3,20:00,,,,
14/05/2026,LOMA LINDA - URDIÑOLA,Entrada,N,4,BLVD VALDES SANCHEZ Y (PLANTA LEAR),H4,20:30,,,,
14/05/2026,LOMA LINDA - URDIÑOLA,Entrada,N,5,STA. GERTRUDIS Y STA. CECILIA (DEL ACUEDUCTO),H1,04:32,04:29,3,1,0
14/05/2026,LOMA LINDA - URDIÑOLA,Entrada,N,5,STA. GERTRUDIS Y STA. CECILIA (DEL ACUEDUCTO),H2,16:32,16:31,1,1,0
14/05/2026,LOMA LINDA - URDIÑOLA,Entrada,N,5,STA. GERTRUDIS Y STA. CECILIA (DEL ACUEDUCTO),H3,20:02,,,,
14/05/2026,LOMA LINDA - URDIÑOLA,Entrada,N,5,STA. GERTRUDIS Y STA. CECILIA (DEL ACUEDUCTO),H4,20:32,,,,
14/05/2026,LOMA LINDA - URDIÑOLA,Entrada,N,6,DEPOSITO DE AGUA FRACC PLAZA,H1,04:35,04:37,-2,1,0
14/05/2026,LOMA LINDA - URDIÑOLA,Entrada,N,6,DEPOSITO DE AGUA FRACC PLAZA,H2,16:35,16:40,-5,1,0
14/05/2026,LOMA LINDA - URDIÑOLA,Entrada,N,6,DEPOSITO DE AGUA FRACC PLAZA,H3,20:05,,,,
14/05/2026,LOMA LINDA - URDIÑOLA,Entrada,N,6,DEPOSITO DE AGUA FRACC PLAZA,H4,20:35,,,,
14/05/2026,LOMA LINDA - URDIÑOLA,Entrada,N,7,BLVD VALDES SANCHEZ Y BLVD MINERIA,H1,04:40,04:40,0,1,0
14/05/2026,LOMA LINDA - URDIÑOLA,Entrada,N,7,BLVD VALDES SANCHEZ Y BLVD MINERIA,H2,16:40,16:44,-4,1,0
14/05/2026,LOMA LINDA - URDIÑOLA,Entrada,N,7,BLVD VALDES SANCHEZ Y BLVD MINERIA,H3,20:10,,,,
14/05/2026,LOMA LINDA - URDIÑOLA,Entrada,N,7,BLVD VALDES SANCHEZ Y BLVD MINERIA,H4,20:40,,,,
14/05/2026,LOMA LINDA - URDIÑOLA,Entrada,N,8,REFORMA Y URDIÑOLA,H1,04:50,04:49,1,1,0
14/05/2026,LOMA LINDA - URDIÑOLA,Entrada,N,8,REFORMA Y URDIÑOLA,H2,16:50,16:52,-2,1,0
14/05/2026,LOMA LINDA - URDIÑOLA,Entrada,N,8,REFORMA Y URDIÑOLA,H3,20:20,,,,
14/05/2026,LOMA LINDA - URDIÑOLA,Entrada,N,8,REFORMA Y URDIÑOLA,H4,20:50,,,,
14/05/2026,LOMA LINDA - URDIÑOLA,Entrada,N,9,PROL. URDIÑOLA Y J. MERY,H1,04:55,04:56,-1,1,0
14/05/2026,LOMA LINDA - URDIÑOLA,Entrada,N,9,PROL. URDIÑOLA Y J. MERY,H2,16:55,17:01,-6,1,0
14/05/2026,LOMA LINDA - URDIÑOLA,Entrada,N,9,PROL. URDIÑOLA Y J. MERY,H3,20:25,,,,
14/05/2026,LOMA LINDA - URDIÑOLA,Entrada,N,9,PROL. URDIÑOLA Y J. MERY,H4,20:55,,,,
14/05/2026,LOMA LINDA - URDIÑOLA,Entrada,N,10,PROL URDIÑOLA Y PERIFERICO LEA,H1,05:00,05:01,-1,1,0
14/05/2026,LOMA LINDA - URDIÑOLA,Entrada,N,10,PROL URDIÑOLA Y PERIFERICO LEA,H2,17:00,17:11,-11,1,0
14/05/2026,LOMA LINDA - URDIÑOLA,Entrada,N,10,PROL URDIÑOLA Y PERIFERICO LEA,H3,20:30,,,,
14/05/2026,LOMA LINDA - URDIÑOLA,Entrada,N,10,PROL URDIÑOLA Y PERIFERICO LEA,H4,21:00,,,,
14/05/2026,LOMA LINDA - URDIÑOLA,Entrada,N,11,BLVD ANTONIO CARDENAS Y TEODORO SANCHEZ,H1,05:10,05:14,-4,1,0
14/05/2026,LOMA LINDA - URDIÑOLA,Entrada,N,11,BLVD ANTONIO CARDENAS Y TEODORO SANCHEZ,H2,17:10,17:23,-13,1,0
14/05/2026,LOMA LINDA - URDIÑOLA,Entrada,N,11,BLVD ANTONIO CARDENAS Y TEODORO SANCHEZ,H3,20:40,,,,
14/05/2026,LOMA LINDA - URDIÑOLA,Entrada,N,11,BLVD ANTONIO CARDENAS Y TEODORO SANCHEZ,H4,21:10,,,,
14/05/2026,LOMA LINDA - URDIÑOLA,Entrada,N,12,BLVD SANTA ELENA Y GUACALI,H1,05:20,05:22,-2,1,0
14/05/2026,LOMA LINDA - URDIÑOLA,Entrada,N,12,BLVD SANTA ELENA Y GUACALI,H2,17:20,17:41,-21,1,0
14/05/2026,LOMA LINDA - URDIÑOLA,Entrada,N,12,BLVD SANTA ELENA Y GUACALI,H3,20:50,,,,
14/05/2026,LOMA LINDA - URDIÑOLA,Entrada,N,12,BLVD SANTA ELENA Y GUACALI,H4,21:20,,,,
14/05/2026,LOMA LINDA - URDIÑOLA,Entrada,N,13,CARR. SALTILLO-ZACATECAS,H1,05:25,05:26,-1,1,0
14/05/2026,LOMA LINDA - URDIÑOLA,Entrada,N,13,CARR. SALTILLO-ZACATECAS,H2,17:25,17:42,-17,1,0
14/05/2026,LOMA LINDA - URDIÑOLA,Entrada,N,13,CARR. SALTILLO-ZACATECAS,H3,20:55,,,,
14/05/2026,LOMA LINDA - URDIÑOLA,Entrada,N,13,CARR. SALTILLO-ZACATECAS,H4,21:25,,,,
14/05/2026,LOMA LINDA - URDIÑOLA,Entrada,N,14,METALSA,H1,05:50,05:44,6,1,0
14/05/2026,LOMA LINDA - URDIÑOLA,Entrada,N,14,METALSA,H2,17:50,17:56,-6,1,0
14/05/2026,LOMA LINDA - URDIÑOLA,Entrada,N,14,METALSA,H3,21:20,,,,
14/05/2026,LOMA LINDA - URDIÑOLA,Entrada,N,14,METALSA,H4,21:50,,,,
14/05/2026,LOMA LINDA - URDIÑOLA,Salida,N,1,METALSA,H1,06:15,,,,
14/05/2026,LOMA LINDA - URDIÑOLA,Salida,N,1,METALSA,H2,15:30,,,,
14/05/2026,LOMA LINDA - URDIÑOLA,Salida,N,1,METALSA,H3,18:15,18:13,2,1,0
14/05/2026,LOMA LINDA - URDIÑOLA,Salida,N,2,CARR. SALTILLO-ZACATECAS,H1,06:29,,,,
14/05/2026,LOMA LINDA - URDIÑOLA,Salida,N,2,CARR. SALTILLO-ZACATECAS,H2,15:59,,,,
14/05/2026,LOMA LINDA - URDIÑOLA,Salida,N,2,CARR. SALTILLO-ZACATECAS,H3,18:29,,,,
14/05/2026,LOMA LINDA - URDIÑOLA,Salida,N,3,BLVD SANTA ELENA Y GUACALI,H1,06:30,06:29,1,1,0
14/05/2026,LOMA LINDA - URDIÑOLA,Salida,N,3,BLVD SANTA ELENA Y GUACALI,H2,16:00,,,,
14/05/2026,LOMA LINDA - URDIÑOLA,Salida,N,3,BLVD SANTA ELENA Y GUACALI,H3,18:30,18:38,-8,1,0
14/05/2026,LOMA LINDA - URDIÑOLA,Salida,N,4,BLVD ANTONIO CARDENAS Y TEODORO SANCHEZ,H1,06:31,,,,
14/05/2026,LOMA LINDA - URDIÑOLA,Salida,N,4,BLVD ANTONIO CARDENAS Y TEODORO SANCHEZ,H2,16:01,,,,
14/05/2026,LOMA LINDA - URDIÑOLA,Salida,N,4,BLVD ANTONIO CARDENAS Y TEODORO SANCHEZ,H3,18:31,,,,
14/05/2026,LOMA LINDA - URDIÑOLA,Salida,N,5,PROL URDIÑOLA Y PERIFERICO LEA,H1,06:32,,,,
14/05/2026,LOMA LINDA - URDIÑOLA,Salida,N,5,PROL URDIÑOLA Y PERIFERICO LEA,H2,16:02,,,,
14/05/2026,LOMA LINDA - URDIÑOLA,Salida,N,5,PROL URDIÑOLA Y PERIFERICO LEA,H3,18:32,,,,
14/05/2026,LOMA LINDA - URDIÑOLA,Salida,N,6,PROL. URDIÑOLA Y J. MERY,H1,06:33,,,,
14/05/2026,LOMA LINDA - URDIÑOLA,Salida,N,6,PROL. URDIÑOLA Y J. MERY,H2,16:03,,,,
14/05/2026,LOMA LINDA - URDIÑOLA,Salida,N,6,PROL. URDIÑOLA Y J. MERY,H3,18:33,,,,
14/05/2026,LOMA LINDA - URDIÑOLA,Salida,N,7,REFORMA Y URDIÑOLA,H1,06:34,,,,
14/05/2026,LOMA LINDA - URDIÑOLA,Salida,N,7,REFORMA Y URDIÑOLA,H2,16:04,,,,
14/05/2026,LOMA LINDA - URDIÑOLA,Salida,N,7,REFORMA Y URDIÑOLA,H3,18:34,19:11,-37,1,0
14/05/2026,LOMA LINDA - URDIÑOLA,Salida,N,8,BLVD VALDES SANCHEZ Y BLVD MINERIA,H1,06:55,,,,
14/05/2026,LOMA LINDA - URDIÑOLA,Salida,N,8,BLVD VALDES SANCHEZ Y BLVD MINERIA,H2,16:10,,,,
14/05/2026,LOMA LINDA - URDIÑOLA,Salida,N,8,BLVD VALDES SANCHEZ Y BLVD MINERIA,H3,18:55,,,,
14/05/2026,LOMA LINDA - URDIÑOLA,Salida,N,9,DEPOSITO DE AGUA FRACC PLAZA,H1,07:00,,,,
14/05/2026,LOMA LINDA - URDIÑOLA,Salida,N,9,DEPOSITO DE AGUA FRACC PLAZA,H2,16:15,,,,
14/05/2026,LOMA LINDA - URDIÑOLA,Salida,N,9,DEPOSITO DE AGUA FRACC PLAZA,H3,19:00,,,,
14/05/2026,LOMA LINDA - URDIÑOLA,Salida,N,10,BLVD VALDES SANCHEZ Y (PLANTA LEAR),H1,07:05,,,,
14/05/2026,LOMA LINDA - URDIÑOLA,Salida,N,10,BLVD VALDES SANCHEZ Y (PLANTA LEAR),H2,16:20,,,,
14/05/2026,LOMA LINDA - URDIÑOLA,Salida,N,10,BLVD VALDES SANCHEZ Y (PLANTA LEAR),H3,19:05,,,,
14/05/2026,LOMA LINDA - URDIÑOLA,Salida,N,11,BLVD SANTA LUCIA Y BLVD FUNDADORES,H1,07:15,,,,
14/05/2026,LOMA LINDA - URDIÑOLA,Salida,N,11,BLVD SANTA LUCIA Y BLVD FUNDADORES,H2,16:30,,,,
14/05/2026,LOMA LINDA - URDIÑOLA,Salida,N,11,BLVD SANTA LUCIA Y BLVD FUNDADORES,H3,19:15,,,,
14/05/2026,LOMA LINDA - URDIÑOLA,Salida,N,12,BLVD SANTA LUCIA Y CALLE 7,H1,07:16,,,,
14/05/2026,LOMA LINDA - URDIÑOLA,Salida,N,12,BLVD SANTA LUCIA Y CALLE 7,H2,16:31,,,,
14/05/2026,LOMA LINDA - URDIÑOLA,Salida,N,12,BLVD SANTA LUCIA Y CALLE 7,H3,19:16,,,,
14/05/2026,LOMA LINDA - URDIÑOLA,Salida,N,13,MEZQUITE Y NUECES,H1,07:25,,,,
14/05/2026,LOMA LINDA - URDIÑOLA,Salida,N,13,MEZQUITE Y NUECES,H2,16:40,,,,
14/05/2026,LOMA LINDA - URDIÑOLA,Salida,N,13,MEZQUITE Y NUECES,H3,19:25,,,,
14/05/2026,LOMA LINDA - URDIÑOLA,Salida,N,14,MEZQUITE Y GORDOLOBO,H1,07:30,07:06,24,1,0
14/05/2026,LOMA LINDA - URDIÑOLA,Salida,N,14,MEZQUITE Y GORDOLOBO,H2,16:45,,,,
14/05/2026,LOMA LINDA - URDIÑOLA,Salida,N,14,MEZQUITE Y GORDOLOBO,H3,19:30,19:36,-6,1,0
14/05/2026,LOS HOYOS - MACUYU,Entrada,A,1,LOS HOYOS,H1,03:20,,,,
14/05/2026,LOS HOYOS - MACUYU,Entrada,A,1,LOS HOYOS,H2,15:20,,,,
14/05/2026,LOS HOYOS - MACUYU,Entrada,A,1,LOS HOYOS,H3,18:50,,,,
14/05/2026,LOS HOYOS - MACUYU,Entrada,A,1,LOS HOYOS,H4,19:20,,,,
14/05/2026,LOS HOYOS - MACUYU,Entrada,A,2,HUARICHE,H1,03:38,,,,
14/05/2026,LOS HOYOS - MACUYU,Entrada,A,2,HUARICHE,H2,15:38,,,,
14/05/2026,LOS HOYOS - MACUYU,Entrada,A,2,HUARICHE,H3,19:08,,,,
14/05/2026,LOS HOYOS - MACUYU,Entrada,A,2,HUARICHE,H4,19:38,,,,
14/05/2026,LOS HOYOS - MACUYU,Entrada,A,3,PRESA DE GUADALUPE,H1,04:08,,,,
14/05/2026,LOS HOYOS - MACUYU,Entrada,A,3,PRESA DE GUADALUPE,H2,16:08,,,,
14/05/2026,LOS HOYOS - MACUYU,Entrada,A,3,PRESA DE GUADALUPE,H3,19:38,,,,
14/05/2026,LOS HOYOS - MACUYU,Entrada,A,3,PRESA DE GUADALUPE,H4,20:08,,,,
14/05/2026,LOS HOYOS - MACUYU,Entrada,A,4,MACUYU,H1,04:14,,,,
14/05/2026,LOS HOYOS - MACUYU,Entrada,A,4,MACUYU,H2,16:14,,,,
14/05/2026,LOS HOYOS - MACUYU,Entrada,A,4,MACUYU,H3,19:44,,,,
14/05/2026,LOS HOYOS - MACUYU,Entrada,A,4,MACUYU,H4,20:14,,,,
14/05/2026,LOS HOYOS - MACUYU,Entrada,A,5,DOS DE ABRIL,H1,04:24,,,,
14/05/2026,LOS HOYOS - MACUYU,Entrada,A,5,DOS DE ABRIL,H2,16:24,,,,
14/05/2026,LOS HOYOS - MACUYU,Entrada,A,5,DOS DE ABRIL,H3,19:54,,,,
14/05/2026,LOS HOYOS - MACUYU,Entrada,A,5,DOS DE ABRIL,H4,20:24,,,,
14/05/2026,LOS HOYOS - MACUYU,Entrada,A,6,LA PAZ,H1,04:50,,,,
14/05/2026,LOS HOYOS - MACUYU,Entrada,A,6,LA PAZ,H2,16:50,,,,
14/05/2026,LOS HOYOS - MACUYU,Entrada,A,6,LA PAZ,H3,20:20,,,,
14/05/2026,LOS HOYOS - MACUYU,Entrada,A,6,LA PAZ,H4,20:50,,,,
14/05/2026,LOS HOYOS - MACUYU,Entrada,A,7,DERRAMADERO,H1,05:08,,,,
14/05/2026,LOS HOYOS - MACUYU,Entrada,A,7,DERRAMADERO,H2,17:08,,,,
14/05/2026,LOS HOYOS - MACUYU,Entrada,A,7,DERRAMADERO,H3,20:38,,,,
14/05/2026,LOS HOYOS - MACUYU,Entrada,A,7,DERRAMADERO,H4,21:08,,,,
14/05/2026,LOS HOYOS - MACUYU,Entrada,A,8,METALSA,H1,05:50,05:46,4,1,0
14/05/2026,LOS HOYOS - MACUYU,Entrada,A,8,METALSA,H2,17:50,,,,
14/05/2026,LOS HOYOS - MACUYU,Entrada,A,8,METALSA,H3,21:20,,,,
14/05/2026,LOS HOYOS - MACUYU,Entrada,A,8,METALSA,H4,21:50,,,,
14/05/2026,LOS HOYOS - MACUYU,Salida,N,1,METALSA,H1,15:30,,,,
14/05/2026,LOS HOYOS - MACUYU,Salida,N,1,METALSA,H2,06:15,06:16,-1,1,0
14/05/2026,LOS HOYOS - MACUYU,Salida,N,1,METALSA,H3,18:15,18:16,-1,1,0
14/05/2026,LOS HOYOS - MACUYU,Salida,N,2,DERRAMADERO,H1,15:41,,,,
14/05/2026,LOS HOYOS - MACUYU,Salida,N,2,DERRAMADERO,H2,06:26,06:44,-18,1,0
14/05/2026,LOS HOYOS - MACUYU,Salida,N,2,DERRAMADERO,H3,18:26,,,,
14/05/2026,LOS HOYOS - MACUYU,Salida,N,3,LA PAZ,H1,15:42,,,,
14/05/2026,LOS HOYOS - MACUYU,Salida,N,3,LA PAZ,H2,06:27,07:05,-38,1,0
14/05/2026,LOS HOYOS - MACUYU,Salida,N,3,LA PAZ,H3,18:27,19:04,-37,1,0
14/05/2026,LOS HOYOS - MACUYU,Salida,N,4,DOS DE ABRIL,H1,15:44,,,,
14/05/2026,LOS HOYOS - MACUYU,Salida,N,4,DOS DE ABRIL,H2,06:29,07:30,-61,1,0
14/05/2026,LOS HOYOS - MACUYU,Salida,N,4,DOS DE ABRIL,H3,18:29,19:30,-61,1,0
14/05/2026,LOS HOYOS - MACUYU,Salida,N,5,MACUYU,H1,15:45,,,,
14/05/2026,LOS HOYOS - MACUYU,Salida,N,5,MACUYU,H2,06:30,07:38,-68,1,0
14/05/2026,LOS HOYOS - MACUYU,Salida,N,5,MACUYU,H3,18:30,19:35,-65,1,0
14/05/2026,LOS HOYOS - MACUYU,Salida,N,6,PRESA DE GUADALUPE,H1,16:00,,,,
14/05/2026,LOS HOYOS - MACUYU,Salida,N,6,PRESA DE GUADALUPE,H2,06:31,07:47,-76,1,0
14/05/2026,LOS HOYOS - MACUYU,Salida,N,6,PRESA DE GUADALUPE,H3,18:35,19:40,-65,1,0
14/05/2026,LOS HOYOS - MACUYU,Salida,N,7,HUARICHE,H1,17:18,,,,
14/05/2026,LOS HOYOS - MACUYU,Salida,N,7,HUARICHE,H2,08:03,,,,
14/05/2026,LOS HOYOS - MACUYU,Salida,N,7,HUARICHE,H3,20:03,,,,
14/05/2026,LOS HOYOS - MACUYU,Salida,N,8,LOS HOYOS,H1,17:30,,,,
14/05/2026,LOS HOYOS - MACUYU,Salida,N,8,LOS HOYOS,H2,08:15,,,,
14/05/2026,LOS HOYOS - MACUYU,Salida,N,8,LOS HOYOS,H3,20:15,,,,
14/05/2026,OTILIO,Entrada,N,1,CALLE 23 Y CALLE 16,H1,04:25,04:25,0,1,0
14/05/2026,OTILIO,Entrada,N,1,CALLE 23 Y CALLE 16,H2,16:25,16:25,0,1,0
14/05/2026,OTILIO,Entrada,N,1,CALLE 23 Y CALLE 16,H3,19:55,,,,
14/05/2026,OTILIO,Entrada,N,1,CALLE 23 Y CALLE 16,H4,20:25,,,,
14/05/2026,OTILIO,Entrada,N,2,MARMOL Y EMILIANO ZAPATA,H1,04:27,04:32,-5,1,0
14/05/2026,OTILIO,Entrada,N,2,MARMOL Y EMILIANO ZAPATA,H2,16:27,16:31,-4,1,0
14/05/2026,OTILIO,Entrada,N,2,MARMOL Y EMILIANO ZAPATA,H3,19:57,,,,
14/05/2026,OTILIO,Entrada,N,2,MARMOL Y EMILIANO ZAPATA,H4,20:27,,,,
14/05/2026,OTILIO,Entrada,N,3,LIBERTAD Y OTILIO,H1,04:31,04:36,-5,1,0
14/05/2026,OTILIO,Entrada,N,3,LIBERTAD Y OTILIO,H2,16:31,16:35,-4,1,0
14/05/2026,OTILIO,Entrada,N,3,LIBERTAD Y OTILIO,H3,20:01,,,,
14/05/2026,OTILIO,Entrada,N,3,LIBERTAD Y OTILIO,H4,20:31,,,,
14/05/2026,OTILIO,Entrada,N,4,ONCEAVA Y ESCUADRON DE LA AVIACION,H1,04:42,04:43,-1,1,0
14/05/2026,OTILIO,Entrada,N,4,ONCEAVA Y ESCUADRON DE LA AVIACION,H2,16:42,16:44,-2,1,0
14/05/2026,OTILIO,Entrada,N,4,ONCEAVA Y ESCUADRON DE LA AVIACION,H3,20:12,,,,
14/05/2026,OTILIO,Entrada,N,4,ONCEAVA Y ESCUADRON DE LA AVIACION,H4,20:42,,,,
14/05/2026,OTILIO,Entrada,N,5,BLVD JUAREZ Y MIGUEL HIDALGO,H1,04:52,04:53,-1,1,0
14/05/2026,OTILIO,Entrada,N,5,BLVD JUAREZ Y MIGUEL HIDALGO,H2,16:52,16:54,-2,1,0
14/05/2026,OTILIO,Entrada,N,5,BLVD JUAREZ Y MIGUEL HIDALGO,H3,20:22,,,,
14/05/2026,OTILIO,Entrada,N,5,BLVD JUAREZ Y MIGUEL HIDALGO,H4,20:52,,,,
14/05/2026,OTILIO,Entrada,N,6,IGNACIO ALLENDE Y CALLE 13,H1,04:58,04:57,1,1,0
14/05/2026,OTILIO,Entrada,N,6,IGNACIO ALLENDE Y CALLE 13,H2,16:58,16:58,0,1,0
14/05/2026,OTILIO,Entrada,N,6,IGNACIO ALLENDE Y CALLE 13,H3,20:28,,,,
14/05/2026,OTILIO,Entrada,N,6,IGNACIO ALLENDE Y CALLE 13,H4,20:58,,,,
14/05/2026,OTILIO,Entrada,N,7,LOMAS DE LOURDES Y LUIS PASTEUR,H1,05:06,05:04,2,1,0
14/05/2026,OTILIO,Entrada,N,7,LOMAS DE LOURDES Y LUIS PASTEUR,H2,17:06,17:05,1,1,0
14/05/2026,OTILIO,Entrada,N,7,LOMAS DE LOURDES Y LUIS PASTEUR,H3,20:36,,,,
14/05/2026,OTILIO,Entrada,N,7,LOMAS DE LOURDES Y LUIS PASTEUR,H4,21:06,,,,
14/05/2026,OTILIO,Entrada,N,8,CARR. SALTILLO-ZACATECAS,H1,05:15,,,,
14/05/2026,OTILIO,Entrada,N,8,CARR. SALTILLO-ZACATECAS,H2,17:15,,,,
14/05/2026,OTILIO,Entrada,N,8,CARR. SALTILLO-ZACATECAS,H3,20:45,,,,
14/05/2026,OTILIO,Entrada,N,8,CARR. SALTILLO-ZACATECAS,H4,21:15,,,,
14/05/2026,OTILIO,Entrada,N,9,METALSA,H1,05:50,05:36,14,1,0
14/05/2026,OTILIO,Entrada,N,9,METALSA,H2,17:50,17:29,21,1,0
14/05/2026,OTILIO,Entrada,N,9,METALSA,H3,21:20,,,,
14/05/2026,OTILIO,Entrada,N,9,METALSA,H4,21:50,,,,
14/05/2026,OTILIO,Salida,N,1,METALSA,H1,06:15,,,,
14/05/2026,OTILIO,Salida,N,1,METALSA,H2,15:30,,,,
14/05/2026,OTILIO,Salida,N,1,METALSA,H3,18:15,,,,
14/05/2026,OTILIO,Salida,N,2,CARR. SALTILLO-ZACATECAS,H1,06:50,,,,
14/05/2026,OTILIO,Salida,N,2,CARR. SALTILLO-ZACATECAS,H2,16:05,,,,
14/05/2026,OTILIO,Salida,N,2,CARR. SALTILLO-ZACATECAS,H3,18:50,,,,
14/05/2026,OTILIO,Salida,N,3,LOMAS DE LOURDES Y LUIS PASTEUR,H1,06:59,,,,
14/05/2026,OTILIO,Salida,N,3,LOMAS DE LOURDES Y LUIS PASTEUR,H2,16:14,,,,
14/05/2026,OTILIO,Salida,N,3,LOMAS DE LOURDES Y LUIS PASTEUR,H3,18:59,,,,
14/05/2026,OTILIO,Salida,N,4,IGNACIO ALLENDE Y CALLE 13,H1,07:07,,,,
14/05/2026,OTILIO,Salida,N,4,IGNACIO ALLENDE Y CALLE 13,H2,16:22,,,,
14/05/2026,OTILIO,Salida,N,4,IGNACIO ALLENDE Y CALLE 13,H3,19:07,,,,
14/05/2026,OTILIO,Salida,N,5,BLVD JUAREZ Y MIGUEL HIDALGO,H1,07:13,,,,
14/05/2026,OTILIO,Salida,N,5,BLVD JUAREZ Y MIGUEL HIDALGO,H2,16:28,,,,
14/05/2026,OTILIO,Salida,N,5,BLVD JUAREZ Y MIGUEL HIDALGO,H3,19:13,,,,
14/05/2026,OTILIO,Salida,N,6,ONCEAVA Y ESCUADRON DE LA AVIACION,H1,07:23,,,,
14/05/2026,OTILIO,Salida,N,6,ONCEAVA Y ESCUADRON DE LA AVIACION,H2,16:38,,,,
14/05/2026,OTILIO,Salida,N,6,ONCEAVA Y ESCUADRON DE LA AVIACION,H3,19:23,,,,
14/05/2026,OTILIO,Salida,N,7,LIBERTAD Y OTILIO,H1,07:34,,,,
14/05/2026,OTILIO,Salida,N,7,LIBERTAD Y OTILIO,H2,16:49,,,,
14/05/2026,OTILIO,Salida,N,7,LIBERTAD Y OTILIO,H3,19:34,,,,
14/05/2026,OTILIO,Salida,N,8,MARMOL Y EMILIANO ZAPATA,H1,07:38,,,,
14/05/2026,OTILIO,Salida,N,8,MARMOL Y EMILIANO ZAPATA,H2,16:53,,,,
14/05/2026,OTILIO,Salida,N,8,MARMOL Y EMILIANO ZAPATA,H3,19:38,,,,
14/05/2026,OTILIO,Salida,N,9,CALLE 23 Y CALLE 16,H1,07:40,,,,
14/05/2026,OTILIO,Salida,N,9,CALLE 23 Y CALLE 16,H2,16:55,,,,
14/05/2026,OTILIO,Salida,N,9,CALLE 23 Y CALLE 16,H3,19:40,,,,
14/05/2026,PARRAS CASETA,Entrada,A,1,RAMOS ARIZPE (PLAZA DEL RELOJ),H1,18:30,,,,
14/05/2026,PARRAS CASETA,Entrada,A,1,RAMOS ARIZPE (PLAZA DEL RELOJ),H2,03:00,,,,
14/05/2026,PARRAS CASETA,Entrada,A,1,RAMOS ARIZPE (PLAZA DEL RELOJ),H3,15:00,,,,
14/05/2026,PARRAS CASETA,Entrada,A,1,RAMOS ARIZPE (PLAZA DEL RELOJ),H4,19:00,,,,
14/05/2026,PARRAS CASETA,Entrada,A,2,HEROICO COLEGIO MILITAR Y MELCHOR OCAMPO (ALAMEDA),H1,18:32,,,,
14/05/2026,PARRAS CASETA,Entrada,A,2,HEROICO COLEGIO MILITAR Y MELCHOR OCAMPO (ALAMEDA),H2,03:02,,,,
14/05/2026,PARRAS CASETA,Entrada,A,2,HEROICO COLEGIO MILITAR Y MELCHOR OCAMPO (ALAMEDA),H3,15:02,,,,
14/05/2026,PARRAS CASETA,Entrada,A,2,HEROICO COLEGIO MILITAR Y MELCHOR OCAMPO (ALAMEDA),H4,19:02,,,,
14/05/2026,PARRAS CASETA,Entrada,A,3,FALCON Y FCO SARABIA (TORTILLERIA 4 CAMINO),H1,18:40,,,,
14/05/2026,PARRAS CASETA,Entrada,A,3,FALCON Y FCO SARABIA (TORTILLERIA 4 CAMINO),H2,03:10,,,,
14/05/2026,PARRAS CASETA,Entrada,A,3,FALCON Y FCO SARABIA (TORTILLERIA 4 CAMINO),H3,15:10,,,,
14/05/2026,PARRAS CASETA,Entrada,A,3,FALCON Y FCO SARABIA (TORTILLERIA 4 CAMINO),H4,19:10,,,,
14/05/2026,PARRAS CASETA,Entrada,A,4,OSCAR FLORES TAPIA y JAVIER MINA,H1,18:45,,,,
14/05/2026,PARRAS CASETA,Entrada,A,4,OSCAR FLORES TAPIA y JAVIER MINA,H2,03:15,,,,
14/05/2026,PARRAS CASETA,Entrada,A,4,OSCAR FLORES TAPIA y JAVIER MINA,H3,15:15,,,,
14/05/2026,PARRAS CASETA,Entrada,A,4,OSCAR FLORES TAPIA y JAVIER MINA,H4,19:15,,,,
14/05/2026,PARRAS CASETA,Entrada,A,5,CALZADA DEL MARQUEZ (OXXO GAS),H1,18:50,,,,
14/05/2026,PARRAS CASETA,Entrada,A,5,CALZADA DEL MARQUEZ (OXXO GAS),H2,03:20,,,,
14/05/2026,PARRAS CASETA,Entrada,A,5,CALZADA DEL MARQUEZ (OXXO GAS),H3,15:20,,,,
14/05/2026,PARRAS CASETA,Entrada,A,5,CALZADA DEL MARQUEZ (OXXO GAS),H4,19:20,,,,
14/05/2026,PARRAS CASETA,Entrada,A,6,16 DE SEPTIEMBRE (FABRICA DICKIES),H1,18:57,,,,
14/05/2026,PARRAS CASETA,Entrada,A,6,16 DE SEPTIEMBRE (FABRICA DICKIES),H2,03:27,,,,
14/05/2026,PARRAS CASETA,Entrada,A,6,16 DE SEPTIEMBRE (FABRICA DICKIES),H3,15:27,,,,
14/05/2026,PARRAS CASETA,Entrada,A,6,16 DE SEPTIEMBRE (FABRICA DICKIES),H4,19:27,,,,
14/05/2026,PARRAS CASETA,Entrada,A,7,EJIDO 28 AGOSTO,H1,19:25,,,,
14/05/2026,PARRAS CASETA,Entrada,A,7,EJIDO 28 AGOSTO,H2,03:55,,,,
14/05/2026,PARRAS CASETA,Entrada,A,7,EJIDO 28 AGOSTO,H3,15:55,,,,
14/05/2026,PARRAS CASETA,Entrada,A,7,EJIDO 28 AGOSTO,H4,19:55,,,,
14/05/2026,PARRAS CASETA,Entrada,A,8,KM 42,H1,19:45,,,,
14/05/2026,PARRAS CASETA,Entrada,A,8,KM 42,H2,04:15,,,,
14/05/2026,PARRAS CASETA,Entrada,A,8,KM 42,H3,16:15,,,,
14/05/2026,PARRAS CASETA,Entrada,A,8,KM 42,H4,20:15,,,,
14/05/2026,PARRAS CASETA,Entrada,A,9,EJIDO JALPA,H1,19:50,,,,
14/05/2026,PARRAS CASETA,Entrada,A,9,EJIDO JALPA,H2,04:20,,,,
14/05/2026,PARRAS CASETA,Entrada,A,9,EJIDO JALPA,H3,16:20,,,,
14/05/2026,PARRAS CASETA,Entrada,A,9,EJIDO JALPA,H4,20:20,,,,
14/05/2026,PARRAS CASETA,Entrada,A,10,METALSA,H1,21:20,,,,
14/05/2026,PARRAS CASETA,Entrada,A,10,METALSA,H2,05:50,,,,
14/05/2026,PARRAS CASETA,Entrada,A,10,METALSA,H3,17:50,,,,
14/05/2026,PARRAS CASETA,Entrada,A,10,METALSA,H4,21:50,,,,
14/05/2026,PARRAS CASETA,Salida,N,1,METALSA,H1,15:30,,,,
14/05/2026,PARRAS CASETA,Salida,N,1,METALSA,H2,06:15,06:19,-4,1,0
14/05/2026,PARRAS CASETA,Salida,N,1,METALSA,H3,18:15,,,,
14/05/2026,PARRAS CASETA,Salida,N,2,EJIDO PAILA,H1,15:45,,,,
14/05/2026,PARRAS CASETA,Salida,N,2,EJIDO PAILA,H2,06:30,,,,
14/05/2026,PARRAS CASETA,Salida,N,2,EJIDO PAILA,H3,18:30,,,,
14/05/2026,PARRAS CASETA,Salida,N,3,KM 42,H1,15:50,,,,
14/05/2026,PARRAS CASETA,Salida,N,3,KM 42,H2,06:35,,,,
14/05/2026,PARRAS CASETA,Salida,N,3,KM 42,H3,18:35,,,,
14/05/2026,PARRAS CASETA,Salida,N,4,EJIDO 28 AGOSTO,H1,17:10,,,,
14/05/2026,PARRAS CASETA,Salida,N,4,EJIDO 28 AGOSTO,H2,07:55,,,,
14/05/2026,PARRAS CASETA,Salida,N,4,EJIDO 28 AGOSTO,H3,19:55,,,,
14/05/2026,PARRAS CASETA,Salida,N,5,16 DE SEPTIEMBRE (FABRICA DICKIES),H1,17:45,,,,
14/05/2026,PARRAS CASETA,Salida,N,5,16 DE SEPTIEMBRE (FABRICA DICKIES),H2,08:30,,,,
14/05/2026,PARRAS CASETA,Salida,N,5,16 DE SEPTIEMBRE (FABRICA DICKIES),H3,20:30,,,,
14/05/2026,PARRAS CASETA,Salida,N,6,CALZADA DEL MARQUEZ (OXXO GAS),H1,17:55,,,,
14/05/2026,PARRAS CASETA,Salida,N,6,CALZADA DEL MARQUEZ (OXXO GAS),H2,08:40,,,,
14/05/2026,PARRAS CASETA,Salida,N,6,CALZADA DEL MARQUEZ (OXXO GAS),H3,20:40,20:34,6,1,0
14/05/2026,PARRAS CASETA,Salida,N,7,OSCAR FLORES TAPIA y JAVIER MINA,H1,18:00,,,,
14/05/2026,PARRAS CASETA,Salida,N,7,OSCAR FLORES TAPIA y JAVIER MINA,H2,08:45,,,,
14/05/2026,PARRAS CASETA,Salida,N,7,OSCAR FLORES TAPIA y JAVIER MINA,H3,20:45,20:41,4,1,0
14/05/2026,PARRAS CASETA,Salida,N,8,FALCON Y FCO SARABIA (TORTILLERIA 4 CAMINO),H1,18:05,,,,
14/05/2026,PARRAS CASETA,Salida,N,8,FALCON Y FCO SARABIA (TORTILLERIA 4 CAMINO),H2,08:50,,,,
14/05/2026,PARRAS CASETA,Salida,N,8,FALCON Y FCO SARABIA (TORTILLERIA 4 CAMINO),H3,20:50,,,,
14/05/2026,PARRAS CASETA,Salida,N,9,HEROICO COLEGIO MILITAR Y MELCHOR OCAMPO (ALAMEDA),H1,18:18,,,,
14/05/2026,PARRAS CASETA,Salida,N,9,HEROICO COLEGIO MILITAR Y MELCHOR OCAMPO (ALAMEDA),H2,09:03,08:40,23,1,0
14/05/2026,PARRAS CASETA,Salida,N,9,HEROICO COLEGIO MILITAR Y MELCHOR OCAMPO (ALAMEDA),H3,21:03,,,,
14/05/2026,PARRAS CASETA,Salida,N,10,RAMOS ARIZPE (PLAZA DEL RELOJ),H1,18:20,,,,
14/05/2026,PARRAS CASETA,Salida,N,10,RAMOS ARIZPE (PLAZA DEL RELOJ),H2,09:05,,,,
14/05/2026,PARRAS CASETA,Salida,N,10,RAMOS ARIZPE (PLAZA DEL RELOJ),H3,21:05,,,,
14/05/2026,PARRAS LIBRE,Entrada,A,1,TACUBATA Y FRANCISCO I MADERO,H1,18:30,,,,
14/05/2026,PARRAS LIBRE,Entrada,A,1,TACUBATA Y FRANCISCO I MADERO,H2,03:00,,,,
14/05/2026,PARRAS LIBRE,Entrada,A,1,TACUBATA Y FRANCISCO I MADERO,H3,03:00,,,,
14/05/2026,PARRAS LIBRE,Entrada,A,1,TACUBATA Y FRANCISCO I MADERO,H4,15:00,,,,
14/05/2026,PARRAS LIBRE,Entrada,A,1,TACUBATA Y FRANCISCO I MADERO,H5,15:00,,,,
14/05/2026,PARRAS LIBRE,Entrada,A,1,TACUBATA Y FRANCISCO I MADERO,H6,19:05,,,,
14/05/2026,PARRAS LIBRE,Entrada,A,2,SANTA CATARINA Y VIESCA,H1,18:36,,,,
14/05/2026,PARRAS LIBRE,Entrada,A,2,SANTA CATARINA Y VIESCA,H2,03:06,,,,
14/05/2026,PARRAS LIBRE,Entrada,A,2,SANTA CATARINA Y VIESCA,H3,03:06,,,,
14/05/2026,PARRAS LIBRE,Entrada,A,2,SANTA CATARINA Y VIESCA,H4,15:06,,,,
14/05/2026,PARRAS LIBRE,Entrada,A,2,SANTA CATARINA Y VIESCA,H5,15:06,,,,
14/05/2026,PARRAS LIBRE,Entrada,A,2,SANTA CATARINA Y VIESCA,H6,19:09,,,,
14/05/2026,PARRAS LIBRE,Entrada,A,3,MANUEL ZAVALA Y MAR DE GALILEA,H1,18:50,,,,
14/05/2026,PARRAS LIBRE,Entrada,A,3,MANUEL ZAVALA Y MAR DE GALILEA,H2,03:20,,,,
14/05/2026,PARRAS LIBRE,Entrada,A,3,MANUEL ZAVALA Y MAR DE GALILEA,H3,03:20,,,,
14/05/2026,PARRAS LIBRE,Entrada,A,3,MANUEL ZAVALA Y MAR DE GALILEA,H4,15:20,,,,
14/05/2026,PARRAS LIBRE,Entrada,A,3,MANUEL ZAVALA Y MAR DE GALILEA,H5,15:20,,,,
14/05/2026,PARRAS LIBRE,Entrada,A,3,MANUEL ZAVALA Y MAR DE GALILEA,H6,19:11,,,,
14/05/2026,PARRAS LIBRE,Entrada,A,4,GENERAL CEPEDA Y RAMOS ARIZPE,H1,18:55,,,,
14/05/2026,PARRAS LIBRE,Entrada,A,4,GENERAL CEPEDA Y RAMOS ARIZPE,H2,03:25,,,,
14/05/2026,PARRAS LIBRE,Entrada,A,4,GENERAL CEPEDA Y RAMOS ARIZPE,H3,03:25,,,,
14/05/2026,PARRAS LIBRE,Entrada,A,4,GENERAL CEPEDA Y RAMOS ARIZPE,H4,15:25,,,,
14/05/2026,PARRAS LIBRE,Entrada,A,4,GENERAL CEPEDA Y RAMOS ARIZPE,H5,15:25,,,,
14/05/2026,PARRAS LIBRE,Entrada,A,4,GENERAL CEPEDA Y RAMOS ARIZPE,H6,19:14,,,,
14/05/2026,PARRAS LIBRE,Entrada,A,5,GENERAL CEPEDA Y COLIMA,H1,19:03,,,,
14/05/2026,PARRAS LIBRE,Entrada,A,5,GENERAL CEPEDA Y COLIMA,H2,03:33,,,,
14/05/2026,PARRAS LIBRE,Entrada,A,5,GENERAL CEPEDA Y COLIMA,H3,03:33,,,,
14/05/2026,PARRAS LIBRE,Entrada,A,5,GENERAL CEPEDA Y COLIMA,H4,15:33,,,,
14/05/2026,PARRAS LIBRE,Entrada,A,5,GENERAL CEPEDA Y COLIMA,H5,15:33,,,,
14/05/2026,PARRAS LIBRE,Entrada,A,5,GENERAL CEPEDA Y COLIMA,H6,19:15,,,,
14/05/2026,PARRAS LIBRE,Entrada,A,6,CAMINO GRAL. CEPEDA Y EJIDO PARRAS,H1,19:05,,,,
14/05/2026,PARRAS LIBRE,Entrada,A,6,CAMINO GRAL. CEPEDA Y EJIDO PARRAS,H2,03:35,,,,
14/05/2026,PARRAS LIBRE,Entrada,A,6,CAMINO GRAL. CEPEDA Y EJIDO PARRAS,H3,03:35,,,,
14/05/2026,PARRAS LIBRE,Entrada,A,6,CAMINO GRAL. CEPEDA Y EJIDO PARRAS,H4,15:35,,,,
14/05/2026,PARRAS LIBRE,Entrada,A,6,CAMINO GRAL. CEPEDA Y EJIDO PARRAS,H5,15:35,,,,
14/05/2026,PARRAS LIBRE,Entrada,A,6,CAMINO GRAL. CEPEDA Y EJIDO PARRAS,H6,19:17,,,,
14/05/2026,PARRAS LIBRE,Entrada,A,7,METALSA,H1,21:20,,,,
14/05/2026,PARRAS LIBRE,Entrada,A,7,METALSA,H2,05:50,,,,
14/05/2026,PARRAS LIBRE,Entrada,A,7,METALSA,H3,05:50,,,,
14/05/2026,PARRAS LIBRE,Entrada,A,7,METALSA,H4,17:50,,,,
14/05/2026,PARRAS LIBRE,Entrada,A,7,METALSA,H5,17:50,,,,
14/05/2026,PARRAS LIBRE,Entrada,A,7,METALSA,H6,21:50,,,,
14/05/2026,PARRAS LIBRE,Salida,N,1,METALSA,H1,15:30,,,,
14/05/2026,PARRAS LIBRE,Salida,N,1,METALSA,H2,06:15,,,,
14/05/2026,PARRAS LIBRE,Salida,N,1,METALSA,H3,06:15,,,,
14/05/2026,PARRAS LIBRE,Salida,N,1,METALSA,H4,18:15,,,,
14/05/2026,PARRAS LIBRE,Salida,N,1,METALSA,H5,18:15,,,,
14/05/2026,PARRAS LIBRE,Salida,N,2,CAMINO GRAL. CEPEDA Y EJIDO PARRAS,H1,17:45,,,,
14/05/2026,PARRAS LIBRE,Salida,N,2,CAMINO GRAL. CEPEDA Y EJIDO PARRAS,H2,08:30,,,,
14/05/2026,PARRAS LIBRE,Salida,N,2,CAMINO GRAL. CEPEDA Y EJIDO PARRAS,H3,08:30,,,,
14/05/2026,PARRAS LIBRE,Salida,N,2,CAMINO GRAL. CEPEDA Y EJIDO PARRAS,H4,20:30,,,,
14/05/2026,PARRAS LIBRE,Salida,N,2,CAMINO GRAL. CEPEDA Y EJIDO PARRAS,H5,20:30,,,,
14/05/2026,PARRAS LIBRE,Salida,N,3,GENERAL CEPEDA Y COLIMA,H1,17:47,,,,
14/05/2026,PARRAS LIBRE,Salida,N,3,GENERAL CEPEDA Y COLIMA,H2,08:32,,,,
14/05/2026,PARRAS LIBRE,Salida,N,3,GENERAL CEPEDA Y COLIMA,H3,08:32,,,,
14/05/2026,PARRAS LIBRE,Salida,N,3,GENERAL CEPEDA Y COLIMA,H4,20:32,,,,
14/05/2026,PARRAS LIBRE,Salida,N,3,GENERAL CEPEDA Y COLIMA,H5,20:32,,,,
14/05/2026,PARRAS LIBRE,Salida,N,4,GENERAL CEPEDA Y RAMOS ARIZPE,H1,17:55,,,,
14/05/2026,PARRAS LIBRE,Salida,N,4,GENERAL CEPEDA Y RAMOS ARIZPE,H2,08:40,,,,
14/05/2026,PARRAS LIBRE,Salida,N,4,GENERAL CEPEDA Y RAMOS ARIZPE,H3,08:40,,,,
14/05/2026,PARRAS LIBRE,Salida,N,4,GENERAL CEPEDA Y RAMOS ARIZPE,H4,20:40,,,,
14/05/2026,PARRAS LIBRE,Salida,N,4,GENERAL CEPEDA Y RAMOS ARIZPE,H5,20:40,,,,
14/05/2026,PARRAS LIBRE,Salida,N,5,MANUEL ZAVALA Y MAR DE GALILEA,H1,18:00,,,,
14/05/2026,PARRAS LIBRE,Salida,N,5,MANUEL ZAVALA Y MAR DE GALILEA,H2,08:45,,,,
14/05/2026,PARRAS LIBRE,Salida,N,5,MANUEL ZAVALA Y MAR DE GALILEA,H3,08:45,,,,
14/05/2026,PARRAS LIBRE,Salida,N,5,MANUEL ZAVALA Y MAR DE GALILEA,H4,20:45,,,,
14/05/2026,PARRAS LIBRE,Salida,N,5,MANUEL ZAVALA Y MAR DE GALILEA,H5,20:45,,,,
14/05/2026,PARRAS LIBRE,Salida,N,6,SANTA CATARINA Y VIESCA,H1,18:14,,,,
14/05/2026,PARRAS LIBRE,Salida,N,6,SANTA CATARINA Y VIESCA,H2,08:59,,,,
14/05/2026,PARRAS LIBRE,Salida,N,6,SANTA CATARINA Y VIESCA,H3,08:59,,,,
14/05/2026,PARRAS LIBRE,Salida,N,6,SANTA CATARINA Y VIESCA,H4,20:59,,,,
14/05/2026,PARRAS LIBRE,Salida,N,6,SANTA CATARINA Y VIESCA,H5,20:59,,,,
14/05/2026,PARRAS LIBRE,Salida,N,7,TACUBATA Y FRANCISCO I MADERO,H1,18:20,,,,
14/05/2026,PARRAS LIBRE,Salida,N,7,TACUBATA Y FRANCISCO I MADERO,H2,09:05,,,,
14/05/2026,PARRAS LIBRE,Salida,N,7,TACUBATA Y FRANCISCO I MADERO,H3,09:05,,,,
14/05/2026,PARRAS LIBRE,Salida,N,7,TACUBATA Y FRANCISCO I MADERO,H4,21:05,,,,
14/05/2026,PARRAS LIBRE,Salida,N,7,TACUBATA Y FRANCISCO I MADERO,H5,21:05,,,,
14/05/2026,PORVENIR - GENERAL CEPEDA,Entrada,A,1,PORVENIR,H1,03:45,,,,
14/05/2026,PORVENIR - GENERAL CEPEDA,Entrada,A,1,PORVENIR,H2,15:45,,,,
14/05/2026,PORVENIR - GENERAL CEPEDA,Entrada,A,1,PORVENIR,H3,19:15,,,,
14/05/2026,PORVENIR - GENERAL CEPEDA,Entrada,A,1,PORVENIR,H4,19:45,,,,
14/05/2026,PORVENIR - GENERAL CEPEDA,Entrada,A,2,GUELATAO,H1,03:50,,,,
14/05/2026,PORVENIR - GENERAL CEPEDA,Entrada,A,2,GUELATAO,H2,15:50,,,,
14/05/2026,PORVENIR - GENERAL CEPEDA,Entrada,A,2,GUELATAO,H3,19:20,,,,
14/05/2026,PORVENIR - GENERAL CEPEDA,Entrada,A,2,GUELATAO,H4,19:50,,,,
14/05/2026,PORVENIR - GENERAL CEPEDA,Entrada,A,3,BLVD; DIANA LAURA,H1,04:06,,,,
14/05/2026,PORVENIR - GENERAL CEPEDA,Entrada,A,3,BLVD; DIANA LAURA,H2,16:06,,,,
14/05/2026,PORVENIR - GENERAL CEPEDA,Entrada,A,3,BLVD; DIANA LAURA,H3,19:36,,,,
14/05/2026,PORVENIR - GENERAL CEPEDA,Entrada,A,3,BLVD; DIANA LAURA,H4,20:06,,,,
14/05/2026,PORVENIR - GENERAL CEPEDA,Entrada,A,4,MARIANO MATAMOROS,H1,04:09,,,,
14/05/2026,PORVENIR - GENERAL CEPEDA,Entrada,A,4,MARIANO MATAMOROS,H2,16:09,,,,
14/05/2026,PORVENIR - GENERAL CEPEDA,Entrada,A,4,MARIANO MATAMOROS,H3,19:39,,,,
14/05/2026,PORVENIR - GENERAL CEPEDA,Entrada,A,4,MARIANO MATAMOROS,H4,20:09,,,,
14/05/2026,PORVENIR - GENERAL CEPEDA,Entrada,A,5,LOS PRESIDENTES,H1,04:11,,,,
14/05/2026,PORVENIR - GENERAL CEPEDA,Entrada,A,5,LOS PRESIDENTES,H2,16:11,,,,
14/05/2026,PORVENIR - GENERAL CEPEDA,Entrada,A,5,LOS PRESIDENTES,H3,19:41,,,,
14/05/2026,PORVENIR - GENERAL CEPEDA,Entrada,A,5,LOS PRESIDENTES,H4,20:11,,,,
14/05/2026,PORVENIR - GENERAL CEPEDA,Entrada,A,6,MIGUEL HIDALGO,H1,04:16,,,,
14/05/2026,PORVENIR - GENERAL CEPEDA,Entrada,A,6,MIGUEL HIDALGO,H2,16:16,,,,
14/05/2026,PORVENIR - GENERAL CEPEDA,Entrada,A,6,MIGUEL HIDALGO,H3,19:46,,,,
14/05/2026,PORVENIR - GENERAL CEPEDA,Entrada,A,6,MIGUEL HIDALGO,H4,20:16,,,,
14/05/2026,PORVENIR - GENERAL CEPEDA,Entrada,A,7,BENITO JUAREZ,H1,04:19,,,,
14/05/2026,PORVENIR - GENERAL CEPEDA,Entrada,A,7,BENITO JUAREZ,H2,16:19,,,,
14/05/2026,PORVENIR - GENERAL CEPEDA,Entrada,A,7,BENITO JUAREZ,H3,19:49,,,,
14/05/2026,PORVENIR - GENERAL CEPEDA,Entrada,A,7,BENITO JUAREZ,H4,20:19,,,,
14/05/2026,PORVENIR - GENERAL CEPEDA,Entrada,A,8,SAN JOSE,H1,04:50,,,,
14/05/2026,PORVENIR - GENERAL CEPEDA,Entrada,A,8,SAN JOSE,H2,16:50,,,,
14/05/2026,PORVENIR - GENERAL CEPEDA,Entrada,A,8,SAN JOSE,H3,20:20,,,,
14/05/2026,PORVENIR - GENERAL CEPEDA,Entrada,A,8,SAN JOSE,H4,20:50,,,,
14/05/2026,PORVENIR - GENERAL CEPEDA,Entrada,A,9,RANCHO NUEVO,H1,05:00,,,,
14/05/2026,PORVENIR - GENERAL CEPEDA,Entrada,A,9,RANCHO NUEVO,H2,17:00,,,,
14/05/2026,PORVENIR - GENERAL CEPEDA,Entrada,A,9,RANCHO NUEVO,H3,20:30,,,,
14/05/2026,PORVENIR - GENERAL CEPEDA,Entrada,A,9,RANCHO NUEVO,H4,21:00,,,,
14/05/2026,PORVENIR - GENERAL CEPEDA,Entrada,A,10,SANTA TERESA,H1,05:06,,,,
14/05/2026,PORVENIR - GENERAL CEPEDA,Entrada,A,10,SANTA TERESA,H2,17:06,,,,
14/05/2026,PORVENIR - GENERAL CEPEDA,Entrada,A,10,SANTA TERESA,H3,20:36,,,,
14/05/2026,PORVENIR - GENERAL CEPEDA,Entrada,A,10,SANTA TERESA,H4,21:06,,,,
14/05/2026,PORVENIR - GENERAL CEPEDA,Entrada,A,11,CHAPULA,H1,05:15,,,,
14/05/2026,PORVENIR - GENERAL CEPEDA,Entrada,A,11,CHAPULA,H2,17:15,,,,
14/05/2026,PORVENIR - GENERAL CEPEDA,Entrada,A,11,CHAPULA,H3,20:45,,,,
14/05/2026,PORVENIR - GENERAL CEPEDA,Entrada,A,11,CHAPULA,H4,21:15,,,,
14/05/2026,PORVENIR - GENERAL CEPEDA,Entrada,A,12,DERRAMADERO,H1,05:20,,,,
14/05/2026,PORVENIR - GENERAL CEPEDA,Entrada,A,12,DERRAMADERO,H2,17:20,,,,
14/05/2026,PORVENIR - GENERAL CEPEDA,Entrada,A,12,DERRAMADERO,H3,20:50,,,,
14/05/2026,PORVENIR - GENERAL CEPEDA,Entrada,A,12,DERRAMADERO,H4,21:20,,,,
14/05/2026,PORVENIR - GENERAL CEPEDA,Entrada,A,13,SAN JUAN DE LA VAQUERIA,H1,05:28,,,,
14/05/2026,PORVENIR - GENERAL CEPEDA,Entrada,A,13,SAN JUAN DE LA VAQUERIA,H2,17:28,,,,
14/05/2026,PORVENIR - GENERAL CEPEDA,Entrada,A,13,SAN JUAN DE LA VAQUERIA,H3,20:58,,,,
14/05/2026,PORVENIR - GENERAL CEPEDA,Entrada,A,13,SAN JUAN DE LA VAQUERIA,H4,21:28,,,,
14/05/2026,PORVENIR - GENERAL CEPEDA,Entrada,A,14,METALSA,H1,05:50,05:46,4,1,0
14/05/2026,PORVENIR - GENERAL CEPEDA,Entrada,A,14,METALSA,H2,17:50,,,,
14/05/2026,PORVENIR - GENERAL CEPEDA,Entrada,A,14,METALSA,H3,21:20,,,,
14/05/2026,PORVENIR - GENERAL CEPEDA,Entrada,A,14,METALSA,H4,21:50,,,,
14/05/2026,PORVENIR - GENERAL CEPEDA,Salida,N,1,METALSA,H1,06:15,06:19,-4,1,0
14/05/2026,PORVENIR - GENERAL CEPEDA,Salida,N,1,METALSA,H2,15:30,,,,
14/05/2026,PORVENIR - GENERAL CEPEDA,Salida,N,1,METALSA,H3,18:15,18:18,-3,1,0
14/05/2026,PORVENIR - GENERAL CEPEDA,Salida,N,2,SAN JUAN DE LA VAQUERIA,H1,06:50,06:35,15,1,0
14/05/2026,PORVENIR - GENERAL CEPEDA,Salida,N,2,SAN JUAN DE LA VAQUERIA,H2,16:05,,,,
14/05/2026,PORVENIR - GENERAL CEPEDA,Salida,N,2,SAN JUAN DE LA VAQUERIA,H3,18:50,18:35,15,1,0
14/05/2026,PORVENIR - GENERAL CEPEDA,Salida,N,3,DERRAMADERO,H1,06:55,06:45,10,1,0
14/05/2026,PORVENIR - GENERAL CEPEDA,Salida,N,3,DERRAMADERO,H2,16:10,,,,
14/05/2026,PORVENIR - GENERAL CEPEDA,Salida,N,3,DERRAMADERO,H3,18:55,18:44,11,1,0
14/05/2026,PORVENIR - GENERAL CEPEDA,Salida,N,4,CHAPULA,H1,06:56,06:44,12,1,0
14/05/2026,PORVENIR - GENERAL CEPEDA,Salida,N,4,CHAPULA,H2,16:15,,,,
14/05/2026,PORVENIR - GENERAL CEPEDA,Salida,N,4,CHAPULA,H3,19:00,18:48,12,1,0
14/05/2026,PORVENIR - GENERAL CEPEDA,Salida,N,5,SANTA TERESA,H1,06:57,06:56,1,1,0
14/05/2026,PORVENIR - GENERAL CEPEDA,Salida,N,5,SANTA TERESA,H2,16:18,,,,
14/05/2026,PORVENIR - GENERAL CEPEDA,Salida,N,5,SANTA TERESA,H3,19:03,18:55,8,1,0
14/05/2026,PORVENIR - GENERAL CEPEDA,Salida,N,6,RANCHO NUEVO,H1,07:10,07:01,9,1,0
14/05/2026,PORVENIR - GENERAL CEPEDA,Salida,N,6,RANCHO NUEVO,H2,16:25,,,,
14/05/2026,PORVENIR - GENERAL CEPEDA,Salida,N,6,RANCHO NUEVO,H3,19:10,19:00,10,1,0
14/05/2026,PORVENIR - GENERAL CEPEDA,Salida,N,7,SAN JOSE,H1,07:11,,,,
14/05/2026,PORVENIR - GENERAL CEPEDA,Salida,N,7,SAN JOSE,H2,16:26,,,,
14/05/2026,PORVENIR - GENERAL CEPEDA,Salida,N,7,SAN JOSE,H3,19:11,19:11,0,1,0
14/05/2026,PORVENIR - GENERAL CEPEDA,Salida,N,8,BENITO JUAREZ,H1,07:12,,,,
14/05/2026,PORVENIR - GENERAL CEPEDA,Salida,N,8,BENITO JUAREZ,H2,16:27,,,,
14/05/2026,PORVENIR - GENERAL CEPEDA,Salida,N,8,BENITO JUAREZ,H3,19:12,,,,
14/05/2026,PORVENIR - GENERAL CEPEDA,Salida,N,9,MIGUEL HIDALGO,H1,07:13,07:30,-17,1,0
14/05/2026,PORVENIR - GENERAL CEPEDA,Salida,N,9,MIGUEL HIDALGO,H2,16:28,,,,
14/05/2026,PORVENIR - GENERAL CEPEDA,Salida,N,9,MIGUEL HIDALGO,H3,19:13,19:43,-30,1,0
14/05/2026,PORVENIR - GENERAL CEPEDA,Salida,N,10,LOS PRESIDENTES,H1,07:14,07:28,-14,1,0
14/05/2026,PORVENIR - GENERAL CEPEDA,Salida,N,10,LOS PRESIDENTES,H2,16:29,,,,
14/05/2026,PORVENIR - GENERAL CEPEDA,Salida,N,10,LOS PRESIDENTES,H3,19:14,19:42,-28,1,0
14/05/2026,PORVENIR - GENERAL CEPEDA,Salida,N,11,MARIANO MATAMOROS,H1,07:30,07:28,2,1,0
14/05/2026,PORVENIR - GENERAL CEPEDA,Salida,N,11,MARIANO MATAMOROS,H2,16:45,,,,
14/05/2026,PORVENIR - GENERAL CEPEDA,Salida,N,11,MARIANO MATAMOROS,H3,19:30,19:42,-12,1,0
14/05/2026,PORVENIR - GENERAL CEPEDA,Salida,N,12,BLVD; DIANA LAURA,H1,07:31,07:26,5,1,0
14/05/2026,PORVENIR - GENERAL CEPEDA,Salida,N,12,BLVD; DIANA LAURA,H2,16:46,,,,
14/05/2026,PORVENIR - GENERAL CEPEDA,Salida,N,12,BLVD; DIANA LAURA,H3,19:31,19:40,-9,1,0
14/05/2026,PORVENIR - GENERAL CEPEDA,Salida,N,13,GUELATAO,H1,07:40,07:44,-4,1,0
14/05/2026,PORVENIR - GENERAL CEPEDA,Salida,N,13,GUELATAO,H2,16:55,,,,
14/05/2026,PORVENIR - GENERAL CEPEDA,Salida,N,13,GUELATAO,H3,19:40,,,,
14/05/2026,PORVENIR - GENERAL CEPEDA,Salida,N,14,PORVENIR,H1,07:45,07:49,-4,1,0
14/05/2026,PORVENIR - GENERAL CEPEDA,Salida,N,14,PORVENIR,H2,17:00,,,,
14/05/2026,PORVENIR - GENERAL CEPEDA,Salida,N,14,PORVENIR,H3,19:45,,,,
14/05/2026,PUERTO MEXICO,Entrada,A,1,PUERTO MEXICO,H1,20:10,,,,
14/05/2026,PUERTO MEXICO,Entrada,A,1,PUERTO MEXICO,H2,04:40,,,,
14/05/2026,PUERTO MEXICO,Entrada,A,1,PUERTO MEXICO,H3,04:40,,,,
14/05/2026,PUERTO MEXICO,Entrada,A,1,PUERTO MEXICO,H4,16:40,,,,
14/05/2026,PUERTO MEXICO,Entrada,A,1,PUERTO MEXICO,H5,16:40,,,,
14/05/2026,PUERTO MEXICO,Entrada,A,1,PUERTO MEXICO,H6,20:40,,,,
14/05/2026,PUERTO MEXICO,Entrada,A,2,CUIJE,H1,20:22,,,,
14/05/2026,PUERTO MEXICO,Entrada,A,2,CUIJE,H2,04:52,,,,
14/05/2026,PUERTO MEXICO,Entrada,A,2,CUIJE,H3,04:52,,,,
14/05/2026,PUERTO MEXICO,Entrada,A,2,CUIJE,H4,16:52,,,,
14/05/2026,PUERTO MEXICO,Entrada,A,2,CUIJE,H5,16:52,,,,
14/05/2026,PUERTO MEXICO,Entrada,A,2,CUIJE,H6,20:52,,,,
14/05/2026,PUERTO MEXICO,Entrada,A,3,NAVIDAD,H1,20:32,,,,
14/05/2026,PUERTO MEXICO,Entrada,A,3,NAVIDAD,H2,05:02,,,,
14/05/2026,PUERTO MEXICO,Entrada,A,3,NAVIDAD,H3,05:02,,,,
14/05/2026,PUERTO MEXICO,Entrada,A,3,NAVIDAD,H4,17:02,,,,
14/05/2026,PUERTO MEXICO,Entrada,A,3,NAVIDAD,H5,17:02,,,,
14/05/2026,PUERTO MEXICO,Entrada,A,3,NAVIDAD,H6,21:02,,,,
14/05/2026,PUERTO MEXICO,Entrada,A,4,CHAPULTEPEC,H1,20:45,,,,
14/05/2026,PUERTO MEXICO,Entrada,A,4,CHAPULTEPEC,H2,05:15,,,,
14/05/2026,PUERTO MEXICO,Entrada,A,4,CHAPULTEPEC,H3,05:15,,,,
14/05/2026,PUERTO MEXICO,Entrada,A,4,CHAPULTEPEC,H4,17:15,,,,
14/05/2026,PUERTO MEXICO,Entrada,A,4,CHAPULTEPEC,H5,17:15,,,,
14/05/2026,PUERTO MEXICO,Entrada,A,4,CHAPULTEPEC,H6,21:15,,,,
14/05/2026,PUERTO MEXICO,Entrada,A,5,JAHUEY,H1,21:00,,,,
14/05/2026,PUERTO MEXICO,Entrada,A,5,JAHUEY,H2,05:30,,,,
14/05/2026,PUERTO MEXICO,Entrada,A,5,JAHUEY,H3,05:30,,,,
14/05/2026,PUERTO MEXICO,Entrada,A,5,JAHUEY,H4,17:30,,,,
14/05/2026,PUERTO MEXICO,Entrada,A,5,JAHUEY,H5,17:30,,,,
14/05/2026,PUERTO MEXICO,Entrada,A,5,JAHUEY,H6,21:30,,,,
14/05/2026,PUERTO MEXICO,Entrada,A,6,METALSA,H1,21:20,,,,
14/05/2026,PUERTO MEXICO,Entrada,A,6,METALSA,H2,05:50,,,,
14/05/2026,PUERTO MEXICO,Entrada,A,6,METALSA,H3,05:50,,,,
14/05/2026,PUERTO MEXICO,Entrada,A,6,METALSA,H4,17:50,,,,
14/05/2026,PUERTO MEXICO,Entrada,A,6,METALSA,H5,17:50,,,,
14/05/2026,PUERTO MEXICO,Entrada,A,6,METALSA,H6,21:50,,,,
14/05/2026,PUERTO MEXICO,Salida,A,1,METALSA,H1,15:30,,,,
14/05/2026,PUERTO MEXICO,Salida,A,1,METALSA,H2,06:15,,,,
14/05/2026,PUERTO MEXICO,Salida,A,1,METALSA,H3,06:15,,,,
14/05/2026,PUERTO MEXICO,Salida,A,1,METALSA,H4,18:15,,,,
14/05/2026,PUERTO MEXICO,Salida,A,1,METALSA,H5,18:15,,,,
14/05/2026,PUERTO MEXICO,Salida,A,2,JAHUEY,H1,15:50,,,,
14/05/2026,PUERTO MEXICO,Salida,A,2,JAHUEY,H2,06:35,,,,
14/05/2026,PUERTO MEXICO,Salida,A,2,JAHUEY,H3,06:35,,,,
14/05/2026,PUERTO MEXICO,Salida,A,2,JAHUEY,H4,18:35,,,,
14/05/2026,PUERTO MEXICO,Salida,A,2,JAHUEY,H5,18:35,,,,
14/05/2026,PUERTO MEXICO,Salida,A,3,CHAPULTEPEC,H1,16:05,,,,
14/05/2026,PUERTO MEXICO,Salida,A,3,CHAPULTEPEC,H2,06:50,,,,
14/05/2026,PUERTO MEXICO,Salida,A,3,CHAPULTEPEC,H3,06:50,,,,
14/05/2026,PUERTO MEXICO,Salida,A,3,CHAPULTEPEC,H4,18:50,,,,
14/05/2026,PUERTO MEXICO,Salida,A,3,CHAPULTEPEC,H5,18:50,,,,
14/05/2026,PUERTO MEXICO,Salida,A,4,NAVIDAD,H1,16:18,,,,
14/05/2026,PUERTO MEXICO,Salida,A,4,NAVIDAD,H2,07:03,,,,
14/05/2026,PUERTO MEXICO,Salida,A,4,NAVIDAD,H3,07:03,,,,
14/05/2026,PUERTO MEXICO,Salida,A,4,NAVIDAD,H4,19:03,,,,
14/05/2026,PUERTO MEXICO,Salida,A,4,NAVIDAD,H5,19:03,,,,
14/05/2026,PUERTO MEXICO,Salida,A,5,CUIJE,H1,16:28,,,,
14/05/2026,PUERTO MEXICO,Salida,A,5,CUIJE,H2,07:13,,,,
14/05/2026,PUERTO MEXICO,Salida,A,5,CUIJE,H3,07:13,,,,
14/05/2026,PUERTO MEXICO,Salida,A,5,CUIJE,H4,19:13,,,,
14/05/2026,PUERTO MEXICO,Salida,A,5,CUIJE,H5,19:13,,,,
14/05/2026,PUERTO MEXICO,Salida,A,6,PUERTO MEXICO,H1,16:40,,,,
14/05/2026,PUERTO MEXICO,Salida,A,6,PUERTO MEXICO,H2,07:25,,,,
14/05/2026,PUERTO MEXICO,Salida,A,6,PUERTO MEXICO,H3,07:25,,,,
14/05/2026,PUERTO MEXICO,Salida,A,6,PUERTO MEXICO,H4,19:25,,,,
14/05/2026,PUERTO MEXICO,Salida,A,6,PUERTO MEXICO,H5,19:25,,,,
14/05/2026,ROMA,Entrada,N,1,FCO. LAZACORTA Y JOSE MARIANO MICHELENA,H1,04:45,04:46,-1,1,0
14/05/2026,ROMA,Entrada,N,1,FCO. LAZACORTA Y JOSE MARIANO MICHELENA,H2,16:45,16:47,-2,1,0
14/05/2026,ROMA,Entrada,N,1,FCO. LAZACORTA Y JOSE MARIANO MICHELENA,H3,20:15,,,,
14/05/2026,ROMA,Entrada,N,1,FCO. LAZACORTA Y JOSE MARIANO MICHELENA,H4,20:45,,,,
14/05/2026,ROMA,Entrada,N,2,SIERRA DE LOS PINOS Y PRINCIPAL,H1,04:48,04:48,0,1,0
14/05/2026,ROMA,Entrada,N,2,SIERRA DE LOS PINOS Y PRINCIPAL,H2,16:48,16:48,0,1,0
14/05/2026,ROMA,Entrada,N,2,SIERRA DE LOS PINOS Y PRINCIPAL,H3,20:18,,,,
14/05/2026,ROMA,Entrada,N,2,SIERRA DE LOS PINOS Y PRINCIPAL,H4,20:48,,,,
14/05/2026,ROMA,Entrada,N,3,OSA MAYOR Y BUSTAMANTE,H1,04:53,04:54,-1,1,0
14/05/2026,ROMA,Entrada,N,3,OSA MAYOR Y BUSTAMANTE,H2,16:53,16:55,-2,1,0
14/05/2026,ROMA,Entrada,N,3,OSA MAYOR Y BUSTAMANTE,H3,20:23,,,,
14/05/2026,ROMA,Entrada,N,3,OSA MAYOR Y BUSTAMANTE,H4,20:53,,,,
14/05/2026,ROMA,Entrada,N,4,EUGENIO REYES Y PEDRO AMPUDIA,H1,05:01,05:06,-5,1,0
14/05/2026,ROMA,Entrada,N,4,EUGENIO REYES Y PEDRO AMPUDIA,H2,17:01,17:06,-5,1,0
14/05/2026,ROMA,Entrada,N,4,EUGENIO REYES Y PEDRO AMPUDIA,H3,20:31,,,,
14/05/2026,ROMA,Entrada,N,4,EUGENIO REYES Y PEDRO AMPUDIA,H4,21:01,,,,
14/05/2026,ROMA,Entrada,N,5,FELIPE BERRIOZABAL Y MARAVILLAS,H1,05:06,05:08,-2,1,0
14/05/2026,ROMA,Entrada,N,5,FELIPE BERRIOZABAL Y MARAVILLAS,H2,17:06,17:09,-3,1,0
14/05/2026,ROMA,Entrada,N,5,FELIPE BERRIOZABAL Y MARAVILLAS,H3,20:36,,,,
14/05/2026,ROMA,Entrada,N,5,FELIPE BERRIOZABAL Y MARAVILLAS,H4,21:06,,,,
14/05/2026,ROMA,Entrada,N,6,FCO I MADERO Y CALZ ANTONIO NARRO,H1,05:15,05:20,-5,1,0
14/05/2026,ROMA,Entrada,N,6,FCO I MADERO Y CALZ ANTONIO NARRO,H2,17:15,17:19,-4,1,0
14/05/2026,ROMA,Entrada,N,6,FCO I MADERO Y CALZ ANTONIO NARRO,H3,20:45,,,,
14/05/2026,ROMA,Entrada,N,6,FCO I MADERO Y CALZ ANTONIO NARRO,H4,21:15,,,,
14/05/2026,ROMA,Entrada,N,7,CARR. SALTILLO-ZACATECAS,H1,05:20,05:31,-11,1,0
14/05/2026,ROMA,Entrada,N,7,CARR. SALTILLO-ZACATECAS,H2,17:20,17:25,-5,1,0
14/05/2026,ROMA,Entrada,N,7,CARR. SALTILLO-ZACATECAS,H3,20:50,,,,
14/05/2026,ROMA,Entrada,N,7,CARR. SALTILLO-ZACATECAS,H4,21:20,,,,
14/05/2026,ROMA,Entrada,N,8,METALSA,H1,05:50,05:50,0,1,0
14/05/2026,ROMA,Entrada,N,8,METALSA,H2,17:50,17:39,11,1,0
14/05/2026,ROMA,Entrada,N,8,METALSA,H3,21:20,,,,
14/05/2026,ROMA,Entrada,N,8,METALSA,H4,21:50,,,,
14/05/2026,ROMA,Salida,N,1,METALSA,H1,06:15,06:17,-2,1,0
14/05/2026,ROMA,Salida,N,1,METALSA,H2,15:30,,,,
14/05/2026,ROMA,Salida,N,1,METALSA,H3,18:15,18:17,-2,1,0
14/05/2026,ROMA,Salida,N,2,CARR. SALTILLO-ZACATECAS,H1,06:45,06:33,12,1,0
14/05/2026,ROMA,Salida,N,2,CARR. SALTILLO-ZACATECAS,H2,16:00,,,,
14/05/2026,ROMA,Salida,N,2,CARR. SALTILLO-ZACATECAS,H3,18:45,18:41,4,1,0
14/05/2026,ROMA,Salida,N,3,FCO I MADERO Y CALZ ANTONIO NARRO,H1,06:50,06:39,11,1,0
14/05/2026,ROMA,Salida,N,3,FCO I MADERO Y CALZ ANTONIO NARRO,H2,16:05,,,,
14/05/2026,ROMA,Salida,N,3,FCO I MADERO Y CALZ ANTONIO NARRO,H3,18:50,18:49,1,1,0
14/05/2026,ROMA,Salida,N,4,FELIPE BERRIOZABAL Y MARAVILLAS,H1,06:59,06:51,8,1,0
14/05/2026,ROMA,Salida,N,4,FELIPE BERRIOZABAL Y MARAVILLAS,H2,16:14,,,,
14/05/2026,ROMA,Salida,N,4,FELIPE BERRIOZABAL Y MARAVILLAS,H3,18:59,18:59,0,1,0
14/05/2026,ROMA,Salida,N,5,EUGENIO REYES Y PEDRO AMPUDIA,H1,07:04,06:54,10,1,0
14/05/2026,ROMA,Salida,N,5,EUGENIO REYES Y PEDRO AMPUDIA,H2,16:19,,,,
14/05/2026,ROMA,Salida,N,5,EUGENIO REYES Y PEDRO AMPUDIA,H3,19:04,19:01,3,1,0
14/05/2026,ROMA,Salida,N,6,OSA MAYOR Y BUSTAMANTE,H1,07:12,07:03,9,1,0
14/05/2026,ROMA,Salida,N,6,OSA MAYOR Y BUSTAMANTE,H2,16:27,,,,
14/05/2026,ROMA,Salida,N,6,OSA MAYOR Y BUSTAMANTE,H3,19:12,19:10,2,1,0
14/05/2026,ROMA,Salida,N,7,SIERRA DE LOS PINOS Y PRINCIPAL,H1,07:17,,,,
14/05/2026,ROMA,Salida,N,7,SIERRA DE LOS PINOS Y PRINCIPAL,H2,16:32,,,,
14/05/2026,ROMA,Salida,N,7,SIERRA DE LOS PINOS Y PRINCIPAL,H3,19:17,,,,
14/05/2026,ROMA,Salida,N,8,FCO. LAZACORTA Y JOSE MARIANO MICHELENA,H1,07:20,07:07,13,1,0
14/05/2026,ROMA,Salida,N,8,FCO. LAZACORTA Y JOSE MARIANO MICHELENA,H2,16:35,,,,
14/05/2026,ROMA,Salida,N,8,FCO. LAZACORTA Y JOSE MARIANO MICHELENA,H3,19:20,19:18,2,1,0
14/05/2026,SALTILLO 2000,Entrada,N,1,PALACIO DE JUSTICIA,H1,04:30,04:32,-2,1,0
14/05/2026,SALTILLO 2000,Entrada,N,1,PALACIO DE JUSTICIA,H2,16:30,16:32,-2,1,0
14/05/2026,SALTILLO 2000,Entrada,N,1,PALACIO DE JUSTICIA,H3,20:00,,,,
14/05/2026,SALTILLO 2000,Entrada,N,1,PALACIO DE JUSTICIA,H4,20:30,,,,
14/05/2026,SALTILLO 2000,Entrada,N,2,ROTONDA SALTILLO 2000,H1,04:35,04:35,0,1,0
14/05/2026,SALTILLO 2000,Entrada,N,2,ROTONDA SALTILLO 2000,H2,16:35,16:35,0,1,0
14/05/2026,SALTILLO 2000,Entrada,N,2,ROTONDA SALTILLO 2000,H3,20:05,,,,
14/05/2026,SALTILLO 2000,Entrada,N,2,ROTONDA SALTILLO 2000,H4,20:35,,,,
14/05/2026,SALTILLO 2000,Entrada,N,3,CUQUITA DE CEPEDA DAVILA  (OXXO),H1,04:45,04:42,3,1,0
14/05/2026,SALTILLO 2000,Entrada,N,3,CUQUITA DE CEPEDA DAVILA  (OXXO),H2,16:45,16:46,-1,1,0
14/05/2026,SALTILLO 2000,Entrada,N,3,CUQUITA DE CEPEDA DAVILA  (OXXO),H3,20:15,,,,
14/05/2026,SALTILLO 2000,Entrada,N,3,CUQUITA DE CEPEDA DAVILA  (OXXO),H4,20:45,,,,
14/05/2026,SALTILLO 2000,Entrada,N,4,FCO I MADERO Y  PEDRO AMPUDIA,H1,04:50,04:51,-1,1,0
14/05/2026,SALTILLO 2000,Entrada,N,4,FCO I MADERO Y  PEDRO AMPUDIA,H2,16:50,16:57,-7,1,0
14/05/2026,SALTILLO 2000,Entrada,N,4,FCO I MADERO Y  PEDRO AMPUDIA,H3,20:20,,,,
14/05/2026,SALTILLO 2000,Entrada,N,4,FCO I MADERO Y  PEDRO AMPUDIA,H4,20:50,,,,
14/05/2026,SALTILLO 2000,Entrada,N,5,PERIF. L.E.A. Y CALZ. ANTONIO NARRO,H1,05:08,05:03,5,1,0
14/05/2026,SALTILLO 2000,Entrada,N,5,PERIF. L.E.A. Y CALZ. ANTONIO NARRO,H2,17:08,17:13,-5,1,0
14/05/2026,SALTILLO 2000,Entrada,N,5,PERIF. L.E.A. Y CALZ. ANTONIO NARRO,H3,20:38,,,,
14/05/2026,SALTILLO 2000,Entrada,N,5,PERIF. L.E.A. Y CALZ. ANTONIO NARRO,H4,21:08,,,,
14/05/2026,SALTILLO 2000,Entrada,N,6,BLVD. HACIENDA NARRO,H1,05:20,05:17,3,1,0
14/05/2026,SALTILLO 2000,Entrada,N,6,BLVD. HACIENDA NARRO,H2,17:20,17:26,-6,1,0
14/05/2026,SALTILLO 2000,Entrada,N,6,BLVD. HACIENDA NARRO,H3,20:50,,,,
14/05/2026,SALTILLO 2000,Entrada,N,6,BLVD. HACIENDA NARRO,H4,21:20,,,,
14/05/2026,SALTILLO 2000,Entrada,N,7,METALSA,H1,05:50,05:47,3,1,0
14/05/2026,SALTILLO 2000,Entrada,N,7,METALSA,H2,17:50,17:45,5,1,0
14/05/2026,SALTILLO 2000,Entrada,N,7,METALSA,H3,21:20,,,,
14/05/2026,SALTILLO 2000,Entrada,N,7,METALSA,H4,21:50,,,,
14/05/2026,SALTILLO 2000,Salida,N,1,METALSA,H1,06:15,06:15,0,1,0
14/05/2026,SALTILLO 2000,Salida,N,1,METALSA,H2,15:30,,,,
14/05/2026,SALTILLO 2000,Salida,N,1,METALSA,H3,18:15,18:16,-1,1,0
14/05/2026,SALTILLO 2000,Salida,N,2,BLVD. HACIENDA NARRO,H1,06:45,06:36,9,1,0
14/05/2026,SALTILLO 2000,Salida,N,2,BLVD. HACIENDA NARRO,H2,16:00,,,,
14/05/2026,SALTILLO 2000,Salida,N,2,BLVD. HACIENDA NARRO,H3,18:45,18:48,-3,1,0
14/05/2026,SALTILLO 2000,Salida,N,3,PERIF. L.E.A. Y CALZ. ANTONIO NARRO,H1,06:57,06:51,6,1,0
14/05/2026,SALTILLO 2000,Salida,N,3,PERIF. L.E.A. Y CALZ. ANTONIO NARRO,H2,16:12,,,,
14/05/2026,SALTILLO 2000,Salida,N,3,PERIF. L.E.A. Y CALZ. ANTONIO NARRO,H3,18:57,19:00,-3,1,0
14/05/2026,SALTILLO 2000,Salida,N,4,FCO I MADERO Y  PEDRO AMPUDIA,H1,07:15,07:03,12,1,0
14/05/2026,SALTILLO 2000,Salida,N,4,FCO I MADERO Y  PEDRO AMPUDIA,H2,16:30,,,,
14/05/2026,SALTILLO 2000,Salida,N,4,FCO I MADERO Y  PEDRO AMPUDIA,H3,19:15,19:18,-3,1,0
14/05/2026,SALTILLO 2000,Salida,N,5,CUQUITA DE CEPEDA DAVILA  (OXXO),H1,07:20,07:12,8,1,0
14/05/2026,SALTILLO 2000,Salida,N,5,CUQUITA DE CEPEDA DAVILA  (OXXO),H2,16:35,,,,
14/05/2026,SALTILLO 2000,Salida,N,5,CUQUITA DE CEPEDA DAVILA  (OXXO),H3,19:20,19:28,-8,1,0
14/05/2026,SALTILLO 2000,Salida,N,6,ROTONDA SALTILLO 2000,H1,07:30,,,,
14/05/2026,SALTILLO 2000,Salida,N,6,ROTONDA SALTILLO 2000,H2,16:45,,,,
14/05/2026,SALTILLO 2000,Salida,N,6,ROTONDA SALTILLO 2000,H3,19:30,,,,
14/05/2026,SALTILLO 2000,Salida,N,7,PALACIO DE JUSTICIA,H1,07:35,,,,
14/05/2026,SALTILLO 2000,Salida,N,7,PALACIO DE JUSTICIA,H2,16:50,,,,
14/05/2026,SALTILLO 2000,Salida,N,7,PALACIO DE JUSTICIA,H3,19:35,,,,
14/05/2026,SAN FRANCISCO,Entrada,A,1,LA CUCHILLA,H1,19:35,,,,
14/05/2026,SAN FRANCISCO,Entrada,A,1,LA CUCHILLA,H2,04:05,,,,
14/05/2026,SAN FRANCISCO,Entrada,A,1,LA CUCHILLA,H3,16:05,,,,
14/05/2026,SAN FRANCISCO,Entrada,A,1,LA CUCHILLA,H4,20:05,,,,
14/05/2026,SAN FRANCISCO,Entrada,A,2,SAN JUAN RETIRO,H1,19:44,,,,
14/05/2026,SAN FRANCISCO,Entrada,A,2,SAN JUAN RETIRO,H2,04:14,,,,
14/05/2026,SAN FRANCISCO,Entrada,A,2,SAN JUAN RETIRO,H3,16:14,,,,
14/05/2026,SAN FRANCISCO,Entrada,A,2,SAN JUAN RETIRO,H4,20:14,,,,
14/05/2026,SAN FRANCISCO,Entrada,A,3,NUEVO GOMEZ,H1,19:54,,,,
14/05/2026,SAN FRANCISCO,Entrada,A,3,NUEVO GOMEZ,H2,04:24,,,,
14/05/2026,SAN FRANCISCO,Entrada,A,3,NUEVO GOMEZ,H3,16:24,,,,
14/05/2026,SAN FRANCISCO,Entrada,A,3,NUEVO GOMEZ,H4,20:24,,,,
14/05/2026,SAN FRANCISCO,Entrada,A,4,SAN FRANCISCO,H1,20:06,,,,
14/05/2026,SAN FRANCISCO,Entrada,A,4,SAN FRANCISCO,H2,04:36,,,,
14/05/2026,SAN FRANCISCO,Entrada,A,4,SAN FRANCISCO,H3,16:36,,,,
14/05/2026,SAN FRANCISCO,Entrada,A,4,SAN FRANCISCO,H4,20:36,,,,
14/05/2026,SAN FRANCISCO,Entrada,A,5,MANGAS,H1,20:16,,,,
14/05/2026,SAN FRANCISCO,Entrada,A,5,MANGAS,H2,04:46,,,,
14/05/2026,SAN FRANCISCO,Entrada,A,5,MANGAS,H3,16:46,,,,
14/05/2026,SAN FRANCISCO,Entrada,A,5,MANGAS,H4,20:46,,,,
14/05/2026,SAN FRANCISCO,Entrada,A,6,COLONIAS,H1,20:52,,,,
14/05/2026,SAN FRANCISCO,Entrada,A,6,COLONIAS,H2,05:22,,,,
14/05/2026,SAN FRANCISCO,Entrada,A,6,COLONIAS,H3,17:22,,,,
14/05/2026,SAN FRANCISCO,Entrada,A,6,COLONIAS,H4,21:22,,,,
14/05/2026,SAN FRANCISCO,Entrada,A,7,AGUA NUEVA,H1,21:00,,,,
14/05/2026,SAN FRANCISCO,Entrada,A,7,AGUA NUEVA,H2,05:30,,,,
14/05/2026,SAN FRANCISCO,Entrada,A,7,AGUA NUEVA,H3,17:30,,,,
14/05/2026,SAN FRANCISCO,Entrada,A,7,AGUA NUEVA,H4,21:25,,,,
14/05/2026,SAN FRANCISCO,Entrada,A,8,METALSA,H1,21:20,,,,
14/05/2026,SAN FRANCISCO,Entrada,A,8,METALSA,H2,05:50,,,,
14/05/2026,SAN FRANCISCO,Entrada,A,8,METALSA,H3,17:50,,,,
14/05/2026,SAN FRANCISCO,Entrada,A,8,METALSA,H4,21:50,,,,
14/05/2026,SAN FRANCISCO,Salida,N,1,METALSA,H1,15:30,,,,
14/05/2026,SAN FRANCISCO,Salida,N,1,METALSA,H2,18:15,18:18,-3,1,0
14/05/2026,SAN FRANCISCO,Salida,N,1,METALSA,H3,06:15,06:28,-13,1,0
14/05/2026,SAN FRANCISCO,Salida,N,2,AGUA NUEVA,H1,15:59,,,,
14/05/2026,SAN FRANCISCO,Salida,N,2,AGUA NUEVA,H2,18:44,18:27,17,1,0
14/05/2026,SAN FRANCISCO,Salida,N,2,AGUA NUEVA,H3,06:44,06:38,6,1,0
14/05/2026,SAN FRANCISCO,Salida,N,3,COLONIAS,H1,16:10,,,,
14/05/2026,SAN FRANCISCO,Salida,N,3,COLONIAS,H2,18:55,18:42,13,1,0
14/05/2026,SAN FRANCISCO,Salida,N,3,COLONIAS,H3,06:55,06:52,3,1,0
14/05/2026,SAN FRANCISCO,Salida,N,4,MANGAS,H1,16:34,,,,
14/05/2026,SAN FRANCISCO,Salida,N,4,MANGAS,H2,19:19,19:07,12,1,0
14/05/2026,SAN FRANCISCO,Salida,N,4,MANGAS,H3,07:19,,,,
14/05/2026,SAN FRANCISCO,Salida,N,5,SAN FRANCISCO,H1,16:46,,,,
14/05/2026,SAN FRANCISCO,Salida,N,5,SAN FRANCISCO,H2,19:31,19:18,13,1,0
14/05/2026,SAN FRANCISCO,Salida,N,5,SAN FRANCISCO,H3,07:31,07:14,17,1,0
14/05/2026,SAN FRANCISCO,Salida,N,6,NUEVO GOMEZ,H1,16:56,,,,
14/05/2026,SAN FRANCISCO,Salida,N,6,NUEVO GOMEZ,H2,19:41,,,,
14/05/2026,SAN FRANCISCO,Salida,N,6,NUEVO GOMEZ,H3,07:41,,,,
14/05/2026,SAN FRANCISCO,Salida,N,7,SAN JUAN RETIRO,H1,17:06,,,,
14/05/2026,SAN FRANCISCO,Salida,N,7,SAN JUAN RETIRO,H2,19:51,,,,
14/05/2026,SAN FRANCISCO,Salida,N,7,SAN JUAN RETIRO,H3,07:51,07:32,19,1,0
14/05/2026,SAN FRANCISCO,Salida,N,8,LA CUCHILLA,H1,17:15,,,,
14/05/2026,SAN FRANCISCO,Salida,N,8,LA CUCHILLA,H2,20:00,19:34,26,1,0
14/05/2026,SAN FRANCISCO,Salida,N,8,LA CUCHILLA,H3,08:00,,,,
14/05/2026,SAN MIGUEL,Entrada,A,1,SAN MIGUEL,H1,19:50,,,,
14/05/2026,SAN MIGUEL,Entrada,A,1,SAN MIGUEL,H2,04:20,,,,
14/05/2026,SAN MIGUEL,Entrada,A,1,SAN MIGUEL,H3,16:20,,,,
14/05/2026,SAN MIGUEL,Entrada,A,1,SAN MIGUEL,H4,20:20,,,,
14/05/2026,SAN MIGUEL,Entrada,A,2,ZACATERA,H1,19:53,,,,
14/05/2026,SAN MIGUEL,Entrada,A,2,ZACATERA,H2,04:23,,,,
14/05/2026,SAN MIGUEL,Entrada,A,2,ZACATERA,H3,16:23,,,,
14/05/2026,SAN MIGUEL,Entrada,A,2,ZACATERA,H4,20:23,,,,
14/05/2026,SAN MIGUEL,Entrada,A,3,GOMEZ FARIAS,H1,20:00,,,,
14/05/2026,SAN MIGUEL,Entrada,A,3,GOMEZ FARIAS,H2,04:30,,,,
14/05/2026,SAN MIGUEL,Entrada,A,3,GOMEZ FARIAS,H3,16:30,,,,
14/05/2026,SAN MIGUEL,Entrada,A,3,GOMEZ FARIAS,H4,20:30,,,,
14/05/2026,SAN MIGUEL,Entrada,A,4,GUADALUPE VICTORIA,H1,20:25,,,,
14/05/2026,SAN MIGUEL,Entrada,A,4,GUADALUPE VICTORIA,H2,04:55,,,,
14/05/2026,SAN MIGUEL,Entrada,A,4,GUADALUPE VICTORIA,H3,16:55,,,,
14/05/2026,SAN MIGUEL,Entrada,A,4,GUADALUPE VICTORIA,H4,20:55,,,,
14/05/2026,SAN MIGUEL,Entrada,A,5,COLONIAS,H1,20:35,,,,
14/05/2026,SAN MIGUEL,Entrada,A,5,COLONIAS,H2,05:05,,,,
14/05/2026,SAN MIGUEL,Entrada,A,5,COLONIAS,H3,17:05,,,,
14/05/2026,SAN MIGUEL,Entrada,A,5,COLONIAS,H4,21:05,,,,
14/05/2026,SAN MIGUEL,Entrada,A,6,AGUA NUEVA,H1,20:50,,,,
14/05/2026,SAN MIGUEL,Entrada,A,6,AGUA NUEVA,H2,05:20,,,,
14/05/2026,SAN MIGUEL,Entrada,A,6,AGUA NUEVA,H3,17:20,,,,
14/05/2026,SAN MIGUEL,Entrada,A,6,AGUA NUEVA,H4,21:20,,,,
14/05/2026,SAN MIGUEL,Entrada,A,7,METALSA,H1,21:20,,,,
14/05/2026,SAN MIGUEL,Entrada,A,7,METALSA,H2,05:50,,,,
14/05/2026,SAN MIGUEL,Entrada,A,7,METALSA,H3,17:50,,,,
14/05/2026,SAN MIGUEL,Entrada,A,7,METALSA,H4,21:50,,,,
14/05/2026,SAN MIGUEL,Salida,N,1,METALSA,H1,15:30,,,,
14/05/2026,SAN MIGUEL,Salida,N,1,METALSA,H2,06:15,,,,
14/05/2026,SAN MIGUEL,Salida,N,1,METALSA,H3,18:15,,,,
14/05/2026,SAN MIGUEL,Salida,N,2,AGUA NUEVA,H1,16:10,,,,
14/05/2026,SAN MIGUEL,Salida,N,2,AGUA NUEVA,H2,06:55,,,,
14/05/2026,SAN MIGUEL,Salida,N,2,AGUA NUEVA,H3,18:55,,,,
14/05/2026,SAN MIGUEL,Salida,N,3,COLONIAS,H1,16:20,,,,
14/05/2026,SAN MIGUEL,Salida,N,3,COLONIAS,H2,07:05,,,,
14/05/2026,SAN MIGUEL,Salida,N,3,COLONIAS,H3,19:05,,,,
14/05/2026,SAN MIGUEL,Salida,N,4,GUADALUPE VICTORIA,H1,16:30,,,,
14/05/2026,SAN MIGUEL,Salida,N,4,GUADALUPE VICTORIA,H2,07:15,,,,
14/05/2026,SAN MIGUEL,Salida,N,4,GUADALUPE VICTORIA,H3,19:15,,,,
14/05/2026,SAN MIGUEL,Salida,N,5,GOMEZ FARIAS,H1,17:05,,,,
14/05/2026,SAN MIGUEL,Salida,N,5,GOMEZ FARIAS,H2,07:50,,,,
14/05/2026,SAN MIGUEL,Salida,N,5,GOMEZ FARIAS,H3,19:50,,,,
14/05/2026,SAN MIGUEL,Salida,N,6,SAN MIGUEL,H1,17:30,,,,
14/05/2026,SAN MIGUEL,Salida,N,6,SAN MIGUEL,H2,08:15,,,,
14/05/2026,SAN MIGUEL,Salida,N,6,SAN MIGUEL,H3,20:15,,,,
14/05/2026,SAN MIGUEL,Salida,N,7,ZACATERA,H1,18:05,,,,
14/05/2026,SAN MIGUEL,Salida,N,7,ZACATERA,H2,08:45,,,,
14/05/2026,SAN MIGUEL,Salida,N,7,ZACATERA,H3,20:45,,,,
14/05/2026,SANTA MARIA - SAN RAFAEL,Entrada,N,1,SAN JOSE ALAMITO,H1,19:00,,,,
14/05/2026,SANTA MARIA - SAN RAFAEL,Entrada,N,1,SAN JOSE ALAMITO,H2,03:30,03:59,-29,1,0
14/05/2026,SANTA MARIA - SAN RAFAEL,Entrada,N,1,SAN JOSE ALAMITO,H3,15:30,16:00,-30,1,0
14/05/2026,SANTA MARIA - SAN RAFAEL,Entrada,N,1,SAN JOSE ALAMITO,H4,19:30,,,,
14/05/2026,SANTA MARIA - SAN RAFAEL,Entrada,N,2,LA HEDIONDA,H1,19:25,,,,
14/05/2026,SANTA MARIA - SAN RAFAEL,Entrada,N,2,LA HEDIONDA,H2,03:55,04:01,-6,1,0
14/05/2026,SANTA MARIA - SAN RAFAEL,Entrada,N,2,LA HEDIONDA,H3,15:55,16:03,-8,1,0
14/05/2026,SANTA MARIA - SAN RAFAEL,Entrada,N,2,LA HEDIONDA,H4,19:55,,,,
14/05/2026,SANTA MARIA - SAN RAFAEL,Entrada,N,3,LA CONCHA,H1,19:40,,,,
14/05/2026,SANTA MARIA - SAN RAFAEL,Entrada,N,3,LA CONCHA,H2,04:10,04:14,-4,1,0
14/05/2026,SANTA MARIA - SAN RAFAEL,Entrada,N,3,LA CONCHA,H3,16:10,,,,
14/05/2026,SANTA MARIA - SAN RAFAEL,Entrada,N,3,LA CONCHA,H4,20:10,,,,
14/05/2026,SANTA MARIA - SAN RAFAEL,Entrada,N,4,STA MARIA DE RAMOS,H1,19:50,,,,
14/05/2026,SANTA MARIA - SAN RAFAEL,Entrada,N,4,STA MARIA DE RAMOS,H2,04:20,04:20,0,1,0
14/05/2026,SANTA MARIA - SAN RAFAEL,Entrada,N,4,STA MARIA DE RAMOS,H3,16:20,16:18,2,1,0
14/05/2026,SANTA MARIA - SAN RAFAEL,Entrada,N,4,STA MARIA DE RAMOS,H4,20:20,,,,
14/05/2026,SANTA MARIA - SAN RAFAEL,Entrada,N,5,SAN RAFAEL,H1,20:05,,,,
14/05/2026,SANTA MARIA - SAN RAFAEL,Entrada,N,5,SAN RAFAEL,H2,04:35,04:31,4,1,0
14/05/2026,SANTA MARIA - SAN RAFAEL,Entrada,N,5,SAN RAFAEL,H3,16:35,16:27,8,1,0
14/05/2026,SANTA MARIA - SAN RAFAEL,Entrada,N,5,SAN RAFAEL,H4,20:35,,,,
14/05/2026,SANTA MARIA - SAN RAFAEL,Entrada,N,6,NAVIDAD,H1,20:10,,,,
14/05/2026,SANTA MARIA - SAN RAFAEL,Entrada,N,6,NAVIDAD,H2,04:40,,,,
14/05/2026,SANTA MARIA - SAN RAFAEL,Entrada,N,6,NAVIDAD,H3,16:40,16:42,-2,1,0
14/05/2026,SANTA MARIA - SAN RAFAEL,Entrada,N,6,NAVIDAD,H4,20:40,,,,
14/05/2026,SANTA MARIA - SAN RAFAEL,Entrada,N,7,ENTRONQUE HUACHICHIL,H1,20:40,,,,
14/05/2026,SANTA MARIA - SAN RAFAEL,Entrada,N,7,ENTRONQUE HUACHICHIL,H2,05:10,05:08,2,1,0
14/05/2026,SANTA MARIA - SAN RAFAEL,Entrada,N,7,ENTRONQUE HUACHICHIL,H3,17:10,17:05,5,1,0
14/05/2026,SANTA MARIA - SAN RAFAEL,Entrada,N,7,ENTRONQUE HUACHICHIL,H4,21:10,,,,
14/05/2026,SANTA MARIA - SAN RAFAEL,Entrada,N,8,METALSA,H1,21:20,,,,
14/05/2026,SANTA MARIA - SAN RAFAEL,Entrada,N,8,METALSA,H2,05:50,05:39,11,1,0
14/05/2026,SANTA MARIA - SAN RAFAEL,Entrada,N,8,METALSA,H3,17:50,17:36,14,1,0
14/05/2026,SANTA MARIA - SAN RAFAEL,Entrada,N,8,METALSA,H4,21:50,,,,
14/05/2026,SANTA MARIA - SAN RAFAEL,Salida,N,1,METALSA,H1,15:30,,,,
14/05/2026,SANTA MARIA - SAN RAFAEL,Salida,N,1,METALSA,H2,06:15,06:15,0,1,0
14/05/2026,SANTA MARIA - SAN RAFAEL,Salida,N,1,METALSA,H3,18:15,18:13,2,1,0
14/05/2026,SANTA MARIA - SAN RAFAEL,Salida,N,2,ENTRONQUE HUACHICHIL,H1,15:31,,,,
14/05/2026,SANTA MARIA - SAN RAFAEL,Salida,N,2,ENTRONQUE HUACHICHIL,H2,06:16,,,,
14/05/2026,SANTA MARIA - SAN RAFAEL,Salida,N,2,ENTRONQUE HUACHICHIL,H3,18:16,,,,
14/05/2026,SANTA MARIA - SAN RAFAEL,Salida,N,3,NAVIDAD,H1,15:32,,,,
14/05/2026,SANTA MARIA - SAN RAFAEL,Salida,N,3,NAVIDAD,H2,06:17,07:19,-62,1,0
14/05/2026,SANTA MARIA - SAN RAFAEL,Salida,N,3,NAVIDAD,H3,18:17,19:07,-50,1,0
14/05/2026,SANTA MARIA - SAN RAFAEL,Salida,N,4,SAN RAFAEL,H1,15:33,,,,
14/05/2026,SANTA MARIA - SAN RAFAEL,Salida,N,4,SAN RAFAEL,H2,06:18,,,,
14/05/2026,SANTA MARIA - SAN RAFAEL,Salida,N,4,SAN RAFAEL,H3,18:18,,,,
14/05/2026,SANTA MARIA - SAN RAFAEL,Salida,N,5,STA MARIA DE RAMOS,H1,16:50,,,,
14/05/2026,SANTA MARIA - SAN RAFAEL,Salida,N,5,STA MARIA DE RAMOS,H2,07:35,07:38,-3,1,0
14/05/2026,SANTA MARIA - SAN RAFAEL,Salida,N,5,STA MARIA DE RAMOS,H3,19:35,19:24,11,1,0
14/05/2026,SANTA MARIA - SAN RAFAEL,Salida,N,6,LA CONCHA,H1,16:55,,,,
14/05/2026,SANTA MARIA - SAN RAFAEL,Salida,N,6,LA CONCHA,H2,07:45,,,,
14/05/2026,SANTA MARIA - SAN RAFAEL,Salida,N,6,LA CONCHA,H3,19:40,19:29,11,1,0
14/05/2026,SANTA MARIA - SAN RAFAEL,Salida,N,7,LA HEDIONDA,H1,17:30,,,,
14/05/2026,SANTA MARIA - SAN RAFAEL,Salida,N,7,LA HEDIONDA,H2,08:00,,,,
14/05/2026,SANTA MARIA - SAN RAFAEL,Salida,N,7,LA HEDIONDA,H3,20:15,19:41,34,1,0
14/05/2026,SANTA MARIA - SAN RAFAEL,Salida,N,8,SAN JOSE ALAMITO,H1,17:55,,,,
14/05/2026,SANTA MARIA - SAN RAFAEL,Salida,N,8,SAN JOSE ALAMITO,H2,08:25,,,,
14/05/2026,SANTA MARIA - SAN RAFAEL,Salida,N,8,SAN JOSE ALAMITO,H3,20:35,19:58,37,1,0
14/05/2026,SECUENCIADOS,Entrada,A,1,CARR. SALTILLO-ZACATECAS,H1,05:45,,,,
14/05/2026,SECUENCIADOS,Entrada,A,1,CARR. SALTILLO-ZACATECAS,H2,17:45,,,,
14/05/2026,SECUENCIADOS,Entrada,A,1,CARR. SALTILLO-ZACATECAS,H3,21:15,,,,
14/05/2026,SECUENCIADOS,Entrada,A,1,CARR. SALTILLO-ZACATECAS,H4,21:45,,,,
14/05/2026,SECUENCIADOS,Entrada,A,2,METALSA,H1,05:50,,,,
14/05/2026,SECUENCIADOS,Entrada,A,2,METALSA,H2,17:50,,,,
14/05/2026,SECUENCIADOS,Entrada,A,2,METALSA,H3,21:20,,,,
14/05/2026,SECUENCIADOS,Entrada,A,2,METALSA,H4,21:50,,,,
14/05/2026,SECUENCIADOS,Salida,A,1,METALSA,H1,05:50,,,,
14/05/2026,SECUENCIADOS,Salida,A,1,METALSA,H2,17:50,,,,
14/05/2026,SECUENCIADOS,Salida,A,1,METALSA,H3,21:20,,,,
14/05/2026,SECUENCIADOS,Salida,A,2,CARR. SALTILLO-ZACATECAS,H1,05:45,,,,
14/05/2026,SECUENCIADOS,Salida,A,2,CARR. SALTILLO-ZACATECAS,H2,17:45,,,,
14/05/2026,SECUENCIADOS,Salida,A,2,CARR. SALTILLO-ZACATECAS,H3,21:15,,,,
14/05/2026,TANQUE DEL CERRO - LA VENTURA,Entrada,A,1,TANQUE DEL CERRO,H1,19:15,,,,
14/05/2026,TANQUE DEL CERRO - LA VENTURA,Entrada,A,1,TANQUE DEL CERRO,H2,03:45,,,,
14/05/2026,TANQUE DEL CERRO - LA VENTURA,Entrada,A,1,TANQUE DEL CERRO,H3,15:45,,,,
14/05/2026,TANQUE DEL CERRO - LA VENTURA,Entrada,A,1,TANQUE DEL CERRO,H4,19:45,,,,
14/05/2026,TANQUE DEL CERRO - LA VENTURA,Entrada,A,2,LA VENTURA,H1,19:35,,,,
14/05/2026,TANQUE DEL CERRO - LA VENTURA,Entrada,A,2,LA VENTURA,H2,04:05,,,,
14/05/2026,TANQUE DEL CERRO - LA VENTURA,Entrada,A,2,LA VENTURA,H3,16:05,,,,
14/05/2026,TANQUE DEL CERRO - LA VENTURA,Entrada,A,2,LA VENTURA,H4,20:05,,,,
14/05/2026,TANQUE DEL CERRO - LA VENTURA,Entrada,A,3,PURISIMA,H1,19:45,,,,
14/05/2026,TANQUE DEL CERRO - LA VENTURA,Entrada,A,3,PURISIMA,H2,04:15,,,,
14/05/2026,TANQUE DEL CERRO - LA VENTURA,Entrada,A,3,PURISIMA,H3,16:15,,,,
14/05/2026,TANQUE DEL CERRO - LA VENTURA,Entrada,A,3,PURISIMA,H4,20:15,,,,
14/05/2026,TANQUE DEL CERRO - LA VENTURA,Entrada,A,4,PRESA SAN PEDRO,H1,19:55,,,,
14/05/2026,TANQUE DEL CERRO - LA VENTURA,Entrada,A,4,PRESA SAN PEDRO,H2,04:25,,,,
14/05/2026,TANQUE DEL CERRO - LA VENTURA,Entrada,A,4,PRESA SAN PEDRO,H3,16:25,,,,
14/05/2026,TANQUE DEL CERRO - LA VENTURA,Entrada,A,4,PRESA SAN PEDRO,H4,20:25,,,,
14/05/2026,TANQUE DEL CERRO - LA VENTURA,Entrada,A,5,TANQUE ESCONDIDO,H1,20:10,,,,
14/05/2026,TANQUE DEL CERRO - LA VENTURA,Entrada,A,5,TANQUE ESCONDIDO,H2,04:40,,,,
14/05/2026,TANQUE DEL CERRO - LA VENTURA,Entrada,A,5,TANQUE ESCONDIDO,H3,16:40,,,,
14/05/2026,TANQUE DEL CERRO - LA VENTURA,Entrada,A,5,TANQUE ESCONDIDO,H4,20:40,,,,
14/05/2026,TANQUE DEL CERRO - LA VENTURA,Entrada,A,6,GUADALUPE VICTORIA,H1,20:38,,,,
14/05/2026,TANQUE DEL CERRO - LA VENTURA,Entrada,A,6,GUADALUPE VICTORIA,H2,05:08,,,,
14/05/2026,TANQUE DEL CERRO - LA VENTURA,Entrada,A,6,GUADALUPE VICTORIA,H3,17:08,,,,
14/05/2026,TANQUE DEL CERRO - LA VENTURA,Entrada,A,6,GUADALUPE VICTORIA,H4,21:08,,,,
14/05/2026,TANQUE DEL CERRO - LA VENTURA,Entrada,A,7,METALSA,H1,21:20,,,,
14/05/2026,TANQUE DEL CERRO - LA VENTURA,Entrada,A,7,METALSA,H2,05:50,,,,
14/05/2026,TANQUE DEL CERRO - LA VENTURA,Entrada,A,7,METALSA,H3,17:50,,,,
14/05/2026,TANQUE DEL CERRO - LA VENTURA,Entrada,A,7,METALSA,H4,21:50,,,,
14/05/2026,TANQUE DEL CERRO - LA VENTURA,Salida,N,1,METALSA,H1,15:30,,,,
14/05/2026,TANQUE DEL CERRO - LA VENTURA,Salida,N,1,METALSA,H2,06:15,06:17,-2,1,0
14/05/2026,TANQUE DEL CERRO - LA VENTURA,Salida,N,1,METALSA,H3,18:15,18:01,14,1,0
14/05/2026,TANQUE DEL CERRO - LA VENTURA,Salida,N,2,GUADALUPE VICTORIA,H1,16:00,,,,
14/05/2026,TANQUE DEL CERRO - LA VENTURA,Salida,N,2,GUADALUPE VICTORIA,H2,06:40,,,,
14/05/2026,TANQUE DEL CERRO - LA VENTURA,Salida,N,2,GUADALUPE VICTORIA,H3,18:40,,,,
14/05/2026,TANQUE DEL CERRO - LA VENTURA,Salida,N,3,TANQUE ESCONDIDO,H1,16:01,,,,
14/05/2026,TANQUE DEL CERRO - LA VENTURA,Salida,N,3,TANQUE ESCONDIDO,H2,06:41,07:27,-46,1,0
14/05/2026,TANQUE DEL CERRO - LA VENTURA,Salida,N,3,TANQUE ESCONDIDO,H3,18:41,19:24,-43,1,0
14/05/2026,TANQUE DEL CERRO - LA VENTURA,Salida,N,4,PRESA SAN PEDRO,H1,16:02,,,,
14/05/2026,TANQUE DEL CERRO - LA VENTURA,Salida,N,4,PRESA SAN PEDRO,H2,06:42,07:34,-52,1,0
14/05/2026,TANQUE DEL CERRO - LA VENTURA,Salida,N,4,PRESA SAN PEDRO,H3,18:42,19:31,-49,1,0
14/05/2026,TANQUE DEL CERRO - LA VENTURA,Salida,N,5,PURISIMA,H1,16:03,,,,
14/05/2026,TANQUE DEL CERRO - LA VENTURA,Salida,N,5,PURISIMA,H2,06:43,07:44,-61,1,0
14/05/2026,TANQUE DEL CERRO - LA VENTURA,Salida,N,5,PURISIMA,H3,18:43,19:44,-61,1,0
14/05/2026,TANQUE DEL CERRO - LA VENTURA,Salida,N,6,LA VENTURA,H1,17:00,,,,
14/05/2026,TANQUE DEL CERRO - LA VENTURA,Salida,N,6,LA VENTURA,H2,06:44,07:57,-73,1,0
14/05/2026,TANQUE DEL CERRO - LA VENTURA,Salida,N,6,LA VENTURA,H3,19:45,19:58,-13,1,0
14/05/2026,TANQUE DEL CERRO - LA VENTURA,Salida,N,7,TANQUE DEL CERRO,H1,17:20,,,,
14/05/2026,TANQUE DEL CERRO - LA VENTURA,Salida,N,7,TANQUE DEL CERRO,H2,08:05,08:07,-2,1,0
14/05/2026,TANQUE DEL CERRO - LA VENTURA,Salida,N,7,TANQUE DEL CERRO,H3,20:05,,,,
14/05/2026,TANQUE NUEVO,Entrada,A,1,MATEHUAPIL,H1,18:20,,,,
14/05/2026,TANQUE NUEVO,Entrada,A,1,MATEHUAPIL,H2,02:50,,,,
14/05/2026,TANQUE NUEVO,Entrada,A,1,MATEHUAPIL,H3,02:50,,,,
14/05/2026,TANQUE NUEVO,Entrada,A,1,MATEHUAPIL,H4,14:50,,,,
14/05/2026,TANQUE NUEVO,Entrada,A,1,MATEHUAPIL,H5,14:50,,,,
14/05/2026,TANQUE NUEVO,Entrada,A,1,MATEHUAPIL,H6,18:50,,,,
14/05/2026,TANQUE NUEVO,Entrada,A,2,TANQUE NUEVO,H1,18:30,,,,
14/05/2026,TANQUE NUEVO,Entrada,A,2,TANQUE NUEVO,H2,03:00,,,,
14/05/2026,TANQUE NUEVO,Entrada,A,2,TANQUE NUEVO,H3,03:00,,,,
14/05/2026,TANQUE NUEVO,Entrada,A,2,TANQUE NUEVO,H4,15:00,,,,
14/05/2026,TANQUE NUEVO,Entrada,A,2,TANQUE NUEVO,H5,15:00,,,,
14/05/2026,TANQUE NUEVO,Entrada,A,2,TANQUE NUEVO,H6,19:00,,,,
14/05/2026,TANQUE NUEVO,Entrada,A,3,CLAVELLINAS,H1,18:50,,,,
14/05/2026,TANQUE NUEVO,Entrada,A,3,CLAVELLINAS,H2,03:20,,,,
14/05/2026,TANQUE NUEVO,Entrada,A,3,CLAVELLINAS,H3,03:20,,,,
14/05/2026,TANQUE NUEVO,Entrada,A,3,CLAVELLINAS,H4,15:20,,,,
14/05/2026,TANQUE NUEVO,Entrada,A,3,CLAVELLINAS,H5,15:20,,,,
14/05/2026,TANQUE NUEVO,Entrada,A,3,CLAVELLINAS,H6,19:20,,,,
14/05/2026,TANQUE NUEVO,Entrada,A,4,EL SALVADOR,H1,19:10,,,,
14/05/2026,TANQUE NUEVO,Entrada,A,4,EL SALVADOR,H2,03:40,,,,
14/05/2026,TANQUE NUEVO,Entrada,A,4,EL SALVADOR,H3,03:40,,,,
14/05/2026,TANQUE NUEVO,Entrada,A,4,EL SALVADOR,H4,15:40,,,,
14/05/2026,TANQUE NUEVO,Entrada,A,4,EL SALVADOR,H5,15:40,,,,
14/05/2026,TANQUE NUEVO,Entrada,A,4,EL SALVADOR,H6,19:40,,,,
14/05/2026,TANQUE NUEVO,Entrada,A,5,LA VENTURA,H1,19:30,,,,
14/05/2026,TANQUE NUEVO,Entrada,A,5,LA VENTURA,H2,04:00,,,,
14/05/2026,TANQUE NUEVO,Entrada,A,5,LA VENTURA,H3,04:00,,,,
14/05/2026,TANQUE NUEVO,Entrada,A,5,LA VENTURA,H4,16:00,,,,
14/05/2026,TANQUE NUEVO,Entrada,A,5,LA VENTURA,H5,16:00,,,,
14/05/2026,TANQUE NUEVO,Entrada,A,5,LA VENTURA,H6,20:10,,,,
14/05/2026,TANQUE NUEVO,Entrada,A,6,PRESA SAN PEDRO,H1,19:45,,,,
14/05/2026,TANQUE NUEVO,Entrada,A,6,PRESA SAN PEDRO,H2,04:15,,,,
14/05/2026,TANQUE NUEVO,Entrada,A,6,PRESA SAN PEDRO,H3,04:15,,,,
14/05/2026,TANQUE NUEVO,Entrada,A,6,PRESA SAN PEDRO,H4,16:15,,,,
14/05/2026,TANQUE NUEVO,Entrada,A,6,PRESA SAN PEDRO,H5,16:15,,,,
14/05/2026,TANQUE NUEVO,Entrada,A,6,PRESA SAN PEDRO,H6,20:35,,,,
14/05/2026,TANQUE NUEVO,Entrada,A,7,TANQUE ESCONDIDO,H1,19:55,,,,
14/05/2026,TANQUE NUEVO,Entrada,A,7,TANQUE ESCONDIDO,H2,04:25,,,,
14/05/2026,TANQUE NUEVO,Entrada,A,7,TANQUE ESCONDIDO,H3,04:25,,,,
14/05/2026,TANQUE NUEVO,Entrada,A,7,TANQUE ESCONDIDO,H4,16:25,,,,
14/05/2026,TANQUE NUEVO,Entrada,A,7,TANQUE ESCONDIDO,H5,16:25,,,,
14/05/2026,TANQUE NUEVO,Entrada,A,7,TANQUE ESCONDIDO,H6,20:45,,,,
14/05/2026,TANQUE NUEVO,Entrada,A,8,METALSA,H1,21:20,,,,
14/05/2026,TANQUE NUEVO,Entrada,A,8,METALSA,H2,05:50,00:05,345,1,0
14/05/2026,TANQUE NUEVO,Entrada,A,8,METALSA,H3,05:50,,,,
14/05/2026,TANQUE NUEVO,Entrada,A,8,METALSA,H4,17:50,,,,
14/05/2026,TANQUE NUEVO,Entrada,A,8,METALSA,H5,17:50,,,,
14/05/2026,TANQUE NUEVO,Entrada,A,8,METALSA,H6,21:50,,,,
14/05/2026,TANQUE NUEVO,Salida,N,1,METALSA,H1,15:30,,,,
14/05/2026,TANQUE NUEVO,Salida,N,1,METALSA,H2,06:15,00:06,369,1,0
14/05/2026,TANQUE NUEVO,Salida,N,1,METALSA,H3,06:15,00:18,357,1,0
14/05/2026,TANQUE NUEVO,Salida,N,1,METALSA,H4,18:15,00:18,357,,0
14/05/2026,TANQUE NUEVO,Salida,N,1,METALSA,H5,18:15,00:18,357,,0
14/05/2026,TANQUE NUEVO,Salida,N,2,TANQUE ESCONDIDO,H1,16:55,,,,
14/05/2026,TANQUE NUEVO,Salida,N,2,TANQUE ESCONDIDO,H2,07:40,,,,
14/05/2026,TANQUE NUEVO,Salida,N,2,TANQUE ESCONDIDO,H3,07:40,00:19,441,1,0
14/05/2026,TANQUE NUEVO,Salida,N,2,TANQUE ESCONDIDO,H4,19:40,00:19,441,,0
14/05/2026,TANQUE NUEVO,Salida,N,2,TANQUE ESCONDIDO,H5,19:40,00:19,441,,0
14/05/2026,TANQUE NUEVO,Salida,N,3,PRESA SAN PEDRO,H1,17:05,,,,
14/05/2026,TANQUE NUEVO,Salida,N,3,PRESA SAN PEDRO,H2,07:50,00:07,463,1,0
14/05/2026,TANQUE NUEVO,Salida,N,3,PRESA SAN PEDRO,H3,07:50,00:19,451,1,0
14/05/2026,TANQUE NUEVO,Salida,N,3,PRESA SAN PEDRO,H4,19:50,00:19,451,,0
14/05/2026,TANQUE NUEVO,Salida,N,3,PRESA SAN PEDRO,H5,19:50,00:19,451,,0
14/05/2026,TANQUE NUEVO,Salida,N,4,LA VENTURA,H1,17:20,,,,
14/05/2026,TANQUE NUEVO,Salida,N,4,LA VENTURA,H2,08:05,00:07,478,1,0
14/05/2026,TANQUE NUEVO,Salida,N,4,LA VENTURA,H3,08:05,00:19,466,1,0
14/05/2026,TANQUE NUEVO,Salida,N,4,LA VENTURA,H4,20:05,00:19,466,,0
14/05/2026,TANQUE NUEVO,Salida,N,4,LA VENTURA,H5,20:05,00:19,466,,0
14/05/2026,TANQUE NUEVO,Salida,N,5,EL SALVADOR,H1,17:40,,,,
14/05/2026,TANQUE NUEVO,Salida,N,5,EL SALVADOR,H2,08:25,,,,
14/05/2026,TANQUE NUEVO,Salida,N,5,EL SALVADOR,H3,08:25,,,,
14/05/2026,TANQUE NUEVO,Salida,N,5,EL SALVADOR,H4,20:25,,,,
14/05/2026,TANQUE NUEVO,Salida,N,5,EL SALVADOR,H5,20:25,,,,
14/05/2026,TANQUE NUEVO,Salida,N,6,CLAVELLINAS,H1,18:00,,,,
14/05/2026,TANQUE NUEVO,Salida,N,6,CLAVELLINAS,H2,08:45,,,,
14/05/2026,TANQUE NUEVO,Salida,N,6,CLAVELLINAS,H3,08:45,,,,
14/05/2026,TANQUE NUEVO,Salida,N,6,CLAVELLINAS,H4,20:45,,,,
14/05/2026,TANQUE NUEVO,Salida,N,6,CLAVELLINAS,H5,20:45,,,,
14/05/2026,TANQUE NUEVO,Salida,N,7,TANQUE NUEVO,H1,18:20,,,,
14/05/2026,TANQUE NUEVO,Salida,N,7,TANQUE NUEVO,H2,09:05,,,,
14/05/2026,TANQUE NUEVO,Salida,N,7,TANQUE NUEVO,H3,09:05,,,,
14/05/2026,TANQUE NUEVO,Salida,N,7,TANQUE NUEVO,H4,21:05,,,,
14/05/2026,TANQUE NUEVO,Salida,N,7,TANQUE NUEVO,H5,21:05,,,,
14/05/2026,TANQUE NUEVO,Salida,N,8,MATEHUAPIL,H1,18:30,,,,
14/05/2026,TANQUE NUEVO,Salida,N,8,MATEHUAPIL,H2,09:15,,,,
14/05/2026,TANQUE NUEVO,Salida,N,8,MATEHUAPIL,H3,09:15,,,,
14/05/2026,TANQUE NUEVO,Salida,N,8,MATEHUAPIL,H4,21:15,,,,
14/05/2026,TANQUE NUEVO,Salida,N,8,MATEHUAPIL,H5,21:15,,,,
14/05/2026,TERESITAS,Entrada,N,1,BLVD ANTONIO CARDENAS Y HUACHICHILES,H1,05:05,05:03,2,1,0
14/05/2026,TERESITAS,Entrada,N,1,BLVD ANTONIO CARDENAS Y HUACHICHILES,H2,17:05,17:04,1,1,0
14/05/2026,TERESITAS,Entrada,N,1,BLVD ANTONIO CARDENAS Y HUACHICHILES,H3,20:35,,,,
14/05/2026,TERESITAS,Entrada,N,1,BLVD ANTONIO CARDENAS Y HUACHICHILES,H4,21:05,,,,
14/05/2026,TERESITAS,Entrada,N,2,RAYADOS Y HUACHICHILES,H1,05:10,05:08,2,1,0
14/05/2026,TERESITAS,Entrada,N,2,RAYADOS Y HUACHICHILES,H2,17:10,17:08,2,1,0
14/05/2026,TERESITAS,Entrada,N,2,RAYADOS Y HUACHICHILES,H3,20:40,,,,
14/05/2026,TERESITAS,Entrada,N,2,RAYADOS Y HUACHICHILES,H4,21:10,,,,
14/05/2026,TERESITAS,Entrada,N,3,SIERRA DE ZAPALINAME Y AV TERESITAS,H1,05:15,05:13,2,1,0
14/05/2026,TERESITAS,Entrada,N,3,SIERRA DE ZAPALINAME Y AV TERESITAS,H2,17:15,17:12,3,1,0
14/05/2026,TERESITAS,Entrada,N,3,SIERRA DE ZAPALINAME Y AV TERESITAS,H3,20:45,,,,
14/05/2026,TERESITAS,Entrada,N,3,SIERRA DE ZAPALINAME Y AV TERESITAS,H4,21:15,,,,
14/05/2026,TERESITAS,Entrada,N,4,AV TERESITAS Y BLVD ANTONIO CARDENAS,H1,05:22,05:20,2,1,0
14/05/2026,TERESITAS,Entrada,N,4,AV TERESITAS Y BLVD ANTONIO CARDENAS,H2,17:22,17:18,4,1,0
14/05/2026,TERESITAS,Entrada,N,4,AV TERESITAS Y BLVD ANTONIO CARDENAS,H3,20:52,,,,
14/05/2026,TERESITAS,Entrada,N,4,AV TERESITAS Y BLVD ANTONIO CARDENAS,H4,21:22,,,,
14/05/2026,TERESITAS,Entrada,N,5,LA ENCANTADA,H1,05:28,05:22,6,1,0
14/05/2026,TERESITAS,Entrada,N,5,LA ENCANTADA,H2,17:28,17:21,7,1,0
14/05/2026,TERESITAS,Entrada,N,5,LA ENCANTADA,H3,20:58,,,,
14/05/2026,TERESITAS,Entrada,N,5,LA ENCANTADA,H4,21:28,,,,
14/05/2026,TERESITAS,Entrada,N,6,CAAR. SALTILLO-ZACATECAS,H1,05:32,05:33,-1,1,0
14/05/2026,TERESITAS,Entrada,N,6,CAAR. SALTILLO-ZACATECAS,H2,17:32,17:25,7,1,0
14/05/2026,TERESITAS,Entrada,N,6,CAAR. SALTILLO-ZACATECAS,H3,21:02,,,,
14/05/2026,TERESITAS,Entrada,N,6,CAAR. SALTILLO-ZACATECAS,H4,21:30,,,,
14/05/2026,TERESITAS,Entrada,N,7,METALSA,H1,05:50,05:49,1,1,0
14/05/2026,TERESITAS,Entrada,N,7,METALSA,H2,17:50,17:38,12,1,0
14/05/2026,TERESITAS,Entrada,N,7,METALSA,H3,21:20,,,,
14/05/2026,TERESITAS,Entrada,N,7,METALSA,H4,21:50,,,,
14/05/2026,TERESITAS,Salida,N,1,METALSA,H1,06:15,06:17,-2,1,0
14/05/2026,TERESITAS,Salida,N,1,METALSA,H2,15:30,,,,
14/05/2026,TERESITAS,Salida,N,1,METALSA,H3,18:15,18:17,-2,1,0
14/05/2026,TERESITAS,Salida,N,2,CARR. SALTILLO-ZACATECAS,H1,06:33,06:33,0,1,0
14/05/2026,TERESITAS,Salida,N,2,CARR. SALTILLO-ZACATECAS,H2,15:48,,,,
14/05/2026,TERESITAS,Salida,N,2,CARR. SALTILLO-ZACATECAS,H3,18:33,,,,
14/05/2026,TERESITAS,Salida,N,3,LA ENCANTADA,H1,06:37,06:36,1,1,0
14/05/2026,TERESITAS,Salida,N,3,LA ENCANTADA,H2,15:52,,,,
14/05/2026,TERESITAS,Salida,N,3,LA ENCANTADA,H3,18:37,18:42,-5,1,0
14/05/2026,TERESITAS,Salida,N,4,AV TERESITAS Y BLVD ANTONIO CARDENAS,H1,06:43,,,,
14/05/2026,TERESITAS,Salida,N,4,AV TERESITAS Y BLVD ANTONIO CARDENAS,H2,15:58,,,,
14/05/2026,TERESITAS,Salida,N,4,AV TERESITAS Y BLVD ANTONIO CARDENAS,H3,18:43,,,,
14/05/2026,TERESITAS,Salida,N,5,SIERRA DE ZAPALINAME Y AV TERESITAS,H1,06:50,,,,
14/05/2026,TERESITAS,Salida,N,5,SIERRA DE ZAPALINAME Y AV TERESITAS,H2,16:05,,,,
14/05/2026,TERESITAS,Salida,N,5,SIERRA DE ZAPALINAME Y AV TERESITAS,H3,18:50,,,,
14/05/2026,TERESITAS,Salida,N,6,RAYADOS Y HUACHICHILES,H1,06:55,,,,
14/05/2026,TERESITAS,Salida,N,6,RAYADOS Y HUACHICHILES,H2,16:10,,,,
14/05/2026,TERESITAS,Salida,N,6,RAYADOS Y HUACHICHILES,H3,18:55,,,,
14/05/2026,TERESITAS,Salida,N,7,BLVD ANTONIO CARDENAS Y HUACHICHILES,H1,07:00,06:36,24,1,0
14/05/2026,TERESITAS,Salida,N,7,BLVD ANTONIO CARDENAS Y HUACHICHILES,H2,16:15,,,,
14/05/2026,TERESITAS,Salida,N,7,BLVD ANTONIO CARDENAS Y HUACHICHILES,H3,19:00,18:43,17,1,0
14/05/2026,VALENCIA,Entrada,N,1,LA RIOJA Y JEREZ,H1,04:30,04:30,0,1,0
14/05/2026,VALENCIA,Entrada,N,1,LA RIOJA Y JEREZ,H2,16:30,,,,
14/05/2026,VALENCIA,Entrada,N,1,LA RIOJA Y JEREZ,H3,20:00,,,,
14/05/2026,VALENCIA,Entrada,N,1,LA RIOJA Y JEREZ,H4,20:30,,,,
14/05/2026,VALENCIA,Entrada,N,2,PERIFERICO LEA Y VITO ALESSIO,H1,04:40,04:46,-6,1,0
14/05/2026,VALENCIA,Entrada,N,2,PERIFERICO LEA Y VITO ALESSIO,H2,16:40,,,,
14/05/2026,VALENCIA,Entrada,N,2,PERIFERICO LEA Y VITO ALESSIO,H3,20:10,,,,
14/05/2026,VALENCIA,Entrada,N,2,PERIFERICO LEA Y VITO ALESSIO,H4,20:40,,,,
14/05/2026,VALENCIA,Entrada,N,3,CARLOS S. Y RANCHO DE PEÑA,H1,04:45,04:52,-7,1,0
14/05/2026,VALENCIA,Entrada,N,3,CARLOS S. Y RANCHO DE PEÑA,H2,16:45,,,,
14/05/2026,VALENCIA,Entrada,N,3,CARLOS S. Y RANCHO DE PEÑA,H3,20:15,,,,
14/05/2026,VALENCIA,Entrada,N,3,CARLOS S. Y RANCHO DE PEÑA,H4,20:45,,,,
14/05/2026,VALENCIA,Entrada,N,4,ALVARO OBREGON,H1,04:55,04:58,-3,1,0
14/05/2026,VALENCIA,Entrada,N,4,ALVARO OBREGON,H2,16:55,,,,
14/05/2026,VALENCIA,Entrada,N,4,ALVARO OBREGON,H3,20:25,,,,
14/05/2026,VALENCIA,Entrada,N,4,ALVARO OBREGON,H4,20:55,,,,
14/05/2026,VALENCIA,Entrada,N,5,MIGUEL HIDALGO Y PEDRO ARANDA,H1,05:00,05:11,-11,1,0
14/05/2026,VALENCIA,Entrada,N,5,MIGUEL HIDALGO Y PEDRO ARANDA,H2,17:00,,,,
14/05/2026,VALENCIA,Entrada,N,5,MIGUEL HIDALGO Y PEDRO ARANDA,H3,20:30,,,,
14/05/2026,VALENCIA,Entrada,N,5,MIGUEL HIDALGO Y PEDRO ARANDA,H4,21:00,,,,
14/05/2026,VALENCIA,Entrada,N,6,PERIFERICO LEA Y W. GONZALEZ,H1,05:05,05:15,-10,1,0
14/05/2026,VALENCIA,Entrada,N,6,PERIFERICO LEA Y W. GONZALEZ,H2,17:05,,,,
14/05/2026,VALENCIA,Entrada,N,6,PERIFERICO LEA Y W. GONZALEZ,H3,20:35,,,,
14/05/2026,VALENCIA,Entrada,N,6,PERIFERICO LEA Y W. GONZALEZ,H4,21:05,,,,
14/05/2026,VALENCIA,Entrada,N,7,CTO DE LA CAÑADA Y BLVD CARDENAS,H1,05:15,05:23,-8,1,0
14/05/2026,VALENCIA,Entrada,N,7,CTO DE LA CAÑADA Y BLVD CARDENAS,H2,17:15,,,,
14/05/2026,VALENCIA,Entrada,N,7,CTO DE LA CAÑADA Y BLVD CARDENAS,H3,20:45,,,,
14/05/2026,VALENCIA,Entrada,N,7,CTO DE LA CAÑADA Y BLVD CARDENAS,H4,21:15,,,,
14/05/2026,VALENCIA,Entrada,N,8,METALSA,H1,05:50,06:04,-14,1,0
14/05/2026,VALENCIA,Entrada,N,8,METALSA,H2,17:50,,,,
14/05/2026,VALENCIA,Entrada,N,8,METALSA,H3,21:20,,,,
14/05/2026,VALENCIA,Entrada,N,8,METALSA,H4,21:50,,,,
14/05/2026,VALENCIA,Salida,N,1,METALSA,H1,06:15,06:16,-1,1,0
14/05/2026,VALENCIA,Salida,N,1,METALSA,H2,15:30,,,,
14/05/2026,VALENCIA,Salida,N,1,METALSA,H3,18:15,18:16,-1,1,0
14/05/2026,VALENCIA,Salida,N,2,CTO DE LA CAÑADA Y BLVD CARDENAS,H1,06:50,06:40,10,1,0
14/05/2026,VALENCIA,Salida,N,2,CTO DE LA CAÑADA Y BLVD CARDENAS,H2,16:05,,,,
14/05/2026,VALENCIA,Salida,N,2,CTO DE LA CAÑADA Y BLVD CARDENAS,H3,18:50,18:48,2,1,0
14/05/2026,VALENCIA,Salida,N,3,PERIFERICO LEA Y W. GONZALEZ,H1,07:00,06:45,15,1,0
14/05/2026,VALENCIA,Salida,N,3,PERIFERICO LEA Y W. GONZALEZ,H2,16:15,,,,
14/05/2026,VALENCIA,Salida,N,3,PERIFERICO LEA Y W. GONZALEZ,H3,19:00,18:56,4,1,0
14/05/2026,VALENCIA,Salida,N,4,MIGUEL HIDALGO Y PEDRO ARANDA,H1,07:05,06:50,15,1,0
14/05/2026,VALENCIA,Salida,N,4,MIGUEL HIDALGO Y PEDRO ARANDA,H2,16:20,,,,
14/05/2026,VALENCIA,Salida,N,4,MIGUEL HIDALGO Y PEDRO ARANDA,H3,19:05,19:00,5,1,0
14/05/2026,VALENCIA,Salida,N,5,ALVARO OBREGON,H1,07:10,,,,
14/05/2026,VALENCIA,Salida,N,5,ALVARO OBREGON,H2,16:25,,,,
14/05/2026,VALENCIA,Salida,N,5,ALVARO OBREGON,H3,19:10,19:15,-5,1,0
14/05/2026,VALENCIA,Salida,N,6,CARLOS S. Y RANCHO DE PEÑA,H1,07:20,07:10,10,1,0
14/05/2026,VALENCIA,Salida,N,6,CARLOS S. Y RANCHO DE PEÑA,H2,16:35,,,,
14/05/2026,VALENCIA,Salida,N,6,CARLOS S. Y RANCHO DE PEÑA,H3,19:20,19:24,-4,1,0
14/05/2026,VALENCIA,Salida,N,7,PERIFERICO LEA Y VITO ALESSIO,H1,07:25,,,,
14/05/2026,VALENCIA,Salida,N,7,PERIFERICO LEA Y VITO ALESSIO,H2,16:40,,,,
14/05/2026,VALENCIA,Salida,N,7,PERIFERICO LEA Y VITO ALESSIO,H3,19:25,,,,
14/05/2026,VALENCIA,Salida,N,8,LA RIOJA Y JEREZ,H1,07:35,,,,
14/05/2026,VALENCIA,Salida,N,8,LA RIOJA Y JEREZ,H2,16:50,,,,
14/05/2026,VALENCIA,Salida,N,8,LA RIOJA Y JEREZ,H3,19:35,19:49,-14,1,0
14/05/2026,ZARAGOZA,Entrada,N,1,FCO. EALY ORTIZ Y EUCALIPTO,H1,04:25,04:27,-2,1,0
14/05/2026,ZARAGOZA,Entrada,N,1,FCO. EALY ORTIZ Y EUCALIPTO,H2,16:25,16:29,-4,1,0
14/05/2026,ZARAGOZA,Entrada,N,1,FCO. EALY ORTIZ Y EUCALIPTO,H3,19:55,,,,
14/05/2026,ZARAGOZA,Entrada,N,1,FCO. EALY ORTIZ Y EUCALIPTO,H4,20:25,,,,
14/05/2026,ZARAGOZA,Entrada,N,2,CHOPO Y EUCALIPTO,H1,04:26,04:28,-2,1,0
14/05/2026,ZARAGOZA,Entrada,N,2,CHOPO Y EUCALIPTO,H2,16:26,16:30,-4,1,0
14/05/2026,ZARAGOZA,Entrada,N,2,CHOPO Y EUCALIPTO,H3,19:56,,,,
14/05/2026,ZARAGOZA,Entrada,N,2,CHOPO Y EUCALIPTO,H4,20:26,,,,
14/05/2026,ZARAGOZA,Entrada,N,3,FUNDADORES Y BLVD. MIRASIERRA,H1,04:36,04:40,-4,1,0
14/05/2026,ZARAGOZA,Entrada,N,3,FUNDADORES Y BLVD. MIRASIERRA,H2,16:36,16:41,-5,1,0
14/05/2026,ZARAGOZA,Entrada,N,3,FUNDADORES Y BLVD. MIRASIERRA,H3,20:06,,,,
14/05/2026,ZARAGOZA,Entrada,N,3,FUNDADORES Y BLVD. MIRASIERRA,H4,20:36,,,,
14/05/2026,ZARAGOZA,Entrada,N,4,CALLE 34 Y JUAN NAVARRO,H1,04:51,04:57,-6,1,0
14/05/2026,ZARAGOZA,Entrada,N,4,CALLE 34 Y JUAN NAVARRO,H2,16:51,16:58,-7,1,0
14/05/2026,ZARAGOZA,Entrada,N,4,CALLE 34 Y JUAN NAVARRO,H3,20:21,,,,
14/05/2026,ZARAGOZA,Entrada,N,4,CALLE 34 Y JUAN NAVARRO,H4,20:51,,,,
14/05/2026,ZARAGOZA,Entrada,N,5,PERIF LEA Y 12 DE OCTUBRE (FIRST CASH),H1,05:03,05:08,-5,1,0
14/05/2026,ZARAGOZA,Entrada,N,5,PERIF LEA Y 12 DE OCTUBRE (FIRST CASH),H2,17:03,17:13,-10,1,0
14/05/2026,ZARAGOZA,Entrada,N,5,PERIF LEA Y 12 DE OCTUBRE (FIRST CASH),H3,20:33,,,,
14/05/2026,ZARAGOZA,Entrada,N,5,PERIF LEA Y 12 DE OCTUBRE (FIRST CASH),H4,21:03,,,,
14/05/2026,ZARAGOZA,Entrada,N,6,GIMNACIO MUNICIPAL,H1,05:05,05:10,-5,1,0
14/05/2026,ZARAGOZA,Entrada,N,6,GIMNACIO MUNICIPAL,H2,17:05,17:14,-9,1,0
14/05/2026,ZARAGOZA,Entrada,N,6,GIMNACIO MUNICIPAL,H3,20:35,,,,
14/05/2026,ZARAGOZA,Entrada,N,6,GIMNACIO MUNICIPAL,H4,21:05,,,,
14/05/2026,ZARAGOZA,Entrada,N,7,L.E.A. Y J. MERY,H1,05:07,05:12,-5,1,0
14/05/2026,ZARAGOZA,Entrada,N,7,L.E.A. Y J. MERY,H2,17:07,17:16,-9,1,0
14/05/2026,ZARAGOZA,Entrada,N,7,L.E.A. Y J. MERY,H3,20:37,,,,
14/05/2026,ZARAGOZA,Entrada,N,7,L.E.A. Y J. MERY,H4,21:07,,,,
14/05/2026,ZARAGOZA,Entrada,N,8,VILLA UNIVERSIDAD,H1,05:09,05:14,-5,1,0
14/05/2026,ZARAGOZA,Entrada,N,8,VILLA UNIVERSIDAD,H2,17:09,17:18,-9,1,0
14/05/2026,ZARAGOZA,Entrada,N,8,VILLA UNIVERSIDAD,H3,20:39,,,,
14/05/2026,ZARAGOZA,Entrada,N,8,VILLA UNIVERSIDAD,H4,21:09,,,,
14/05/2026,ZARAGOZA,Entrada,N,9,ARIZPE DE LA MAZA Y CARR. 54,H1,05:15,05:17,-2,1,0
14/05/2026,ZARAGOZA,Entrada,N,9,ARIZPE DE LA MAZA Y CARR. 54,H2,17:15,17:21,-6,1,0
14/05/2026,ZARAGOZA,Entrada,N,9,ARIZPE DE LA MAZA Y CARR. 54,H3,20:45,,,,
14/05/2026,ZARAGOZA,Entrada,N,9,ARIZPE DE LA MAZA Y CARR. 54,H4,21:15,,,,
14/05/2026,ZARAGOZA,Entrada,N,10,METALSA,H1,05:50,05:51,-1,1,0
14/05/2026,ZARAGOZA,Entrada,N,10,METALSA,H2,17:50,17:44,6,1,0
14/05/2026,ZARAGOZA,Entrada,N,10,METALSA,H3,21:20,,,,
14/05/2026,ZARAGOZA,Entrada,N,10,METALSA,H4,21:50,,,,
14/05/2026,ZARAGOZA,Salida,N,1,METALSA,H1,06:15,06:16,-1,1,0
14/05/2026,ZARAGOZA,Salida,N,1,METALSA,H2,15:30,,,,
14/05/2026,ZARAGOZA,Salida,N,1,METALSA,H3,18:15,18:16,-1,1,0
14/05/2026,ZARAGOZA,Salida,N,2,ARIZPE DE LA MAZA Y CARR. 54,H1,06:44,,,,
14/05/2026,ZARAGOZA,Salida,N,2,ARIZPE DE LA MAZA Y CARR. 54,H2,15:59,,,,
14/05/2026,ZARAGOZA,Salida,N,2,ARIZPE DE LA MAZA Y CARR. 54,H3,18:44,,,,
14/05/2026,ZARAGOZA,Salida,N,3,VILLA UNIVERSIDAD,H1,06:46,,,,
14/05/2026,ZARAGOZA,Salida,N,3,VILLA UNIVERSIDAD,H2,16:01,,,,
14/05/2026,ZARAGOZA,Salida,N,3,VILLA UNIVERSIDAD,H3,18:45,,,,
14/05/2026,ZARAGOZA,Salida,N,4,L.E.A. Y J. MERY,H1,06:49,,,,
14/05/2026,ZARAGOZA,Salida,N,4,L.E.A. Y J. MERY,H2,16:04,,,,
14/05/2026,ZARAGOZA,Salida,N,4,L.E.A. Y J. MERY,H3,18:49,,,,
14/05/2026,ZARAGOZA,Salida,N,5,GIMNACIO MUNICIPAL,H1,06:51,06:41,10,1,0
14/05/2026,ZARAGOZA,Salida,N,5,GIMNACIO MUNICIPAL,H2,16:06,,,,
14/05/2026,ZARAGOZA,Salida,N,5,GIMNACIO MUNICIPAL,H3,18:51,18:50,1,1,0
14/05/2026,ZARAGOZA,Salida,N,6,PERIF LEA Y 12 DE OCTUBRE (FIRST CASH),H1,07:00,,,,
14/05/2026,ZARAGOZA,Salida,N,6,PERIF LEA Y 12 DE OCTUBRE (FIRST CASH),H2,16:10,,,,
14/05/2026,ZARAGOZA,Salida,N,6,PERIF LEA Y 12 DE OCTUBRE (FIRST CASH),H3,19:00,18:53,7,1,0
14/05/2026,ZARAGOZA,Salida,N,7,CALLE 34 Y JUAN NAVARRO,H1,07:04,06:54,10,1,0
14/05/2026,ZARAGOZA,Salida,N,7,CALLE 34 Y JUAN NAVARRO,H2,16:19,,,,
14/05/2026,ZARAGOZA,Salida,N,7,CALLE 34 Y JUAN NAVARRO,H3,19:04,19:09,-5,1,0
14/05/2026,ZARAGOZA,Salida,N,8,FUNDADORES Y BLVD. MIRASIERRA,H1,07:19,,,,
14/05/2026,ZARAGOZA,Salida,N,8,FUNDADORES Y BLVD. MIRASIERRA,H2,16:34,,,,
14/05/2026,ZARAGOZA,Salida,N,8,FUNDADORES Y BLVD. MIRASIERRA,H3,19:19,,,,
14/05/2026,ZARAGOZA,Salida,N,9,CHOPO Y EUCALIPTO,H1,07:29,,,,
14/05/2026,ZARAGOZA,Salida,N,9,CHOPO Y EUCALIPTO,H2,16:44,,,,
14/05/2026,ZARAGOZA,Salida,N,9,CHOPO Y EUCALIPTO,H3,19:29,,,,
14/05/2026,ZARAGOZA,Salida,N,10,FCO. EALY ORTIZ Y EUCALIPTO,H1,07:30,,,,
14/05/2026,ZARAGOZA,Salida,N,10,FCO. EALY ORTIZ Y EUCALIPTO,H2,16:45,,,,
14/05/2026,ZARAGOZA,Salida,N,10,FCO. EALY ORTIZ Y EUCALIPTO,H3,19:30,19:45,-15,1,0
15/05/2026,EL PEÑUELO,Entrada,A,1,LA VENTURA,H1,19:00,,,,
15/05/2026,EL PEÑUELO,Entrada,A,1,LA VENTURA,H2,03:30,,,,
15/05/2026,EL PEÑUELO,Entrada,A,1,LA VENTURA,H3,15:30,,,,
15/05/2026,EL PEÑUELO,Entrada,A,1,LA VENTURA,H4,19:30,,,,
15/05/2026,EL PEÑUELO,Entrada,A,2,METALSA,H1,21:20,,,,
15/05/2026,EL PEÑUELO,Entrada,A,2,METALSA,H2,05:50,,,,
15/05/2026,EL PEÑUELO,Entrada,A,2,METALSA,H3,17:50,,,,
15/05/2026,EL PEÑUELO,Entrada,A,2,METALSA,H4,21:50,,,,
15/05/2026,EL PEÑUELO,Salida,N,1,METALSA,H1,15:30,,,,
15/05/2026,EL PEÑUELO,Salida,N,1,METALSA,H2,06:15,06:17,-2,1,0
15/05/2026,EL PEÑUELO,Salida,N,1,METALSA,H3,18:15,,,,
15/05/2026,EL PEÑUELO,Salida,N,2,LA VENTURA,H1,17:50,,,,
15/05/2026,EL PEÑUELO,Salida,N,2,LA VENTURA,H2,08:35,,,,
15/05/2026,EL PEÑUELO,Salida,N,2,LA VENTURA,H3,20:35,,,,
15/05/2026,EL SALITRE,Entrada,A,1,SALITRE,H1,19:20,,,,
15/05/2026,EL SALITRE,Entrada,A,1,SALITRE,H2,03:50,,,,
15/05/2026,EL SALITRE,Entrada,A,1,SALITRE,H3,15:50,,,,
15/05/2026,EL SALITRE,Entrada,A,1,SALITRE,H4,19:50,,,,
15/05/2026,EL SALITRE,Entrada,A,2,BENITO JUAREZ,H1,19:25,,,,
15/05/2026,EL SALITRE,Entrada,A,2,BENITO JUAREZ,H2,03:55,,,,
15/05/2026,EL SALITRE,Entrada,A,2,BENITO JUAREZ,H3,15:55,,,,
15/05/2026,EL SALITRE,Entrada,A,2,BENITO JUAREZ,H4,19:55,,,,
15/05/2026,EL SALITRE,Entrada,A,3,EL MEZQUITE,H1,19:40,,,,
15/05/2026,EL SALITRE,Entrada,A,3,EL MEZQUITE,H2,04:10,,,,
15/05/2026,EL SALITRE,Entrada,A,3,EL MEZQUITE,H3,16:10,,,,
15/05/2026,EL SALITRE,Entrada,A,3,EL MEZQUITE,H4,20:10,,,,
15/05/2026,EL SALITRE,Entrada,A,4,PRESA DE LOS MUCHAHCOS,H1,19:55,,,,
15/05/2026,EL SALITRE,Entrada,A,4,PRESA DE LOS MUCHAHCOS,H2,04:25,,,,
15/05/2026,EL SALITRE,Entrada,A,4,PRESA DE LOS MUCHAHCOS,H3,16:25,,,,
15/05/2026,EL SALITRE,Entrada,A,4,PRESA DE LOS MUCHAHCOS,H4,20:25,,,,
15/05/2026,EL SALITRE,Entrada,A,5,AGUA NUEVA,H1,20:43,,,,
15/05/2026,EL SALITRE,Entrada,A,5,AGUA NUEVA,H2,05:13,,,,
15/05/2026,EL SALITRE,Entrada,A,5,AGUA NUEVA,H3,17:13,,,,
15/05/2026,EL SALITRE,Entrada,A,5,AGUA NUEVA,H4,21:13,,,,
15/05/2026,EL SALITRE,Entrada,A,6,METALSA,H1,21:20,,,,
15/05/2026,EL SALITRE,Entrada,A,6,METALSA,H2,05:50,,,,
15/05/2026,EL SALITRE,Entrada,A,6,METALSA,H3,17:50,,,,
15/05/2026,EL SALITRE,Entrada,A,6,METALSA,H4,21:50,,,,
15/05/2026,EL SALITRE,Salida,N,1,METALSA,H1,15:30,,,,
15/05/2026,EL SALITRE,Salida,N,1,METALSA,H2,06:15,06:15,0,1,0
15/05/2026,EL SALITRE,Salida,N,1,METALSA,H3,18:15,,,,
15/05/2026,EL SALITRE,Salida,N,2,AGUA NUEVA,H1,15:31,,,,
15/05/2026,EL SALITRE,Salida,N,2,AGUA NUEVA,H2,06:16,06:38,-22,1,0
15/05/2026,EL SALITRE,Salida,N,2,AGUA NUEVA,H3,18:16,,,,
15/05/2026,EL SALITRE,Salida,N,3,PRESA DE LOS MUCHAHCOS,H1,16:55,,,,
15/05/2026,EL SALITRE,Salida,N,3,PRESA DE LOS MUCHAHCOS,H2,07:40,06:56,44,1,0
15/05/2026,EL SALITRE,Salida,N,3,PRESA DE LOS MUCHAHCOS,H3,19:40,,,,
15/05/2026,EL SALITRE,Salida,N,4,EL MEZQUITE,H1,17:10,,,,
15/05/2026,EL SALITRE,Salida,N,4,EL MEZQUITE,H2,07:55,,,,
15/05/2026,EL SALITRE,Salida,N,4,EL MEZQUITE,H3,19:55,,,,
15/05/2026,EL SALITRE,Salida,N,5,BENITO JUAREZ,H1,17:25,,,,
15/05/2026,EL SALITRE,Salida,N,5,BENITO JUAREZ,H2,08:10,,,,
15/05/2026,EL SALITRE,Salida,N,5,BENITO JUAREZ,H3,20:10,,,,
15/05/2026,EL SALITRE,Salida,N,6,SALITRE,H1,17:30,,,,
15/05/2026,EL SALITRE,Salida,N,6,SALITRE,H2,08:15,,,,
15/05/2026,EL SALITRE,Salida,N,6,SALITRE,H3,20:15,,,,
15/05/2026,LA HEDIONDA,Entrada,N,1,LAS ESPERANZAS,H1,20:00,,,,
15/05/2026,LA HEDIONDA,Entrada,N,1,LAS ESPERANZAS,H2,04:30,04:30,0,1,0
15/05/2026,LA HEDIONDA,Entrada,N,1,LAS ESPERANZAS,H3,16:30,,,,
15/05/2026,LA HEDIONDA,Entrada,N,1,LAS ESPERANZAS,H4,20:30,,,,
15/05/2026,LA HEDIONDA,Entrada,N,2,HEDIONDA,H1,20:20,,,,
15/05/2026,LA HEDIONDA,Entrada,N,2,HEDIONDA,H2,04:50,,,,
15/05/2026,LA HEDIONDA,Entrada,N,2,HEDIONDA,H3,16:50,,,,
15/05/2026,LA HEDIONDA,Entrada,N,2,HEDIONDA,H4,20:50,,,,
15/05/2026,LA HEDIONDA,Entrada,N,3,METALSA,H1,21:20,,,,
15/05/2026,LA HEDIONDA,Entrada,N,3,METALSA,H2,05:50,05:40,10,1,0
15/05/2026,LA HEDIONDA,Entrada,N,3,METALSA,H3,17:50,,,,
15/05/2026,LA HEDIONDA,Entrada,N,3,METALSA,H4,21:50,,,,
15/05/2026,LA HEDIONDA,Salida,N,1,METALSA,H1,15:30,,,,
15/05/2026,LA HEDIONDA,Salida,N,1,METALSA,H2,06:15,,,,
15/05/2026,LA HEDIONDA,Salida,N,1,METALSA,H3,18:15,18:19,-4,1,0
15/05/2026,LA HEDIONDA,Salida,N,2,HEDIONDA,H1,16:30,,,,
15/05/2026,LA HEDIONDA,Salida,N,2,HEDIONDA,H2,07:15,,,,
15/05/2026,LA HEDIONDA,Salida,N,2,HEDIONDA,H3,19:15,,,,
15/05/2026,LA HEDIONDA,Salida,N,3,LAS ESPERANZAS,H1,16:50,,,,
15/05/2026,LA HEDIONDA,Salida,N,3,LAS ESPERANZAS,H2,07:35,,,,
15/05/2026,LA HEDIONDA,Salida,N,3,LAS ESPERANZAS,H3,19:35,,,,
15/05/2026,LA SAUCEDA,Entrada,N,1,LA SAUCEDA,H1,04:00,04:03,-3,1,0
15/05/2026,LA SAUCEDA,Entrada,N,1,LA SAUCEDA,H2,16:00,,,,
15/05/2026,LA SAUCEDA,Entrada,N,1,LA SAUCEDA,H3,19:30,,,,
15/05/2026,LA SAUCEDA,Entrada,N,1,LA SAUCEDA,H4,20:00,,,,
15/05/2026,LA SAUCEDA,Entrada,N,2,HIPOLITO,H1,04:15,04:19,-4,1,0
15/05/2026,LA SAUCEDA,Entrada,N,2,HIPOLITO,H2,16:15,,,,
15/05/2026,LA SAUCEDA,Entrada,N,2,HIPOLITO,H3,19:45,,,,
15/05/2026,LA SAUCEDA,Entrada,N,2,HIPOLITO,H4,20:15,,,,
15/05/2026,LA SAUCEDA,Entrada,N,3,SAN ANTONIO DEL JARAL,H1,04:32,04:42,-10,1,0
15/05/2026,LA SAUCEDA,Entrada,N,3,SAN ANTONIO DEL JARAL,H2,16:32,,,,
15/05/2026,LA SAUCEDA,Entrada,N,3,SAN ANTONIO DEL JARAL,H3,20:02,,,,
15/05/2026,LA SAUCEDA,Entrada,N,3,SAN ANTONIO DEL JARAL,H4,20:32,,,,
15/05/2026,LA SAUCEDA,Entrada,N,4,CASETA DE PLAN DE AYALA,H1,04:50,04:59,-9,1,0
15/05/2026,LA SAUCEDA,Entrada,N,4,CASETA DE PLAN DE AYALA,H2,16:50,,,,
15/05/2026,LA SAUCEDA,Entrada,N,4,CASETA DE PLAN DE AYALA,H3,20:20,,,,
15/05/2026,LA SAUCEDA,Entrada,N,4,CASETA DE PLAN DE AYALA,H4,20:42,,,,
15/05/2026,LA SAUCEDA,Entrada,N,5,METALSA,H1,05:50,05:42,8,1,0
15/05/2026,LA SAUCEDA,Entrada,N,5,METALSA,H2,17:50,,,,
15/05/2026,LA SAUCEDA,Entrada,N,5,METALSA,H3,21:20,,,,
15/05/2026,LA SAUCEDA,Entrada,N,5,METALSA,H4,21:50,,,,
15/05/2026,LA SAUCEDA,Salida,N,1,METALSA,H1,06:15,06:17,-2,1,0
15/05/2026,LA SAUCEDA,Salida,N,1,METALSA,H2,15:30,,,,
15/05/2026,LA SAUCEDA,Salida,N,1,METALSA,H3,18:15,,,,
15/05/2026,LA SAUCEDA,Salida,N,2,CASETA DE PLAN DE AYALA,H1,07:15,,,,
15/05/2026,LA SAUCEDA,Salida,N,2,CASETA DE PLAN DE AYALA,H2,16:30,,,,
15/05/2026,LA SAUCEDA,Salida,N,2,CASETA DE PLAN DE AYALA,H3,19:15,,,,
15/05/2026,LA SAUCEDA,Salida,N,3,SAN ANTONIO DEL JARAL,H1,07:33,,,,
15/05/2026,LA SAUCEDA,Salida,N,3,SAN ANTONIO DEL JARAL,H2,16:48,,,,
15/05/2026,LA SAUCEDA,Salida,N,3,SAN ANTONIO DEL JARAL,H3,19:33,,,,
15/05/2026,LA SAUCEDA,Salida,N,4,HIPOLITO,H1,07:50,,,,
15/05/2026,LA SAUCEDA,Salida,N,4,HIPOLITO,H2,17:05,,,,
15/05/2026,LA SAUCEDA,Salida,N,4,HIPOLITO,H3,19:50,,,,
15/05/2026,LA SAUCEDA,Salida,N,5,LA SAUCEDA,H1,08:05,,,,
15/05/2026,LA SAUCEDA,Salida,N,5,LA SAUCEDA,H2,17:20,,,,
15/05/2026,LA SAUCEDA,Salida,N,5,LA SAUCEDA,H3,20:05,,,,
15/05/2026,LOMA LINDA - URDIÑOLA,Entrada,N,1,MEZQUITE Y GORDOLOBO,H1,04:05,04:20,-15,1,0
15/05/2026,LOMA LINDA - URDIÑOLA,Entrada,N,1,MEZQUITE Y GORDOLOBO,H2,16:05,16:17,-12,1,0
15/05/2026,LOMA LINDA - URDIÑOLA,Entrada,N,1,MEZQUITE Y GORDOLOBO,H3,19:35,,,,
15/05/2026,LOMA LINDA - URDIÑOLA,Entrada,N,1,MEZQUITE Y GORDOLOBO,H4,20:05,,,,
15/05/2026,LOMA LINDA - URDIÑOLA,Entrada,N,2,MEZQUITE Y NUECES,H1,04:10,04:14,-4,1,0
15/05/2026,LOMA LINDA - URDIÑOLA,Entrada,N,2,MEZQUITE Y NUECES,H2,16:10,16:12,-2,1,0
15/05/2026,LOMA LINDA - URDIÑOLA,Entrada,N,2,MEZQUITE Y NUECES,H3,19:40,,,,
15/05/2026,LOMA LINDA - URDIÑOLA,Entrada,N,2,MEZQUITE Y NUECES,H4,20:10,,,,
15/05/2026,LOMA LINDA - URDIÑOLA,Entrada,N,3,BLVD SANTA LUCIA Y CALLE 7,H1,04:20,04:21,-1,1,0
15/05/2026,LOMA LINDA - URDIÑOLA,Entrada,N,3,BLVD SANTA LUCIA Y CALLE 7,H2,16:20,16:20,0,1,0
15/05/2026,LOMA LINDA - URDIÑOLA,Entrada,N,3,BLVD SANTA LUCIA Y CALLE 7,H3,19:50,,,,
15/05/2026,LOMA LINDA - URDIÑOLA,Entrada,N,3,BLVD SANTA LUCIA Y CALLE 7,H4,20:20,,,,
15/05/2026,LOMA LINDA - URDIÑOLA,Entrada,N,4,BLVD VALDES SANCHEZ Y (PLANTA LEAR),H1,04:30,04:32,-2,1,0
15/05/2026,LOMA LINDA - URDIÑOLA,Entrada,N,4,BLVD VALDES SANCHEZ Y (PLANTA LEAR),H2,16:30,16:35,-5,1,0
15/05/2026,LOMA LINDA - URDIÑOLA,Entrada,N,4,BLVD VALDES SANCHEZ Y (PLANTA LEAR),H3,20:00,,,,
15/05/2026,LOMA LINDA - URDIÑOLA,Entrada,N,4,BLVD VALDES SANCHEZ Y (PLANTA LEAR),H4,20:30,,,,
15/05/2026,LOMA LINDA - URDIÑOLA,Entrada,N,5,STA. GERTRUDIS Y STA. CECILIA (DEL ACUEDUCTO),H1,04:32,04:29,3,1,0
15/05/2026,LOMA LINDA - URDIÑOLA,Entrada,N,5,STA. GERTRUDIS Y STA. CECILIA (DEL ACUEDUCTO),H2,16:32,16:31,1,1,0
15/05/2026,LOMA LINDA - URDIÑOLA,Entrada,N,5,STA. GERTRUDIS Y STA. CECILIA (DEL ACUEDUCTO),H3,20:02,,,,
15/05/2026,LOMA LINDA - URDIÑOLA,Entrada,N,5,STA. GERTRUDIS Y STA. CECILIA (DEL ACUEDUCTO),H4,20:32,,,,
15/05/2026,LOMA LINDA - URDIÑOLA,Entrada,N,6,DEPOSITO DE AGUA FRACC PLAZA,H1,04:35,04:37,-2,1,0
15/05/2026,LOMA LINDA - URDIÑOLA,Entrada,N,6,DEPOSITO DE AGUA FRACC PLAZA,H2,16:35,16:40,-5,1,0
15/05/2026,LOMA LINDA - URDIÑOLA,Entrada,N,6,DEPOSITO DE AGUA FRACC PLAZA,H3,20:05,,,,
15/05/2026,LOMA LINDA - URDIÑOLA,Entrada,N,6,DEPOSITO DE AGUA FRACC PLAZA,H4,20:35,,,,
15/05/2026,LOMA LINDA - URDIÑOLA,Entrada,N,7,BLVD VALDES SANCHEZ Y BLVD MINERIA,H1,04:40,04:40,0,1,0
15/05/2026,LOMA LINDA - URDIÑOLA,Entrada,N,7,BLVD VALDES SANCHEZ Y BLVD MINERIA,H2,16:40,16:44,-4,1,0
15/05/2026,LOMA LINDA - URDIÑOLA,Entrada,N,7,BLVD VALDES SANCHEZ Y BLVD MINERIA,H3,20:10,,,,
15/05/2026,LOMA LINDA - URDIÑOLA,Entrada,N,7,BLVD VALDES SANCHEZ Y BLVD MINERIA,H4,20:40,,,,
15/05/2026,LOMA LINDA - URDIÑOLA,Entrada,N,8,REFORMA Y URDIÑOLA,H1,04:50,04:49,1,1,0
15/05/2026,LOMA LINDA - URDIÑOLA,Entrada,N,8,REFORMA Y URDIÑOLA,H2,16:50,16:52,-2,1,0
15/05/2026,LOMA LINDA - URDIÑOLA,Entrada,N,8,REFORMA Y URDIÑOLA,H3,20:20,,,,
15/05/2026,LOMA LINDA - URDIÑOLA,Entrada,N,8,REFORMA Y URDIÑOLA,H4,20:50,,,,
15/05/2026,LOMA LINDA - URDIÑOLA,Entrada,N,9,PROL. URDIÑOLA Y J. MERY,H1,04:55,04:56,-1,1,0
15/05/2026,LOMA LINDA - URDIÑOLA,Entrada,N,9,PROL. URDIÑOLA Y J. MERY,H2,16:55,17:01,-6,1,0
15/05/2026,LOMA LINDA - URDIÑOLA,Entrada,N,9,PROL. URDIÑOLA Y J. MERY,H3,20:25,,,,
15/05/2026,LOMA LINDA - URDIÑOLA,Entrada,N,9,PROL. URDIÑOLA Y J. MERY,H4,20:55,,,,
15/05/2026,LOMA LINDA - URDIÑOLA,Entrada,N,10,PROL URDIÑOLA Y PERIFERICO LEA,H1,05:00,05:01,-1,1,0
15/05/2026,LOMA LINDA - URDIÑOLA,Entrada,N,10,PROL URDIÑOLA Y PERIFERICO LEA,H2,17:00,17:11,-11,1,0
15/05/2026,LOMA LINDA - URDIÑOLA,Entrada,N,10,PROL URDIÑOLA Y PERIFERICO LEA,H3,20:30,,,,
15/05/2026,LOMA LINDA - URDIÑOLA,Entrada,N,10,PROL URDIÑOLA Y PERIFERICO LEA,H4,21:00,,,,
15/05/2026,LOMA LINDA - URDIÑOLA,Entrada,N,11,BLVD ANTONIO CARDENAS Y TEODORO SANCHEZ,H1,05:10,05:14,-4,1,0
15/05/2026,LOMA LINDA - URDIÑOLA,Entrada,N,11,BLVD ANTONIO CARDENAS Y TEODORO SANCHEZ,H2,17:10,17:23,-13,1,0
15/05/2026,LOMA LINDA - URDIÑOLA,Entrada,N,11,BLVD ANTONIO CARDENAS Y TEODORO SANCHEZ,H3,20:40,,,,
15/05/2026,LOMA LINDA - URDIÑOLA,Entrada,N,11,BLVD ANTONIO CARDENAS Y TEODORO SANCHEZ,H4,21:10,,,,
15/05/2026,LOMA LINDA - URDIÑOLA,Entrada,N,12,BLVD SANTA ELENA Y GUACALI,H1,05:20,05:22,-2,1,0
15/05/2026,LOMA LINDA - URDIÑOLA,Entrada,N,12,BLVD SANTA ELENA Y GUACALI,H2,17:20,17:41,-21,1,0
15/05/2026,LOMA LINDA - URDIÑOLA,Entrada,N,12,BLVD SANTA ELENA Y GUACALI,H3,20:50,,,,
15/05/2026,LOMA LINDA - URDIÑOLA,Entrada,N,12,BLVD SANTA ELENA Y GUACALI,H4,21:20,,,,
15/05/2026,LOMA LINDA - URDIÑOLA,Entrada,N,13,CARR. SALTILLO-ZACATECAS,H1,05:25,05:26,-1,1,0
15/05/2026,LOMA LINDA - URDIÑOLA,Entrada,N,13,CARR. SALTILLO-ZACATECAS,H2,17:25,17:42,-17,1,0
15/05/2026,LOMA LINDA - URDIÑOLA,Entrada,N,13,CARR. SALTILLO-ZACATECAS,H3,20:55,,,,
15/05/2026,LOMA LINDA - URDIÑOLA,Entrada,N,13,CARR. SALTILLO-ZACATECAS,H4,21:25,,,,
15/05/2026,LOMA LINDA - URDIÑOLA,Entrada,N,14,METALSA,H1,05:50,05:44,6,1,0
15/05/2026,LOMA LINDA - URDIÑOLA,Entrada,N,14,METALSA,H2,17:50,17:56,-6,1,0
15/05/2026,LOMA LINDA - URDIÑOLA,Entrada,N,14,METALSA,H3,21:20,,,,
15/05/2026,LOMA LINDA - URDIÑOLA,Entrada,N,14,METALSA,H4,21:50,,,,
15/05/2026,LOMA LINDA - URDIÑOLA,Salida,N,1,METALSA,H1,06:15,,,,
15/05/2026,LOMA LINDA - URDIÑOLA,Salida,N,1,METALSA,H2,15:30,,,,
15/05/2026,LOMA LINDA - URDIÑOLA,Salida,N,1,METALSA,H3,18:15,18:13,2,1,0
15/05/2026,LOMA LINDA - URDIÑOLA,Salida,N,2,CARR. SALTILLO-ZACATECAS,H1,06:29,,,,
15/05/2026,LOMA LINDA - URDIÑOLA,Salida,N,2,CARR. SALTILLO-ZACATECAS,H2,15:59,,,,
15/05/2026,LOMA LINDA - URDIÑOLA,Salida,N,2,CARR. SALTILLO-ZACATECAS,H3,18:29,,,,
15/05/2026,LOMA LINDA - URDIÑOLA,Salida,N,3,BLVD SANTA ELENA Y GUACALI,H1,06:30,06:29,1,1,0
15/05/2026,LOMA LINDA - URDIÑOLA,Salida,N,3,BLVD SANTA ELENA Y GUACALI,H2,16:00,,,,
15/05/2026,LOMA LINDA - URDIÑOLA,Salida,N,3,BLVD SANTA ELENA Y GUACALI,H3,18:30,18:38,-8,1,0
15/05/2026,LOMA LINDA - URDIÑOLA,Salida,N,4,BLVD ANTONIO CARDENAS Y TEODORO SANCHEZ,H1,06:31,,,,
15/05/2026,LOMA LINDA - URDIÑOLA,Salida,N,4,BLVD ANTONIO CARDENAS Y TEODORO SANCHEZ,H2,16:01,,,,
15/05/2026,LOMA LINDA - URDIÑOLA,Salida,N,4,BLVD ANTONIO CARDENAS Y TEODORO SANCHEZ,H3,18:31,,,,
15/05/2026,LOMA LINDA - URDIÑOLA,Salida,N,5,PROL URDIÑOLA Y PERIFERICO LEA,H1,06:32,,,,
15/05/2026,LOMA LINDA - URDIÑOLA,Salida,N,5,PROL URDIÑOLA Y PERIFERICO LEA,H2,16:02,,,,
15/05/2026,LOMA LINDA - URDIÑOLA,Salida,N,5,PROL URDIÑOLA Y PERIFERICO LEA,H3,18:32,,,,
15/05/2026,LOMA LINDA - URDIÑOLA,Salida,N,6,PROL. URDIÑOLA Y J. MERY,H1,06:33,,,,
15/05/2026,LOMA LINDA - URDIÑOLA,Salida,N,6,PROL. URDIÑOLA Y J. MERY,H2,16:03,,,,
15/05/2026,LOMA LINDA - URDIÑOLA,Salida,N,6,PROL. URDIÑOLA Y J. MERY,H3,18:33,,,,
15/05/2026,LOMA LINDA - URDIÑOLA,Salida,N,7,REFORMA Y URDIÑOLA,H1,06:34,,,,
15/05/2026,LOMA LINDA - URDIÑOLA,Salida,N,7,REFORMA Y URDIÑOLA,H2,16:04,,,,
15/05/2026,LOMA LINDA - URDIÑOLA,Salida,N,7,REFORMA Y URDIÑOLA,H3,18:34,19:11,-37,1,0
15/05/2026,LOMA LINDA - URDIÑOLA,Salida,N,8,BLVD VALDES SANCHEZ Y BLVD MINERIA,H1,06:55,,,,
15/05/2026,LOMA LINDA - URDIÑOLA,Salida,N,8,BLVD VALDES SANCHEZ Y BLVD MINERIA,H2,16:10,,,,
15/05/2026,LOMA LINDA - URDIÑOLA,Salida,N,8,BLVD VALDES SANCHEZ Y BLVD MINERIA,H3,18:55,,,,
15/05/2026,LOMA LINDA - URDIÑOLA,Salida,N,9,DEPOSITO DE AGUA FRACC PLAZA,H1,07:00,,,,
15/05/2026,LOMA LINDA - URDIÑOLA,Salida,N,9,DEPOSITO DE AGUA FRACC PLAZA,H2,16:15,,,,
15/05/2026,LOMA LINDA - URDIÑOLA,Salida,N,9,DEPOSITO DE AGUA FRACC PLAZA,H3,19:00,,,,
15/05/2026,LOMA LINDA - URDIÑOLA,Salida,N,10,BLVD VALDES SANCHEZ Y (PLANTA LEAR),H1,07:05,,,,
15/05/2026,LOMA LINDA - URDIÑOLA,Salida,N,10,BLVD VALDES SANCHEZ Y (PLANTA LEAR),H2,16:20,,,,
15/05/2026,LOMA LINDA - URDIÑOLA,Salida,N,10,BLVD VALDES SANCHEZ Y (PLANTA LEAR),H3,19:05,,,,
15/05/2026,LOMA LINDA - URDIÑOLA,Salida,N,11,BLVD SANTA LUCIA Y BLVD FUNDADORES,H1,07:15,,,,
15/05/2026,LOMA LINDA - URDIÑOLA,Salida,N,11,BLVD SANTA LUCIA Y BLVD FUNDADORES,H2,16:30,,,,
15/05/2026,LOMA LINDA - URDIÑOLA,Salida,N,11,BLVD SANTA LUCIA Y BLVD FUNDADORES,H3,19:15,,,,
15/05/2026,LOMA LINDA - URDIÑOLA,Salida,N,12,BLVD SANTA LUCIA Y CALLE 7,H1,07:16,,,,
15/05/2026,LOMA LINDA - URDIÑOLA,Salida,N,12,BLVD SANTA LUCIA Y CALLE 7,H2,16:31,,,,
15/05/2026,LOMA LINDA - URDIÑOLA,Salida,N,12,BLVD SANTA LUCIA Y CALLE 7,H3,19:16,,,,
15/05/2026,LOMA LINDA - URDIÑOLA,Salida,N,13,MEZQUITE Y NUECES,H1,07:25,,,,
15/05/2026,LOMA LINDA - URDIÑOLA,Salida,N,13,MEZQUITE Y NUECES,H2,16:40,,,,
15/05/2026,LOMA LINDA - URDIÑOLA,Salida,N,13,MEZQUITE Y NUECES,H3,19:25,,,,
15/05/2026,LOMA LINDA - URDIÑOLA,Salida,N,14,MEZQUITE Y GORDOLOBO,H1,07:30,07:06,24,1,0
15/05/2026,LOMA LINDA - URDIÑOLA,Salida,N,14,MEZQUITE Y GORDOLOBO,H2,16:45,,,,
15/05/2026,LOMA LINDA - URDIÑOLA,Salida,N,14,MEZQUITE Y GORDOLOBO,H3,19:30,19:36,-6,1,0
15/05/2026,LOS HOYOS - MACUYU,Entrada,A,1,LOS HOYOS,H1,03:20,,,,
15/05/2026,LOS HOYOS - MACUYU,Entrada,A,1,LOS HOYOS,H2,15:20,,,,
15/05/2026,LOS HOYOS - MACUYU,Entrada,A,1,LOS HOYOS,H3,18:50,,,,
15/05/2026,LOS HOYOS - MACUYU,Entrada,A,1,LOS HOYOS,H4,19:20,,,,
15/05/2026,LOS HOYOS - MACUYU,Entrada,A,2,HUARICHE,H1,03:38,,,,
15/05/2026,LOS HOYOS - MACUYU,Entrada,A,2,HUARICHE,H2,15:38,,,,
15/05/2026,LOS HOYOS - MACUYU,Entrada,A,2,HUARICHE,H3,19:08,,,,
15/05/2026,LOS HOYOS - MACUYU,Entrada,A,2,HUARICHE,H4,19:38,,,,
15/05/2026,LOS HOYOS - MACUYU,Entrada,A,3,PRESA DE GUADALUPE,H1,04:08,,,,
15/05/2026,LOS HOYOS - MACUYU,Entrada,A,3,PRESA DE GUADALUPE,H2,16:08,,,,
15/05/2026,LOS HOYOS - MACUYU,Entrada,A,3,PRESA DE GUADALUPE,H3,19:38,,,,
15/05/2026,LOS HOYOS - MACUYU,Entrada,A,3,PRESA DE GUADALUPE,H4,20:08,,,,
15/05/2026,LOS HOYOS - MACUYU,Entrada,A,4,MACUYU,H1,04:14,,,,
15/05/2026,LOS HOYOS - MACUYU,Entrada,A,4,MACUYU,H2,16:14,,,,
15/05/2026,LOS HOYOS - MACUYU,Entrada,A,4,MACUYU,H3,19:44,,,,
15/05/2026,LOS HOYOS - MACUYU,Entrada,A,4,MACUYU,H4,20:14,,,,
15/05/2026,LOS HOYOS - MACUYU,Entrada,A,5,DOS DE ABRIL,H1,04:24,,,,
15/05/2026,LOS HOYOS - MACUYU,Entrada,A,5,DOS DE ABRIL,H2,16:24,,,,
15/05/2026,LOS HOYOS - MACUYU,Entrada,A,5,DOS DE ABRIL,H3,19:54,,,,
15/05/2026,LOS HOYOS - MACUYU,Entrada,A,5,DOS DE ABRIL,H4,20:24,,,,
15/05/2026,LOS HOYOS - MACUYU,Entrada,A,6,LA PAZ,H1,04:50,,,,
15/05/2026,LOS HOYOS - MACUYU,Entrada,A,6,LA PAZ,H2,16:50,,,,
15/05/2026,LOS HOYOS - MACUYU,Entrada,A,6,LA PAZ,H3,20:20,,,,
15/05/2026,LOS HOYOS - MACUYU,Entrada,A,6,LA PAZ,H4,20:50,,,,
15/05/2026,LOS HOYOS - MACUYU,Entrada,A,7,DERRAMADERO,H1,05:08,,,,
15/05/2026,LOS HOYOS - MACUYU,Entrada,A,7,DERRAMADERO,H2,17:08,,,,
15/05/2026,LOS HOYOS - MACUYU,Entrada,A,7,DERRAMADERO,H3,20:38,,,,
15/05/2026,LOS HOYOS - MACUYU,Entrada,A,7,DERRAMADERO,H4,21:08,,,,
15/05/2026,LOS HOYOS - MACUYU,Entrada,A,8,METALSA,H1,05:50,05:46,4,1,0
15/05/2026,LOS HOYOS - MACUYU,Entrada,A,8,METALSA,H2,17:50,,,,
15/05/2026,LOS HOYOS - MACUYU,Entrada,A,8,METALSA,H3,21:20,,,,
15/05/2026,LOS HOYOS - MACUYU,Entrada,A,8,METALSA,H4,21:50,,,,
15/05/2026,LOS HOYOS - MACUYU,Salida,N,1,METALSA,H1,15:30,,,,
15/05/2026,LOS HOYOS - MACUYU,Salida,N,1,METALSA,H2,06:15,06:16,-1,1,0
15/05/2026,LOS HOYOS - MACUYU,Salida,N,1,METALSA,H3,18:15,18:16,-1,1,0
15/05/2026,LOS HOYOS - MACUYU,Salida,N,2,DERRAMADERO,H1,15:41,,,,
15/05/2026,LOS HOYOS - MACUYU,Salida,N,2,DERRAMADERO,H2,06:26,06:44,-18,1,0
15/05/2026,LOS HOYOS - MACUYU,Salida,N,2,DERRAMADERO,H3,18:26,,,,
15/05/2026,LOS HOYOS - MACUYU,Salida,N,3,LA PAZ,H1,15:42,,,,
15/05/2026,LOS HOYOS - MACUYU,Salida,N,3,LA PAZ,H2,06:27,07:05,-38,1,0
15/05/2026,LOS HOYOS - MACUYU,Salida,N,3,LA PAZ,H3,18:27,19:04,-37,1,0
15/05/2026,LOS HOYOS - MACUYU,Salida,N,4,DOS DE ABRIL,H1,15:44,,,,
15/05/2026,LOS HOYOS - MACUYU,Salida,N,4,DOS DE ABRIL,H2,06:29,07:30,-61,1,0
15/05/2026,LOS HOYOS - MACUYU,Salida,N,4,DOS DE ABRIL,H3,18:29,19:30,-61,1,0
15/05/2026,LOS HOYOS - MACUYU,Salida,N,5,MACUYU,H1,15:45,,,,
15/05/2026,LOS HOYOS - MACUYU,Salida,N,5,MACUYU,H2,06:30,07:38,-68,1,0
15/05/2026,LOS HOYOS - MACUYU,Salida,N,5,MACUYU,H3,18:30,19:35,-65,1,0
15/05/2026,LOS HOYOS - MACUYU,Salida,N,6,PRESA DE GUADALUPE,H1,16:00,,,,
15/05/2026,LOS HOYOS - MACUYU,Salida,N,6,PRESA DE GUADALUPE,H2,06:31,07:47,-76,1,0
15/05/2026,LOS HOYOS - MACUYU,Salida,N,6,PRESA DE GUADALUPE,H3,18:35,19:40,-65,1,0
15/05/2026,LOS HOYOS - MACUYU,Salida,N,7,HUARICHE,H1,17:18,,,,
15/05/2026,LOS HOYOS - MACUYU,Salida,N,7,HUARICHE,H2,08:03,,,,
15/05/2026,LOS HOYOS - MACUYU,Salida,N,7,HUARICHE,H3,20:03,,,,
15/05/2026,LOS HOYOS - MACUYU,Salida,N,8,LOS HOYOS,H1,17:30,,,,
15/05/2026,LOS HOYOS - MACUYU,Salida,N,8,LOS HOYOS,H2,08:15,,,,
15/05/2026,LOS HOYOS - MACUYU,Salida,N,8,LOS HOYOS,H3,20:15,,,,
15/05/2026,OTILIO,Entrada,N,1,CALLE 23 Y CALLE 16,H1,04:25,04:25,0,1,0
15/05/2026,OTILIO,Entrada,N,1,CALLE 23 Y CALLE 16,H2,16:25,16:25,0,1,0
15/05/2026,OTILIO,Entrada,N,1,CALLE 23 Y CALLE 16,H3,19:55,,,,
15/05/2026,OTILIO,Entrada,N,1,CALLE 23 Y CALLE 16,H4,20:25,,,,
15/05/2026,OTILIO,Entrada,N,2,MARMOL Y EMILIANO ZAPATA,H1,04:27,04:32,-5,1,0
15/05/2026,OTILIO,Entrada,N,2,MARMOL Y EMILIANO ZAPATA,H2,16:27,16:31,-4,1,0
15/05/2026,OTILIO,Entrada,N,2,MARMOL Y EMILIANO ZAPATA,H3,19:57,,,,
15/05/2026,OTILIO,Entrada,N,2,MARMOL Y EMILIANO ZAPATA,H4,20:27,,,,
15/05/2026,OTILIO,Entrada,N,3,LIBERTAD Y OTILIO,H1,04:31,04:36,-5,1,0
15/05/2026,OTILIO,Entrada,N,3,LIBERTAD Y OTILIO,H2,16:31,16:35,-4,1,0
15/05/2026,OTILIO,Entrada,N,3,LIBERTAD Y OTILIO,H3,20:01,,,,
15/05/2026,OTILIO,Entrada,N,3,LIBERTAD Y OTILIO,H4,20:31,,,,
15/05/2026,OTILIO,Entrada,N,4,ONCEAVA Y ESCUADRON DE LA AVIACION,H1,04:42,04:43,-1,1,0
15/05/2026,OTILIO,Entrada,N,4,ONCEAVA Y ESCUADRON DE LA AVIACION,H2,16:42,16:44,-2,1,0
15/05/2026,OTILIO,Entrada,N,4,ONCEAVA Y ESCUADRON DE LA AVIACION,H3,20:12,,,,
15/05/2026,OTILIO,Entrada,N,4,ONCEAVA Y ESCUADRON DE LA AVIACION,H4,20:42,,,,
15/05/2026,OTILIO,Entrada,N,5,BLVD JUAREZ Y MIGUEL HIDALGO,H1,04:52,04:53,-1,1,0
15/05/2026,OTILIO,Entrada,N,5,BLVD JUAREZ Y MIGUEL HIDALGO,H2,16:52,16:54,-2,1,0
15/05/2026,OTILIO,Entrada,N,5,BLVD JUAREZ Y MIGUEL HIDALGO,H3,20:22,,,,
15/05/2026,OTILIO,Entrada,N,5,BLVD JUAREZ Y MIGUEL HIDALGO,H4,20:52,,,,
15/05/2026,OTILIO,Entrada,N,6,IGNACIO ALLENDE Y CALLE 13,H1,04:58,04:57,1,1,0
15/05/2026,OTILIO,Entrada,N,6,IGNACIO ALLENDE Y CALLE 13,H2,16:58,16:58,0,1,0
15/05/2026,OTILIO,Entrada,N,6,IGNACIO ALLENDE Y CALLE 13,H3,20:28,,,,
15/05/2026,OTILIO,Entrada,N,6,IGNACIO ALLENDE Y CALLE 13,H4,20:58,,,,
15/05/2026,OTILIO,Entrada,N,7,LOMAS DE LOURDES Y LUIS PASTEUR,H1,05:06,05:04,2,1,0
15/05/2026,OTILIO,Entrada,N,7,LOMAS DE LOURDES Y LUIS PASTEUR,H2,17:06,17:05,1,1,0
15/05/2026,OTILIO,Entrada,N,7,LOMAS DE LOURDES Y LUIS PASTEUR,H3,20:36,,,,
15/05/2026,OTILIO,Entrada,N,7,LOMAS DE LOURDES Y LUIS PASTEUR,H4,21:06,,,,
15/05/2026,OTILIO,Entrada,N,8,CARR. SALTILLO-ZACATECAS,H1,05:15,,,,
15/05/2026,OTILIO,Entrada,N,8,CARR. SALTILLO-ZACATECAS,H2,17:15,,,,
15/05/2026,OTILIO,Entrada,N,8,CARR. SALTILLO-ZACATECAS,H3,20:45,,,,
15/05/2026,OTILIO,Entrada,N,8,CARR. SALTILLO-ZACATECAS,H4,21:15,,,,
15/05/2026,OTILIO,Entrada,N,9,METALSA,H1,05:50,05:36,14,1,0
15/05/2026,OTILIO,Entrada,N,9,METALSA,H2,17:50,17:29,21,1,0
15/05/2026,OTILIO,Entrada,N,9,METALSA,H3,21:20,,,,
15/05/2026,OTILIO,Entrada,N,9,METALSA,H4,21:50,,,,
15/05/2026,OTILIO,Salida,N,1,METALSA,H1,06:15,,,,
15/05/2026,OTILIO,Salida,N,1,METALSA,H2,15:30,,,,
15/05/2026,OTILIO,Salida,N,1,METALSA,H3,18:15,,,,
15/05/2026,OTILIO,Salida,N,2,CARR. SALTILLO-ZACATECAS,H1,06:50,,,,
15/05/2026,OTILIO,Salida,N,2,CARR. SALTILLO-ZACATECAS,H2,16:05,,,,
15/05/2026,OTILIO,Salida,N,2,CARR. SALTILLO-ZACATECAS,H3,18:50,,,,
15/05/2026,OTILIO,Salida,N,3,LOMAS DE LOURDES Y LUIS PASTEUR,H1,06:59,,,,
15/05/2026,OTILIO,Salida,N,3,LOMAS DE LOURDES Y LUIS PASTEUR,H2,16:14,,,,
15/05/2026,OTILIO,Salida,N,3,LOMAS DE LOURDES Y LUIS PASTEUR,H3,18:59,,,,
15/05/2026,OTILIO,Salida,N,4,IGNACIO ALLENDE Y CALLE 13,H1,07:07,,,,
15/05/2026,OTILIO,Salida,N,4,IGNACIO ALLENDE Y CALLE 13,H2,16:22,,,,
15/05/2026,OTILIO,Salida,N,4,IGNACIO ALLENDE Y CALLE 13,H3,19:07,,,,
15/05/2026,OTILIO,Salida,N,5,BLVD JUAREZ Y MIGUEL HIDALGO,H1,07:13,,,,
15/05/2026,OTILIO,Salida,N,5,BLVD JUAREZ Y MIGUEL HIDALGO,H2,16:28,,,,
15/05/2026,OTILIO,Salida,N,5,BLVD JUAREZ Y MIGUEL HIDALGO,H3,19:13,,,,
15/05/2026,OTILIO,Salida,N,6,ONCEAVA Y ESCUADRON DE LA AVIACION,H1,07:23,,,,
15/05/2026,OTILIO,Salida,N,6,ONCEAVA Y ESCUADRON DE LA AVIACION,H2,16:38,,,,
15/05/2026,OTILIO,Salida,N,6,ONCEAVA Y ESCUADRON DE LA AVIACION,H3,19:23,,,,
15/05/2026,OTILIO,Salida,N,7,LIBERTAD Y OTILIO,H1,07:34,,,,
15/05/2026,OTILIO,Salida,N,7,LIBERTAD Y OTILIO,H2,16:49,,,,
15/05/2026,OTILIO,Salida,N,7,LIBERTAD Y OTILIO,H3,19:34,,,,
15/05/2026,OTILIO,Salida,N,8,MARMOL Y EMILIANO ZAPATA,H1,07:38,,,,
15/05/2026,OTILIO,Salida,N,8,MARMOL Y EMILIANO ZAPATA,H2,16:53,,,,
15/05/2026,OTILIO,Salida,N,8,MARMOL Y EMILIANO ZAPATA,H3,19:38,,,,
15/05/2026,OTILIO,Salida,N,9,CALLE 23 Y CALLE 16,H1,07:40,,,,
15/05/2026,OTILIO,Salida,N,9,CALLE 23 Y CALLE 16,H2,16:55,,,,
15/05/2026,OTILIO,Salida,N,9,CALLE 23 Y CALLE 16,H3,19:40,,,,
15/05/2026,PARRAS CASETA,Entrada,A,1,RAMOS ARIZPE (PLAZA DEL RELOJ),H1,18:30,,,,
15/05/2026,PARRAS CASETA,Entrada,A,1,RAMOS ARIZPE (PLAZA DEL RELOJ),H2,03:00,,,,
15/05/2026,PARRAS CASETA,Entrada,A,1,RAMOS ARIZPE (PLAZA DEL RELOJ),H3,15:00,,,,
15/05/2026,PARRAS CASETA,Entrada,A,1,RAMOS ARIZPE (PLAZA DEL RELOJ),H4,19:00,,,,
15/05/2026,PARRAS CASETA,Entrada,A,2,HEROICO COLEGIO MILITAR Y MELCHOR OCAMPO (ALAMEDA),H1,18:32,,,,
15/05/2026,PARRAS CASETA,Entrada,A,2,HEROICO COLEGIO MILITAR Y MELCHOR OCAMPO (ALAMEDA),H2,03:02,,,,
15/05/2026,PARRAS CASETA,Entrada,A,2,HEROICO COLEGIO MILITAR Y MELCHOR OCAMPO (ALAMEDA),H3,15:02,,,,
15/05/2026,PARRAS CASETA,Entrada,A,2,HEROICO COLEGIO MILITAR Y MELCHOR OCAMPO (ALAMEDA),H4,19:02,,,,
15/05/2026,PARRAS CASETA,Entrada,A,3,FALCON Y FCO SARABIA (TORTILLERIA 4 CAMINO),H1,18:40,,,,
15/05/2026,PARRAS CASETA,Entrada,A,3,FALCON Y FCO SARABIA (TORTILLERIA 4 CAMINO),H2,03:10,,,,
15/05/2026,PARRAS CASETA,Entrada,A,3,FALCON Y FCO SARABIA (TORTILLERIA 4 CAMINO),H3,15:10,,,,
15/05/2026,PARRAS CASETA,Entrada,A,3,FALCON Y FCO SARABIA (TORTILLERIA 4 CAMINO),H4,19:10,,,,
15/05/2026,PARRAS CASETA,Entrada,A,4,OSCAR FLORES TAPIA y JAVIER MINA,H1,18:45,,,,
15/05/2026,PARRAS CASETA,Entrada,A,4,OSCAR FLORES TAPIA y JAVIER MINA,H2,03:15,,,,
15/05/2026,PARRAS CASETA,Entrada,A,4,OSCAR FLORES TAPIA y JAVIER MINA,H3,15:15,,,,
15/05/2026,PARRAS CASETA,Entrada,A,4,OSCAR FLORES TAPIA y JAVIER MINA,H4,19:15,,,,
15/05/2026,PARRAS CASETA,Entrada,A,5,CALZADA DEL MARQUEZ (OXXO GAS),H1,18:50,,,,
15/05/2026,PARRAS CASETA,Entrada,A,5,CALZADA DEL MARQUEZ (OXXO GAS),H2,03:20,,,,
15/05/2026,PARRAS CASETA,Entrada,A,5,CALZADA DEL MARQUEZ (OXXO GAS),H3,15:20,,,,
15/05/2026,PARRAS CASETA,Entrada,A,5,CALZADA DEL MARQUEZ (OXXO GAS),H4,19:20,,,,
15/05/2026,PARRAS CASETA,Entrada,A,6,16 DE SEPTIEMBRE (FABRICA DICKIES),H1,18:57,,,,
15/05/2026,PARRAS CASETA,Entrada,A,6,16 DE SEPTIEMBRE (FABRICA DICKIES),H2,03:27,,,,
15/05/2026,PARRAS CASETA,Entrada,A,6,16 DE SEPTIEMBRE (FABRICA DICKIES),H3,15:27,,,,
15/05/2026,PARRAS CASETA,Entrada,A,6,16 DE SEPTIEMBRE (FABRICA DICKIES),H4,19:27,,,,
15/05/2026,PARRAS CASETA,Entrada,A,7,EJIDO 28 AGOSTO,H1,19:25,,,,
15/05/2026,PARRAS CASETA,Entrada,A,7,EJIDO 28 AGOSTO,H2,03:55,,,,
15/05/2026,PARRAS CASETA,Entrada,A,7,EJIDO 28 AGOSTO,H3,15:55,,,,
15/05/2026,PARRAS CASETA,Entrada,A,7,EJIDO 28 AGOSTO,H4,19:55,,,,
15/05/2026,PARRAS CASETA,Entrada,A,8,KM 42,H1,19:45,,,,
15/05/2026,PARRAS CASETA,Entrada,A,8,KM 42,H2,04:15,,,,
15/05/2026,PARRAS CASETA,Entrada,A,8,KM 42,H3,16:15,,,,
15/05/2026,PARRAS CASETA,Entrada,A,8,KM 42,H4,20:15,,,,
15/05/2026,PARRAS CASETA,Entrada,A,9,EJIDO JALPA,H1,19:50,,,,
15/05/2026,PARRAS CASETA,Entrada,A,9,EJIDO JALPA,H2,04:20,,,,
15/05/2026,PARRAS CASETA,Entrada,A,9,EJIDO JALPA,H3,16:20,,,,
15/05/2026,PARRAS CASETA,Entrada,A,9,EJIDO JALPA,H4,20:20,,,,
15/05/2026,PARRAS CASETA,Entrada,A,10,METALSA,H1,21:20,,,,
15/05/2026,PARRAS CASETA,Entrada,A,10,METALSA,H2,05:50,,,,
15/05/2026,PARRAS CASETA,Entrada,A,10,METALSA,H3,17:50,,,,
15/05/2026,PARRAS CASETA,Entrada,A,10,METALSA,H4,21:50,,,,
15/05/2026,PARRAS CASETA,Salida,N,1,METALSA,H1,15:30,,,,
15/05/2026,PARRAS CASETA,Salida,N,1,METALSA,H2,06:15,06:19,-4,1,0
15/05/2026,PARRAS CASETA,Salida,N,1,METALSA,H3,18:15,,,,
15/05/2026,PARRAS CASETA,Salida,N,2,EJIDO PAILA,H1,15:45,,,,
15/05/2026,PARRAS CASETA,Salida,N,2,EJIDO PAILA,H2,06:30,,,,
15/05/2026,PARRAS CASETA,Salida,N,2,EJIDO PAILA,H3,18:30,,,,
15/05/2026,PARRAS CASETA,Salida,N,3,KM 42,H1,15:50,,,,
15/05/2026,PARRAS CASETA,Salida,N,3,KM 42,H2,06:35,,,,
15/05/2026,PARRAS CASETA,Salida,N,3,KM 42,H3,18:35,,,,
15/05/2026,PARRAS CASETA,Salida,N,4,EJIDO 28 AGOSTO,H1,17:10,,,,
15/05/2026,PARRAS CASETA,Salida,N,4,EJIDO 28 AGOSTO,H2,07:55,,,,
15/05/2026,PARRAS CASETA,Salida,N,4,EJIDO 28 AGOSTO,H3,19:55,,,,
15/05/2026,PARRAS CASETA,Salida,N,5,16 DE SEPTIEMBRE (FABRICA DICKIES),H1,17:45,,,,
15/05/2026,PARRAS CASETA,Salida,N,5,16 DE SEPTIEMBRE (FABRICA DICKIES),H2,08:30,,,,
15/05/2026,PARRAS CASETA,Salida,N,5,16 DE SEPTIEMBRE (FABRICA DICKIES),H3,20:30,,,,
15/05/2026,PARRAS CASETA,Salida,N,6,CALZADA DEL MARQUEZ (OXXO GAS),H1,17:55,,,,
15/05/2026,PARRAS CASETA,Salida,N,6,CALZADA DEL MARQUEZ (OXXO GAS),H2,08:40,,,,
15/05/2026,PARRAS CASETA,Salida,N,6,CALZADA DEL MARQUEZ (OXXO GAS),H3,20:40,20:34,6,1,0
15/05/2026,PARRAS CASETA,Salida,N,7,OSCAR FLORES TAPIA y JAVIER MINA,H1,18:00,,,,
15/05/2026,PARRAS CASETA,Salida,N,7,OSCAR FLORES TAPIA y JAVIER MINA,H2,08:45,,,,
15/05/2026,PARRAS CASETA,Salida,N,7,OSCAR FLORES TAPIA y JAVIER MINA,H3,20:45,20:41,4,1,0
15/05/2026,PARRAS CASETA,Salida,N,8,FALCON Y FCO SARABIA (TORTILLERIA 4 CAMINO),H1,18:05,,,,
15/05/2026,PARRAS CASETA,Salida,N,8,FALCON Y FCO SARABIA (TORTILLERIA 4 CAMINO),H2,08:50,,,,
15/05/2026,PARRAS CASETA,Salida,N,8,FALCON Y FCO SARABIA (TORTILLERIA 4 CAMINO),H3,20:50,,,,
15/05/2026,PARRAS CASETA,Salida,N,9,HEROICO COLEGIO MILITAR Y MELCHOR OCAMPO (ALAMEDA),H1,18:18,,,,
15/05/2026,PARRAS CASETA,Salida,N,9,HEROICO COLEGIO MILITAR Y MELCHOR OCAMPO (ALAMEDA),H2,09:03,08:40,23,1,0
15/05/2026,PARRAS CASETA,Salida,N,9,HEROICO COLEGIO MILITAR Y MELCHOR OCAMPO (ALAMEDA),H3,21:03,,,,
15/05/2026,PARRAS CASETA,Salida,N,10,RAMOS ARIZPE (PLAZA DEL RELOJ),H1,18:20,,,,
15/05/2026,PARRAS CASETA,Salida,N,10,RAMOS ARIZPE (PLAZA DEL RELOJ),H2,09:05,,,,
15/05/2026,PARRAS CASETA,Salida,N,10,RAMOS ARIZPE (PLAZA DEL RELOJ),H3,21:05,,,,
15/05/2026,PARRAS LIBRE,Entrada,A,1,TACUBATA Y FRANCISCO I MADERO,H1,18:30,,,,
15/05/2026,PARRAS LIBRE,Entrada,A,1,TACUBATA Y FRANCISCO I MADERO,H2,03:00,,,,
15/05/2026,PARRAS LIBRE,Entrada,A,1,TACUBATA Y FRANCISCO I MADERO,H3,03:00,,,,
15/05/2026,PARRAS LIBRE,Entrada,A,1,TACUBATA Y FRANCISCO I MADERO,H4,15:00,,,,
15/05/2026,PARRAS LIBRE,Entrada,A,1,TACUBATA Y FRANCISCO I MADERO,H5,15:00,,,,
15/05/2026,PARRAS LIBRE,Entrada,A,1,TACUBATA Y FRANCISCO I MADERO,H6,19:05,,,,
15/05/2026,PARRAS LIBRE,Entrada,A,2,SANTA CATARINA Y VIESCA,H1,18:36,,,,
15/05/2026,PARRAS LIBRE,Entrada,A,2,SANTA CATARINA Y VIESCA,H2,03:06,,,,
15/05/2026,PARRAS LIBRE,Entrada,A,2,SANTA CATARINA Y VIESCA,H3,03:06,,,,
15/05/2026,PARRAS LIBRE,Entrada,A,2,SANTA CATARINA Y VIESCA,H4,15:06,,,,
15/05/2026,PARRAS LIBRE,Entrada,A,2,SANTA CATARINA Y VIESCA,H5,15:06,,,,
15/05/2026,PARRAS LIBRE,Entrada,A,2,SANTA CATARINA Y VIESCA,H6,19:09,,,,
15/05/2026,PARRAS LIBRE,Entrada,A,3,MANUEL ZAVALA Y MAR DE GALILEA,H1,18:50,,,,
15/05/2026,PARRAS LIBRE,Entrada,A,3,MANUEL ZAVALA Y MAR DE GALILEA,H2,03:20,,,,
15/05/2026,PARRAS LIBRE,Entrada,A,3,MANUEL ZAVALA Y MAR DE GALILEA,H3,03:20,,,,
15/05/2026,PARRAS LIBRE,Entrada,A,3,MANUEL ZAVALA Y MAR DE GALILEA,H4,15:20,,,,
15/05/2026,PARRAS LIBRE,Entrada,A,3,MANUEL ZAVALA Y MAR DE GALILEA,H5,15:20,,,,
15/05/2026,PARRAS LIBRE,Entrada,A,3,MANUEL ZAVALA Y MAR DE GALILEA,H6,19:11,,,,
15/05/2026,PARRAS LIBRE,Entrada,A,4,GENERAL CEPEDA Y RAMOS ARIZPE,H1,18:55,,,,
15/05/2026,PARRAS LIBRE,Entrada,A,4,GENERAL CEPEDA Y RAMOS ARIZPE,H2,03:25,,,,
15/05/2026,PARRAS LIBRE,Entrada,A,4,GENERAL CEPEDA Y RAMOS ARIZPE,H3,03:25,,,,
15/05/2026,PARRAS LIBRE,Entrada,A,4,GENERAL CEPEDA Y RAMOS ARIZPE,H4,15:25,,,,
15/05/2026,PARRAS LIBRE,Entrada,A,4,GENERAL CEPEDA Y RAMOS ARIZPE,H5,15:25,,,,
15/05/2026,PARRAS LIBRE,Entrada,A,4,GENERAL CEPEDA Y RAMOS ARIZPE,H6,19:14,,,,
15/05/2026,PARRAS LIBRE,Entrada,A,5,GENERAL CEPEDA Y COLIMA,H1,19:03,,,,
15/05/2026,PARRAS LIBRE,Entrada,A,5,GENERAL CEPEDA Y COLIMA,H2,03:33,,,,
15/05/2026,PARRAS LIBRE,Entrada,A,5,GENERAL CEPEDA Y COLIMA,H3,03:33,,,,
15/05/2026,PARRAS LIBRE,Entrada,A,5,GENERAL CEPEDA Y COLIMA,H4,15:33,,,,
15/05/2026,PARRAS LIBRE,Entrada,A,5,GENERAL CEPEDA Y COLIMA,H5,15:33,,,,
15/05/2026,PARRAS LIBRE,Entrada,A,5,GENERAL CEPEDA Y COLIMA,H6,19:15,,,,
15/05/2026,PARRAS LIBRE,Entrada,A,6,CAMINO GRAL. CEPEDA Y EJIDO PARRAS,H1,19:05,,,,
15/05/2026,PARRAS LIBRE,Entrada,A,6,CAMINO GRAL. CEPEDA Y EJIDO PARRAS,H2,03:35,,,,
15/05/2026,PARRAS LIBRE,Entrada,A,6,CAMINO GRAL. CEPEDA Y EJIDO PARRAS,H3,03:35,,,,
15/05/2026,PARRAS LIBRE,Entrada,A,6,CAMINO GRAL. CEPEDA Y EJIDO PARRAS,H4,15:35,,,,
15/05/2026,PARRAS LIBRE,Entrada,A,6,CAMINO GRAL. CEPEDA Y EJIDO PARRAS,H5,15:35,,,,
15/05/2026,PARRAS LIBRE,Entrada,A,6,CAMINO GRAL. CEPEDA Y EJIDO PARRAS,H6,19:17,,,,
15/05/2026,PARRAS LIBRE,Entrada,A,7,METALSA,H1,21:20,,,,
15/05/2026,PARRAS LIBRE,Entrada,A,7,METALSA,H2,05:50,,,,
15/05/2026,PARRAS LIBRE,Entrada,A,7,METALSA,H3,05:50,,,,
15/05/2026,PARRAS LIBRE,Entrada,A,7,METALSA,H4,17:50,,,,
15/05/2026,PARRAS LIBRE,Entrada,A,7,METALSA,H5,17:50,,,,
15/05/2026,PARRAS LIBRE,Entrada,A,7,METALSA,H6,21:50,,,,
15/05/2026,PARRAS LIBRE,Salida,N,1,METALSA,H1,15:30,,,,
15/05/2026,PARRAS LIBRE,Salida,N,1,METALSA,H2,06:15,,,,
15/05/2026,PARRAS LIBRE,Salida,N,1,METALSA,H3,06:15,,,,
15/05/2026,PARRAS LIBRE,Salida,N,1,METALSA,H4,18:15,,,,
15/05/2026,PARRAS LIBRE,Salida,N,1,METALSA,H5,18:15,,,,
15/05/2026,PARRAS LIBRE,Salida,N,2,CAMINO GRAL. CEPEDA Y EJIDO PARRAS,H1,17:45,,,,
15/05/2026,PARRAS LIBRE,Salida,N,2,CAMINO GRAL. CEPEDA Y EJIDO PARRAS,H2,08:30,,,,
15/05/2026,PARRAS LIBRE,Salida,N,2,CAMINO GRAL. CEPEDA Y EJIDO PARRAS,H3,08:30,,,,
15/05/2026,PARRAS LIBRE,Salida,N,2,CAMINO GRAL. CEPEDA Y EJIDO PARRAS,H4,20:30,,,,
15/05/2026,PARRAS LIBRE,Salida,N,2,CAMINO GRAL. CEPEDA Y EJIDO PARRAS,H5,20:30,,,,
15/05/2026,PARRAS LIBRE,Salida,N,3,GENERAL CEPEDA Y COLIMA,H1,17:47,,,,
15/05/2026,PARRAS LIBRE,Salida,N,3,GENERAL CEPEDA Y COLIMA,H2,08:32,,,,
15/05/2026,PARRAS LIBRE,Salida,N,3,GENERAL CEPEDA Y COLIMA,H3,08:32,,,,
15/05/2026,PARRAS LIBRE,Salida,N,3,GENERAL CEPEDA Y COLIMA,H4,20:32,,,,
15/05/2026,PARRAS LIBRE,Salida,N,3,GENERAL CEPEDA Y COLIMA,H5,20:32,,,,
15/05/2026,PARRAS LIBRE,Salida,N,4,GENERAL CEPEDA Y RAMOS ARIZPE,H1,17:55,,,,
15/05/2026,PARRAS LIBRE,Salida,N,4,GENERAL CEPEDA Y RAMOS ARIZPE,H2,08:40,,,,
15/05/2026,PARRAS LIBRE,Salida,N,4,GENERAL CEPEDA Y RAMOS ARIZPE,H3,08:40,,,,
15/05/2026,PARRAS LIBRE,Salida,N,4,GENERAL CEPEDA Y RAMOS ARIZPE,H4,20:40,,,,
15/05/2026,PARRAS LIBRE,Salida,N,4,GENERAL CEPEDA Y RAMOS ARIZPE,H5,20:40,,,,
15/05/2026,PARRAS LIBRE,Salida,N,5,MANUEL ZAVALA Y MAR DE GALILEA,H1,18:00,,,,
15/05/2026,PARRAS LIBRE,Salida,N,5,MANUEL ZAVALA Y MAR DE GALILEA,H2,08:45,,,,
15/05/2026,PARRAS LIBRE,Salida,N,5,MANUEL ZAVALA Y MAR DE GALILEA,H3,08:45,,,,
15/05/2026,PARRAS LIBRE,Salida,N,5,MANUEL ZAVALA Y MAR DE GALILEA,H4,20:45,,,,
15/05/2026,PARRAS LIBRE,Salida,N,5,MANUEL ZAVALA Y MAR DE GALILEA,H5,20:45,,,,
15/05/2026,PARRAS LIBRE,Salida,N,6,SANTA CATARINA Y VIESCA,H1,18:14,,,,
15/05/2026,PARRAS LIBRE,Salida,N,6,SANTA CATARINA Y VIESCA,H2,08:59,,,,
15/05/2026,PARRAS LIBRE,Salida,N,6,SANTA CATARINA Y VIESCA,H3,08:59,,,,
15/05/2026,PARRAS LIBRE,Salida,N,6,SANTA CATARINA Y VIESCA,H4,20:59,,,,
15/05/2026,PARRAS LIBRE,Salida,N,6,SANTA CATARINA Y VIESCA,H5,20:59,,,,
15/05/2026,PARRAS LIBRE,Salida,N,7,TACUBATA Y FRANCISCO I MADERO,H1,18:20,,,,
15/05/2026,PARRAS LIBRE,Salida,N,7,TACUBATA Y FRANCISCO I MADERO,H2,09:05,,,,
15/05/2026,PARRAS LIBRE,Salida,N,7,TACUBATA Y FRANCISCO I MADERO,H3,09:05,,,,
15/05/2026,PARRAS LIBRE,Salida,N,7,TACUBATA Y FRANCISCO I MADERO,H4,21:05,,,,
15/05/2026,PARRAS LIBRE,Salida,N,7,TACUBATA Y FRANCISCO I MADERO,H5,21:05,,,,
15/05/2026,PORVENIR - GENERAL CEPEDA,Entrada,A,1,PORVENIR,H1,03:45,,,,
15/05/2026,PORVENIR - GENERAL CEPEDA,Entrada,A,1,PORVENIR,H2,15:45,,,,
15/05/2026,PORVENIR - GENERAL CEPEDA,Entrada,A,1,PORVENIR,H3,19:15,,,,
15/05/2026,PORVENIR - GENERAL CEPEDA,Entrada,A,1,PORVENIR,H4,19:45,,,,
15/05/2026,PORVENIR - GENERAL CEPEDA,Entrada,A,2,GUELATAO,H1,03:50,,,,
15/05/2026,PORVENIR - GENERAL CEPEDA,Entrada,A,2,GUELATAO,H2,15:50,,,,
15/05/2026,PORVENIR - GENERAL CEPEDA,Entrada,A,2,GUELATAO,H3,19:20,,,,
15/05/2026,PORVENIR - GENERAL CEPEDA,Entrada,A,2,GUELATAO,H4,19:50,,,,
15/05/2026,PORVENIR - GENERAL CEPEDA,Entrada,A,3,BLVD; DIANA LAURA,H1,04:06,,,,
15/05/2026,PORVENIR - GENERAL CEPEDA,Entrada,A,3,BLVD; DIANA LAURA,H2,16:06,,,,
15/05/2026,PORVENIR - GENERAL CEPEDA,Entrada,A,3,BLVD; DIANA LAURA,H3,19:36,,,,
15/05/2026,PORVENIR - GENERAL CEPEDA,Entrada,A,3,BLVD; DIANA LAURA,H4,20:06,,,,
15/05/2026,PORVENIR - GENERAL CEPEDA,Entrada,A,4,MARIANO MATAMOROS,H1,04:09,,,,
15/05/2026,PORVENIR - GENERAL CEPEDA,Entrada,A,4,MARIANO MATAMOROS,H2,16:09,,,,
15/05/2026,PORVENIR - GENERAL CEPEDA,Entrada,A,4,MARIANO MATAMOROS,H3,19:39,,,,
15/05/2026,PORVENIR - GENERAL CEPEDA,Entrada,A,4,MARIANO MATAMOROS,H4,20:09,,,,
15/05/2026,PORVENIR - GENERAL CEPEDA,Entrada,A,5,LOS PRESIDENTES,H1,04:11,,,,
15/05/2026,PORVENIR - GENERAL CEPEDA,Entrada,A,5,LOS PRESIDENTES,H2,16:11,,,,
15/05/2026,PORVENIR - GENERAL CEPEDA,Entrada,A,5,LOS PRESIDENTES,H3,19:41,,,,
15/05/2026,PORVENIR - GENERAL CEPEDA,Entrada,A,5,LOS PRESIDENTES,H4,20:11,,,,
15/05/2026,PORVENIR - GENERAL CEPEDA,Entrada,A,6,MIGUEL HIDALGO,H1,04:16,,,,
15/05/2026,PORVENIR - GENERAL CEPEDA,Entrada,A,6,MIGUEL HIDALGO,H2,16:16,,,,
15/05/2026,PORVENIR - GENERAL CEPEDA,Entrada,A,6,MIGUEL HIDALGO,H3,19:46,,,,
15/05/2026,PORVENIR - GENERAL CEPEDA,Entrada,A,6,MIGUEL HIDALGO,H4,20:16,,,,
15/05/2026,PORVENIR - GENERAL CEPEDA,Entrada,A,7,BENITO JUAREZ,H1,04:19,,,,
15/05/2026,PORVENIR - GENERAL CEPEDA,Entrada,A,7,BENITO JUAREZ,H2,16:19,,,,
15/05/2026,PORVENIR - GENERAL CEPEDA,Entrada,A,7,BENITO JUAREZ,H3,19:49,,,,
15/05/2026,PORVENIR - GENERAL CEPEDA,Entrada,A,7,BENITO JUAREZ,H4,20:19,,,,
15/05/2026,PORVENIR - GENERAL CEPEDA,Entrada,A,8,SAN JOSE,H1,04:50,,,,
15/05/2026,PORVENIR - GENERAL CEPEDA,Entrada,A,8,SAN JOSE,H2,16:50,,,,
15/05/2026,PORVENIR - GENERAL CEPEDA,Entrada,A,8,SAN JOSE,H3,20:20,,,,
15/05/2026,PORVENIR - GENERAL CEPEDA,Entrada,A,8,SAN JOSE,H4,20:50,,,,
15/05/2026,PORVENIR - GENERAL CEPEDA,Entrada,A,9,RANCHO NUEVO,H1,05:00,,,,
15/05/2026,PORVENIR - GENERAL CEPEDA,Entrada,A,9,RANCHO NUEVO,H2,17:00,,,,
15/05/2026,PORVENIR - GENERAL CEPEDA,Entrada,A,9,RANCHO NUEVO,H3,20:30,,,,
15/05/2026,PORVENIR - GENERAL CEPEDA,Entrada,A,9,RANCHO NUEVO,H4,21:00,,,,
15/05/2026,PORVENIR - GENERAL CEPEDA,Entrada,A,10,SANTA TERESA,H1,05:06,,,,
15/05/2026,PORVENIR - GENERAL CEPEDA,Entrada,A,10,SANTA TERESA,H2,17:06,,,,
15/05/2026,PORVENIR - GENERAL CEPEDA,Entrada,A,10,SANTA TERESA,H3,20:36,,,,
15/05/2026,PORVENIR - GENERAL CEPEDA,Entrada,A,10,SANTA TERESA,H4,21:06,,,,
15/05/2026,PORVENIR - GENERAL CEPEDA,Entrada,A,11,CHAPULA,H1,05:15,,,,
15/05/2026,PORVENIR - GENERAL CEPEDA,Entrada,A,11,CHAPULA,H2,17:15,,,,
15/05/2026,PORVENIR - GENERAL CEPEDA,Entrada,A,11,CHAPULA,H3,20:45,,,,
15/05/2026,PORVENIR - GENERAL CEPEDA,Entrada,A,11,CHAPULA,H4,21:15,,,,
15/05/2026,PORVENIR - GENERAL CEPEDA,Entrada,A,12,DERRAMADERO,H1,05:20,,,,
15/05/2026,PORVENIR - GENERAL CEPEDA,Entrada,A,12,DERRAMADERO,H2,17:20,,,,
15/05/2026,PORVENIR - GENERAL CEPEDA,Entrada,A,12,DERRAMADERO,H3,20:50,,,,
15/05/2026,PORVENIR - GENERAL CEPEDA,Entrada,A,12,DERRAMADERO,H4,21:20,,,,
15/05/2026,PORVENIR - GENERAL CEPEDA,Entrada,A,13,SAN JUAN DE LA VAQUERIA,H1,05:28,,,,
15/05/2026,PORVENIR - GENERAL CEPEDA,Entrada,A,13,SAN JUAN DE LA VAQUERIA,H2,17:28,,,,
15/05/2026,PORVENIR - GENERAL CEPEDA,Entrada,A,13,SAN JUAN DE LA VAQUERIA,H3,20:58,,,,
15/05/2026,PORVENIR - GENERAL CEPEDA,Entrada,A,13,SAN JUAN DE LA VAQUERIA,H4,21:28,,,,
15/05/2026,PORVENIR - GENERAL CEPEDA,Entrada,A,14,METALSA,H1,05:50,05:46,4,1,0
15/05/2026,PORVENIR - GENERAL CEPEDA,Entrada,A,14,METALSA,H2,17:50,,,,
15/05/2026,PORVENIR - GENERAL CEPEDA,Entrada,A,14,METALSA,H3,21:20,,,,
15/05/2026,PORVENIR - GENERAL CEPEDA,Entrada,A,14,METALSA,H4,21:50,,,,
15/05/2026,PORVENIR - GENERAL CEPEDA,Salida,N,1,METALSA,H1,06:15,06:19,-4,1,0
15/05/2026,PORVENIR - GENERAL CEPEDA,Salida,N,1,METALSA,H2,15:30,,,,
15/05/2026,PORVENIR - GENERAL CEPEDA,Salida,N,1,METALSA,H3,18:15,18:18,-3,1,0
15/05/2026,PORVENIR - GENERAL CEPEDA,Salida,N,2,SAN JUAN DE LA VAQUERIA,H1,06:50,06:35,15,1,0
15/05/2026,PORVENIR - GENERAL CEPEDA,Salida,N,2,SAN JUAN DE LA VAQUERIA,H2,16:05,,,,
15/05/2026,PORVENIR - GENERAL CEPEDA,Salida,N,2,SAN JUAN DE LA VAQUERIA,H3,18:50,18:35,15,1,0
15/05/2026,PORVENIR - GENERAL CEPEDA,Salida,N,3,DERRAMADERO,H1,06:55,06:45,10,1,0
15/05/2026,PORVENIR - GENERAL CEPEDA,Salida,N,3,DERRAMADERO,H2,16:10,,,,
15/05/2026,PORVENIR - GENERAL CEPEDA,Salida,N,3,DERRAMADERO,H3,18:55,18:44,11,1,0
15/05/2026,PORVENIR - GENERAL CEPEDA,Salida,N,4,CHAPULA,H1,06:56,06:44,12,1,0
15/05/2026,PORVENIR - GENERAL CEPEDA,Salida,N,4,CHAPULA,H2,16:15,,,,
15/05/2026,PORVENIR - GENERAL CEPEDA,Salida,N,4,CHAPULA,H3,19:00,18:48,12,1,0
15/05/2026,PORVENIR - GENERAL CEPEDA,Salida,N,5,SANTA TERESA,H1,06:57,06:56,1,1,0
15/05/2026,PORVENIR - GENERAL CEPEDA,Salida,N,5,SANTA TERESA,H2,16:18,,,,
15/05/2026,PORVENIR - GENERAL CEPEDA,Salida,N,5,SANTA TERESA,H3,19:03,18:55,8,1,0
15/05/2026,PORVENIR - GENERAL CEPEDA,Salida,N,6,RANCHO NUEVO,H1,07:10,07:01,9,1,0
15/05/2026,PORVENIR - GENERAL CEPEDA,Salida,N,6,RANCHO NUEVO,H2,16:25,,,,
15/05/2026,PORVENIR - GENERAL CEPEDA,Salida,N,6,RANCHO NUEVO,H3,19:10,19:00,10,1,0
15/05/2026,PORVENIR - GENERAL CEPEDA,Salida,N,7,SAN JOSE,H1,07:11,,,,
15/05/2026,PORVENIR - GENERAL CEPEDA,Salida,N,7,SAN JOSE,H2,16:26,,,,
15/05/2026,PORVENIR - GENERAL CEPEDA,Salida,N,7,SAN JOSE,H3,19:11,19:11,0,1,0
15/05/2026,PORVENIR - GENERAL CEPEDA,Salida,N,8,BENITO JUAREZ,H1,07:12,,,,
15/05/2026,PORVENIR - GENERAL CEPEDA,Salida,N,8,BENITO JUAREZ,H2,16:27,,,,
15/05/2026,PORVENIR - GENERAL CEPEDA,Salida,N,8,BENITO JUAREZ,H3,19:12,,,,
15/05/2026,PORVENIR - GENERAL CEPEDA,Salida,N,9,MIGUEL HIDALGO,H1,07:13,07:30,-17,1,0
15/05/2026,PORVENIR - GENERAL CEPEDA,Salida,N,9,MIGUEL HIDALGO,H2,16:28,,,,
15/05/2026,PORVENIR - GENERAL CEPEDA,Salida,N,9,MIGUEL HIDALGO,H3,19:13,19:43,-30,1,0
15/05/2026,PORVENIR - GENERAL CEPEDA,Salida,N,10,LOS PRESIDENTES,H1,07:14,07:28,-14,1,0
15/05/2026,PORVENIR - GENERAL CEPEDA,Salida,N,10,LOS PRESIDENTES,H2,16:29,,,,
15/05/2026,PORVENIR - GENERAL CEPEDA,Salida,N,10,LOS PRESIDENTES,H3,19:14,19:42,-28,1,0
15/05/2026,PORVENIR - GENERAL CEPEDA,Salida,N,11,MARIANO MATAMOROS,H1,07:30,07:28,2,1,0
15/05/2026,PORVENIR - GENERAL CEPEDA,Salida,N,11,MARIANO MATAMOROS,H2,16:45,,,,
15/05/2026,PORVENIR - GENERAL CEPEDA,Salida,N,11,MARIANO MATAMOROS,H3,19:30,19:42,-12,1,0
15/05/2026,PORVENIR - GENERAL CEPEDA,Salida,N,12,BLVD; DIANA LAURA,H1,07:31,07:26,5,1,0
15/05/2026,PORVENIR - GENERAL CEPEDA,Salida,N,12,BLVD; DIANA LAURA,H2,16:46,,,,
15/05/2026,PORVENIR - GENERAL CEPEDA,Salida,N,12,BLVD; DIANA LAURA,H3,19:31,19:40,-9,1,0
15/05/2026,PORVENIR - GENERAL CEPEDA,Salida,N,13,GUELATAO,H1,07:40,07:44,-4,1,0
15/05/2026,PORVENIR - GENERAL CEPEDA,Salida,N,13,GUELATAO,H2,16:55,,,,
15/05/2026,PORVENIR - GENERAL CEPEDA,Salida,N,13,GUELATAO,H3,19:40,,,,
15/05/2026,PORVENIR - GENERAL CEPEDA,Salida,N,14,PORVENIR,H1,07:45,07:49,-4,1,0
15/05/2026,PORVENIR - GENERAL CEPEDA,Salida,N,14,PORVENIR,H2,17:00,,,,
15/05/2026,PORVENIR - GENERAL CEPEDA,Salida,N,14,PORVENIR,H3,19:45,,,,
15/05/2026,PUERTO MEXICO,Entrada,A,1,PUERTO MEXICO,H1,20:10,,,,
15/05/2026,PUERTO MEXICO,Entrada,A,1,PUERTO MEXICO,H2,04:40,,,,
15/05/2026,PUERTO MEXICO,Entrada,A,1,PUERTO MEXICO,H3,04:40,,,,
15/05/2026,PUERTO MEXICO,Entrada,A,1,PUERTO MEXICO,H4,16:40,,,,
15/05/2026,PUERTO MEXICO,Entrada,A,1,PUERTO MEXICO,H5,16:40,,,,
15/05/2026,PUERTO MEXICO,Entrada,A,1,PUERTO MEXICO,H6,20:40,,,,
15/05/2026,PUERTO MEXICO,Entrada,A,2,CUIJE,H1,20:22,,,,
15/05/2026,PUERTO MEXICO,Entrada,A,2,CUIJE,H2,04:52,,,,
15/05/2026,PUERTO MEXICO,Entrada,A,2,CUIJE,H3,04:52,,,,
15/05/2026,PUERTO MEXICO,Entrada,A,2,CUIJE,H4,16:52,,,,
15/05/2026,PUERTO MEXICO,Entrada,A,2,CUIJE,H5,16:52,,,,
15/05/2026,PUERTO MEXICO,Entrada,A,2,CUIJE,H6,20:52,,,,
15/05/2026,PUERTO MEXICO,Entrada,A,3,NAVIDAD,H1,20:32,,,,
15/05/2026,PUERTO MEXICO,Entrada,A,3,NAVIDAD,H2,05:02,,,,
15/05/2026,PUERTO MEXICO,Entrada,A,3,NAVIDAD,H3,05:02,,,,
15/05/2026,PUERTO MEXICO,Entrada,A,3,NAVIDAD,H4,17:02,,,,
15/05/2026,PUERTO MEXICO,Entrada,A,3,NAVIDAD,H5,17:02,,,,
15/05/2026,PUERTO MEXICO,Entrada,A,3,NAVIDAD,H6,21:02,,,,
15/05/2026,PUERTO MEXICO,Entrada,A,4,CHAPULTEPEC,H1,20:45,,,,
15/05/2026,PUERTO MEXICO,Entrada,A,4,CHAPULTEPEC,H2,05:15,,,,
15/05/2026,PUERTO MEXICO,Entrada,A,4,CHAPULTEPEC,H3,05:15,,,,
15/05/2026,PUERTO MEXICO,Entrada,A,4,CHAPULTEPEC,H4,17:15,,,,
15/05/2026,PUERTO MEXICO,Entrada,A,4,CHAPULTEPEC,H5,17:15,,,,
15/05/2026,PUERTO MEXICO,Entrada,A,4,CHAPULTEPEC,H6,21:15,,,,
15/05/2026,PUERTO MEXICO,Entrada,A,5,JAHUEY,H1,21:00,,,,
15/05/2026,PUERTO MEXICO,Entrada,A,5,JAHUEY,H2,05:30,,,,
15/05/2026,PUERTO MEXICO,Entrada,A,5,JAHUEY,H3,05:30,,,,
15/05/2026,PUERTO MEXICO,Entrada,A,5,JAHUEY,H4,17:30,,,,
15/05/2026,PUERTO MEXICO,Entrada,A,5,JAHUEY,H5,17:30,,,,
15/05/2026,PUERTO MEXICO,Entrada,A,5,JAHUEY,H6,21:30,,,,
15/05/2026,PUERTO MEXICO,Entrada,A,6,METALSA,H1,21:20,,,,
15/05/2026,PUERTO MEXICO,Entrada,A,6,METALSA,H2,05:50,,,,
15/05/2026,PUERTO MEXICO,Entrada,A,6,METALSA,H3,05:50,,,,
15/05/2026,PUERTO MEXICO,Entrada,A,6,METALSA,H4,17:50,,,,
15/05/2026,PUERTO MEXICO,Entrada,A,6,METALSA,H5,17:50,,,,
15/05/2026,PUERTO MEXICO,Entrada,A,6,METALSA,H6,21:50,,,,
15/05/2026,PUERTO MEXICO,Salida,A,1,METALSA,H1,15:30,,,,
15/05/2026,PUERTO MEXICO,Salida,A,1,METALSA,H2,06:15,,,,
15/05/2026,PUERTO MEXICO,Salida,A,1,METALSA,H3,06:15,,,,
15/05/2026,PUERTO MEXICO,Salida,A,1,METALSA,H4,18:15,,,,
15/05/2026,PUERTO MEXICO,Salida,A,1,METALSA,H5,18:15,,,,
15/05/2026,PUERTO MEXICO,Salida,A,2,JAHUEY,H1,15:50,,,,
15/05/2026,PUERTO MEXICO,Salida,A,2,JAHUEY,H2,06:35,,,,
15/05/2026,PUERTO MEXICO,Salida,A,2,JAHUEY,H3,06:35,,,,
15/05/2026,PUERTO MEXICO,Salida,A,2,JAHUEY,H4,18:35,,,,
15/05/2026,PUERTO MEXICO,Salida,A,2,JAHUEY,H5,18:35,,,,
15/05/2026,PUERTO MEXICO,Salida,A,3,CHAPULTEPEC,H1,16:05,,,,
15/05/2026,PUERTO MEXICO,Salida,A,3,CHAPULTEPEC,H2,06:50,,,,
15/05/2026,PUERTO MEXICO,Salida,A,3,CHAPULTEPEC,H3,06:50,,,,
15/05/2026,PUERTO MEXICO,Salida,A,3,CHAPULTEPEC,H4,18:50,,,,
15/05/2026,PUERTO MEXICO,Salida,A,3,CHAPULTEPEC,H5,18:50,,,,
15/05/2026,PUERTO MEXICO,Salida,A,4,NAVIDAD,H1,16:18,,,,
15/05/2026,PUERTO MEXICO,Salida,A,4,NAVIDAD,H2,07:03,,,,
15/05/2026,PUERTO MEXICO,Salida,A,4,NAVIDAD,H3,07:03,,,,
15/05/2026,PUERTO MEXICO,Salida,A,4,NAVIDAD,H4,19:03,,,,
15/05/2026,PUERTO MEXICO,Salida,A,4,NAVIDAD,H5,19:03,,,,
15/05/2026,PUERTO MEXICO,Salida,A,5,CUIJE,H1,16:28,,,,
15/05/2026,PUERTO MEXICO,Salida,A,5,CUIJE,H2,07:13,,,,
15/05/2026,PUERTO MEXICO,Salida,A,5,CUIJE,H3,07:13,,,,
15/05/2026,PUERTO MEXICO,Salida,A,5,CUIJE,H4,19:13,,,,
15/05/2026,PUERTO MEXICO,Salida,A,5,CUIJE,H5,19:13,,,,
15/05/2026,PUERTO MEXICO,Salida,A,6,PUERTO MEXICO,H1,16:40,,,,
15/05/2026,PUERTO MEXICO,Salida,A,6,PUERTO MEXICO,H2,07:25,,,,
15/05/2026,PUERTO MEXICO,Salida,A,6,PUERTO MEXICO,H3,07:25,,,,
15/05/2026,PUERTO MEXICO,Salida,A,6,PUERTO MEXICO,H4,19:25,,,,
15/05/2026,PUERTO MEXICO,Salida,A,6,PUERTO MEXICO,H5,19:25,,,,
15/05/2026,ROMA,Entrada,N,1,FCO. LAZACORTA Y JOSE MARIANO MICHELENA,H1,04:45,04:46,-1,1,0
15/05/2026,ROMA,Entrada,N,1,FCO. LAZACORTA Y JOSE MARIANO MICHELENA,H2,16:45,16:47,-2,1,0
15/05/2026,ROMA,Entrada,N,1,FCO. LAZACORTA Y JOSE MARIANO MICHELENA,H3,20:15,,,,
15/05/2026,ROMA,Entrada,N,1,FCO. LAZACORTA Y JOSE MARIANO MICHELENA,H4,20:45,,,,
15/05/2026,ROMA,Entrada,N,2,SIERRA DE LOS PINOS Y PRINCIPAL,H1,04:48,04:48,0,1,0
15/05/2026,ROMA,Entrada,N,2,SIERRA DE LOS PINOS Y PRINCIPAL,H2,16:48,16:48,0,1,0
15/05/2026,ROMA,Entrada,N,2,SIERRA DE LOS PINOS Y PRINCIPAL,H3,20:18,,,,
15/05/2026,ROMA,Entrada,N,2,SIERRA DE LOS PINOS Y PRINCIPAL,H4,20:48,,,,
15/05/2026,ROMA,Entrada,N,3,OSA MAYOR Y BUSTAMANTE,H1,04:53,04:54,-1,1,0
15/05/2026,ROMA,Entrada,N,3,OSA MAYOR Y BUSTAMANTE,H2,16:53,16:55,-2,1,0
15/05/2026,ROMA,Entrada,N,3,OSA MAYOR Y BUSTAMANTE,H3,20:23,,,,
15/05/2026,ROMA,Entrada,N,3,OSA MAYOR Y BUSTAMANTE,H4,20:53,,,,
15/05/2026,ROMA,Entrada,N,4,EUGENIO REYES Y PEDRO AMPUDIA,H1,05:01,05:06,-5,1,0
15/05/2026,ROMA,Entrada,N,4,EUGENIO REYES Y PEDRO AMPUDIA,H2,17:01,17:06,-5,1,0
15/05/2026,ROMA,Entrada,N,4,EUGENIO REYES Y PEDRO AMPUDIA,H3,20:31,,,,
15/05/2026,ROMA,Entrada,N,4,EUGENIO REYES Y PEDRO AMPUDIA,H4,21:01,,,,
15/05/2026,ROMA,Entrada,N,5,FELIPE BERRIOZABAL Y MARAVILLAS,H1,05:06,05:08,-2,1,0
15/05/2026,ROMA,Entrada,N,5,FELIPE BERRIOZABAL Y MARAVILLAS,H2,17:06,17:09,-3,1,0
15/05/2026,ROMA,Entrada,N,5,FELIPE BERRIOZABAL Y MARAVILLAS,H3,20:36,,,,
15/05/2026,ROMA,Entrada,N,5,FELIPE BERRIOZABAL Y MARAVILLAS,H4,21:06,,,,
15/05/2026,ROMA,Entrada,N,6,FCO I MADERO Y CALZ ANTONIO NARRO,H1,05:15,05:20,-5,1,0
15/05/2026,ROMA,Entrada,N,6,FCO I MADERO Y CALZ ANTONIO NARRO,H2,17:15,17:19,-4,1,0
15/05/2026,ROMA,Entrada,N,6,FCO I MADERO Y CALZ ANTONIO NARRO,H3,20:45,,,,
15/05/2026,ROMA,Entrada,N,6,FCO I MADERO Y CALZ ANTONIO NARRO,H4,21:15,,,,
15/05/2026,ROMA,Entrada,N,7,CARR. SALTILLO-ZACATECAS,H1,05:20,05:31,-11,1,0
15/05/2026,ROMA,Entrada,N,7,CARR. SALTILLO-ZACATECAS,H2,17:20,17:25,-5,1,0
15/05/2026,ROMA,Entrada,N,7,CARR. SALTILLO-ZACATECAS,H3,20:50,,,,
15/05/2026,ROMA,Entrada,N,7,CARR. SALTILLO-ZACATECAS,H4,21:20,,,,
15/05/2026,ROMA,Entrada,N,8,METALSA,H1,05:50,05:50,0,1,0
15/05/2026,ROMA,Entrada,N,8,METALSA,H2,17:50,17:39,11,1,0
15/05/2026,ROMA,Entrada,N,8,METALSA,H3,21:20,,,,
15/05/2026,ROMA,Entrada,N,8,METALSA,H4,21:50,,,,
15/05/2026,ROMA,Salida,N,1,METALSA,H1,06:15,06:17,-2,1,0
15/05/2026,ROMA,Salida,N,1,METALSA,H2,15:30,,,,
15/05/2026,ROMA,Salida,N,1,METALSA,H3,18:15,18:17,-2,1,0
15/05/2026,ROMA,Salida,N,2,CARR. SALTILLO-ZACATECAS,H1,06:45,06:33,12,1,0
15/05/2026,ROMA,Salida,N,2,CARR. SALTILLO-ZACATECAS,H2,16:00,,,,
15/05/2026,ROMA,Salida,N,2,CARR. SALTILLO-ZACATECAS,H3,18:45,18:41,4,1,0
15/05/2026,ROMA,Salida,N,3,FCO I MADERO Y CALZ ANTONIO NARRO,H1,06:50,06:39,11,1,0
15/05/2026,ROMA,Salida,N,3,FCO I MADERO Y CALZ ANTONIO NARRO,H2,16:05,,,,
15/05/2026,ROMA,Salida,N,3,FCO I MADERO Y CALZ ANTONIO NARRO,H3,18:50,18:49,1,1,0
15/05/2026,ROMA,Salida,N,4,FELIPE BERRIOZABAL Y MARAVILLAS,H1,06:59,06:51,8,1,0
15/05/2026,ROMA,Salida,N,4,FELIPE BERRIOZABAL Y MARAVILLAS,H2,16:14,,,,
15/05/2026,ROMA,Salida,N,4,FELIPE BERRIOZABAL Y MARAVILLAS,H3,18:59,18:59,0,1,0
15/05/2026,ROMA,Salida,N,5,EUGENIO REYES Y PEDRO AMPUDIA,H1,07:04,06:54,10,1,0
15/05/2026,ROMA,Salida,N,5,EUGENIO REYES Y PEDRO AMPUDIA,H2,16:19,,,,
15/05/2026,ROMA,Salida,N,5,EUGENIO REYES Y PEDRO AMPUDIA,H3,19:04,19:01,3,1,0
15/05/2026,ROMA,Salida,N,6,OSA MAYOR Y BUSTAMANTE,H1,07:12,07:03,9,1,0
15/05/2026,ROMA,Salida,N,6,OSA MAYOR Y BUSTAMANTE,H2,16:27,,,,
15/05/2026,ROMA,Salida,N,6,OSA MAYOR Y BUSTAMANTE,H3,19:12,19:10,2,1,0
15/05/2026,ROMA,Salida,N,7,SIERRA DE LOS PINOS Y PRINCIPAL,H1,07:17,,,,
15/05/2026,ROMA,Salida,N,7,SIERRA DE LOS PINOS Y PRINCIPAL,H2,16:32,,,,
15/05/2026,ROMA,Salida,N,7,SIERRA DE LOS PINOS Y PRINCIPAL,H3,19:17,,,,
15/05/2026,ROMA,Salida,N,8,FCO. LAZACORTA Y JOSE MARIANO MICHELENA,H1,07:20,07:07,13,1,0
15/05/2026,ROMA,Salida,N,8,FCO. LAZACORTA Y JOSE MARIANO MICHELENA,H2,16:35,,,,
15/05/2026,ROMA,Salida,N,8,FCO. LAZACORTA Y JOSE MARIANO MICHELENA,H3,19:20,19:18,2,1,0
15/05/2026,SALTILLO 2000,Entrada,N,1,PALACIO DE JUSTICIA,H1,04:30,04:32,-2,1,0
15/05/2026,SALTILLO 2000,Entrada,N,1,PALACIO DE JUSTICIA,H2,16:30,16:32,-2,1,0
15/05/2026,SALTILLO 2000,Entrada,N,1,PALACIO DE JUSTICIA,H3,20:00,,,,
15/05/2026,SALTILLO 2000,Entrada,N,1,PALACIO DE JUSTICIA,H4,20:30,,,,
15/05/2026,SALTILLO 2000,Entrada,N,2,ROTONDA SALTILLO 2000,H1,04:35,04:35,0,1,0
15/05/2026,SALTILLO 2000,Entrada,N,2,ROTONDA SALTILLO 2000,H2,16:35,16:35,0,1,0
15/05/2026,SALTILLO 2000,Entrada,N,2,ROTONDA SALTILLO 2000,H3,20:05,,,,
15/05/2026,SALTILLO 2000,Entrada,N,2,ROTONDA SALTILLO 2000,H4,20:35,,,,
15/05/2026,SALTILLO 2000,Entrada,N,3,CUQUITA DE CEPEDA DAVILA  (OXXO),H1,04:45,04:42,3,1,0
15/05/2026,SALTILLO 2000,Entrada,N,3,CUQUITA DE CEPEDA DAVILA  (OXXO),H2,16:45,16:46,-1,1,0
15/05/2026,SALTILLO 2000,Entrada,N,3,CUQUITA DE CEPEDA DAVILA  (OXXO),H3,20:15,,,,
15/05/2026,SALTILLO 2000,Entrada,N,3,CUQUITA DE CEPEDA DAVILA  (OXXO),H4,20:45,,,,
15/05/2026,SALTILLO 2000,Entrada,N,4,FCO I MADERO Y  PEDRO AMPUDIA,H1,04:50,04:51,-1,1,0
15/05/2026,SALTILLO 2000,Entrada,N,4,FCO I MADERO Y  PEDRO AMPUDIA,H2,16:50,16:57,-7,1,0
15/05/2026,SALTILLO 2000,Entrada,N,4,FCO I MADERO Y  PEDRO AMPUDIA,H3,20:20,,,,
15/05/2026,SALTILLO 2000,Entrada,N,4,FCO I MADERO Y  PEDRO AMPUDIA,H4,20:50,,,,
15/05/2026,SALTILLO 2000,Entrada,N,5,PERIF. L.E.A. Y CALZ. ANTONIO NARRO,H1,05:08,05:03,5,1,0
15/05/2026,SALTILLO 2000,Entrada,N,5,PERIF. L.E.A. Y CALZ. ANTONIO NARRO,H2,17:08,17:13,-5,1,0
15/05/2026,SALTILLO 2000,Entrada,N,5,PERIF. L.E.A. Y CALZ. ANTONIO NARRO,H3,20:38,,,,
15/05/2026,SALTILLO 2000,Entrada,N,5,PERIF. L.E.A. Y CALZ. ANTONIO NARRO,H4,21:08,,,,
15/05/2026,SALTILLO 2000,Entrada,N,6,BLVD. HACIENDA NARRO,H1,05:20,05:17,3,1,0
15/05/2026,SALTILLO 2000,Entrada,N,6,BLVD. HACIENDA NARRO,H2,17:20,17:26,-6,1,0
15/05/2026,SALTILLO 2000,Entrada,N,6,BLVD. HACIENDA NARRO,H3,20:50,,,,
15/05/2026,SALTILLO 2000,Entrada,N,6,BLVD. HACIENDA NARRO,H4,21:20,,,,
15/05/2026,SALTILLO 2000,Entrada,N,7,METALSA,H1,05:50,05:47,3,1,0
15/05/2026,SALTILLO 2000,Entrada,N,7,METALSA,H2,17:50,17:45,5,1,0
15/05/2026,SALTILLO 2000,Entrada,N,7,METALSA,H3,21:20,,,,
15/05/2026,SALTILLO 2000,Entrada,N,7,METALSA,H4,21:50,,,,
15/05/2026,SALTILLO 2000,Salida,N,1,METALSA,H1,06:15,06:15,0,1,0
15/05/2026,SALTILLO 2000,Salida,N,1,METALSA,H2,15:30,,,,
15/05/2026,SALTILLO 2000,Salida,N,1,METALSA,H3,18:15,18:16,-1,1,0
15/05/2026,SALTILLO 2000,Salida,N,2,BLVD. HACIENDA NARRO,H1,06:45,06:36,9,1,0
15/05/2026,SALTILLO 2000,Salida,N,2,BLVD. HACIENDA NARRO,H2,16:00,,,,
15/05/2026,SALTILLO 2000,Salida,N,2,BLVD. HACIENDA NARRO,H3,18:45,18:48,-3,1,0
15/05/2026,SALTILLO 2000,Salida,N,3,PERIF. L.E.A. Y CALZ. ANTONIO NARRO,H1,06:57,06:51,6,1,0
15/05/2026,SALTILLO 2000,Salida,N,3,PERIF. L.E.A. Y CALZ. ANTONIO NARRO,H2,16:12,,,,
15/05/2026,SALTILLO 2000,Salida,N,3,PERIF. L.E.A. Y CALZ. ANTONIO NARRO,H3,18:57,19:00,-3,1,0
15/05/2026,SALTILLO 2000,Salida,N,4,FCO I MADERO Y  PEDRO AMPUDIA,H1,07:15,07:03,12,1,0
15/05/2026,SALTILLO 2000,Salida,N,4,FCO I MADERO Y  PEDRO AMPUDIA,H2,16:30,,,,
15/05/2026,SALTILLO 2000,Salida,N,4,FCO I MADERO Y  PEDRO AMPUDIA,H3,19:15,19:18,-3,1,0
15/05/2026,SALTILLO 2000,Salida,N,5,CUQUITA DE CEPEDA DAVILA  (OXXO),H1,07:20,07:12,8,1,0
15/05/2026,SALTILLO 2000,Salida,N,5,CUQUITA DE CEPEDA DAVILA  (OXXO),H2,16:35,,,,
15/05/2026,SALTILLO 2000,Salida,N,5,CUQUITA DE CEPEDA DAVILA  (OXXO),H3,19:20,19:28,-8,1,0
15/05/2026,SALTILLO 2000,Salida,N,6,ROTONDA SALTILLO 2000,H1,07:30,,,,
15/05/2026,SALTILLO 2000,Salida,N,6,ROTONDA SALTILLO 2000,H2,16:45,,,,
15/05/2026,SALTILLO 2000,Salida,N,6,ROTONDA SALTILLO 2000,H3,19:30,,,,
15/05/2026,SALTILLO 2000,Salida,N,7,PALACIO DE JUSTICIA,H1,07:35,,,,
15/05/2026,SALTILLO 2000,Salida,N,7,PALACIO DE JUSTICIA,H2,16:50,,,,
15/05/2026,SALTILLO 2000,Salida,N,7,PALACIO DE JUSTICIA,H3,19:35,,,,
15/05/2026,SAN FRANCISCO,Entrada,A,1,LA CUCHILLA,H1,19:35,,,,
15/05/2026,SAN FRANCISCO,Entrada,A,1,LA CUCHILLA,H2,04:05,,,,
15/05/2026,SAN FRANCISCO,Entrada,A,1,LA CUCHILLA,H3,16:05,,,,
15/05/2026,SAN FRANCISCO,Entrada,A,1,LA CUCHILLA,H4,20:05,,,,
15/05/2026,SAN FRANCISCO,Entrada,A,2,SAN JUAN RETIRO,H1,19:44,,,,
15/05/2026,SAN FRANCISCO,Entrada,A,2,SAN JUAN RETIRO,H2,04:14,,,,
15/05/2026,SAN FRANCISCO,Entrada,A,2,SAN JUAN RETIRO,H3,16:14,,,,
15/05/2026,SAN FRANCISCO,Entrada,A,2,SAN JUAN RETIRO,H4,20:14,,,,
15/05/2026,SAN FRANCISCO,Entrada,A,3,NUEVO GOMEZ,H1,19:54,,,,
15/05/2026,SAN FRANCISCO,Entrada,A,3,NUEVO GOMEZ,H2,04:24,,,,
15/05/2026,SAN FRANCISCO,Entrada,A,3,NUEVO GOMEZ,H3,16:24,,,,
15/05/2026,SAN FRANCISCO,Entrada,A,3,NUEVO GOMEZ,H4,20:24,,,,
15/05/2026,SAN FRANCISCO,Entrada,A,4,SAN FRANCISCO,H1,20:06,,,,
15/05/2026,SAN FRANCISCO,Entrada,A,4,SAN FRANCISCO,H2,04:36,,,,
15/05/2026,SAN FRANCISCO,Entrada,A,4,SAN FRANCISCO,H3,16:36,,,,
15/05/2026,SAN FRANCISCO,Entrada,A,4,SAN FRANCISCO,H4,20:36,,,,
15/05/2026,SAN FRANCISCO,Entrada,A,5,MANGAS,H1,20:16,,,,
15/05/2026,SAN FRANCISCO,Entrada,A,5,MANGAS,H2,04:46,,,,
15/05/2026,SAN FRANCISCO,Entrada,A,5,MANGAS,H3,16:46,,,,
15/05/2026,SAN FRANCISCO,Entrada,A,5,MANGAS,H4,20:46,,,,
15/05/2026,SAN FRANCISCO,Entrada,A,6,COLONIAS,H1,20:52,,,,
15/05/2026,SAN FRANCISCO,Entrada,A,6,COLONIAS,H2,05:22,,,,
15/05/2026,SAN FRANCISCO,Entrada,A,6,COLONIAS,H3,17:22,,,,
15/05/2026,SAN FRANCISCO,Entrada,A,6,COLONIAS,H4,21:22,,,,
15/05/2026,SAN FRANCISCO,Entrada,A,7,AGUA NUEVA,H1,21:00,,,,
15/05/2026,SAN FRANCISCO,Entrada,A,7,AGUA NUEVA,H2,05:30,,,,
15/05/2026,SAN FRANCISCO,Entrada,A,7,AGUA NUEVA,H3,17:30,,,,
15/05/2026,SAN FRANCISCO,Entrada,A,7,AGUA NUEVA,H4,21:25,,,,
15/05/2026,SAN FRANCISCO,Entrada,A,8,METALSA,H1,21:20,,,,
15/05/2026,SAN FRANCISCO,Entrada,A,8,METALSA,H2,05:50,,,,
15/05/2026,SAN FRANCISCO,Entrada,A,8,METALSA,H3,17:50,,,,
15/05/2026,SAN FRANCISCO,Entrada,A,8,METALSA,H4,21:50,,,,
15/05/2026,SAN FRANCISCO,Salida,N,1,METALSA,H1,15:30,,,,
15/05/2026,SAN FRANCISCO,Salida,N,1,METALSA,H2,18:15,18:18,-3,1,0
15/05/2026,SAN FRANCISCO,Salida,N,1,METALSA,H3,06:15,06:28,-13,1,0
15/05/2026,SAN FRANCISCO,Salida,N,2,AGUA NUEVA,H1,15:59,,,,
15/05/2026,SAN FRANCISCO,Salida,N,2,AGUA NUEVA,H2,18:44,18:27,17,1,0
15/05/2026,SAN FRANCISCO,Salida,N,2,AGUA NUEVA,H3,06:44,06:38,6,1,0
15/05/2026,SAN FRANCISCO,Salida,N,3,COLONIAS,H1,16:10,,,,
15/05/2026,SAN FRANCISCO,Salida,N,3,COLONIAS,H2,18:55,18:42,13,1,0
15/05/2026,SAN FRANCISCO,Salida,N,3,COLONIAS,H3,06:55,06:52,3,1,0
15/05/2026,SAN FRANCISCO,Salida,N,4,MANGAS,H1,16:34,,,,
15/05/2026,SAN FRANCISCO,Salida,N,4,MANGAS,H2,19:19,19:07,12,1,0
15/05/2026,SAN FRANCISCO,Salida,N,4,MANGAS,H3,07:19,,,,
15/05/2026,SAN FRANCISCO,Salida,N,5,SAN FRANCISCO,H1,16:46,,,,
15/05/2026,SAN FRANCISCO,Salida,N,5,SAN FRANCISCO,H2,19:31,19:18,13,1,0
15/05/2026,SAN FRANCISCO,Salida,N,5,SAN FRANCISCO,H3,07:31,07:14,17,1,0
15/05/2026,SAN FRANCISCO,Salida,N,6,NUEVO GOMEZ,H1,16:56,,,,
15/05/2026,SAN FRANCISCO,Salida,N,6,NUEVO GOMEZ,H2,19:41,,,,
15/05/2026,SAN FRANCISCO,Salida,N,6,NUEVO GOMEZ,H3,07:41,,,,
15/05/2026,SAN FRANCISCO,Salida,N,7,SAN JUAN RETIRO,H1,17:06,,,,
15/05/2026,SAN FRANCISCO,Salida,N,7,SAN JUAN RETIRO,H2,19:51,,,,
15/05/2026,SAN FRANCISCO,Salida,N,7,SAN JUAN RETIRO,H3,07:51,07:32,19,1,0
15/05/2026,SAN FRANCISCO,Salida,N,8,LA CUCHILLA,H1,17:15,,,,
15/05/2026,SAN FRANCISCO,Salida,N,8,LA CUCHILLA,H2,20:00,19:34,26,1,0
15/05/2026,SAN FRANCISCO,Salida,N,8,LA CUCHILLA,H3,08:00,,,,
15/05/2026,SAN MIGUEL,Entrada,A,1,SAN MIGUEL,H1,19:50,,,,
15/05/2026,SAN MIGUEL,Entrada,A,1,SAN MIGUEL,H2,04:20,,,,
15/05/2026,SAN MIGUEL,Entrada,A,1,SAN MIGUEL,H3,16:20,,,,
15/05/2026,SAN MIGUEL,Entrada,A,1,SAN MIGUEL,H4,20:20,,,,
15/05/2026,SAN MIGUEL,Entrada,A,2,ZACATERA,H1,19:53,,,,
15/05/2026,SAN MIGUEL,Entrada,A,2,ZACATERA,H2,04:23,,,,
15/05/2026,SAN MIGUEL,Entrada,A,2,ZACATERA,H3,16:23,,,,
15/05/2026,SAN MIGUEL,Entrada,A,2,ZACATERA,H4,20:23,,,,
15/05/2026,SAN MIGUEL,Entrada,A,3,GOMEZ FARIAS,H1,20:00,,,,
15/05/2026,SAN MIGUEL,Entrada,A,3,GOMEZ FARIAS,H2,04:30,,,,
15/05/2026,SAN MIGUEL,Entrada,A,3,GOMEZ FARIAS,H3,16:30,,,,
15/05/2026,SAN MIGUEL,Entrada,A,3,GOMEZ FARIAS,H4,20:30,,,,
15/05/2026,SAN MIGUEL,Entrada,A,4,GUADALUPE VICTORIA,H1,20:25,,,,
15/05/2026,SAN MIGUEL,Entrada,A,4,GUADALUPE VICTORIA,H2,04:55,,,,
15/05/2026,SAN MIGUEL,Entrada,A,4,GUADALUPE VICTORIA,H3,16:55,,,,
15/05/2026,SAN MIGUEL,Entrada,A,4,GUADALUPE VICTORIA,H4,20:55,,,,
15/05/2026,SAN MIGUEL,Entrada,A,5,COLONIAS,H1,20:35,,,,
15/05/2026,SAN MIGUEL,Entrada,A,5,COLONIAS,H2,05:05,,,,
15/05/2026,SAN MIGUEL,Entrada,A,5,COLONIAS,H3,17:05,,,,
15/05/2026,SAN MIGUEL,Entrada,A,5,COLONIAS,H4,21:05,,,,
15/05/2026,SAN MIGUEL,Entrada,A,6,AGUA NUEVA,H1,20:50,,,,
15/05/2026,SAN MIGUEL,Entrada,A,6,AGUA NUEVA,H2,05:20,,,,
15/05/2026,SAN MIGUEL,Entrada,A,6,AGUA NUEVA,H3,17:20,,,,
15/05/2026,SAN MIGUEL,Entrada,A,6,AGUA NUEVA,H4,21:20,,,,
15/05/2026,SAN MIGUEL,Entrada,A,7,METALSA,H1,21:20,,,,
15/05/2026,SAN MIGUEL,Entrada,A,7,METALSA,H2,05:50,,,,
15/05/2026,SAN MIGUEL,Entrada,A,7,METALSA,H3,17:50,,,,
15/05/2026,SAN MIGUEL,Entrada,A,7,METALSA,H4,21:50,,,,
15/05/2026,SAN MIGUEL,Salida,N,1,METALSA,H1,15:30,,,,
15/05/2026,SAN MIGUEL,Salida,N,1,METALSA,H2,06:15,,,,
15/05/2026,SAN MIGUEL,Salida,N,1,METALSA,H3,18:15,,,,
15/05/2026,SAN MIGUEL,Salida,N,2,AGUA NUEVA,H1,16:10,,,,
15/05/2026,SAN MIGUEL,Salida,N,2,AGUA NUEVA,H2,06:55,,,,
15/05/2026,SAN MIGUEL,Salida,N,2,AGUA NUEVA,H3,18:55,,,,
15/05/2026,SAN MIGUEL,Salida,N,3,COLONIAS,H1,16:20,,,,
15/05/2026,SAN MIGUEL,Salida,N,3,COLONIAS,H2,07:05,,,,
15/05/2026,SAN MIGUEL,Salida,N,3,COLONIAS,H3,19:05,,,,
15/05/2026,SAN MIGUEL,Salida,N,4,GUADALUPE VICTORIA,H1,16:30,,,,
15/05/2026,SAN MIGUEL,Salida,N,4,GUADALUPE VICTORIA,H2,07:15,,,,
15/05/2026,SAN MIGUEL,Salida,N,4,GUADALUPE VICTORIA,H3,19:15,,,,
15/05/2026,SAN MIGUEL,Salida,N,5,GOMEZ FARIAS,H1,17:05,,,,
15/05/2026,SAN MIGUEL,Salida,N,5,GOMEZ FARIAS,H2,07:50,,,,
15/05/2026,SAN MIGUEL,Salida,N,5,GOMEZ FARIAS,H3,19:50,,,,
15/05/2026,SAN MIGUEL,Salida,N,6,SAN MIGUEL,H1,17:30,,,,
15/05/2026,SAN MIGUEL,Salida,N,6,SAN MIGUEL,H2,08:15,,,,
15/05/2026,SAN MIGUEL,Salida,N,6,SAN MIGUEL,H3,20:15,,,,
15/05/2026,SAN MIGUEL,Salida,N,7,ZACATERA,H1,18:05,,,,
15/05/2026,SAN MIGUEL,Salida,N,7,ZACATERA,H2,08:45,,,,
15/05/2026,SAN MIGUEL,Salida,N,7,ZACATERA,H3,20:45,,,,
15/05/2026,SANTA MARIA - SAN RAFAEL,Entrada,N,1,SAN JOSE ALAMITO,H1,19:00,,,,
15/05/2026,SANTA MARIA - SAN RAFAEL,Entrada,N,1,SAN JOSE ALAMITO,H2,03:30,03:59,-29,1,0
15/05/2026,SANTA MARIA - SAN RAFAEL,Entrada,N,1,SAN JOSE ALAMITO,H3,15:30,16:00,-30,1,0
15/05/2026,SANTA MARIA - SAN RAFAEL,Entrada,N,1,SAN JOSE ALAMITO,H4,19:30,,,,
15/05/2026,SANTA MARIA - SAN RAFAEL,Entrada,N,2,LA HEDIONDA,H1,19:25,,,,
15/05/2026,SANTA MARIA - SAN RAFAEL,Entrada,N,2,LA HEDIONDA,H2,03:55,04:01,-6,1,0
15/05/2026,SANTA MARIA - SAN RAFAEL,Entrada,N,2,LA HEDIONDA,H3,15:55,16:03,-8,1,0
15/05/2026,SANTA MARIA - SAN RAFAEL,Entrada,N,2,LA HEDIONDA,H4,19:55,,,,
15/05/2026,SANTA MARIA - SAN RAFAEL,Entrada,N,3,LA CONCHA,H1,19:40,,,,
15/05/2026,SANTA MARIA - SAN RAFAEL,Entrada,N,3,LA CONCHA,H2,04:10,04:14,-4,1,0
15/05/2026,SANTA MARIA - SAN RAFAEL,Entrada,N,3,LA CONCHA,H3,16:10,,,,
15/05/2026,SANTA MARIA - SAN RAFAEL,Entrada,N,3,LA CONCHA,H4,20:10,,,,
15/05/2026,SANTA MARIA - SAN RAFAEL,Entrada,N,4,STA MARIA DE RAMOS,H1,19:50,,,,
15/05/2026,SANTA MARIA - SAN RAFAEL,Entrada,N,4,STA MARIA DE RAMOS,H2,04:20,04:20,0,1,0
15/05/2026,SANTA MARIA - SAN RAFAEL,Entrada,N,4,STA MARIA DE RAMOS,H3,16:20,16:18,2,1,0
15/05/2026,SANTA MARIA - SAN RAFAEL,Entrada,N,4,STA MARIA DE RAMOS,H4,20:20,,,,
15/05/2026,SANTA MARIA - SAN RAFAEL,Entrada,N,5,SAN RAFAEL,H1,20:05,,,,
15/05/2026,SANTA MARIA - SAN RAFAEL,Entrada,N,5,SAN RAFAEL,H2,04:35,04:31,4,1,0
15/05/2026,SANTA MARIA - SAN RAFAEL,Entrada,N,5,SAN RAFAEL,H3,16:35,16:27,8,1,0
15/05/2026,SANTA MARIA - SAN RAFAEL,Entrada,N,5,SAN RAFAEL,H4,20:35,,,,
15/05/2026,SANTA MARIA - SAN RAFAEL,Entrada,N,6,NAVIDAD,H1,20:10,,,,
15/05/2026,SANTA MARIA - SAN RAFAEL,Entrada,N,6,NAVIDAD,H2,04:40,,,,
15/05/2026,SANTA MARIA - SAN RAFAEL,Entrada,N,6,NAVIDAD,H3,16:40,16:42,-2,1,0
15/05/2026,SANTA MARIA - SAN RAFAEL,Entrada,N,6,NAVIDAD,H4,20:40,,,,
15/05/2026,SANTA MARIA - SAN RAFAEL,Entrada,N,7,ENTRONQUE HUACHICHIL,H1,20:40,,,,
15/05/2026,SANTA MARIA - SAN RAFAEL,Entrada,N,7,ENTRONQUE HUACHICHIL,H2,05:10,05:08,2,1,0
15/05/2026,SANTA MARIA - SAN RAFAEL,Entrada,N,7,ENTRONQUE HUACHICHIL,H3,17:10,17:05,5,1,0
15/05/2026,SANTA MARIA - SAN RAFAEL,Entrada,N,7,ENTRONQUE HUACHICHIL,H4,21:10,,,,
15/05/2026,SANTA MARIA - SAN RAFAEL,Entrada,N,8,METALSA,H1,21:20,,,,
15/05/2026,SANTA MARIA - SAN RAFAEL,Entrada,N,8,METALSA,H2,05:50,05:39,11,1,0
15/05/2026,SANTA MARIA - SAN RAFAEL,Entrada,N,8,METALSA,H3,17:50,17:36,14,1,0
15/05/2026,SANTA MARIA - SAN RAFAEL,Entrada,N,8,METALSA,H4,21:50,,,,
15/05/2026,SANTA MARIA - SAN RAFAEL,Salida,N,1,METALSA,H1,15:30,,,,
15/05/2026,SANTA MARIA - SAN RAFAEL,Salida,N,1,METALSA,H2,06:15,06:15,0,1,0
15/05/2026,SANTA MARIA - SAN RAFAEL,Salida,N,1,METALSA,H3,18:15,18:13,2,1,0
15/05/2026,SANTA MARIA - SAN RAFAEL,Salida,N,2,ENTRONQUE HUACHICHIL,H1,15:31,,,,
15/05/2026,SANTA MARIA - SAN RAFAEL,Salida,N,2,ENTRONQUE HUACHICHIL,H2,06:16,,,,
15/05/2026,SANTA MARIA - SAN RAFAEL,Salida,N,2,ENTRONQUE HUACHICHIL,H3,18:16,,,,
15/05/2026,SANTA MARIA - SAN RAFAEL,Salida,N,3,NAVIDAD,H1,15:32,,,,
15/05/2026,SANTA MARIA - SAN RAFAEL,Salida,N,3,NAVIDAD,H2,06:17,07:19,-62,1,0
15/05/2026,SANTA MARIA - SAN RAFAEL,Salida,N,3,NAVIDAD,H3,18:17,19:07,-50,1,0
15/05/2026,SANTA MARIA - SAN RAFAEL,Salida,N,4,SAN RAFAEL,H1,15:33,,,,
15/05/2026,SANTA MARIA - SAN RAFAEL,Salida,N,4,SAN RAFAEL,H2,06:18,,,,
15/05/2026,SANTA MARIA - SAN RAFAEL,Salida,N,4,SAN RAFAEL,H3,18:18,,,,
15/05/2026,SANTA MARIA - SAN RAFAEL,Salida,N,5,STA MARIA DE RAMOS,H1,16:50,,,,
15/05/2026,SANTA MARIA - SAN RAFAEL,Salida,N,5,STA MARIA DE RAMOS,H2,07:35,07:38,-3,1,0
15/05/2026,SANTA MARIA - SAN RAFAEL,Salida,N,5,STA MARIA DE RAMOS,H3,19:35,19:24,11,1,0
15/05/2026,SANTA MARIA - SAN RAFAEL,Salida,N,6,LA CONCHA,H1,16:55,,,,
15/05/2026,SANTA MARIA - SAN RAFAEL,Salida,N,6,LA CONCHA,H2,07:45,,,,
15/05/2026,SANTA MARIA - SAN RAFAEL,Salida,N,6,LA CONCHA,H3,19:40,19:29,11,1,0
15/05/2026,SANTA MARIA - SAN RAFAEL,Salida,N,7,LA HEDIONDA,H1,17:30,,,,
15/05/2026,SANTA MARIA - SAN RAFAEL,Salida,N,7,LA HEDIONDA,H2,08:00,,,,
15/05/2026,SANTA MARIA - SAN RAFAEL,Salida,N,7,LA HEDIONDA,H3,20:15,19:41,34,1,0
15/05/2026,SANTA MARIA - SAN RAFAEL,Salida,N,8,SAN JOSE ALAMITO,H1,17:55,,,,
15/05/2026,SANTA MARIA - SAN RAFAEL,Salida,N,8,SAN JOSE ALAMITO,H2,08:25,,,,
15/05/2026,SANTA MARIA - SAN RAFAEL,Salida,N,8,SAN JOSE ALAMITO,H3,20:35,19:58,37,1,0
15/05/2026,SECUENCIADOS,Entrada,A,1,CARR. SALTILLO-ZACATECAS,H1,05:45,,,,
15/05/2026,SECUENCIADOS,Entrada,A,1,CARR. SALTILLO-ZACATECAS,H2,17:45,,,,
15/05/2026,SECUENCIADOS,Entrada,A,1,CARR. SALTILLO-ZACATECAS,H3,21:15,,,,
15/05/2026,SECUENCIADOS,Entrada,A,1,CARR. SALTILLO-ZACATECAS,H4,21:45,,,,
15/05/2026,SECUENCIADOS,Entrada,A,2,METALSA,H1,05:50,,,,
15/05/2026,SECUENCIADOS,Entrada,A,2,METALSA,H2,17:50,,,,
15/05/2026,SECUENCIADOS,Entrada,A,2,METALSA,H3,21:20,,,,
15/05/2026,SECUENCIADOS,Entrada,A,2,METALSA,H4,21:50,,,,
15/05/2026,SECUENCIADOS,Salida,A,1,METALSA,H1,05:50,,,,
15/05/2026,SECUENCIADOS,Salida,A,1,METALSA,H2,17:50,,,,
15/05/2026,SECUENCIADOS,Salida,A,1,METALSA,H3,21:20,,,,
15/05/2026,SECUENCIADOS,Salida,A,2,CARR. SALTILLO-ZACATECAS,H1,05:45,,,,
15/05/2026,SECUENCIADOS,Salida,A,2,CARR. SALTILLO-ZACATECAS,H2,17:45,,,,
15/05/2026,SECUENCIADOS,Salida,A,2,CARR. SALTILLO-ZACATECAS,H3,21:15,,,,
15/05/2026,TANQUE DEL CERRO - LA VENTURA,Entrada,A,1,TANQUE DEL CERRO,H1,19:15,,,,
15/05/2026,TANQUE DEL CERRO - LA VENTURA,Entrada,A,1,TANQUE DEL CERRO,H2,03:45,,,,
15/05/2026,TANQUE DEL CERRO - LA VENTURA,Entrada,A,1,TANQUE DEL CERRO,H3,15:45,,,,
15/05/2026,TANQUE DEL CERRO - LA VENTURA,Entrada,A,1,TANQUE DEL CERRO,H4,19:45,,,,
15/05/2026,TANQUE DEL CERRO - LA VENTURA,Entrada,A,2,LA VENTURA,H1,19:35,,,,
15/05/2026,TANQUE DEL CERRO - LA VENTURA,Entrada,A,2,LA VENTURA,H2,04:05,,,,
15/05/2026,TANQUE DEL CERRO - LA VENTURA,Entrada,A,2,LA VENTURA,H3,16:05,,,,
15/05/2026,TANQUE DEL CERRO - LA VENTURA,Entrada,A,2,LA VENTURA,H4,20:05,,,,
15/05/2026,TANQUE DEL CERRO - LA VENTURA,Entrada,A,3,PURISIMA,H1,19:45,,,,
15/05/2026,TANQUE DEL CERRO - LA VENTURA,Entrada,A,3,PURISIMA,H2,04:15,,,,
15/05/2026,TANQUE DEL CERRO - LA VENTURA,Entrada,A,3,PURISIMA,H3,16:15,,,,
15/05/2026,TANQUE DEL CERRO - LA VENTURA,Entrada,A,3,PURISIMA,H4,20:15,,,,
15/05/2026,TANQUE DEL CERRO - LA VENTURA,Entrada,A,4,PRESA SAN PEDRO,H1,19:55,,,,
15/05/2026,TANQUE DEL CERRO - LA VENTURA,Entrada,A,4,PRESA SAN PEDRO,H2,04:25,,,,
15/05/2026,TANQUE DEL CERRO - LA VENTURA,Entrada,A,4,PRESA SAN PEDRO,H3,16:25,,,,
15/05/2026,TANQUE DEL CERRO - LA VENTURA,Entrada,A,4,PRESA SAN PEDRO,H4,20:25,,,,
15/05/2026,TANQUE DEL CERRO - LA VENTURA,Entrada,A,5,TANQUE ESCONDIDO,H1,20:10,,,,
15/05/2026,TANQUE DEL CERRO - LA VENTURA,Entrada,A,5,TANQUE ESCONDIDO,H2,04:40,,,,
15/05/2026,TANQUE DEL CERRO - LA VENTURA,Entrada,A,5,TANQUE ESCONDIDO,H3,16:40,,,,
15/05/2026,TANQUE DEL CERRO - LA VENTURA,Entrada,A,5,TANQUE ESCONDIDO,H4,20:40,,,,
15/05/2026,TANQUE DEL CERRO - LA VENTURA,Entrada,A,6,GUADALUPE VICTORIA,H1,20:38,,,,
15/05/2026,TANQUE DEL CERRO - LA VENTURA,Entrada,A,6,GUADALUPE VICTORIA,H2,05:08,,,,
15/05/2026,TANQUE DEL CERRO - LA VENTURA,Entrada,A,6,GUADALUPE VICTORIA,H3,17:08,,,,
15/05/2026,TANQUE DEL CERRO - LA VENTURA,Entrada,A,6,GUADALUPE VICTORIA,H4,21:08,,,,
15/05/2026,TANQUE DEL CERRO - LA VENTURA,Entrada,A,7,METALSA,H1,21:20,,,,
15/05/2026,TANQUE DEL CERRO - LA VENTURA,Entrada,A,7,METALSA,H2,05:50,,,,
15/05/2026,TANQUE DEL CERRO - LA VENTURA,Entrada,A,7,METALSA,H3,17:50,,,,
15/05/2026,TANQUE DEL CERRO - LA VENTURA,Entrada,A,7,METALSA,H4,21:50,,,,
15/05/2026,TANQUE DEL CERRO - LA VENTURA,Salida,N,1,METALSA,H1,15:30,,,,
15/05/2026,TANQUE DEL CERRO - LA VENTURA,Salida,N,1,METALSA,H2,06:15,06:17,-2,1,0
15/05/2026,TANQUE DEL CERRO - LA VENTURA,Salida,N,1,METALSA,H3,18:15,18:01,14,1,0
15/05/2026,TANQUE DEL CERRO - LA VENTURA,Salida,N,2,GUADALUPE VICTORIA,H1,16:00,,,,
15/05/2026,TANQUE DEL CERRO - LA VENTURA,Salida,N,2,GUADALUPE VICTORIA,H2,06:40,,,,
15/05/2026,TANQUE DEL CERRO - LA VENTURA,Salida,N,2,GUADALUPE VICTORIA,H3,18:40,,,,
15/05/2026,TANQUE DEL CERRO - LA VENTURA,Salida,N,3,TANQUE ESCONDIDO,H1,16:01,,,,
15/05/2026,TANQUE DEL CERRO - LA VENTURA,Salida,N,3,TANQUE ESCONDIDO,H2,06:41,07:27,-46,1,0
15/05/2026,TANQUE DEL CERRO - LA VENTURA,Salida,N,3,TANQUE ESCONDIDO,H3,18:41,19:24,-43,1,0
15/05/2026,TANQUE DEL CERRO - LA VENTURA,Salida,N,4,PRESA SAN PEDRO,H1,16:02,,,,
15/05/2026,TANQUE DEL CERRO - LA VENTURA,Salida,N,4,PRESA SAN PEDRO,H2,06:42,07:34,-52,1,0
15/05/2026,TANQUE DEL CERRO - LA VENTURA,Salida,N,4,PRESA SAN PEDRO,H3,18:42,19:31,-49,1,0
15/05/2026,TANQUE DEL CERRO - LA VENTURA,Salida,N,5,PURISIMA,H1,16:03,,,,
15/05/2026,TANQUE DEL CERRO - LA VENTURA,Salida,N,5,PURISIMA,H2,06:43,07:44,-61,1,0
15/05/2026,TANQUE DEL CERRO - LA VENTURA,Salida,N,5,PURISIMA,H3,18:43,19:44,-61,1,0
15/05/2026,TANQUE DEL CERRO - LA VENTURA,Salida,N,6,LA VENTURA,H1,17:00,,,,
15/05/2026,TANQUE DEL CERRO - LA VENTURA,Salida,N,6,LA VENTURA,H2,06:44,07:57,-73,1,0
15/05/2026,TANQUE DEL CERRO - LA VENTURA,Salida,N,6,LA VENTURA,H3,19:45,19:58,-13,1,0
15/05/2026,TANQUE DEL CERRO - LA VENTURA,Salida,N,7,TANQUE DEL CERRO,H1,17:20,,,,
15/05/2026,TANQUE DEL CERRO - LA VENTURA,Salida,N,7,TANQUE DEL CERRO,H2,08:05,08:07,-2,1,0
15/05/2026,TANQUE DEL CERRO - LA VENTURA,Salida,N,7,TANQUE DEL CERRO,H3,20:05,,,,
15/05/2026,TANQUE NUEVO,Entrada,A,1,MATEHUAPIL,H1,18:20,,,,
15/05/2026,TANQUE NUEVO,Entrada,A,1,MATEHUAPIL,H2,02:50,,,,
15/05/2026,TANQUE NUEVO,Entrada,A,1,MATEHUAPIL,H3,02:50,,,,
15/05/2026,TANQUE NUEVO,Entrada,A,1,MATEHUAPIL,H4,14:50,,,,
15/05/2026,TANQUE NUEVO,Entrada,A,1,MATEHUAPIL,H5,14:50,,,,
15/05/2026,TANQUE NUEVO,Entrada,A,1,MATEHUAPIL,H6,18:50,,,,
15/05/2026,TANQUE NUEVO,Entrada,A,2,TANQUE NUEVO,H1,18:30,,,,
15/05/2026,TANQUE NUEVO,Entrada,A,2,TANQUE NUEVO,H2,03:00,,,,
15/05/2026,TANQUE NUEVO,Entrada,A,2,TANQUE NUEVO,H3,03:00,,,,
15/05/2026,TANQUE NUEVO,Entrada,A,2,TANQUE NUEVO,H4,15:00,,,,
15/05/2026,TANQUE NUEVO,Entrada,A,2,TANQUE NUEVO,H5,15:00,,,,
15/05/2026,TANQUE NUEVO,Entrada,A,2,TANQUE NUEVO,H6,19:00,,,,
15/05/2026,TANQUE NUEVO,Entrada,A,3,CLAVELLINAS,H1,18:50,,,,
15/05/2026,TANQUE NUEVO,Entrada,A,3,CLAVELLINAS,H2,03:20,,,,
15/05/2026,TANQUE NUEVO,Entrada,A,3,CLAVELLINAS,H3,03:20,,,,
15/05/2026,TANQUE NUEVO,Entrada,A,3,CLAVELLINAS,H4,15:20,,,,
15/05/2026,TANQUE NUEVO,Entrada,A,3,CLAVELLINAS,H5,15:20,,,,
15/05/2026,TANQUE NUEVO,Entrada,A,3,CLAVELLINAS,H6,19:20,,,,
15/05/2026,TANQUE NUEVO,Entrada,A,4,EL SALVADOR,H1,19:10,,,,
15/05/2026,TANQUE NUEVO,Entrada,A,4,EL SALVADOR,H2,03:40,,,,
15/05/2026,TANQUE NUEVO,Entrada,A,4,EL SALVADOR,H3,03:40,,,,
15/05/2026,TANQUE NUEVO,Entrada,A,4,EL SALVADOR,H4,15:40,,,,
15/05/2026,TANQUE NUEVO,Entrada,A,4,EL SALVADOR,H5,15:40,,,,
15/05/2026,TANQUE NUEVO,Entrada,A,4,EL SALVADOR,H6,19:40,,,,
15/05/2026,TANQUE NUEVO,Entrada,A,5,LA VENTURA,H1,19:30,,,,
15/05/2026,TANQUE NUEVO,Entrada,A,5,LA VENTURA,H2,04:00,,,,
15/05/2026,TANQUE NUEVO,Entrada,A,5,LA VENTURA,H3,04:00,,,,
15/05/2026,TANQUE NUEVO,Entrada,A,5,LA VENTURA,H4,16:00,,,,
15/05/2026,TANQUE NUEVO,Entrada,A,5,LA VENTURA,H5,16:00,,,,
15/05/2026,TANQUE NUEVO,Entrada,A,5,LA VENTURA,H6,20:10,,,,
15/05/2026,TANQUE NUEVO,Entrada,A,6,PRESA SAN PEDRO,H1,19:45,,,,
15/05/2026,TANQUE NUEVO,Entrada,A,6,PRESA SAN PEDRO,H2,04:15,,,,
15/05/2026,TANQUE NUEVO,Entrada,A,6,PRESA SAN PEDRO,H3,04:15,,,,
15/05/2026,TANQUE NUEVO,Entrada,A,6,PRESA SAN PEDRO,H4,16:15,,,,
15/05/2026,TANQUE NUEVO,Entrada,A,6,PRESA SAN PEDRO,H5,16:15,,,,
15/05/2026,TANQUE NUEVO,Entrada,A,6,PRESA SAN PEDRO,H6,20:35,,,,
15/05/2026,TANQUE NUEVO,Entrada,A,7,TANQUE ESCONDIDO,H1,19:55,,,,
15/05/2026,TANQUE NUEVO,Entrada,A,7,TANQUE ESCONDIDO,H2,04:25,,,,
15/05/2026,TANQUE NUEVO,Entrada,A,7,TANQUE ESCONDIDO,H3,04:25,,,,
15/05/2026,TANQUE NUEVO,Entrada,A,7,TANQUE ESCONDIDO,H4,16:25,,,,
15/05/2026,TANQUE NUEVO,Entrada,A,7,TANQUE ESCONDIDO,H5,16:25,,,,
15/05/2026,TANQUE NUEVO,Entrada,A,7,TANQUE ESCONDIDO,H6,20:45,,,,
15/05/2026,TANQUE NUEVO,Entrada,A,8,METALSA,H1,21:20,,,,
15/05/2026,TANQUE NUEVO,Entrada,A,8,METALSA,H2,05:50,00:05,345,1,0
15/05/2026,TANQUE NUEVO,Entrada,A,8,METALSA,H3,05:50,,,,
15/05/2026,TANQUE NUEVO,Entrada,A,8,METALSA,H4,17:50,,,,
15/05/2026,TANQUE NUEVO,Entrada,A,8,METALSA,H5,17:50,,,,
15/05/2026,TANQUE NUEVO,Entrada,A,8,METALSA,H6,21:50,,,,
15/05/2026,TANQUE NUEVO,Salida,N,1,METALSA,H1,15:30,,,,
15/05/2026,TANQUE NUEVO,Salida,N,1,METALSA,H2,06:15,00:06,369,1,0
15/05/2026,TANQUE NUEVO,Salida,N,1,METALSA,H3,06:15,00:18,357,1,0
15/05/2026,TANQUE NUEVO,Salida,N,1,METALSA,H4,18:15,00:18,357,,0
15/05/2026,TANQUE NUEVO,Salida,N,1,METALSA,H5,18:15,00:18,357,,0
15/05/2026,TANQUE NUEVO,Salida,N,2,TANQUE ESCONDIDO,H1,16:55,,,,
15/05/2026,TANQUE NUEVO,Salida,N,2,TANQUE ESCONDIDO,H2,07:40,,,,
15/05/2026,TANQUE NUEVO,Salida,N,2,TANQUE ESCONDIDO,H3,07:40,00:19,441,1,0
15/05/2026,TANQUE NUEVO,Salida,N,2,TANQUE ESCONDIDO,H4,19:40,00:19,441,,0
15/05/2026,TANQUE NUEVO,Salida,N,2,TANQUE ESCONDIDO,H5,19:40,00:19,441,,0
15/05/2026,TANQUE NUEVO,Salida,N,3,PRESA SAN PEDRO,H1,17:05,,,,
15/05/2026,TANQUE NUEVO,Salida,N,3,PRESA SAN PEDRO,H2,07:50,00:07,463,1,0
15/05/2026,TANQUE NUEVO,Salida,N,3,PRESA SAN PEDRO,H3,07:50,00:19,451,1,0
15/05/2026,TANQUE NUEVO,Salida,N,3,PRESA SAN PEDRO,H4,19:50,00:19,451,,0
15/05/2026,TANQUE NUEVO,Salida,N,3,PRESA SAN PEDRO,H5,19:50,00:19,451,,0
15/05/2026,TANQUE NUEVO,Salida,N,4,LA VENTURA,H1,17:20,,,,
15/05/2026,TANQUE NUEVO,Salida,N,4,LA VENTURA,H2,08:05,00:07,478,1,0
15/05/2026,TANQUE NUEVO,Salida,N,4,LA VENTURA,H3,08:05,00:19,466,1,0
15/05/2026,TANQUE NUEVO,Salida,N,4,LA VENTURA,H4,20:05,00:19,466,,0
15/05/2026,TANQUE NUEVO,Salida,N,4,LA VENTURA,H5,20:05,00:19,466,,0
15/05/2026,TANQUE NUEVO,Salida,N,5,EL SALVADOR,H1,17:40,,,,
15/05/2026,TANQUE NUEVO,Salida,N,5,EL SALVADOR,H2,08:25,,,,
15/05/2026,TANQUE NUEVO,Salida,N,5,EL SALVADOR,H3,08:25,,,,
15/05/2026,TANQUE NUEVO,Salida,N,5,EL SALVADOR,H4,20:25,,,,
15/05/2026,TANQUE NUEVO,Salida,N,5,EL SALVADOR,H5,20:25,,,,
15/05/2026,TANQUE NUEVO,Salida,N,6,CLAVELLINAS,H1,18:00,,,,
15/05/2026,TANQUE NUEVO,Salida,N,6,CLAVELLINAS,H2,08:45,,,,
15/05/2026,TANQUE NUEVO,Salida,N,6,CLAVELLINAS,H3,08:45,,,,
15/05/2026,TANQUE NUEVO,Salida,N,6,CLAVELLINAS,H4,20:45,,,,
15/05/2026,TANQUE NUEVO,Salida,N,6,CLAVELLINAS,H5,20:45,,,,
15/05/2026,TANQUE NUEVO,Salida,N,7,TANQUE NUEVO,H1,18:20,,,,
15/05/2026,TANQUE NUEVO,Salida,N,7,TANQUE NUEVO,H2,09:05,,,,
15/05/2026,TANQUE NUEVO,Salida,N,7,TANQUE NUEVO,H3,09:05,,,,
15/05/2026,TANQUE NUEVO,Salida,N,7,TANQUE NUEVO,H4,21:05,,,,
15/05/2026,TANQUE NUEVO,Salida,N,7,TANQUE NUEVO,H5,21:05,,,,
15/05/2026,TANQUE NUEVO,Salida,N,8,MATEHUAPIL,H1,18:30,,,,
15/05/2026,TANQUE NUEVO,Salida,N,8,MATEHUAPIL,H2,09:15,,,,
15/05/2026,TANQUE NUEVO,Salida,N,8,MATEHUAPIL,H3,09:15,,,,
15/05/2026,TANQUE NUEVO,Salida,N,8,MATEHUAPIL,H4,21:15,,,,
15/05/2026,TANQUE NUEVO,Salida,N,8,MATEHUAPIL,H5,21:15,,,,
15/05/2026,TERESITAS,Entrada,N,1,BLVD ANTONIO CARDENAS Y HUACHICHILES,H1,05:05,05:03,2,1,0
15/05/2026,TERESITAS,Entrada,N,1,BLVD ANTONIO CARDENAS Y HUACHICHILES,H2,17:05,17:04,1,1,0
15/05/2026,TERESITAS,Entrada,N,1,BLVD ANTONIO CARDENAS Y HUACHICHILES,H3,20:35,,,,
15/05/2026,TERESITAS,Entrada,N,1,BLVD ANTONIO CARDENAS Y HUACHICHILES,H4,21:05,,,,
15/05/2026,TERESITAS,Entrada,N,2,RAYADOS Y HUACHICHILES,H1,05:10,05:08,2,1,0
15/05/2026,TERESITAS,Entrada,N,2,RAYADOS Y HUACHICHILES,H2,17:10,17:08,2,1,0
15/05/2026,TERESITAS,Entrada,N,2,RAYADOS Y HUACHICHILES,H3,20:40,,,,
15/05/2026,TERESITAS,Entrada,N,2,RAYADOS Y HUACHICHILES,H4,21:10,,,,
15/05/2026,TERESITAS,Entrada,N,3,SIERRA DE ZAPALINAME Y AV TERESITAS,H1,05:15,05:13,2,1,0
15/05/2026,TERESITAS,Entrada,N,3,SIERRA DE ZAPALINAME Y AV TERESITAS,H2,17:15,17:12,3,1,0
15/05/2026,TERESITAS,Entrada,N,3,SIERRA DE ZAPALINAME Y AV TERESITAS,H3,20:45,,,,
15/05/2026,TERESITAS,Entrada,N,3,SIERRA DE ZAPALINAME Y AV TERESITAS,H4,21:15,,,,
15/05/2026,TERESITAS,Entrada,N,4,AV TERESITAS Y BLVD ANTONIO CARDENAS,H1,05:22,05:20,2,1,0
15/05/2026,TERESITAS,Entrada,N,4,AV TERESITAS Y BLVD ANTONIO CARDENAS,H2,17:22,17:18,4,1,0
15/05/2026,TERESITAS,Entrada,N,4,AV TERESITAS Y BLVD ANTONIO CARDENAS,H3,20:52,,,,
15/05/2026,TERESITAS,Entrada,N,4,AV TERESITAS Y BLVD ANTONIO CARDENAS,H4,21:22,,,,
15/05/2026,TERESITAS,Entrada,N,5,LA ENCANTADA,H1,05:28,05:22,6,1,0
15/05/2026,TERESITAS,Entrada,N,5,LA ENCANTADA,H2,17:28,17:21,7,1,0
15/05/2026,TERESITAS,Entrada,N,5,LA ENCANTADA,H3,20:58,,,,
15/05/2026,TERESITAS,Entrada,N,5,LA ENCANTADA,H4,21:28,,,,
15/05/2026,TERESITAS,Entrada,N,6,CAAR. SALTILLO-ZACATECAS,H1,05:32,05:33,-1,1,0
15/05/2026,TERESITAS,Entrada,N,6,CAAR. SALTILLO-ZACATECAS,H2,17:32,17:25,7,1,0
15/05/2026,TERESITAS,Entrada,N,6,CAAR. SALTILLO-ZACATECAS,H3,21:02,,,,
15/05/2026,TERESITAS,Entrada,N,6,CAAR. SALTILLO-ZACATECAS,H4,21:30,,,,
15/05/2026,TERESITAS,Entrada,N,7,METALSA,H1,05:50,05:49,1,1,0
15/05/2026,TERESITAS,Entrada,N,7,METALSA,H2,17:50,17:38,12,1,0
15/05/2026,TERESITAS,Entrada,N,7,METALSA,H3,21:20,,,,
15/05/2026,TERESITAS,Entrada,N,7,METALSA,H4,21:50,,,,
15/05/2026,TERESITAS,Salida,N,1,METALSA,H1,06:15,06:17,-2,1,0
15/05/2026,TERESITAS,Salida,N,1,METALSA,H2,15:30,,,,
15/05/2026,TERESITAS,Salida,N,1,METALSA,H3,18:15,18:17,-2,1,0
15/05/2026,TERESITAS,Salida,N,2,CARR. SALTILLO-ZACATECAS,H1,06:33,06:33,0,1,0
15/05/2026,TERESITAS,Salida,N,2,CARR. SALTILLO-ZACATECAS,H2,15:48,,,,
15/05/2026,TERESITAS,Salida,N,2,CARR. SALTILLO-ZACATECAS,H3,18:33,,,,
15/05/2026,TERESITAS,Salida,N,3,LA ENCANTADA,H1,06:37,06:36,1,1,0
15/05/2026,TERESITAS,Salida,N,3,LA ENCANTADA,H2,15:52,,,,
15/05/2026,TERESITAS,Salida,N,3,LA ENCANTADA,H3,18:37,18:42,-5,1,0
15/05/2026,TERESITAS,Salida,N,4,AV TERESITAS Y BLVD ANTONIO CARDENAS,H1,06:43,,,,
15/05/2026,TERESITAS,Salida,N,4,AV TERESITAS Y BLVD ANTONIO CARDENAS,H2,15:58,,,,
15/05/2026,TERESITAS,Salida,N,4,AV TERESITAS Y BLVD ANTONIO CARDENAS,H3,18:43,,,,
15/05/2026,TERESITAS,Salida,N,5,SIERRA DE ZAPALINAME Y AV TERESITAS,H1,06:50,,,,
15/05/2026,TERESITAS,Salida,N,5,SIERRA DE ZAPALINAME Y AV TERESITAS,H2,16:05,,,,
15/05/2026,TERESITAS,Salida,N,5,SIERRA DE ZAPALINAME Y AV TERESITAS,H3,18:50,,,,
15/05/2026,TERESITAS,Salida,N,6,RAYADOS Y HUACHICHILES,H1,06:55,,,,
15/05/2026,TERESITAS,Salida,N,6,RAYADOS Y HUACHICHILES,H2,16:10,,,,
15/05/2026,TERESITAS,Salida,N,6,RAYADOS Y HUACHICHILES,H3,18:55,,,,
15/05/2026,TERESITAS,Salida,N,7,BLVD ANTONIO CARDENAS Y HUACHICHILES,H1,07:00,06:36,24,1,0
15/05/2026,TERESITAS,Salida,N,7,BLVD ANTONIO CARDENAS Y HUACHICHILES,H2,16:15,,,,
15/05/2026,TERESITAS,Salida,N,7,BLVD ANTONIO CARDENAS Y HUACHICHILES,H3,19:00,18:43,17,1,0
15/05/2026,VALENCIA,Entrada,N,1,LA RIOJA Y JEREZ,H1,04:30,04:30,0,1,0
15/05/2026,VALENCIA,Entrada,N,1,LA RIOJA Y JEREZ,H2,16:30,,,,
15/05/2026,VALENCIA,Entrada,N,1,LA RIOJA Y JEREZ,H3,20:00,,,,
15/05/2026,VALENCIA,Entrada,N,1,LA RIOJA Y JEREZ,H4,20:30,,,,
15/05/2026,VALENCIA,Entrada,N,2,PERIFERICO LEA Y VITO ALESSIO,H1,04:40,04:46,-6,1,0
15/05/2026,VALENCIA,Entrada,N,2,PERIFERICO LEA Y VITO ALESSIO,H2,16:40,,,,
15/05/2026,VALENCIA,Entrada,N,2,PERIFERICO LEA Y VITO ALESSIO,H3,20:10,,,,
15/05/2026,VALENCIA,Entrada,N,2,PERIFERICO LEA Y VITO ALESSIO,H4,20:40,,,,
15/05/2026,VALENCIA,Entrada,N,3,CARLOS S. Y RANCHO DE PEÑA,H1,04:45,04:52,-7,1,0
15/05/2026,VALENCIA,Entrada,N,3,CARLOS S. Y RANCHO DE PEÑA,H2,16:45,,,,
15/05/2026,VALENCIA,Entrada,N,3,CARLOS S. Y RANCHO DE PEÑA,H3,20:15,,,,
15/05/2026,VALENCIA,Entrada,N,3,CARLOS S. Y RANCHO DE PEÑA,H4,20:45,,,,
15/05/2026,VALENCIA,Entrada,N,4,ALVARO OBREGON,H1,04:55,04:58,-3,1,0
15/05/2026,VALENCIA,Entrada,N,4,ALVARO OBREGON,H2,16:55,,,,
15/05/2026,VALENCIA,Entrada,N,4,ALVARO OBREGON,H3,20:25,,,,
15/05/2026,VALENCIA,Entrada,N,4,ALVARO OBREGON,H4,20:55,,,,
15/05/2026,VALENCIA,Entrada,N,5,MIGUEL HIDALGO Y PEDRO ARANDA,H1,05:00,05:11,-11,1,0
15/05/2026,VALENCIA,Entrada,N,5,MIGUEL HIDALGO Y PEDRO ARANDA,H2,17:00,,,,
15/05/2026,VALENCIA,Entrada,N,5,MIGUEL HIDALGO Y PEDRO ARANDA,H3,20:30,,,,
15/05/2026,VALENCIA,Entrada,N,5,MIGUEL HIDALGO Y PEDRO ARANDA,H4,21:00,,,,
15/05/2026,VALENCIA,Entrada,N,6,PERIFERICO LEA Y W. GONZALEZ,H1,05:05,05:15,-10,1,0
15/05/2026,VALENCIA,Entrada,N,6,PERIFERICO LEA Y W. GONZALEZ,H2,17:05,,,,
15/05/2026,VALENCIA,Entrada,N,6,PERIFERICO LEA Y W. GONZALEZ,H3,20:35,,,,
15/05/2026,VALENCIA,Entrada,N,6,PERIFERICO LEA Y W. GONZALEZ,H4,21:05,,,,
15/05/2026,VALENCIA,Entrada,N,7,CTO DE LA CAÑADA Y BLVD CARDENAS,H1,05:15,05:23,-8,1,0
15/05/2026,VALENCIA,Entrada,N,7,CTO DE LA CAÑADA Y BLVD CARDENAS,H2,17:15,,,,
15/05/2026,VALENCIA,Entrada,N,7,CTO DE LA CAÑADA Y BLVD CARDENAS,H3,20:45,,,,
15/05/2026,VALENCIA,Entrada,N,7,CTO DE LA CAÑADA Y BLVD CARDENAS,H4,21:15,,,,
15/05/2026,VALENCIA,Entrada,N,8,METALSA,H1,05:50,06:04,-14,1,0
15/05/2026,VALENCIA,Entrada,N,8,METALSA,H2,17:50,,,,
15/05/2026,VALENCIA,Entrada,N,8,METALSA,H3,21:20,,,,
15/05/2026,VALENCIA,Entrada,N,8,METALSA,H4,21:50,,,,
15/05/2026,VALENCIA,Salida,N,1,METALSA,H1,06:15,06:16,-1,1,0
15/05/2026,VALENCIA,Salida,N,1,METALSA,H2,15:30,,,,
15/05/2026,VALENCIA,Salida,N,1,METALSA,H3,18:15,18:16,-1,1,0
15/05/2026,VALENCIA,Salida,N,2,CTO DE LA CAÑADA Y BLVD CARDENAS,H1,06:50,06:40,10,1,0
15/05/2026,VALENCIA,Salida,N,2,CTO DE LA CAÑADA Y BLVD CARDENAS,H2,16:05,,,,
15/05/2026,VALENCIA,Salida,N,2,CTO DE LA CAÑADA Y BLVD CARDENAS,H3,18:50,18:48,2,1,0
15/05/2026,VALENCIA,Salida,N,3,PERIFERICO LEA Y W. GONZALEZ,H1,07:00,06:45,15,1,0
15/05/2026,VALENCIA,Salida,N,3,PERIFERICO LEA Y W. GONZALEZ,H2,16:15,,,,
15/05/2026,VALENCIA,Salida,N,3,PERIFERICO LEA Y W. GONZALEZ,H3,19:00,18:56,4,1,0
15/05/2026,VALENCIA,Salida,N,4,MIGUEL HIDALGO Y PEDRO ARANDA,H1,07:05,06:50,15,1,0
15/05/2026,VALENCIA,Salida,N,4,MIGUEL HIDALGO Y PEDRO ARANDA,H2,16:20,,,,
15/05/2026,VALENCIA,Salida,N,4,MIGUEL HIDALGO Y PEDRO ARANDA,H3,19:05,19:00,5,1,0
15/05/2026,VALENCIA,Salida,N,5,ALVARO OBREGON,H1,07:10,,,,
15/05/2026,VALENCIA,Salida,N,5,ALVARO OBREGON,H2,16:25,,,,
15/05/2026,VALENCIA,Salida,N,5,ALVARO OBREGON,H3,19:10,19:15,-5,1,0
15/05/2026,VALENCIA,Salida,N,6,CARLOS S. Y RANCHO DE PEÑA,H1,07:20,07:10,10,1,0
15/05/2026,VALENCIA,Salida,N,6,CARLOS S. Y RANCHO DE PEÑA,H2,16:35,,,,
15/05/2026,VALENCIA,Salida,N,6,CARLOS S. Y RANCHO DE PEÑA,H3,19:20,19:24,-4,1,0
15/05/2026,VALENCIA,Salida,N,7,PERIFERICO LEA Y VITO ALESSIO,H1,07:25,,,,
15/05/2026,VALENCIA,Salida,N,7,PERIFERICO LEA Y VITO ALESSIO,H2,16:40,,,,
15/05/2026,VALENCIA,Salida,N,7,PERIFERICO LEA Y VITO ALESSIO,H3,19:25,,,,
15/05/2026,VALENCIA,Salida,N,8,LA RIOJA Y JEREZ,H1,07:35,,,,
15/05/2026,VALENCIA,Salida,N,8,LA RIOJA Y JEREZ,H2,16:50,,,,
15/05/2026,VALENCIA,Salida,N,8,LA RIOJA Y JEREZ,H3,19:35,19:49,-14,1,0
15/05/2026,ZARAGOZA,Entrada,N,1,FCO. EALY ORTIZ Y EUCALIPTO,H1,04:25,04:27,-2,1,0
15/05/2026,ZARAGOZA,Entrada,N,1,FCO. EALY ORTIZ Y EUCALIPTO,H2,16:25,16:29,-4,1,0
15/05/2026,ZARAGOZA,Entrada,N,1,FCO. EALY ORTIZ Y EUCALIPTO,H3,19:55,,,,
15/05/2026,ZARAGOZA,Entrada,N,1,FCO. EALY ORTIZ Y EUCALIPTO,H4,20:25,,,,
15/05/2026,ZARAGOZA,Entrada,N,2,CHOPO Y EUCALIPTO,H1,04:26,04:28,-2,1,0
15/05/2026,ZARAGOZA,Entrada,N,2,CHOPO Y EUCALIPTO,H2,16:26,16:30,-4,1,0
15/05/2026,ZARAGOZA,Entrada,N,2,CHOPO Y EUCALIPTO,H3,19:56,,,,
15/05/2026,ZARAGOZA,Entrada,N,2,CHOPO Y EUCALIPTO,H4,20:26,,,,
15/05/2026,ZARAGOZA,Entrada,N,3,FUNDADORES Y BLVD. MIRASIERRA,H1,04:36,04:40,-4,1,0
15/05/2026,ZARAGOZA,Entrada,N,3,FUNDADORES Y BLVD. MIRASIERRA,H2,16:36,16:41,-5,1,0
15/05/2026,ZARAGOZA,Entrada,N,3,FUNDADORES Y BLVD. MIRASIERRA,H3,20:06,,,,
15/05/2026,ZARAGOZA,Entrada,N,3,FUNDADORES Y BLVD. MIRASIERRA,H4,20:36,,,,
15/05/2026,ZARAGOZA,Entrada,N,4,CALLE 34 Y JUAN NAVARRO,H1,04:51,04:57,-6,1,0
15/05/2026,ZARAGOZA,Entrada,N,4,CALLE 34 Y JUAN NAVARRO,H2,16:51,16:58,-7,1,0
15/05/2026,ZARAGOZA,Entrada,N,4,CALLE 34 Y JUAN NAVARRO,H3,20:21,,,,
15/05/2026,ZARAGOZA,Entrada,N,4,CALLE 34 Y JUAN NAVARRO,H4,20:51,,,,
15/05/2026,ZARAGOZA,Entrada,N,5,PERIF LEA Y 12 DE OCTUBRE (FIRST CASH),H1,05:03,05:08,-5,1,0
15/05/2026,ZARAGOZA,Entrada,N,5,PERIF LEA Y 12 DE OCTUBRE (FIRST CASH),H2,17:03,17:13,-10,1,0
15/05/2026,ZARAGOZA,Entrada,N,5,PERIF LEA Y 12 DE OCTUBRE (FIRST CASH),H3,20:33,,,,
15/05/2026,ZARAGOZA,Entrada,N,5,PERIF LEA Y 12 DE OCTUBRE (FIRST CASH),H4,21:03,,,,
15/05/2026,ZARAGOZA,Entrada,N,6,GIMNACIO MUNICIPAL,H1,05:05,05:10,-5,1,0
15/05/2026,ZARAGOZA,Entrada,N,6,GIMNACIO MUNICIPAL,H2,17:05,17:14,-9,1,0
15/05/2026,ZARAGOZA,Entrada,N,6,GIMNACIO MUNICIPAL,H3,20:35,,,,
15/05/2026,ZARAGOZA,Entrada,N,6,GIMNACIO MUNICIPAL,H4,21:05,,,,
15/05/2026,ZARAGOZA,Entrada,N,7,L.E.A. Y J. MERY,H1,05:07,05:12,-5,1,0
15/05/2026,ZARAGOZA,Entrada,N,7,L.E.A. Y J. MERY,H2,17:07,17:16,-9,1,0
15/05/2026,ZARAGOZA,Entrada,N,7,L.E.A. Y J. MERY,H3,20:37,,,,
15/05/2026,ZARAGOZA,Entrada,N,7,L.E.A. Y J. MERY,H4,21:07,,,,
15/05/2026,ZARAGOZA,Entrada,N,8,VILLA UNIVERSIDAD,H1,05:09,05:14,-5,1,0
15/05/2026,ZARAGOZA,Entrada,N,8,VILLA UNIVERSIDAD,H2,17:09,17:18,-9,1,0
15/05/2026,ZARAGOZA,Entrada,N,8,VILLA UNIVERSIDAD,H3,20:39,,,,
15/05/2026,ZARAGOZA,Entrada,N,8,VILLA UNIVERSIDAD,H4,21:09,,,,
15/05/2026,ZARAGOZA,Entrada,N,9,ARIZPE DE LA MAZA Y CARR. 54,H1,05:15,05:17,-2,1,0
15/05/2026,ZARAGOZA,Entrada,N,9,ARIZPE DE LA MAZA Y CARR. 54,H2,17:15,17:21,-6,1,0
15/05/2026,ZARAGOZA,Entrada,N,9,ARIZPE DE LA MAZA Y CARR. 54,H3,20:45,,,,
15/05/2026,ZARAGOZA,Entrada,N,9,ARIZPE DE LA MAZA Y CARR. 54,H4,21:15,,,,
15/05/2026,ZARAGOZA,Entrada,N,10,METALSA,H1,05:50,05:51,-1,1,0
15/05/2026,ZARAGOZA,Entrada,N,10,METALSA,H2,17:50,17:44,6,1,0
15/05/2026,ZARAGOZA,Entrada,N,10,METALSA,H3,21:20,,,,
15/05/2026,ZARAGOZA,Entrada,N,10,METALSA,H4,21:50,,,,
15/05/2026,ZARAGOZA,Salida,N,1,METALSA,H1,06:15,06:16,-1,1,0
15/05/2026,ZARAGOZA,Salida,N,1,METALSA,H2,15:30,,,,
15/05/2026,ZARAGOZA,Salida,N,1,METALSA,H3,18:15,18:16,-1,1,0
15/05/2026,ZARAGOZA,Salida,N,2,ARIZPE DE LA MAZA Y CARR. 54,H1,06:44,,,,
15/05/2026,ZARAGOZA,Salida,N,2,ARIZPE DE LA MAZA Y CARR. 54,H2,15:59,,,,
15/05/2026,ZARAGOZA,Salida,N,2,ARIZPE DE LA MAZA Y CARR. 54,H3,18:44,,,,
15/05/2026,ZARAGOZA,Salida,N,3,VILLA UNIVERSIDAD,H1,06:46,,,,
15/05/2026,ZARAGOZA,Salida,N,3,VILLA UNIVERSIDAD,H2,16:01,,,,
15/05/2026,ZARAGOZA,Salida,N,3,VILLA UNIVERSIDAD,H3,18:45,,,,
15/05/2026,ZARAGOZA,Salida,N,4,L.E.A. Y J. MERY,H1,06:49,,,,
15/05/2026,ZARAGOZA,Salida,N,4,L.E.A. Y J. MERY,H2,16:04,,,,
15/05/2026,ZARAGOZA,Salida,N,4,L.E.A. Y J. MERY,H3,18:49,,,,
15/05/2026,ZARAGOZA,Salida,N,5,GIMNACIO MUNICIPAL,H1,06:51,06:41,10,1,0
15/05/2026,ZARAGOZA,Salida,N,5,GIMNACIO MUNICIPAL,H2,16:06,,,,
15/05/2026,ZARAGOZA,Salida,N,5,GIMNACIO MUNICIPAL,H3,18:51,18:50,1,1,0
15/05/2026,ZARAGOZA,Salida,N,6,PERIF LEA Y 12 DE OCTUBRE (FIRST CASH),H1,07:00,,,,
15/05/2026,ZARAGOZA,Salida,N,6,PERIF LEA Y 12 DE OCTUBRE (FIRST CASH),H2,16:10,,,,
15/05/2026,ZARAGOZA,Salida,N,6,PERIF LEA Y 12 DE OCTUBRE (FIRST CASH),H3,19:00,18:53,7,1,0
15/05/2026,ZARAGOZA,Salida,N,7,CALLE 34 Y JUAN NAVARRO,H1,07:04,06:54,10,1,0
15/05/2026,ZARAGOZA,Salida,N,7,CALLE 34 Y JUAN NAVARRO,H2,16:19,,,,
15/05/2026,ZARAGOZA,Salida,N,7,CALLE 34 Y JUAN NAVARRO,H3,19:04,19:09,-5,1,0
15/05/2026,ZARAGOZA,Salida,N,8,FUNDADORES Y BLVD. MIRASIERRA,H1,07:19,,,,
15/05/2026,ZARAGOZA,Salida,N,8,FUNDADORES Y BLVD. MIRASIERRA,H2,16:34,,,,
15/05/2026,ZARAGOZA,Salida,N,8,FUNDADORES Y BLVD. MIRASIERRA,H3,19:19,,,,
15/05/2026,ZARAGOZA,Salida,N,9,CHOPO Y EUCALIPTO,H1,07:29,,,,
15/05/2026,ZARAGOZA,Salida,N,9,CHOPO Y EUCALIPTO,H2,16:44,,,,
15/05/2026,ZARAGOZA,Salida,N,9,CHOPO Y EUCALIPTO,H3,19:29,,,,
15/05/2026,ZARAGOZA,Salida,N,10,FCO. EALY ORTIZ Y EUCALIPTO,H1,07:30,,,,
15/05/2026,ZARAGOZA,Salida,N,10,FCO. EALY ORTIZ Y EUCALIPTO,H2,16:45,,,,
15/05/2026,ZARAGOZA,Salida,N,10,FCO. EALY ORTIZ Y EUCALIPTO,H3,19:30,19:45,-15,1,0